claim_id,shipment_id,claim_amount,claim_reason,claim_status
CL00000,S012014,1878,Damage,Under Review
CL00001,S013020,5748,Late Delivery,Open
CL00002,S036297,4611,Late Delivery,Open
CL00003,S076532,2923,Late Delivery,Under Review
CL00004,S037223,1853,Customs Issue,Closed
CL00005,S018814,7807,Late Delivery,Closed
CL00006,S067423,8537,Lost Container,Open
CL00007,S053840,11893,Damage,Closed
CL00008,S094829,11129,Damage,Under Review
CL00009,S076088,12836,Customs Issue,Open
CL00010,S081493,9387,Customs Issue,Closed
CL00011,S044421,14445,Late Delivery,Open
CL00012,S007116,3311,Lost Container,Open
CL00013,S031412,10918,Customs Issue,Open
CL00014,S084421,7756,Late Delivery,Open
CL00015,S032522,14104,Damage,Closed
CL00016,S053425,4653,Customs Issue,Closed
CL00017,S071738,8172,Late Delivery,Under Review
CL00018,S038470,14534,Customs Issue,Under Review
CL00019,S074979,3991,Customs Issue,Closed
CL00020,S040002,2958,Lost Container,Under Review
CL00021,S089889,14072,Lost Container,Closed
CL00022,S054730,8409,Lost Container,Closed
CL00023,S033097,842,Lost Container,Under Review
CL00024,S027504,3196,Damage,Under Review
CL00025,S030527,11117,Damage,Open
CL00026,S025191,14923,Lost Container,Under Review
CL00027,S098066,1026,Late Delivery,Under Review
CL00028,S013439,10170,Lost Container,Closed
CL00029,S006481,709,Lost Container,Under Review
CL00030,S016209,7866,Damage,Open
CL00031,S067056,14437,Late Delivery,Open
CL00032,S039413,11281,Late Delivery,Open
CL00033,S002937,10392,Lost Container,Closed
CL00034,S042807,12673,Customs Issue,Under Review
CL00035,S063475,1299,Customs Issue,Open
CL00036,S058784,6366,Damage,Open
CL00037,S071521,14624,Late Delivery,Closed
CL00038,S063416,13090,Damage,Closed
CL00039,S060581,10287,Damage,Under Review
CL00040,S016533,6424,Late Delivery,Under Review
CL00041,S000405,14898,Customs Issue,Closed
CL00042,S083068,10021,Late Delivery,Closed
CL00043,S006572,12395,Late Delivery,Under Review
CL00044,S008332,6216,Customs Issue,Closed
CL00045,S062988,13936,Damage,Under Review
CL00046,S011010,11542,Damage,Open
CL00047,S076934,4494,Late Delivery,Under Review
CL00048,S048270,7222,Lost Container,Under Review
CL00049,S088014,7741,Late Delivery,Open
CL00050,S073739,13555,Damage,Closed
CL00051,S015178,13504,Customs Issue,Closed
CL00052,S041519,9755,Damage,Closed
CL00053,S040588,4115,Customs Issue,Closed
CL00054,S095510,11431,Late Delivery,Open
CL00055,S088527,12362,Late Delivery,Closed
CL00056,S049537,6543,Lost Container,Open
CL00057,S000959,13165,Damage,Open
CL00058,S022442,6633,Late Delivery,Closed
CL00059,S032946,13754,Late Delivery,Closed
CL00060,S003404,698,Lost Container,Under Review
CL00061,S090981,7588,Customs Issue,Open
CL00062,S010390,6461,Customs Issue,Closed
CL00063,S022764,5642,Damage,Closed
CL00064,S088268,2982,Damage,Closed
CL00065,S004570,10003,Customs Issue,Under Review
CL00066,S005560,5767,Late Delivery,Under Review
CL00067,S054596,8411,Lost Container,Closed
CL00068,S015506,14163,Customs Issue,Under Review
CL00069,S035143,2115,Late Delivery,Open
CL00070,S012404,5509,Damage,Under Review
CL00071,S044770,12350,Late Delivery,Under Review
CL00072,S098837,10625,Damage,Under Review
CL00073,S076436,7645,Customs Issue,Closed
CL00074,S026770,5663,Customs Issue,Under Review
CL00075,S091262,4038,Late Delivery,Open
CL00076,S040414,1426,Customs Issue,Closed
CL00077,S025250,14075,Customs Issue,Under Review
CL00078,S010937,7639,Late Delivery,Under Review
CL00079,S070716,14229,Late Delivery,Under Review
CL00080,S074872,6461,Lost Container,Under Review
CL00081,S007861,5629,Damage,Under Review
CL00082,S090904,10893,Late Delivery,Closed
CL00083,S094694,5965,Damage,Closed
CL00084,S050511,3575,Customs Issue,Open
CL00085,S072598,2607,Damage,Under Review
CL00086,S092527,12109,Late Delivery,Closed
CL00087,S046215,10495,Damage,Under Review
CL00088,S036247,2044,Lost Container,Open
CL00089,S039965,4322,Late Delivery,Under Review
CL00090,S040611,12421,Lost Container,Open
CL00091,S097887,14023,Late Delivery,Closed
CL00092,S098193,13520,Damage,Under Review
CL00093,S058801,2917,Damage,Open
CL00094,S029299,8507,Lost Container,Under Review
CL00095,S044439,13878,Late Delivery,Open
CL00096,S062142,14956,Damage,Under Review
CL00097,S027836,14507,Customs Issue,Closed
CL00098,S036500,648,Lost Container,Closed
CL00099,S058307,9797,Late Delivery,Open
CL00100,S082646,5536,Customs Issue,Closed
CL00101,S080497,3920,Late Delivery,Closed
CL00102,S038817,8134,Damage,Open
CL00103,S070072,14619,Late Delivery,Open
CL00104,S090766,3685,Damage,Closed
CL00105,S055941,12843,Customs Issue,Under Review
CL00106,S030663,1669,Customs Issue,Under Review
CL00107,S074095,2896,Damage,Closed
CL00108,S080149,6087,Late Delivery,Open
CL00109,S038452,11744,Damage,Open
CL00110,S038348,5293,Damage,Under Review
CL00111,S069456,11395,Lost Container,Open
CL00112,S059544,1496,Damage,Closed
CL00113,S068030,9070,Late Delivery,Closed
CL00114,S087237,11725,Late Delivery,Under Review
CL00115,S098040,9329,Damage,Under Review
CL00116,S092661,13118,Customs Issue,Under Review
CL00117,S032718,6238,Late Delivery,Closed
CL00118,S095588,12926,Lost Container,Closed
CL00119,S086760,2851,Lost Container,Open
CL00120,S022248,3952,Lost Container,Closed
CL00121,S026722,14408,Customs Issue,Under Review
CL00122,S075942,4320,Lost Container,Open
CL00123,S053908,14063,Damage,Under Review
CL00124,S091077,7565,Lost Container,Closed
CL00125,S081326,9390,Customs Issue,Open
CL00126,S096531,12617,Lost Container,Closed
CL00127,S083133,11719,Customs Issue,Under Review
CL00128,S028174,12574,Customs Issue,Open
CL00129,S036827,1093,Lost Container,Closed
CL00130,S027584,14655,Damage,Open
CL00131,S046818,5321,Lost Container,Closed
CL00132,S024471,6625,Customs Issue,Closed
CL00133,S049736,6738,Damage,Open
CL00134,S005538,1057,Customs Issue,Closed
CL00135,S085146,13340,Damage,Closed
CL00136,S078167,11930,Customs Issue,Open
CL00137,S098621,2841,Customs Issue,Closed
CL00138,S076459,13711,Lost Container,Closed
CL00139,S097432,14981,Customs Issue,Under Review
CL00140,S094432,6786,Damage,Under Review
CL00141,S077144,12295,Late Delivery,Under Review
CL00142,S009003,14449,Customs Issue,Open
CL00143,S055455,5317,Damage,Closed
CL00144,S025507,14497,Lost Container,Under Review
CL00145,S078240,8673,Lost Container,Under Review
CL00146,S029718,14628,Late Delivery,Open
CL00147,S014696,5800,Late Delivery,Open
CL00148,S073162,13511,Customs Issue,Under Review
CL00149,S061239,3040,Customs Issue,Under Review
CL00150,S033992,9950,Damage,Closed
CL00151,S061105,1638,Customs Issue,Closed
CL00152,S091763,9925,Late Delivery,Open
CL00153,S030821,13035,Customs Issue,Closed
CL00154,S062576,5526,Customs Issue,Under Review
CL00155,S045871,1797,Customs Issue,Open
CL00156,S098417,6506,Lost Container,Closed
CL00157,S087896,3415,Lost Container,Under Review
CL00158,S015031,5104,Damage,Open
CL00159,S019644,3100,Damage,Under Review
CL00160,S025780,1729,Customs Issue,Open
CL00161,S055318,6772,Lost Container,Closed
CL00162,S013136,9314,Customs Issue,Open
CL00163,S007583,5782,Damage,Open
CL00164,S018894,10841,Customs Issue,Open
CL00165,S031158,11667,Lost Container,Open
CL00166,S019619,6018,Late Delivery,Open
CL00167,S016220,11327,Customs Issue,Open
CL00168,S082745,7530,Lost Container,Closed
CL00169,S067011,12734,Damage,Under Review
CL00170,S036702,8490,Late Delivery,Under Review
CL00171,S026805,1999,Late Delivery,Open
CL00172,S036015,6447,Damage,Under Review
CL00173,S029238,1129,Customs Issue,Under Review
CL00174,S082153,1975,Customs Issue,Closed
CL00175,S056655,8599,Lost Container,Open
CL00176,S000301,6768,Late Delivery,Closed
CL00177,S029649,6591,Damage,Open
CL00178,S071552,12615,Damage,Closed
CL00179,S097647,11549,Damage,Under Review
CL00180,S021897,3224,Lost Container,Under Review
CL00181,S080326,12086,Late Delivery,Under Review
CL00182,S082305,11681,Lost Container,Under Review
CL00183,S071904,4681,Lost Container,Closed
CL00184,S049100,9151,Late Delivery,Under Review
CL00185,S021464,14492,Late Delivery,Under Review
CL00186,S025946,12008,Late Delivery,Under Review
CL00187,S051996,8391,Late Delivery,Open
CL00188,S028662,11652,Lost Container,Under Review
CL00189,S067553,8538,Customs Issue,Closed
CL00190,S086874,6084,Lost Container,Open
CL00191,S033460,6684,Customs Issue,Under Review
CL00192,S097501,7012,Customs Issue,Open
CL00193,S090735,1040,Customs Issue,Under Review
CL00194,S002750,1163,Late Delivery,Under Review
CL00195,S060090,795,Late Delivery,Under Review
CL00196,S088496,4341,Late Delivery,Open
CL00197,S037874,12109,Customs Issue,Under Review
CL00198,S060529,1633,Lost Container,Under Review
CL00199,S020004,7178,Late Delivery,Under Review
CL00200,S091393,14053,Damage,Open
CL00201,S084075,11508,Customs Issue,Closed
CL00202,S018279,6749,Damage,Open
CL00203,S008340,3879,Damage,Under Review
CL00204,S044528,2302,Lost Container,Under Review
CL00205,S088843,3214,Lost Container,Closed
CL00206,S010684,7985,Damage,Closed
CL00207,S049334,10189,Damage,Open
CL00208,S098347,9283,Damage,Closed
CL00209,S081059,3454,Damage,Open
CL00210,S080558,7960,Late Delivery,Under Review
CL00211,S072262,914,Lost Container,Under Review
CL00212,S081313,5399,Customs Issue,Under Review
CL00213,S030842,8953,Late Delivery,Closed
CL00214,S026852,1052,Customs Issue,Under Review
CL00215,S092486,9161,Customs Issue,Closed
CL00216,S069433,815,Customs Issue,Closed
CL00217,S071520,7639,Damage,Under Review
CL00218,S006926,8141,Lost Container,Under Review
CL00219,S074757,2500,Damage,Closed
CL00220,S057915,10807,Late Delivery,Under Review
CL00221,S000914,8402,Damage,Open
CL00222,S072823,1011,Customs Issue,Under Review
CL00223,S050653,14794,Lost Container,Closed
CL00224,S044114,1706,Lost Container,Open
CL00225,S010075,13842,Late Delivery,Under Review
CL00226,S089322,6784,Customs Issue,Open
CL00227,S097475,6293,Customs Issue,Open
CL00228,S091196,8254,Customs Issue,Open
CL00229,S044895,522,Customs Issue,Closed
CL00230,S043885,14007,Damage,Closed
CL00231,S059698,10617,Late Delivery,Under Review
CL00232,S024898,8158,Late Delivery,Open
CL00233,S043459,4343,Lost Container,Under Review
CL00234,S058912,2609,Customs Issue,Closed
CL00235,S070989,8032,Damage,Under Review
CL00236,S071559,13802,Lost Container,Closed
CL00237,S085591,7015,Damage,Closed
CL00238,S037924,2276,Late Delivery,Open
CL00239,S032052,875,Late Delivery,Under Review
CL00240,S009933,11188,Late Delivery,Under Review
CL00241,S039053,6652,Damage,Open
CL00242,S030284,9642,Damage,Closed
CL00243,S082162,7531,Damage,Under Review
CL00244,S069370,13504,Late Delivery,Open
CL00245,S034508,9848,Lost Container,Open
CL00246,S079994,2271,Damage,Closed
CL00247,S037529,3390,Damage,Closed
CL00248,S079259,8748,Customs Issue,Under Review
CL00249,S016618,3704,Customs Issue,Open
CL00250,S065707,11208,Late Delivery,Open
CL00251,S068363,14886,Late Delivery,Open
CL00252,S073800,2586,Lost Container,Open
CL00253,S038882,12221,Lost Container,Closed
CL00254,S020319,8052,Damage,Under Review
CL00255,S020881,11739,Lost Container,Open
CL00256,S029850,14692,Damage,Closed
CL00257,S074808,3278,Late Delivery,Closed
CL00258,S072546,7190,Customs Issue,Open
CL00259,S063165,698,Late Delivery,Open
CL00260,S083840,8303,Lost Container,Closed
CL00261,S045919,2910,Damage,Closed
CL00262,S018205,2155,Customs Issue,Open
CL00263,S080231,7015,Late Delivery,Closed
CL00264,S075961,1063,Late Delivery,Under Review
CL00265,S013037,3708,Late Delivery,Under Review
CL00266,S016183,8012,Customs Issue,Closed
CL00267,S002368,729,Damage,Closed
CL00268,S042289,14238,Late Delivery,Closed
CL00269,S097643,12787,Late Delivery,Open
CL00270,S056034,1257,Damage,Under Review
CL00271,S088697,11828,Damage,Open
CL00272,S085181,6396,Customs Issue,Under Review
CL00273,S038292,1230,Damage,Under Review
CL00274,S009024,1169,Customs Issue,Under Review
CL00275,S047916,9539,Damage,Open
CL00276,S022939,5938,Damage,Closed
CL00277,S014950,14332,Lost Container,Open
CL00278,S030051,6209,Late Delivery,Closed
CL00279,S005158,7810,Late Delivery,Under Review
CL00280,S035821,11915,Damage,Open
CL00281,S005410,3434,Customs Issue,Closed
CL00282,S097645,6054,Damage,Under Review
CL00283,S040395,4622,Damage,Closed
CL00284,S084055,13837,Late Delivery,Under Review
CL00285,S068707,8654,Late Delivery,Closed
CL00286,S084837,2725,Lost Container,Closed
CL00287,S022619,3977,Customs Issue,Open
CL00288,S082113,6486,Customs Issue,Open
CL00289,S057225,12815,Lost Container,Open
CL00290,S085998,623,Late Delivery,Closed
CL00291,S005815,7722,Late Delivery,Closed
CL00292,S016550,9222,Damage,Closed
CL00293,S005928,10538,Lost Container,Closed
CL00294,S089011,6123,Late Delivery,Under Review
CL00295,S072063,702,Lost Container,Open
CL00296,S064071,5389,Late Delivery,Under Review
CL00297,S090890,2568,Customs Issue,Under Review
CL00298,S023190,11880,Damage,Under Review
CL00299,S000879,14388,Late Delivery,Closed
CL00300,S063240,9222,Late Delivery,Closed
CL00301,S067420,4245,Lost Container,Open
CL00302,S076736,2279,Lost Container,Under Review
CL00303,S004915,5639,Customs Issue,Open
CL00304,S028300,10214,Lost Container,Open
CL00305,S002526,13251,Damage,Open
CL00306,S075244,4528,Late Delivery,Under Review
CL00307,S027294,10205,Lost Container,Closed
CL00308,S029371,10280,Lost Container,Under Review
CL00309,S048431,14260,Lost Container,Under Review
CL00310,S038372,9548,Late Delivery,Closed
CL00311,S080513,3221,Customs Issue,Closed
CL00312,S021364,12226,Late Delivery,Closed
CL00313,S017443,6552,Late Delivery,Open
CL00314,S042975,4608,Late Delivery,Open
CL00315,S033126,10541,Customs Issue,Under Review
CL00316,S078519,854,Damage,Open
CL00317,S054889,13792,Late Delivery,Closed
CL00318,S074630,8517,Late Delivery,Closed
CL00319,S059897,7973,Lost Container,Open
CL00320,S052302,2196,Lost Container,Closed
CL00321,S051640,12842,Customs Issue,Under Review
CL00322,S058666,6392,Customs Issue,Closed
CL00323,S087784,2538,Lost Container,Under Review
CL00324,S041010,6540,Damage,Closed
CL00325,S076698,10387,Customs Issue,Closed
CL00326,S058462,10183,Customs Issue,Closed
CL00327,S061005,6904,Customs Issue,Under Review
CL00328,S044377,7389,Damage,Open
CL00329,S071840,4301,Late Delivery,Closed
CL00330,S001744,4676,Customs Issue,Under Review
CL00331,S099510,4431,Damage,Closed
CL00332,S053828,11001,Customs Issue,Open
CL00333,S018157,7923,Damage,Open
CL00334,S093036,10757,Lost Container,Open
CL00335,S033830,2658,Late Delivery,Closed
CL00336,S034105,6232,Customs Issue,Open
CL00337,S047268,9408,Damage,Open
CL00338,S004537,12448,Lost Container,Closed
CL00339,S050673,12414,Late Delivery,Open
CL00340,S053858,10022,Damage,Open
CL00341,S073031,6834,Lost Container,Closed
CL00342,S085818,14536,Damage,Under Review
CL00343,S025576,3761,Customs Issue,Closed
CL00344,S069946,11760,Late Delivery,Under Review
CL00345,S016904,10822,Late Delivery,Under Review
CL00346,S076025,4136,Damage,Closed
CL00347,S011951,13875,Lost Container,Open
CL00348,S041129,4816,Lost Container,Under Review
CL00349,S076501,1853,Customs Issue,Closed
CL00350,S002306,12784,Damage,Open
CL00351,S090696,6116,Customs Issue,Under Review
CL00352,S005899,14901,Lost Container,Under Review
CL00353,S093049,4744,Damage,Closed
CL00354,S017889,12185,Late Delivery,Closed
CL00355,S054101,3841,Damage,Closed
CL00356,S059987,14284,Lost Container,Closed
CL00357,S062672,2929,Late Delivery,Under Review
CL00358,S084459,5270,Damage,Under Review
CL00359,S017160,4209,Late Delivery,Under Review
CL00360,S080052,2304,Damage,Closed
CL00361,S065859,7155,Damage,Closed
CL00362,S093196,13383,Late Delivery,Closed
CL00363,S015803,10194,Late Delivery,Closed
CL00364,S080872,10325,Lost Container,Closed
CL00365,S035987,14595,Late Delivery,Under Review
CL00366,S085433,14314,Lost Container,Under Review
CL00367,S075259,4661,Late Delivery,Open
CL00368,S017157,10519,Customs Issue,Closed
CL00369,S093529,6861,Damage,Open
CL00370,S077478,1934,Customs Issue,Under Review
CL00371,S059877,4435,Late Delivery,Closed
CL00372,S064445,1733,Lost Container,Closed
CL00373,S049551,14130,Damage,Open
CL00374,S027557,11656,Damage,Closed
CL00375,S058893,6386,Lost Container,Closed
CL00376,S029805,14004,Late Delivery,Closed
CL00377,S012499,9475,Damage,Under Review
CL00378,S060506,6990,Late Delivery,Closed
CL00379,S026974,8210,Lost Container,Closed
CL00380,S048169,4018,Damage,Closed
CL00381,S019972,4240,Damage,Closed
CL00382,S032896,13396,Damage,Under Review
CL00383,S034694,11714,Customs Issue,Open
CL00384,S028994,4797,Lost Container,Open
CL00385,S001010,11030,Lost Container,Closed
CL00386,S055041,2523,Lost Container,Closed
CL00387,S058598,11202,Lost Container,Open
CL00388,S060050,9397,Customs Issue,Closed
CL00389,S087024,6029,Lost Container,Under Review
CL00390,S075068,14605,Customs Issue,Open
CL00391,S018042,14349,Lost Container,Closed
CL00392,S056545,12175,Customs Issue,Open
CL00393,S008510,4614,Late Delivery,Open
CL00394,S024591,12232,Damage,Under Review
CL00395,S094684,14350,Lost Container,Open
CL00396,S067515,11316,Lost Container,Closed
CL00397,S080378,8791,Late Delivery,Closed
CL00398,S008543,1539,Customs Issue,Under Review
CL00399,S044406,7396,Damage,Closed
CL00400,S098446,3659,Damage,Under Review
CL00401,S051518,3358,Customs Issue,Closed
CL00402,S013617,9708,Customs Issue,Closed
CL00403,S037722,13989,Late Delivery,Open
CL00404,S001222,13249,Damage,Closed
CL00405,S015802,10790,Damage,Closed
CL00406,S049999,3246,Lost Container,Closed
CL00407,S063968,9574,Lost Container,Open
CL00408,S028210,13976,Damage,Open
CL00409,S001890,3572,Customs Issue,Open
CL00410,S042576,12351,Lost Container,Closed
CL00411,S002684,11950,Late Delivery,Closed
CL00412,S045602,8898,Lost Container,Open
CL00413,S091941,9494,Customs Issue,Closed
CL00414,S095242,5990,Late Delivery,Under Review
CL00415,S062014,14851,Damage,Closed
CL00416,S041747,8973,Late Delivery,Closed
CL00417,S043513,1670,Late Delivery,Open
CL00418,S090303,3321,Damage,Under Review
CL00419,S053704,13286,Damage,Closed
CL00420,S042264,11602,Customs Issue,Closed
CL00421,S003639,9482,Damage,Closed
CL00422,S077767,12604,Lost Container,Under Review
CL00423,S099924,7159,Lost Container,Open
CL00424,S075807,3717,Customs Issue,Closed
CL00425,S096397,12078,Late Delivery,Open
CL00426,S001885,12625,Customs Issue,Open
CL00427,S023151,8730,Damage,Under Review
CL00428,S068693,6623,Customs Issue,Under Review
CL00429,S034847,14709,Damage,Open
CL00430,S044359,10796,Lost Container,Under Review
CL00431,S009219,12958,Damage,Closed
CL00432,S084895,8295,Customs Issue,Open
CL00433,S009018,13363,Damage,Under Review
CL00434,S037378,2840,Damage,Under Review
CL00435,S080384,7205,Late Delivery,Open
CL00436,S036905,11916,Late Delivery,Closed
CL00437,S066699,13022,Customs Issue,Under Review
CL00438,S035073,9975,Customs Issue,Under Review
CL00439,S054644,6595,Late Delivery,Closed
CL00440,S082213,6375,Lost Container,Closed
CL00441,S037856,4445,Lost Container,Open
CL00442,S011977,2698,Customs Issue,Under Review
CL00443,S088770,14828,Customs Issue,Under Review
CL00444,S023020,12342,Lost Container,Under Review
CL00445,S093799,6243,Lost Container,Open
CL00446,S011293,663,Late Delivery,Open
CL00447,S085903,4315,Damage,Under Review
CL00448,S002675,5793,Lost Container,Closed
CL00449,S071027,14216,Customs Issue,Open
CL00450,S077560,8300,Damage,Under Review
CL00451,S098130,12840,Customs Issue,Open
CL00452,S047183,1571,Lost Container,Open
CL00453,S053787,2599,Customs Issue,Open
CL00454,S091572,9139,Damage,Open
CL00455,S011446,13634,Damage,Closed
CL00456,S030959,3777,Lost Container,Under Review
CL00457,S031794,8282,Late Delivery,Closed
CL00458,S095290,5812,Damage,Closed
CL00459,S076718,6110,Damage,Open
CL00460,S087573,9750,Customs Issue,Under Review
CL00461,S030459,12097,Damage,Under Review
CL00462,S000275,14557,Damage,Open
CL00463,S092688,6233,Damage,Open
CL00464,S074824,10218,Late Delivery,Under Review
CL00465,S046989,7235,Late Delivery,Open
CL00466,S011067,14936,Customs Issue,Open
CL00467,S037110,11351,Late Delivery,Open
CL00468,S028425,13764,Damage,Open
CL00469,S060282,7856,Damage,Open
CL00470,S072176,5393,Damage,Under Review
CL00471,S056106,9235,Damage,Under Review
CL00472,S011100,813,Late Delivery,Under Review
CL00473,S054208,14084,Late Delivery,Closed
CL00474,S051311,966,Late Delivery,Under Review
CL00475,S065094,10656,Customs Issue,Open
CL00476,S004847,4235,Customs Issue,Under Review
CL00477,S018134,6781,Customs Issue,Closed
CL00478,S049981,4107,Late Delivery,Open
CL00479,S005537,8918,Late Delivery,Under Review
CL00480,S099323,14637,Lost Container,Closed
CL00481,S014514,7573,Late Delivery,Under Review
CL00482,S048364,13603,Late Delivery,Under Review
CL00483,S016008,11350,Late Delivery,Open
CL00484,S051494,5097,Lost Container,Open
CL00485,S078346,4308,Late Delivery,Open
CL00486,S080265,14899,Late Delivery,Closed
CL00487,S012963,5882,Damage,Closed
CL00488,S065928,11800,Lost Container,Closed
CL00489,S010645,3527,Customs Issue,Closed
CL00490,S013265,14174,Lost Container,Closed
CL00491,S080715,14680,Lost Container,Under Review
CL00492,S064580,6591,Customs Issue,Under Review
CL00493,S082602,5502,Lost Container,Open
CL00494,S037944,2274,Late Delivery,Open
CL00495,S009843,7556,Damage,Closed
CL00496,S030523,11885,Customs Issue,Under Review
CL00497,S027345,2110,Customs Issue,Under Review
CL00498,S061864,12689,Late Delivery,Under Review
CL00499,S087687,9024,Customs Issue,Under Review
CL00500,S047747,4943,Customs Issue,Under Review
CL00501,S000559,1606,Damage,Closed
CL00502,S080453,10360,Late Delivery,Closed
CL00503,S041353,9232,Late Delivery,Under Review
CL00504,S079029,2353,Late Delivery,Closed
CL00505,S014006,11447,Customs Issue,Open
CL00506,S006316,6701,Late Delivery,Under Review
CL00507,S094625,13762,Lost Container,Open
CL00508,S003746,12866,Damage,Under Review
CL00509,S022347,14292,Customs Issue,Under Review
CL00510,S011766,10368,Customs Issue,Open
CL00511,S070519,1066,Lost Container,Closed
CL00512,S014627,12159,Late Delivery,Closed
CL00513,S081916,7949,Customs Issue,Under Review
CL00514,S056333,5147,Late Delivery,Closed
CL00515,S092119,12738,Damage,Closed
CL00516,S019203,10574,Damage,Open
CL00517,S089711,5426,Damage,Under Review
CL00518,S027465,8375,Customs Issue,Closed
CL00519,S071906,11637,Lost Container,Under Review
CL00520,S012835,4179,Customs Issue,Under Review
CL00521,S017187,13251,Customs Issue,Closed
CL00522,S069902,729,Lost Container,Closed
CL00523,S074152,9710,Damage,Closed
CL00524,S006544,13365,Customs Issue,Under Review
CL00525,S049466,14595,Damage,Closed
CL00526,S096811,13839,Late Delivery,Open
CL00527,S061994,8211,Customs Issue,Open
CL00528,S013697,1623,Damage,Closed
CL00529,S078056,3792,Late Delivery,Open
CL00530,S072019,13585,Customs Issue,Under Review
CL00531,S002818,14172,Damage,Closed
CL00532,S047581,2394,Lost Container,Under Review
CL00533,S067547,8575,Damage,Open
CL00534,S085753,5105,Damage,Open
CL00535,S025415,7876,Damage,Closed
CL00536,S073237,2257,Damage,Closed
CL00537,S046341,6577,Damage,Under Review
CL00538,S087743,4688,Lost Container,Closed
CL00539,S070759,12534,Damage,Closed
CL00540,S002765,8253,Damage,Open
CL00541,S047854,6307,Damage,Closed
CL00542,S006941,4130,Late Delivery,Under Review
CL00543,S050199,13682,Customs Issue,Under Review
CL00544,S074565,9973,Customs Issue,Under Review
CL00545,S048454,11564,Customs Issue,Under Review
CL00546,S094795,7584,Damage,Open
CL00547,S022895,6589,Customs Issue,Closed
CL00548,S039695,11320,Customs Issue,Closed
CL00549,S000865,12648,Customs Issue,Under Review
CL00550,S099308,5381,Late Delivery,Open
CL00551,S031449,3985,Damage,Closed
CL00552,S061470,3265,Damage,Open
CL00553,S020648,6672,Customs Issue,Open
CL00554,S049016,3722,Late Delivery,Under Review
CL00555,S062987,14791,Late Delivery,Under Review
CL00556,S009599,2162,Late Delivery,Closed
CL00557,S006701,14136,Customs Issue,Closed
CL00558,S035842,14784,Damage,Open
CL00559,S075906,12889,Lost Container,Under Review
CL00560,S042937,13614,Damage,Open
CL00561,S046463,11327,Late Delivery,Closed
CL00562,S076870,5645,Damage,Open
CL00563,S062502,11788,Damage,Closed
CL00564,S013473,14081,Lost Container,Open
CL00565,S046012,8696,Customs Issue,Closed
CL00566,S093331,525,Damage,Closed
CL00567,S025312,2443,Customs Issue,Open
CL00568,S046465,8215,Customs Issue,Open
CL00569,S016349,10990,Lost Container,Closed
CL00570,S091528,1494,Lost Container,Open
CL00571,S020007,5861,Customs Issue,Under Review
CL00572,S066746,13621,Late Delivery,Open
CL00573,S046066,6835,Lost Container,Under Review
CL00574,S014864,13624,Lost Container,Open
CL00575,S055346,12003,Damage,Open
CL00576,S000513,10149,Late Delivery,Closed
CL00577,S037365,13792,Damage,Closed
CL00578,S003753,3412,Lost Container,Under Review
CL00579,S071531,11381,Lost Container,Under Review
CL00580,S081936,8597,Damage,Under Review
CL00581,S078714,10465,Late Delivery,Closed
CL00582,S043271,6988,Damage,Open
CL00583,S049650,11993,Damage,Under Review
CL00584,S076458,7958,Late Delivery,Open
CL00585,S097651,1183,Damage,Under Review
CL00586,S068067,8681,Lost Container,Closed
CL00587,S037498,14106,Damage,Under Review
CL00588,S087757,7540,Late Delivery,Under Review
CL00589,S080487,12285,Damage,Under Review
CL00590,S085565,1281,Damage,Under Review
CL00591,S032749,8938,Damage,Under Review
CL00592,S064698,2520,Late Delivery,Closed
CL00593,S029349,5431,Customs Issue,Under Review
CL00594,S067831,2879,Lost Container,Closed
CL00595,S087510,7616,Lost Container,Closed
CL00596,S077157,2734,Customs Issue,Closed
CL00597,S074863,11832,Customs Issue,Closed
CL00598,S048278,10345,Late Delivery,Closed
CL00599,S045182,13314,Customs Issue,Closed
CL00600,S055507,1481,Late Delivery,Open
CL00601,S035212,11053,Late Delivery,Under Review
CL00602,S064324,5277,Customs Issue,Open
CL00603,S060160,8012,Late Delivery,Under Review
CL00604,S054571,13037,Damage,Under Review
CL00605,S080718,10863,Customs Issue,Open
CL00606,S005731,4359,Damage,Open
CL00607,S024559,9462,Customs Issue,Under Review
CL00608,S041395,694,Lost Container,Open
CL00609,S084934,2570,Damage,Open
CL00610,S067504,8072,Late Delivery,Open
CL00611,S047899,3111,Lost Container,Open
CL00612,S099831,7953,Damage,Under Review
CL00613,S056019,13199,Damage,Open
CL00614,S041350,6913,Damage,Under Review
CL00615,S070761,5239,Lost Container,Under Review
CL00616,S018149,2563,Damage,Open
CL00617,S078462,13639,Customs Issue,Under Review
CL00618,S074511,2307,Customs Issue,Under Review
CL00619,S026933,11300,Late Delivery,Open
CL00620,S006014,10040,Damage,Closed
CL00621,S003462,9618,Late Delivery,Open
CL00622,S090295,14825,Late Delivery,Open
CL00623,S010420,13817,Lost Container,Closed
CL00624,S014771,6411,Damage,Closed
CL00625,S039743,3454,Late Delivery,Open
CL00626,S077030,12702,Damage,Closed
CL00627,S001722,1238,Damage,Under Review
CL00628,S059389,5066,Late Delivery,Closed
CL00629,S008566,12401,Late Delivery,Closed
CL00630,S061742,2714,Lost Container,Under Review
CL00631,S072820,7856,Lost Container,Under Review
CL00632,S010571,14385,Damage,Under Review
CL00633,S048207,11553,Damage,Closed
CL00634,S038609,4194,Lost Container,Closed
CL00635,S088864,14406,Lost Container,Open
CL00636,S040212,10658,Customs Issue,Closed
CL00637,S045948,11752,Damage,Closed
CL00638,S023598,6318,Late Delivery,Closed
CL00639,S035496,14116,Late Delivery,Open
CL00640,S060540,14528,Damage,Open
CL00641,S087256,7464,Lost Container,Closed
CL00642,S066566,9277,Damage,Open
CL00643,S076366,5708,Lost Container,Under Review
CL00644,S008310,7729,Late Delivery,Open
CL00645,S093817,14954,Damage,Open
CL00646,S030970,14059,Customs Issue,Under Review
CL00647,S073035,14177,Customs Issue,Closed
CL00648,S000407,4910,Late Delivery,Open
CL00649,S067356,12984,Late Delivery,Under Review
CL00650,S036873,711,Customs Issue,Under Review
CL00651,S087904,12447,Lost Container,Under Review
CL00652,S024938,3630,Lost Container,Open
CL00653,S013364,3474,Late Delivery,Under Review
CL00654,S076917,1160,Customs Issue,Under Review
CL00655,S093176,13514,Damage,Under Review
CL00656,S082441,1867,Lost Container,Closed
CL00657,S075534,12360,Lost Container,Open
CL00658,S051524,12251,Damage,Open
CL00659,S079168,13105,Late Delivery,Closed
CL00660,S048466,3655,Lost Container,Open
CL00661,S023052,1002,Lost Container,Under Review
CL00662,S051578,940,Late Delivery,Under Review
CL00663,S014931,8640,Late Delivery,Closed
CL00664,S016157,2941,Damage,Open
CL00665,S076231,14669,Late Delivery,Open
CL00666,S048003,8366,Lost Container,Under Review
CL00667,S000191,7178,Late Delivery,Open
CL00668,S036155,13172,Lost Container,Closed
CL00669,S027262,6092,Customs Issue,Closed
CL00670,S088333,3759,Late Delivery,Open
CL00671,S090758,8957,Customs Issue,Under Review
CL00672,S039214,13638,Lost Container,Under Review
CL00673,S047282,6609,Late Delivery,Closed
CL00674,S064547,14687,Late Delivery,Under Review
CL00675,S060164,998,Lost Container,Under Review
CL00676,S015090,5985,Late Delivery,Under Review
CL00677,S082364,8362,Customs Issue,Closed
CL00678,S076563,4862,Late Delivery,Closed
CL00679,S032154,9932,Late Delivery,Under Review
CL00680,S018911,12527,Lost Container,Under Review
CL00681,S003922,9980,Damage,Open
CL00682,S086066,1120,Customs Issue,Under Review
CL00683,S045685,6810,Customs Issue,Open
CL00684,S016208,4413,Damage,Closed
CL00685,S027435,10537,Lost Container,Open
CL00686,S056101,14554,Late Delivery,Closed
CL00687,S000240,5896,Damage,Closed
CL00688,S068859,7394,Damage,Closed
CL00689,S019343,2503,Lost Container,Under Review
CL00690,S099499,9965,Damage,Open
CL00691,S013384,556,Late Delivery,Open
CL00692,S076349,14031,Customs Issue,Closed
CL00693,S070009,13640,Lost Container,Under Review
CL00694,S065755,7091,Lost Container,Open
CL00695,S026795,3729,Late Delivery,Under Review
CL00696,S037952,7325,Late Delivery,Open
CL00697,S037757,12287,Customs Issue,Under Review
CL00698,S023640,8701,Late Delivery,Under Review
CL00699,S018591,10568,Late Delivery,Open
CL00700,S056252,3737,Late Delivery,Open
CL00701,S073719,7598,Customs Issue,Open
CL00702,S028549,10206,Late Delivery,Under Review
CL00703,S032337,11909,Lost Container,Open
CL00704,S098456,12161,Lost Container,Under Review
CL00705,S048839,14239,Damage,Closed
CL00706,S027793,10070,Late Delivery,Open
CL00707,S042649,4325,Late Delivery,Under Review
CL00708,S071005,8709,Customs Issue,Under Review
CL00709,S089820,13374,Customs Issue,Open
CL00710,S097920,9463,Lost Container,Under Review
CL00711,S085075,14191,Customs Issue,Under Review
CL00712,S044582,14811,Customs Issue,Open
CL00713,S054479,7809,Late Delivery,Open
CL00714,S041011,12134,Customs Issue,Open
CL00715,S052319,4161,Late Delivery,Open
CL00716,S084414,12523,Customs Issue,Under Review
CL00717,S033578,2766,Customs Issue,Under Review
CL00718,S025538,12836,Late Delivery,Under Review
CL00719,S084143,11533,Lost Container,Closed
CL00720,S077979,8418,Lost Container,Under Review
CL00721,S026589,7643,Damage,Under Review
CL00722,S018064,3076,Customs Issue,Under Review
CL00723,S018192,6226,Lost Container,Open
CL00724,S015636,9009,Late Delivery,Under Review
CL00725,S026422,14706,Customs Issue,Under Review
CL00726,S017735,2702,Late Delivery,Closed
CL00727,S022661,2293,Damage,Under Review
CL00728,S046976,6829,Late Delivery,Closed
CL00729,S025949,9678,Customs Issue,Open
CL00730,S021866,8690,Late Delivery,Open
CL00731,S015231,11103,Late Delivery,Under Review
CL00732,S073139,14253,Lost Container,Closed
CL00733,S015648,9858,Damage,Closed
CL00734,S064428,11979,Damage,Open
CL00735,S039636,13842,Customs Issue,Closed
CL00736,S094802,7084,Lost Container,Closed
CL00737,S027960,9685,Lost Container,Closed
CL00738,S050435,1014,Damage,Open
CL00739,S093037,7061,Late Delivery,Closed
CL00740,S006666,7835,Late Delivery,Under Review
CL00741,S018968,13239,Customs Issue,Open
CL00742,S053163,14718,Damage,Open
CL00743,S050319,8341,Damage,Closed
CL00744,S086350,2268,Customs Issue,Closed
CL00745,S001480,3438,Customs Issue,Open
CL00746,S039609,12381,Lost Container,Closed
CL00747,S086287,14626,Customs Issue,Under Review
CL00748,S098993,9153,Customs Issue,Open
CL00749,S020414,6657,Customs Issue,Under Review
CL00750,S031195,10167,Customs Issue,Closed
CL00751,S026943,4228,Damage,Open
CL00752,S036888,6663,Late Delivery,Closed
CL00753,S031393,5934,Customs Issue,Closed
CL00754,S004802,14242,Damage,Closed
CL00755,S012167,6390,Damage,Closed
CL00756,S022706,13826,Damage,Closed
CL00757,S097489,12423,Damage,Closed
CL00758,S052104,1483,Damage,Under Review
CL00759,S092179,3482,Lost Container,Under Review
CL00760,S044266,5431,Late Delivery,Closed
CL00761,S097194,9191,Late Delivery,Under Review
CL00762,S096608,13340,Late Delivery,Open
CL00763,S080512,10766,Damage,Closed
CL00764,S030474,4912,Damage,Closed
CL00765,S023908,6849,Damage,Closed
CL00766,S047223,9865,Lost Container,Closed
CL00767,S020467,2678,Late Delivery,Under Review
CL00768,S028860,13084,Damage,Closed
CL00769,S034636,13312,Customs Issue,Closed
CL00770,S022104,5575,Damage,Under Review
CL00771,S083044,2587,Lost Container,Open
CL00772,S087802,5407,Lost Container,Closed
CL00773,S030534,4806,Lost Container,Closed
CL00774,S036697,14973,Late Delivery,Open
CL00775,S096462,14058,Lost Container,Under Review
CL00776,S082923,5263,Lost Container,Closed
CL00777,S086553,5448,Late Delivery,Under Review
CL00778,S024189,4474,Late Delivery,Open
CL00779,S025934,1702,Late Delivery,Closed
CL00780,S000087,6605,Late Delivery,Under Review
CL00781,S059387,1231,Customs Issue,Closed
CL00782,S061850,8181,Lost Container,Open
CL00783,S029663,5636,Late Delivery,Closed
CL00784,S083852,2192,Late Delivery,Closed
CL00785,S074308,10758,Customs Issue,Closed
CL00786,S034029,7214,Customs Issue,Open
CL00787,S064126,8202,Late Delivery,Open
CL00788,S074912,10834,Late Delivery,Closed
CL00789,S053468,13774,Customs Issue,Closed
CL00790,S029965,6215,Damage,Closed
CL00791,S054307,1124,Lost Container,Under Review
CL00792,S029803,7229,Damage,Open
CL00793,S049817,8742,Late Delivery,Closed
CL00794,S085135,10344,Late Delivery,Closed
CL00795,S095398,12908,Late Delivery,Open
CL00796,S074583,1785,Lost Container,Open
CL00797,S085743,8310,Damage,Closed
CL00798,S071642,5811,Damage,Under Review
CL00799,S097882,14971,Damage,Under Review
CL00800,S037210,7187,Customs Issue,Open
CL00801,S006212,7668,Customs Issue,Closed
CL00802,S005898,7715,Damage,Under Review
CL00803,S042384,14438,Late Delivery,Open
CL00804,S093591,11433,Late Delivery,Under Review
CL00805,S001548,5280,Damage,Open
CL00806,S036600,5262,Late Delivery,Open
CL00807,S081381,1822,Damage,Under Review
CL00808,S078775,6750,Lost Container,Under Review
CL00809,S031577,11102,Late Delivery,Open
CL00810,S086422,13234,Lost Container,Closed
CL00811,S032193,650,Late Delivery,Under Review
CL00812,S024391,3686,Lost Container,Open
CL00813,S058633,12445,Damage,Closed
CL00814,S015710,5356,Customs Issue,Open
CL00815,S029419,5392,Damage,Closed
CL00816,S076701,8473,Damage,Under Review
CL00817,S030533,11975,Late Delivery,Open
CL00818,S023831,6134,Lost Container,Closed
CL00819,S099032,4903,Lost Container,Open
CL00820,S052445,14139,Late Delivery,Open
CL00821,S029598,5765,Lost Container,Open
CL00822,S062147,6969,Damage,Open
CL00823,S048345,11000,Damage,Under Review
CL00824,S044865,13037,Damage,Open
CL00825,S048867,5238,Lost Container,Open
CL00826,S019801,13866,Lost Container,Closed
CL00827,S099025,11646,Damage,Open
CL00828,S065465,940,Lost Container,Under Review
CL00829,S056875,8127,Lost Container,Closed
CL00830,S018075,10126,Damage,Under Review
CL00831,S010540,1882,Late Delivery,Under Review
CL00832,S018721,971,Damage,Open
CL00833,S079307,6523,Late Delivery,Closed
CL00834,S093683,2184,Damage,Closed
CL00835,S095406,4229,Late Delivery,Under Review
CL00836,S068860,13614,Customs Issue,Under Review
CL00837,S059461,14646,Late Delivery,Closed
CL00838,S072604,10764,Damage,Under Review
CL00839,S038672,2638,Late Delivery,Closed
CL00840,S063585,3581,Late Delivery,Closed
CL00841,S009098,2841,Late Delivery,Under Review
CL00842,S092515,924,Customs Issue,Under Review
CL00843,S067974,10008,Damage,Open
CL00844,S035797,8311,Late Delivery,Closed
CL00845,S094160,8999,Lost Container,Open
CL00846,S016946,9640,Late Delivery,Closed
CL00847,S049281,14166,Lost Container,Under Review
CL00848,S018739,713,Lost Container,Under Review
CL00849,S076330,14788,Customs Issue,Open
CL00850,S067884,13404,Late Delivery,Closed
CL00851,S076871,7834,Lost Container,Closed
CL00852,S069351,9123,Late Delivery,Closed
CL00853,S032873,9661,Customs Issue,Open
CL00854,S045405,8142,Lost Container,Closed
CL00855,S073661,6248,Customs Issue,Under Review
CL00856,S048684,8331,Late Delivery,Open
CL00857,S008213,6693,Late Delivery,Closed
CL00858,S027754,679,Damage,Closed
CL00859,S022502,7519,Lost Container,Open
CL00860,S046924,3211,Damage,Closed
CL00861,S042559,6292,Lost Container,Open
CL00862,S026962,8032,Damage,Open
CL00863,S072691,8296,Lost Container,Open
CL00864,S046120,6736,Late Delivery,Open
CL00865,S030388,3398,Customs Issue,Closed
CL00866,S064248,2013,Customs Issue,Open
CL00867,S022038,1641,Late Delivery,Under Review
CL00868,S039505,7867,Late Delivery,Open
CL00869,S017868,8044,Damage,Open
CL00870,S088559,12084,Customs Issue,Under Review
CL00871,S070210,14181,Damage,Under Review
CL00872,S051883,9299,Lost Container,Open
CL00873,S099955,12793,Customs Issue,Closed
CL00874,S082340,12762,Late Delivery,Open
CL00875,S074170,13934,Lost Container,Under Review
CL00876,S076095,5298,Lost Container,Closed
CL00877,S098700,11074,Lost Container,Closed
CL00878,S093026,12876,Late Delivery,Under Review
CL00879,S089128,7117,Customs Issue,Open
CL00880,S082874,3386,Late Delivery,Open
CL00881,S018399,13540,Customs Issue,Under Review
CL00882,S079665,6273,Lost Container,Under Review
CL00883,S041512,1942,Lost Container,Open
CL00884,S097507,12400,Late Delivery,Open
CL00885,S088543,6139,Customs Issue,Closed
CL00886,S070272,13641,Damage,Open
CL00887,S030253,12181,Lost Container,Open
CL00888,S009805,13621,Customs Issue,Open
CL00889,S079456,3231,Customs Issue,Under Review
CL00890,S055918,6937,Lost Container,Open
CL00891,S016492,13171,Lost Container,Closed
CL00892,S004217,7017,Customs Issue,Under Review
CL00893,S059123,2418,Damage,Under Review
CL00894,S088206,8843,Lost Container,Under Review
CL00895,S002423,6730,Late Delivery,Open
CL00896,S010888,6005,Damage,Open
CL00897,S071041,12978,Customs Issue,Open
CL00898,S097745,8398,Late Delivery,Under Review
CL00899,S090793,10268,Damage,Under Review
CL00900,S012508,13045,Late Delivery,Open
CL00901,S013090,9995,Lost Container,Under Review
CL00902,S067419,8988,Customs Issue,Under Review
CL00903,S008304,12537,Customs Issue,Under Review
CL00904,S048242,7481,Late Delivery,Open
CL00905,S098103,3119,Damage,Open
CL00906,S020121,13622,Customs Issue,Closed
CL00907,S041759,4048,Damage,Closed
CL00908,S049345,14016,Damage,Under Review
CL00909,S062994,11454,Late Delivery,Open
CL00910,S082807,8929,Late Delivery,Under Review
CL00911,S065304,11008,Late Delivery,Closed
CL00912,S047639,2899,Late Delivery,Under Review
CL00913,S005108,6897,Lost Container,Closed
CL00914,S096899,9121,Customs Issue,Closed
CL00915,S041862,10406,Damage,Open
CL00916,S082682,14084,Damage,Under Review
CL00917,S044127,691,Customs Issue,Closed
CL00918,S075405,13351,Customs Issue,Open
CL00919,S096025,6777,Customs Issue,Under Review
CL00920,S067633,11439,Late Delivery,Closed
CL00921,S062972,9455,Late Delivery,Closed
CL00922,S032474,8709,Customs Issue,Open
CL00923,S022854,13353,Late Delivery,Under Review
CL00924,S033325,13721,Customs Issue,Open
CL00925,S094175,3150,Lost Container,Under Review
CL00926,S000875,3573,Lost Container,Open
CL00927,S021205,13540,Late Delivery,Open
CL00928,S083269,6604,Customs Issue,Closed
CL00929,S045565,3101,Lost Container,Open
CL00930,S069830,7381,Late Delivery,Closed
CL00931,S076184,7580,Customs Issue,Open
CL00932,S001286,1684,Late Delivery,Open
CL00933,S061917,13673,Lost Container,Closed
CL00934,S024891,13052,Damage,Closed
CL00935,S028378,6794,Late Delivery,Open
CL00936,S000545,2387,Customs Issue,Under Review
CL00937,S056634,14379,Lost Container,Open
CL00938,S017235,724,Damage,Under Review
CL00939,S088365,14132,Lost Container,Open
CL00940,S098802,6408,Damage,Closed
CL00941,S002453,14174,Damage,Open
CL00942,S077977,10573,Customs Issue,Closed
CL00943,S060075,14488,Customs Issue,Under Review
CL00944,S045080,7683,Late Delivery,Under Review
CL00945,S097384,10356,Lost Container,Under Review
CL00946,S047366,9535,Damage,Closed
CL00947,S085643,12727,Late Delivery,Open
CL00948,S033815,14161,Late Delivery,Open
CL00949,S055633,5043,Customs Issue,Under Review
CL00950,S088013,4225,Late Delivery,Open
CL00951,S010133,2479,Late Delivery,Closed
CL00952,S070732,6276,Damage,Closed
CL00953,S039468,657,Damage,Under Review
CL00954,S004122,5191,Customs Issue,Under Review
CL00955,S089817,9706,Damage,Open
CL00956,S095854,10172,Late Delivery,Open
CL00957,S027761,8479,Late Delivery,Closed
CL00958,S051657,9157,Late Delivery,Open
CL00959,S074749,2759,Lost Container,Open
CL00960,S008341,12012,Lost Container,Under Review
CL00961,S099186,12253,Customs Issue,Open
CL00962,S048647,5124,Damage,Closed
CL00963,S080867,2515,Lost Container,Closed
CL00964,S049394,14642,Customs Issue,Open
CL00965,S079003,12842,Customs Issue,Open
CL00966,S090287,4742,Damage,Open
CL00967,S036046,10922,Lost Container,Open
CL00968,S016193,5950,Late Delivery,Under Review
CL00969,S085089,2316,Customs Issue,Open
CL00970,S021555,12572,Customs Issue,Closed
CL00971,S084989,12813,Late Delivery,Closed
CL00972,S016339,10818,Lost Container,Under Review
CL00973,S046522,3372,Late Delivery,Closed
CL00974,S025691,4580,Late Delivery,Closed
CL00975,S014499,13444,Damage,Under Review
CL00976,S080188,2964,Damage,Under Review
CL00977,S007271,6624,Late Delivery,Open
CL00978,S021768,939,Lost Container,Open
CL00979,S037456,2076,Lost Container,Closed
CL00980,S083364,2906,Lost Container,Closed
CL00981,S007827,10921,Damage,Open
CL00982,S000463,14733,Lost Container,Open
CL00983,S007971,2865,Damage,Open
CL00984,S009934,3755,Customs Issue,Closed
CL00985,S043774,2867,Lost Container,Under Review
CL00986,S054482,12956,Customs Issue,Closed
CL00987,S014738,5207,Customs Issue,Closed
CL00988,S036307,6694,Customs Issue,Closed
CL00989,S043724,3408,Customs Issue,Open
CL00990,S012178,10205,Customs Issue,Closed
CL00991,S085422,4333,Damage,Closed
CL00992,S026242,13761,Damage,Closed
CL00993,S037186,13809,Lost Container,Open
CL00994,S077055,14379,Late Delivery,Under Review
CL00995,S062443,5130,Late Delivery,Closed
CL00996,S084144,4297,Customs Issue,Closed
CL00997,S034611,10514,Customs Issue,Under Review
CL00998,S060180,10187,Late Delivery,Closed
CL00999,S084857,11127,Lost Container,Under Review
CL01000,S053749,13654,Customs Issue,Under Review
CL01001,S062814,12985,Late Delivery,Under Review
CL01002,S069738,2456,Lost Container,Under Review
CL01003,S060174,8513,Damage,Under Review
CL01004,S046837,5549,Late Delivery,Closed
CL01005,S038523,8716,Late Delivery,Closed
CL01006,S097975,6953,Damage,Under Review
CL01007,S049008,9856,Customs Issue,Under Review
CL01008,S038033,10654,Customs Issue,Under Review
CL01009,S087334,8614,Lost Container,Open
CL01010,S009194,3018,Lost Container,Closed
CL01011,S065055,7052,Late Delivery,Under Review
CL01012,S050759,13877,Customs Issue,Closed
CL01013,S057057,8704,Damage,Open
CL01014,S056967,1660,Lost Container,Under Review
CL01015,S072602,7380,Lost Container,Under Review
CL01016,S066158,2451,Damage,Closed
CL01017,S043355,9808,Customs Issue,Under Review
CL01018,S049173,11169,Customs Issue,Under Review
CL01019,S032770,14125,Late Delivery,Open
CL01020,S031446,5488,Damage,Closed
CL01021,S004843,11843,Lost Container,Under Review
CL01022,S041746,6724,Lost Container,Open
CL01023,S051321,8110,Late Delivery,Under Review
CL01024,S054308,12591,Customs Issue,Open
CL01025,S093460,6883,Late Delivery,Under Review
CL01026,S061142,14481,Late Delivery,Under Review
CL01027,S085145,3064,Customs Issue,Closed
CL01028,S040897,9123,Damage,Under Review
CL01029,S003171,11933,Lost Container,Under Review
CL01030,S019682,4488,Customs Issue,Closed
CL01031,S074560,5911,Customs Issue,Under Review
CL01032,S070231,1950,Damage,Closed
CL01033,S005875,4196,Damage,Open
CL01034,S083869,2556,Late Delivery,Open
CL01035,S038857,8514,Damage,Under Review
CL01036,S029906,12725,Damage,Closed
CL01037,S012045,2288,Late Delivery,Under Review
CL01038,S023487,4867,Damage,Closed
CL01039,S096341,13995,Lost Container,Under Review
CL01040,S082559,13016,Customs Issue,Closed
CL01041,S063763,4336,Lost Container,Closed
CL01042,S046676,7436,Damage,Open
CL01043,S046537,5761,Customs Issue,Open
CL01044,S043754,1291,Customs Issue,Open
CL01045,S028192,11861,Late Delivery,Under Review
CL01046,S015003,9364,Late Delivery,Open
CL01047,S091550,5528,Customs Issue,Under Review
CL01048,S073928,1372,Late Delivery,Closed
CL01049,S027679,14174,Customs Issue,Closed
CL01050,S025853,11472,Lost Container,Closed
CL01051,S040229,5322,Customs Issue,Open
CL01052,S041845,12519,Lost Container,Closed
CL01053,S002728,11606,Customs Issue,Open
CL01054,S072817,9580,Late Delivery,Open
CL01055,S099114,13790,Damage,Closed
CL01056,S091394,13305,Late Delivery,Under Review
CL01057,S065024,8454,Lost Container,Open
CL01058,S051858,1178,Customs Issue,Closed
CL01059,S031268,12479,Customs Issue,Closed
CL01060,S031021,570,Customs Issue,Closed
CL01061,S058692,1819,Customs Issue,Closed
CL01062,S097055,6413,Customs Issue,Closed
CL01063,S029436,3598,Lost Container,Closed
CL01064,S071354,9578,Customs Issue,Closed
CL01065,S030573,9982,Customs Issue,Open
CL01066,S059313,9657,Customs Issue,Open
CL01067,S037616,9597,Lost Container,Closed
CL01068,S072529,9829,Customs Issue,Open
CL01069,S019816,2573,Late Delivery,Under Review
CL01070,S070764,5500,Damage,Under Review
CL01071,S028445,973,Lost Container,Closed
CL01072,S077844,5833,Customs Issue,Open
CL01073,S037262,5122,Lost Container,Open
CL01074,S030721,6850,Damage,Open
CL01075,S014582,11355,Damage,Closed
CL01076,S062364,6225,Late Delivery,Open
CL01077,S077311,1605,Damage,Open
CL01078,S051945,2740,Lost Container,Closed
CL01079,S053635,13123,Customs Issue,Open
CL01080,S047412,9540,Late Delivery,Under Review
CL01081,S083781,8845,Damage,Under Review
CL01082,S009465,5330,Damage,Under Review
CL01083,S037593,6644,Customs Issue,Open
CL01084,S002517,3983,Damage,Closed
CL01085,S001866,2353,Damage,Closed
CL01086,S095650,6613,Lost Container,Under Review
CL01087,S008565,2714,Lost Container,Closed
CL01088,S084331,2003,Damage,Under Review
CL01089,S000634,13175,Damage,Under Review
CL01090,S014437,5670,Customs Issue,Under Review
CL01091,S028037,10800,Customs Issue,Closed
CL01092,S075536,7431,Damage,Open
CL01093,S019742,9246,Damage,Open
CL01094,S037585,6621,Damage,Open
CL01095,S051967,4678,Late Delivery,Closed
CL01096,S039353,7471,Damage,Closed
CL01097,S053803,10383,Damage,Open
CL01098,S021165,8835,Lost Container,Under Review
CL01099,S076693,14926,Late Delivery,Closed
CL01100,S031561,778,Lost Container,Closed
CL01101,S050446,6326,Customs Issue,Closed
CL01102,S015857,6387,Customs Issue,Under Review
CL01103,S009649,2498,Lost Container,Closed
CL01104,S085958,839,Customs Issue,Open
CL01105,S048875,6635,Late Delivery,Under Review
CL01106,S099971,10098,Customs Issue,Under Review
CL01107,S029762,7314,Customs Issue,Under Review
CL01108,S041526,6460,Damage,Closed
CL01109,S048231,4924,Late Delivery,Under Review
CL01110,S073874,13063,Customs Issue,Closed
CL01111,S005331,4495,Customs Issue,Closed
CL01112,S044793,12256,Late Delivery,Under Review
CL01113,S074557,5326,Late Delivery,Closed
CL01114,S082580,5521,Damage,Under Review
CL01115,S030832,12157,Lost Container,Open
CL01116,S058881,1703,Damage,Open
CL01117,S006000,7166,Customs Issue,Under Review
CL01118,S012623,6058,Late Delivery,Under Review
CL01119,S035766,4312,Lost Container,Closed
CL01120,S039427,9983,Damage,Under Review
CL01121,S017601,3846,Lost Container,Open
CL01122,S050236,9570,Late Delivery,Closed
CL01123,S042278,4686,Damage,Closed
CL01124,S025291,6513,Customs Issue,Under Review
CL01125,S076535,7272,Lost Container,Under Review
CL01126,S033502,10360,Damage,Closed
CL01127,S078939,7525,Lost Container,Open
CL01128,S075342,10838,Late Delivery,Under Review
CL01129,S093412,13470,Late Delivery,Open
CL01130,S005865,11327,Customs Issue,Closed
CL01131,S088447,12734,Late Delivery,Under Review
CL01132,S006541,1548,Late Delivery,Under Review
CL01133,S028248,601,Damage,Open
CL01134,S044802,3710,Damage,Under Review
CL01135,S091736,5343,Damage,Under Review
CL01136,S030820,7585,Damage,Open
CL01137,S010326,6387,Damage,Under Review
CL01138,S010867,10335,Damage,Under Review
CL01139,S037801,3232,Late Delivery,Under Review
CL01140,S047279,8909,Lost Container,Under Review
CL01141,S017128,14010,Damage,Open
CL01142,S098990,8909,Damage,Under Review
CL01143,S002890,7038,Late Delivery,Under Review
CL01144,S026482,14676,Damage,Open
CL01145,S069190,6033,Damage,Open
CL01146,S063946,1157,Late Delivery,Open
CL01147,S085409,5051,Damage,Closed
CL01148,S011144,14598,Lost Container,Closed
CL01149,S029750,9136,Late Delivery,Closed
CL01150,S003009,13817,Lost Container,Closed
CL01151,S018155,2404,Late Delivery,Closed
CL01152,S090052,884,Customs Issue,Closed
CL01153,S099691,2631,Lost Container,Closed
CL01154,S058071,14912,Lost Container,Open
CL01155,S018214,12653,Customs Issue,Closed
CL01156,S070845,2044,Damage,Under Review
CL01157,S022759,6490,Late Delivery,Closed
CL01158,S089895,12421,Customs Issue,Closed
CL01159,S019404,9663,Damage,Open
CL01160,S050595,3775,Customs Issue,Closed
CL01161,S096313,2784,Lost Container,Open
CL01162,S012301,8907,Late Delivery,Under Review
CL01163,S075548,14399,Customs Issue,Under Review
CL01164,S060797,9819,Late Delivery,Under Review
CL01165,S003428,9814,Lost Container,Open
CL01166,S063383,3929,Damage,Under Review
CL01167,S088041,860,Damage,Open
CL01168,S080374,14622,Customs Issue,Closed
CL01169,S038489,1475,Lost Container,Closed
CL01170,S085443,12481,Damage,Closed
CL01171,S056923,5904,Lost Container,Open
CL01172,S047345,7437,Damage,Open
CL01173,S084507,9924,Lost Container,Closed
CL01174,S046347,5267,Lost Container,Open
CL01175,S098106,6629,Late Delivery,Open
CL01176,S083575,10640,Customs Issue,Under Review
CL01177,S013120,2180,Damage,Under Review
CL01178,S058280,3390,Customs Issue,Closed
CL01179,S057893,8006,Late Delivery,Open
CL01180,S045249,6741,Customs Issue,Under Review
CL01181,S015242,4923,Late Delivery,Under Review
CL01182,S004814,1293,Customs Issue,Closed
CL01183,S042089,12094,Damage,Closed
CL01184,S026423,7131,Damage,Under Review
CL01185,S077832,7447,Late Delivery,Open
CL01186,S068750,7163,Lost Container,Under Review
CL01187,S068695,13141,Damage,Open
CL01188,S042369,5098,Damage,Open
CL01189,S091985,2255,Customs Issue,Closed
CL01190,S066489,949,Late Delivery,Open
CL01191,S098171,6876,Late Delivery,Under Review
CL01192,S007691,14476,Customs Issue,Open
CL01193,S013909,1393,Lost Container,Open
CL01194,S015007,5641,Late Delivery,Under Review
CL01195,S030103,11730,Damage,Open
CL01196,S018166,14313,Lost Container,Closed
CL01197,S037662,1591,Damage,Closed
CL01198,S022279,12926,Late Delivery,Closed
CL01199,S023720,7275,Late Delivery,Open
CL01200,S078891,11836,Customs Issue,Open
CL01201,S094292,14674,Lost Container,Closed
CL01202,S060152,9571,Customs Issue,Under Review
CL01203,S096715,5202,Customs Issue,Closed
CL01204,S055043,1600,Late Delivery,Closed
CL01205,S033131,7921,Customs Issue,Under Review
CL01206,S074888,14992,Late Delivery,Closed
CL01207,S045576,13100,Lost Container,Open
CL01208,S061046,6004,Damage,Closed
CL01209,S082252,9686,Damage,Open
CL01210,S016005,5580,Late Delivery,Closed
CL01211,S099358,6614,Late Delivery,Open
CL01212,S023054,13945,Customs Issue,Open
CL01213,S052883,14530,Customs Issue,Closed
CL01214,S007851,11817,Damage,Open
CL01215,S081050,14486,Damage,Closed
CL01216,S080050,11736,Late Delivery,Closed
CL01217,S086987,14721,Damage,Open
CL01218,S010013,13578,Damage,Open
CL01219,S008897,2126,Damage,Under Review
CL01220,S006711,7120,Damage,Under Review
CL01221,S007045,1241,Damage,Closed
CL01222,S070161,12726,Damage,Open
CL01223,S000871,6690,Late Delivery,Under Review
CL01224,S065796,2414,Lost Container,Closed
CL01225,S070317,5725,Lost Container,Open
CL01226,S001175,4877,Lost Container,Open
CL01227,S064298,7551,Late Delivery,Open
CL01228,S094084,14095,Late Delivery,Under Review
CL01229,S051701,10086,Late Delivery,Open
CL01230,S001391,2403,Late Delivery,Open
CL01231,S028773,1701,Customs Issue,Open
CL01232,S000060,13959,Late Delivery,Under Review
CL01233,S002884,1636,Customs Issue,Closed
CL01234,S016508,13907,Late Delivery,Under Review
CL01235,S013263,9714,Damage,Under Review
CL01236,S079508,12976,Late Delivery,Under Review
CL01237,S023024,11074,Damage,Under Review
CL01238,S085616,11433,Customs Issue,Open
CL01239,S027961,10827,Customs Issue,Open
CL01240,S058949,7686,Late Delivery,Open
CL01241,S071341,14493,Damage,Closed
CL01242,S031138,3651,Customs Issue,Under Review
CL01243,S094502,3770,Lost Container,Under Review
CL01244,S091043,9051,Customs Issue,Under Review
CL01245,S031249,13851,Late Delivery,Under Review
CL01246,S067358,10782,Customs Issue,Closed
CL01247,S020642,3005,Damage,Open
CL01248,S050661,3071,Lost Container,Open
CL01249,S090748,12836,Damage,Closed
CL01250,S037381,1299,Late Delivery,Closed
CL01251,S097746,3077,Late Delivery,Open
CL01252,S013389,4986,Lost Container,Under Review
CL01253,S072781,8658,Customs Issue,Under Review
CL01254,S039895,8656,Damage,Under Review
CL01255,S091760,14013,Lost Container,Under Review
CL01256,S060511,12417,Customs Issue,Under Review
CL01257,S023300,14335,Lost Container,Open
CL01258,S011677,9719,Late Delivery,Closed
CL01259,S085238,7418,Lost Container,Under Review
CL01260,S043272,4875,Customs Issue,Under Review
CL01261,S098203,4974,Lost Container,Under Review
CL01262,S009835,3076,Lost Container,Closed
CL01263,S035018,14624,Late Delivery,Under Review
CL01264,S024865,10501,Lost Container,Under Review
CL01265,S054717,9040,Customs Issue,Open
CL01266,S079207,3243,Customs Issue,Under Review
CL01267,S056124,9212,Lost Container,Under Review
CL01268,S049754,700,Damage,Closed
CL01269,S004865,6618,Lost Container,Closed
CL01270,S003068,14986,Late Delivery,Under Review
CL01271,S086757,1652,Lost Container,Closed
CL01272,S007240,8541,Damage,Open
CL01273,S034593,13663,Lost Container,Open
CL01274,S012941,13279,Late Delivery,Under Review
CL01275,S056363,14123,Lost Container,Open
CL01276,S007966,3356,Damage,Under Review
CL01277,S046957,10550,Customs Issue,Closed
CL01278,S091532,14241,Lost Container,Open
CL01279,S022966,8047,Lost Container,Open
CL01280,S059960,2813,Late Delivery,Open
CL01281,S001533,3436,Damage,Open
CL01282,S014727,2892,Late Delivery,Open
CL01283,S095511,8582,Lost Container,Open
CL01284,S081521,7187,Customs Issue,Open
CL01285,S032035,730,Customs Issue,Closed
CL01286,S046106,12801,Damage,Open
CL01287,S099329,14592,Damage,Under Review
CL01288,S072344,7544,Customs Issue,Open
CL01289,S012593,5643,Customs Issue,Open
CL01290,S072373,1472,Customs Issue,Under Review
CL01291,S009079,5408,Late Delivery,Open
CL01292,S054886,14068,Late Delivery,Closed
CL01293,S046376,6471,Damage,Open
CL01294,S086680,14603,Lost Container,Closed
CL01295,S003546,8398,Customs Issue,Under Review
CL01296,S009023,903,Lost Container,Open
CL01297,S081302,4619,Damage,Under Review
CL01298,S055253,1781,Customs Issue,Closed
CL01299,S075948,11312,Damage,Open
CL01300,S044851,3167,Customs Issue,Closed
CL01301,S046227,4529,Late Delivery,Closed
CL01302,S012418,12235,Lost Container,Closed
CL01303,S072389,1480,Late Delivery,Open
CL01304,S077568,10889,Lost Container,Closed
CL01305,S079947,906,Lost Container,Closed
CL01306,S076807,2734,Lost Container,Open
CL01307,S073367,5293,Lost Container,Closed
CL01308,S032836,13798,Damage,Under Review
CL01309,S019893,6896,Lost Container,Closed
CL01310,S050821,1866,Damage,Closed
CL01311,S099325,1293,Damage,Under Review
CL01312,S018580,12310,Customs Issue,Open
CL01313,S033928,2311,Lost Container,Open
CL01314,S019748,5029,Late Delivery,Open
CL01315,S013288,7155,Damage,Closed
CL01316,S054452,1802,Late Delivery,Open
CL01317,S020772,11230,Lost Container,Open
CL01318,S093481,7773,Lost Container,Under Review
CL01319,S041144,12815,Damage,Under Review
CL01320,S053310,7279,Late Delivery,Closed
CL01321,S033287,4251,Late Delivery,Open
CL01322,S047274,13887,Lost Container,Under Review
CL01323,S032688,7225,Damage,Under Review
CL01324,S013152,11292,Damage,Open
CL01325,S003275,8645,Customs Issue,Open
CL01326,S036840,9217,Late Delivery,Closed
CL01327,S044374,8123,Customs Issue,Open
CL01328,S087478,13433,Lost Container,Open
CL01329,S004411,1522,Lost Container,Open
CL01330,S082679,4091,Damage,Open
CL01331,S046477,3925,Late Delivery,Open
CL01332,S016385,14277,Customs Issue,Closed
CL01333,S077631,3823,Damage,Open
CL01334,S039829,8794,Damage,Open
CL01335,S033949,13955,Customs Issue,Open
CL01336,S009517,859,Customs Issue,Open
CL01337,S046552,3557,Customs Issue,Closed
CL01338,S004713,6383,Late Delivery,Open
CL01339,S068742,10494,Late Delivery,Open
CL01340,S099430,3668,Damage,Open
CL01341,S047518,9381,Lost Container,Closed
CL01342,S088180,4303,Lost Container,Closed
CL01343,S037163,819,Customs Issue,Open
CL01344,S055394,1533,Late Delivery,Open
CL01345,S038884,1255,Customs Issue,Open
CL01346,S087494,7567,Customs Issue,Closed
CL01347,S061595,9073,Lost Container,Under Review
CL01348,S059215,6291,Customs Issue,Open
CL01349,S073540,13302,Damage,Open
CL01350,S091119,3815,Late Delivery,Closed
CL01351,S045264,7106,Damage,Under Review
CL01352,S092097,3159,Damage,Under Review
CL01353,S038677,11660,Late Delivery,Under Review
CL01354,S071512,11453,Damage,Closed
CL01355,S093964,8892,Lost Container,Closed
CL01356,S078885,11359,Customs Issue,Open
CL01357,S067508,746,Lost Container,Open
CL01358,S001827,8586,Lost Container,Under Review
CL01359,S020209,3413,Late Delivery,Closed
CL01360,S033050,1678,Late Delivery,Closed
CL01361,S068388,9452,Lost Container,Under Review
CL01362,S001922,2316,Lost Container,Closed
CL01363,S066163,4923,Lost Container,Open
CL01364,S097889,5532,Customs Issue,Under Review
CL01365,S007421,7649,Customs Issue,Under Review
CL01366,S069771,11325,Customs Issue,Open
CL01367,S032005,6110,Customs Issue,Under Review
CL01368,S069285,3932,Late Delivery,Under Review
CL01369,S061485,12621,Late Delivery,Closed
CL01370,S058921,13033,Damage,Closed
CL01371,S059323,9643,Late Delivery,Closed
CL01372,S087286,943,Late Delivery,Closed
CL01373,S074914,8473,Late Delivery,Under Review
CL01374,S078630,5426,Damage,Under Review
CL01375,S043515,2162,Customs Issue,Under Review
CL01376,S029215,3433,Damage,Under Review
CL01377,S080641,2606,Lost Container,Under Review
CL01378,S053959,11872,Late Delivery,Closed
CL01379,S071907,14574,Lost Container,Open
CL01380,S096528,6758,Lost Container,Open
CL01381,S034413,14505,Damage,Closed
CL01382,S087101,9241,Damage,Open
CL01383,S015584,7511,Lost Container,Under Review
CL01384,S075360,6598,Customs Issue,Under Review
CL01385,S051303,4925,Damage,Under Review
CL01386,S052199,10960,Damage,Under Review
CL01387,S034378,6919,Lost Container,Closed
CL01388,S064776,3734,Lost Container,Under Review
CL01389,S011409,2318,Customs Issue,Closed
CL01390,S025684,5034,Damage,Under Review
CL01391,S056529,3393,Late Delivery,Under Review
CL01392,S032800,9702,Late Delivery,Open
CL01393,S045658,9956,Damage,Closed
CL01394,S042613,7331,Lost Container,Open
CL01395,S040337,8438,Damage,Open
CL01396,S099518,5888,Customs Issue,Under Review
CL01397,S040819,1747,Late Delivery,Open
CL01398,S052310,2172,Late Delivery,Closed
CL01399,S056265,7955,Damage,Under Review
CL01400,S081106,13228,Late Delivery,Under Review
CL01401,S007282,7841,Customs Issue,Under Review
CL01402,S026369,7240,Late Delivery,Closed
CL01403,S031452,4588,Damage,Closed
CL01404,S062999,14517,Customs Issue,Closed
CL01405,S062741,7947,Damage,Closed
CL01406,S034660,4597,Customs Issue,Closed
CL01407,S052467,6995,Damage,Under Review
CL01408,S045074,9233,Lost Container,Open
CL01409,S057309,9973,Late Delivery,Open
CL01410,S081648,8603,Lost Container,Under Review
CL01411,S042811,8265,Late Delivery,Under Review
CL01412,S087104,6523,Lost Container,Open
CL01413,S018018,872,Damage,Closed
CL01414,S049414,3984,Customs Issue,Under Review
CL01415,S021092,6479,Customs Issue,Under Review
CL01416,S047956,3618,Damage,Open
CL01417,S075745,14440,Customs Issue,Under Review
CL01418,S082799,767,Lost Container,Under Review
CL01419,S040436,894,Late Delivery,Under Review
CL01420,S038821,7741,Lost Container,Closed
CL01421,S008896,2538,Customs Issue,Open
CL01422,S000893,2325,Late Delivery,Under Review
CL01423,S023727,10913,Lost Container,Under Review
CL01424,S050359,4169,Customs Issue,Closed
CL01425,S040625,6968,Customs Issue,Under Review
CL01426,S026444,4652,Lost Container,Closed
CL01427,S037318,2482,Damage,Open
CL01428,S004978,4165,Customs Issue,Open
CL01429,S034098,1259,Lost Container,Closed
CL01430,S078648,4669,Lost Container,Under Review
CL01431,S060594,8049,Late Delivery,Under Review
CL01432,S041751,5973,Late Delivery,Closed
CL01433,S054440,10486,Customs Issue,Under Review
CL01434,S098340,9418,Customs Issue,Open
CL01435,S098860,9983,Late Delivery,Open
CL01436,S050616,9786,Customs Issue,Under Review
CL01437,S006717,3514,Lost Container,Under Review
CL01438,S082238,7604,Customs Issue,Under Review
CL01439,S015767,9591,Late Delivery,Closed
CL01440,S064308,11172,Customs Issue,Under Review
CL01441,S087088,11985,Lost Container,Open
CL01442,S029098,6303,Late Delivery,Open
CL01443,S015054,3053,Lost Container,Open
CL01444,S008760,12429,Customs Issue,Closed
CL01445,S093559,6130,Damage,Open
CL01446,S027618,12967,Lost Container,Closed
CL01447,S047218,13910,Customs Issue,Under Review
CL01448,S093993,12556,Late Delivery,Closed
CL01449,S063862,4707,Late Delivery,Open
CL01450,S072589,11946,Late Delivery,Closed
CL01451,S075668,9161,Late Delivery,Under Review
CL01452,S015841,7050,Customs Issue,Under Review
CL01453,S069396,4895,Late Delivery,Under Review
CL01454,S076629,1821,Lost Container,Open
CL01455,S044749,9248,Customs Issue,Closed
CL01456,S026614,6680,Damage,Open
CL01457,S006947,4843,Damage,Under Review
CL01458,S071880,12842,Lost Container,Under Review
CL01459,S016152,4758,Lost Container,Open
CL01460,S006170,11774,Late Delivery,Closed
CL01461,S022726,2593,Damage,Under Review
CL01462,S036788,13599,Customs Issue,Open
CL01463,S037429,9521,Lost Container,Closed
CL01464,S087630,8284,Late Delivery,Open
CL01465,S085567,13570,Customs Issue,Closed
CL01466,S096023,14063,Damage,Under Review
CL01467,S079836,2650,Lost Container,Open
CL01468,S043931,11450,Late Delivery,Open
CL01469,S055629,10066,Damage,Under Review
CL01470,S023156,5795,Customs Issue,Under Review
CL01471,S055515,9954,Damage,Under Review
CL01472,S009397,5209,Late Delivery,Open
CL01473,S016681,7565,Customs Issue,Closed
CL01474,S057878,1205,Customs Issue,Open
CL01475,S068436,1448,Customs Issue,Open
CL01476,S031270,9429,Lost Container,Open
CL01477,S073890,5271,Damage,Under Review
CL01478,S024947,8124,Late Delivery,Closed
CL01479,S000653,922,Late Delivery,Under Review
CL01480,S070338,6942,Damage,Under Review
CL01481,S031510,7477,Lost Container,Under Review
CL01482,S079076,8529,Lost Container,Under Review
CL01483,S086653,9302,Lost Container,Under Review
CL01484,S096779,1371,Lost Container,Closed
CL01485,S000020,1975,Damage,Under Review
CL01486,S018298,5407,Customs Issue,Under Review
CL01487,S011907,12234,Late Delivery,Under Review
CL01488,S037947,12939,Customs Issue,Closed
CL01489,S087563,9921,Damage,Open
CL01490,S094816,1808,Customs Issue,Under Review
CL01491,S083019,8547,Lost Container,Under Review
CL01492,S075737,1596,Damage,Closed
CL01493,S051096,2256,Damage,Closed
CL01494,S073522,8560,Lost Container,Under Review
CL01495,S046779,8449,Customs Issue,Closed
CL01496,S040689,14142,Late Delivery,Under Review
CL01497,S001009,11592,Damage,Closed
CL01498,S014195,5319,Late Delivery,Closed
CL01499,S095670,11794,Late Delivery,Closed
CL01500,S042258,891,Customs Issue,Open
CL01501,S048412,6663,Damage,Closed
CL01502,S009429,2297,Lost Container,Closed
CL01503,S098878,7622,Customs Issue,Under Review
CL01504,S054882,13982,Late Delivery,Closed
CL01505,S019739,11283,Customs Issue,Open
CL01506,S098098,14900,Damage,Closed
CL01507,S091254,2301,Late Delivery,Under Review
CL01508,S085431,13510,Customs Issue,Open
CL01509,S069338,4147,Late Delivery,Closed
CL01510,S008280,4602,Customs Issue,Open
CL01511,S023260,14899,Damage,Under Review
CL01512,S075010,950,Damage,Under Review
CL01513,S039673,1697,Late Delivery,Closed
CL01514,S019186,9628,Damage,Closed
CL01515,S056626,11097,Lost Container,Open
CL01516,S026973,1593,Damage,Closed
CL01517,S074791,10977,Customs Issue,Open
CL01518,S058828,9789,Customs Issue,Open
CL01519,S097657,3288,Lost Container,Open
CL01520,S018916,4776,Lost Container,Closed
CL01521,S045235,12545,Lost Container,Open
CL01522,S018763,6766,Customs Issue,Under Review
CL01523,S074690,7176,Damage,Under Review
CL01524,S022665,2421,Late Delivery,Closed
CL01525,S000316,3936,Customs Issue,Under Review
CL01526,S049647,8267,Late Delivery,Under Review
CL01527,S065451,4824,Lost Container,Under Review
CL01528,S042450,8257,Lost Container,Closed
CL01529,S019380,1154,Damage,Under Review
CL01530,S031599,4346,Late Delivery,Open
CL01531,S044777,14894,Damage,Under Review
CL01532,S049135,12785,Lost Container,Closed
CL01533,S055901,7102,Customs Issue,Open
CL01534,S080935,13311,Lost Container,Under Review
CL01535,S025309,3311,Customs Issue,Closed
CL01536,S099092,6341,Late Delivery,Under Review
CL01537,S038458,6837,Lost Container,Under Review
CL01538,S038754,8113,Damage,Closed
CL01539,S062164,5589,Customs Issue,Open
CL01540,S001634,3865,Late Delivery,Under Review
CL01541,S014233,4782,Customs Issue,Under Review
CL01542,S002462,13388,Damage,Closed
CL01543,S020255,1557,Customs Issue,Closed
CL01544,S022070,3358,Lost Container,Under Review
CL01545,S049265,2900,Damage,Closed
CL01546,S093564,2159,Lost Container,Open
CL01547,S033904,5748,Late Delivery,Closed
CL01548,S074428,14450,Late Delivery,Open
CL01549,S068547,5459,Damage,Closed
CL01550,S030297,13806,Damage,Under Review
CL01551,S073303,5542,Damage,Under Review
CL01552,S068473,14824,Damage,Open
CL01553,S001076,2440,Damage,Under Review
CL01554,S045142,5893,Damage,Open
CL01555,S076926,4683,Damage,Open
CL01556,S026596,14491,Customs Issue,Open
CL01557,S055576,7802,Late Delivery,Closed
CL01558,S057914,3138,Lost Container,Open
CL01559,S089296,820,Customs Issue,Closed
CL01560,S083733,3952,Customs Issue,Closed
CL01561,S068280,894,Customs Issue,Open
CL01562,S073788,8851,Late Delivery,Open
CL01563,S038233,9809,Lost Container,Open
CL01564,S043782,10478,Late Delivery,Under Review
CL01565,S015169,9090,Late Delivery,Closed
CL01566,S068186,9400,Lost Container,Under Review
CL01567,S066853,13700,Customs Issue,Closed
CL01568,S069101,6221,Lost Container,Under Review
CL01569,S091171,558,Lost Container,Closed
CL01570,S021349,12921,Late Delivery,Under Review
CL01571,S006974,6457,Customs Issue,Under Review
CL01572,S058313,3061,Lost Container,Under Review
CL01573,S020336,8581,Customs Issue,Open
CL01574,S005632,1721,Customs Issue,Under Review
CL01575,S073977,1138,Damage,Under Review
CL01576,S095786,5169,Damage,Closed
CL01577,S052271,9238,Late Delivery,Under Review
CL01578,S056154,7727,Lost Container,Closed
CL01579,S080202,12630,Late Delivery,Closed
CL01580,S072616,14242,Customs Issue,Under Review
CL01581,S010646,12708,Customs Issue,Open
CL01582,S063187,9133,Customs Issue,Under Review
CL01583,S056782,1255,Lost Container,Closed
CL01584,S007595,7785,Damage,Closed
CL01585,S013988,12744,Lost Container,Closed
CL01586,S073875,11084,Late Delivery,Open
CL01587,S081741,6036,Late Delivery,Under Review
CL01588,S003978,6368,Customs Issue,Under Review
CL01589,S020911,10827,Late Delivery,Closed
CL01590,S024151,11641,Lost Container,Open
CL01591,S019609,14519,Damage,Open
CL01592,S071150,14856,Customs Issue,Under Review
CL01593,S094025,7367,Lost Container,Closed
CL01594,S090784,857,Lost Container,Under Review
CL01595,S008253,5576,Damage,Open
CL01596,S045789,4428,Lost Container,Open
CL01597,S025895,11414,Customs Issue,Closed
CL01598,S009491,9307,Damage,Closed
CL01599,S075425,5053,Customs Issue,Open
CL01600,S087427,3481,Lost Container,Under Review
CL01601,S089640,14740,Customs Issue,Under Review
CL01602,S067931,2790,Damage,Closed
CL01603,S030238,10567,Lost Container,Open
CL01604,S073259,11379,Damage,Open
CL01605,S061588,7407,Damage,Under Review
CL01606,S031734,1743,Late Delivery,Under Review
CL01607,S018557,11577,Lost Container,Under Review
CL01608,S029847,509,Late Delivery,Open
CL01609,S072059,7061,Late Delivery,Closed
CL01610,S077194,8975,Customs Issue,Under Review
CL01611,S009121,13561,Damage,Under Review
CL01612,S003727,5067,Customs Issue,Closed
CL01613,S087442,9658,Late Delivery,Closed
CL01614,S038905,6176,Customs Issue,Closed
CL01615,S009568,3401,Late Delivery,Open
CL01616,S053700,1867,Customs Issue,Closed
CL01617,S027059,6546,Damage,Closed
CL01618,S087889,4460,Customs Issue,Closed
CL01619,S013846,13547,Customs Issue,Under Review
CL01620,S043607,2785,Lost Container,Under Review
CL01621,S054654,1731,Lost Container,Under Review
CL01622,S096261,10737,Customs Issue,Open
CL01623,S097037,10487,Late Delivery,Closed
CL01624,S077701,1231,Lost Container,Closed
CL01625,S017816,2501,Customs Issue,Under Review
CL01626,S060953,6757,Late Delivery,Closed
CL01627,S050483,12609,Damage,Closed
CL01628,S084254,2941,Late Delivery,Under Review
CL01629,S076827,10641,Lost Container,Open
CL01630,S015123,13082,Customs Issue,Under Review
CL01631,S016547,1497,Customs Issue,Closed
CL01632,S073057,14460,Damage,Closed
CL01633,S072139,7175,Damage,Open
CL01634,S043749,10972,Customs Issue,Closed
CL01635,S022754,2623,Late Delivery,Open
CL01636,S082200,7068,Late Delivery,Closed
CL01637,S030607,515,Lost Container,Closed
CL01638,S059655,9992,Damage,Open
CL01639,S014938,9070,Lost Container,Closed
CL01640,S088202,12121,Damage,Closed
CL01641,S046397,7721,Damage,Closed
CL01642,S051556,2143,Damage,Open
CL01643,S020165,3770,Late Delivery,Open
CL01644,S048042,2467,Late Delivery,Closed
CL01645,S012855,2298,Damage,Open
CL01646,S050302,6165,Lost Container,Closed
CL01647,S095264,3515,Late Delivery,Closed
CL01648,S054038,4644,Customs Issue,Under Review
CL01649,S008485,10330,Damage,Closed
CL01650,S044520,11375,Damage,Under Review
CL01651,S094091,10178,Late Delivery,Closed
CL01652,S041306,3113,Lost Container,Under Review
CL01653,S052625,13276,Damage,Under Review
CL01654,S043581,883,Customs Issue,Closed
CL01655,S082023,2069,Damage,Closed
CL01656,S024550,796,Customs Issue,Open
CL01657,S039428,12143,Lost Container,Under Review
CL01658,S033332,5017,Lost Container,Under Review
CL01659,S034083,11285,Lost Container,Under Review
CL01660,S012409,11140,Customs Issue,Open
CL01661,S077845,1861,Lost Container,Open
CL01662,S029676,5046,Customs Issue,Closed
CL01663,S065595,4848,Customs Issue,Closed
CL01664,S010307,9783,Lost Container,Under Review
CL01665,S099683,7295,Customs Issue,Open
CL01666,S022363,1649,Lost Container,Closed
CL01667,S093626,7857,Damage,Under Review
CL01668,S095741,8694,Lost Container,Closed
CL01669,S003898,12463,Damage,Open
CL01670,S012431,11419,Customs Issue,Under Review
CL01671,S049003,12891,Late Delivery,Under Review
CL01672,S086655,14050,Customs Issue,Open
CL01673,S099031,8383,Customs Issue,Open
CL01674,S009612,9986,Late Delivery,Closed
CL01675,S033706,5119,Damage,Open
CL01676,S091682,13161,Lost Container,Open
CL01677,S065630,6439,Lost Container,Open
CL01678,S019499,9320,Late Delivery,Closed
CL01679,S046568,2424,Late Delivery,Closed
CL01680,S015279,12644,Late Delivery,Closed
CL01681,S001893,12599,Lost Container,Under Review
CL01682,S026207,2433,Lost Container,Open
CL01683,S059393,7697,Late Delivery,Under Review
CL01684,S062044,10503,Lost Container,Closed
CL01685,S082945,7137,Customs Issue,Closed
CL01686,S055311,9151,Customs Issue,Closed
CL01687,S019192,8866,Lost Container,Under Review
CL01688,S066322,14604,Late Delivery,Under Review
CL01689,S064650,1350,Customs Issue,Under Review
CL01690,S021827,4339,Late Delivery,Closed
CL01691,S010161,2801,Damage,Under Review
CL01692,S013975,4305,Lost Container,Open
CL01693,S048788,506,Late Delivery,Under Review
CL01694,S096121,617,Late Delivery,Under Review
CL01695,S077558,8640,Late Delivery,Closed
CL01696,S011265,5412,Damage,Under Review
CL01697,S011233,8940,Late Delivery,Open
CL01698,S026455,13867,Damage,Open
CL01699,S003782,7322,Late Delivery,Closed
CL01700,S053990,3450,Customs Issue,Under Review
CL01701,S001737,10583,Lost Container,Closed
CL01702,S051699,1291,Late Delivery,Open
CL01703,S059605,5049,Lost Container,Under Review
CL01704,S057475,11461,Customs Issue,Open
CL01705,S018726,4843,Customs Issue,Closed
CL01706,S029394,9784,Lost Container,Under Review
CL01707,S089628,11700,Customs Issue,Closed
CL01708,S028755,6294,Late Delivery,Open
CL01709,S037200,3622,Lost Container,Open
CL01710,S046116,14029,Late Delivery,Open
CL01711,S045891,7538,Lost Container,Under Review
CL01712,S040038,2622,Customs Issue,Open
CL01713,S061600,4541,Customs Issue,Open
CL01714,S058942,6359,Lost Container,Closed
CL01715,S089183,14350,Damage,Under Review
CL01716,S084686,2511,Customs Issue,Under Review
CL01717,S022570,7477,Late Delivery,Closed
CL01718,S013166,13508,Customs Issue,Open
CL01719,S082075,7265,Late Delivery,Open
CL01720,S016485,2960,Customs Issue,Open
CL01721,S025346,3676,Customs Issue,Closed
CL01722,S040177,6588,Customs Issue,Closed
CL01723,S076155,10489,Damage,Closed
CL01724,S077745,3953,Late Delivery,Open
CL01725,S066537,12182,Customs Issue,Under Review
CL01726,S025861,7070,Customs Issue,Under Review
CL01727,S021297,2777,Customs Issue,Under Review
CL01728,S046326,11233,Damage,Open
CL01729,S004684,4957,Late Delivery,Closed
CL01730,S041475,1857,Damage,Closed
CL01731,S072567,13730,Late Delivery,Closed
CL01732,S076028,14887,Lost Container,Closed
CL01733,S007396,10484,Customs Issue,Open
CL01734,S066656,10786,Lost Container,Open
CL01735,S000603,10768,Late Delivery,Open
CL01736,S077429,11745,Late Delivery,Closed
CL01737,S074804,10692,Customs Issue,Open
CL01738,S016333,6074,Customs Issue,Open
CL01739,S096516,6570,Damage,Closed
CL01740,S026951,13769,Late Delivery,Under Review
CL01741,S001888,13846,Customs Issue,Open
CL01742,S083338,4300,Customs Issue,Under Review
CL01743,S009188,10665,Lost Container,Open
CL01744,S011699,3387,Late Delivery,Closed
CL01745,S079352,10802,Lost Container,Closed
CL01746,S036791,9202,Lost Container,Closed
CL01747,S072701,14848,Customs Issue,Closed
CL01748,S018381,7316,Lost Container,Under Review
CL01749,S004240,1475,Damage,Closed
CL01750,S072754,7744,Late Delivery,Under Review
CL01751,S028052,3008,Customs Issue,Under Review
CL01752,S055275,7646,Lost Container,Closed
CL01753,S024445,6069,Late Delivery,Closed
CL01754,S068040,13214,Customs Issue,Closed
CL01755,S056611,1885,Damage,Open
CL01756,S079418,10740,Late Delivery,Open
CL01757,S068331,10013,Lost Container,Closed
CL01758,S081705,1299,Lost Container,Open
CL01759,S092680,5014,Damage,Open
CL01760,S055870,3332,Damage,Under Review
CL01761,S004979,2494,Late Delivery,Open
CL01762,S032290,12680,Damage,Under Review
CL01763,S051581,7131,Lost Container,Under Review
CL01764,S079366,13129,Customs Issue,Closed
CL01765,S052003,11308,Lost Container,Open
CL01766,S001262,7158,Late Delivery,Open
CL01767,S041241,2187,Lost Container,Open
CL01768,S091270,6573,Customs Issue,Open
CL01769,S073263,14879,Late Delivery,Open
CL01770,S065300,1306,Customs Issue,Closed
CL01771,S012797,8483,Lost Container,Closed
CL01772,S016995,6527,Damage,Under Review
CL01773,S064176,2728,Late Delivery,Under Review
CL01774,S099999,4602,Late Delivery,Under Review
CL01775,S012444,9844,Customs Issue,Closed
CL01776,S083446,8007,Damage,Under Review
CL01777,S029426,12662,Late Delivery,Closed
CL01778,S007042,8489,Damage,Open
CL01779,S071324,14437,Lost Container,Closed
CL01780,S005184,2216,Late Delivery,Open
CL01781,S052951,7729,Damage,Under Review
CL01782,S040305,5571,Damage,Open
CL01783,S062034,8501,Damage,Closed
CL01784,S057349,3592,Damage,Open
CL01785,S043247,2640,Damage,Open
CL01786,S009529,8842,Damage,Open
CL01787,S022546,8492,Damage,Closed
CL01788,S008523,2102,Late Delivery,Under Review
CL01789,S053424,13676,Late Delivery,Closed
CL01790,S025486,5476,Damage,Open
CL01791,S075437,6242,Late Delivery,Under Review
CL01792,S052499,6813,Damage,Closed
CL01793,S080736,7799,Late Delivery,Under Review
CL01794,S025252,5280,Lost Container,Under Review
CL01795,S062828,14266,Damage,Under Review
CL01796,S037092,12724,Late Delivery,Closed
CL01797,S004422,2448,Damage,Open
CL01798,S076990,2861,Damage,Under Review
CL01799,S045284,10131,Late Delivery,Under Review
CL01800,S082469,648,Lost Container,Under Review
CL01801,S024806,5065,Customs Issue,Under Review
CL01802,S044526,3942,Lost Container,Open
CL01803,S038593,8294,Customs Issue,Closed
CL01804,S015173,12947,Lost Container,Open
CL01805,S029727,5222,Damage,Open
CL01806,S094539,10208,Customs Issue,Under Review
CL01807,S088658,12018,Late Delivery,Open
CL01808,S028219,2388,Late Delivery,Closed
CL01809,S093517,12252,Lost Container,Closed
CL01810,S083800,7268,Customs Issue,Closed
CL01811,S037927,2676,Lost Container,Open
CL01812,S045226,683,Customs Issue,Under Review
CL01813,S073905,12436,Lost Container,Closed
CL01814,S090329,10022,Lost Container,Under Review
CL01815,S013899,10985,Damage,Open
CL01816,S006293,9754,Late Delivery,Open
CL01817,S065139,14123,Damage,Closed
CL01818,S001352,10508,Late Delivery,Closed
CL01819,S003175,3577,Lost Container,Under Review
CL01820,S014422,5578,Customs Issue,Under Review
CL01821,S057436,8651,Customs Issue,Closed
CL01822,S072362,1965,Lost Container,Under Review
CL01823,S064897,7781,Customs Issue,Open
CL01824,S044913,14439,Lost Container,Under Review
CL01825,S057967,8121,Customs Issue,Open
CL01826,S031765,3244,Lost Container,Open
CL01827,S076873,7766,Damage,Open
CL01828,S070160,11956,Lost Container,Closed
CL01829,S052144,9024,Customs Issue,Under Review
CL01830,S016315,1916,Late Delivery,Open
CL01831,S052754,913,Late Delivery,Open
CL01832,S030460,9219,Late Delivery,Open
CL01833,S063453,1173,Lost Container,Open
CL01834,S086713,2411,Late Delivery,Under Review
CL01835,S091443,13417,Lost Container,Closed
CL01836,S071358,12190,Damage,Open
CL01837,S093250,4411,Customs Issue,Open
CL01838,S042651,12947,Late Delivery,Under Review
CL01839,S056213,3760,Damage,Closed
CL01840,S059091,4894,Late Delivery,Under Review
CL01841,S032582,3309,Damage,Closed
CL01842,S083401,930,Damage,Open
CL01843,S062909,13694,Damage,Closed
CL01844,S080286,11085,Late Delivery,Open
CL01845,S073583,14857,Lost Container,Closed
CL01846,S081573,11827,Damage,Under Review
CL01847,S096255,3405,Late Delivery,Open
CL01848,S066382,5460,Customs Issue,Under Review
CL01849,S058104,6135,Damage,Under Review
CL01850,S089737,6257,Damage,Closed
CL01851,S081491,9524,Lost Container,Open
CL01852,S038279,9694,Lost Container,Closed
CL01853,S058123,5536,Late Delivery,Open
CL01854,S078345,5898,Late Delivery,Open
CL01855,S087677,6886,Customs Issue,Closed
CL01856,S057245,4351,Customs Issue,Under Review
CL01857,S065687,11820,Lost Container,Under Review
CL01858,S009248,4818,Damage,Under Review
CL01859,S078719,13392,Late Delivery,Open
CL01860,S029322,1910,Customs Issue,Under Review
CL01861,S030318,5158,Damage,Closed
CL01862,S018175,3071,Damage,Under Review
CL01863,S044185,5614,Lost Container,Closed
CL01864,S035243,14465,Damage,Open
CL01865,S009499,1623,Customs Issue,Open
CL01866,S075744,1235,Lost Container,Under Review
CL01867,S029532,11036,Lost Container,Under Review
CL01868,S080244,4752,Damage,Open
CL01869,S086565,11155,Late Delivery,Under Review
CL01870,S073405,8991,Damage,Open
CL01871,S030211,8260,Customs Issue,Closed
CL01872,S053339,13459,Customs Issue,Closed
CL01873,S098499,4117,Damage,Open
CL01874,S070390,6128,Damage,Open
CL01875,S088554,13941,Late Delivery,Open
CL01876,S052195,6315,Late Delivery,Open
CL01877,S016330,9786,Lost Container,Under Review
CL01878,S039754,10881,Lost Container,Under Review
CL01879,S013604,5790,Customs Issue,Under Review
CL01880,S076545,11951,Late Delivery,Open
CL01881,S064062,4223,Late Delivery,Under Review
CL01882,S050196,14677,Customs Issue,Under Review
CL01883,S043537,13867,Late Delivery,Open
CL01884,S044977,4053,Customs Issue,Under Review
CL01885,S079590,13972,Late Delivery,Open
CL01886,S070456,7612,Customs Issue,Closed
CL01887,S036836,9076,Lost Container,Closed
CL01888,S006679,8522,Damage,Closed
CL01889,S076491,8837,Late Delivery,Open
CL01890,S046430,8958,Lost Container,Under Review
CL01891,S021517,2535,Lost Container,Open
CL01892,S020293,13943,Damage,Closed
CL01893,S038797,8361,Late Delivery,Closed
CL01894,S032373,1428,Lost Container,Closed
CL01895,S052135,11780,Late Delivery,Open
CL01896,S023871,842,Lost Container,Under Review
CL01897,S057415,11566,Late Delivery,Open
CL01898,S058347,9738,Customs Issue,Under Review
CL01899,S050206,7167,Late Delivery,Under Review
CL01900,S002668,5678,Lost Container,Under Review
CL01901,S028907,10604,Late Delivery,Under Review
CL01902,S027031,1076,Lost Container,Open
CL01903,S008083,14445,Late Delivery,Under Review
CL01904,S088334,610,Late Delivery,Open
CL01905,S015954,7532,Late Delivery,Open
CL01906,S032526,14235,Lost Container,Under Review
CL01907,S089272,7524,Customs Issue,Open
CL01908,S049821,8970,Lost Container,Open
CL01909,S019552,12494,Customs Issue,Closed
CL01910,S049427,7710,Damage,Closed
CL01911,S040912,4230,Late Delivery,Under Review
CL01912,S051071,14119,Lost Container,Under Review
CL01913,S000725,14207,Late Delivery,Closed
CL01914,S027634,1902,Lost Container,Open
CL01915,S078343,13602,Late Delivery,Closed
CL01916,S046673,4536,Damage,Under Review
CL01917,S035269,14771,Late Delivery,Under Review
CL01918,S032244,10486,Customs Issue,Closed
CL01919,S059079,915,Damage,Open
CL01920,S087255,14945,Customs Issue,Closed
CL01921,S011664,9371,Lost Container,Under Review
CL01922,S013314,596,Damage,Closed
CL01923,S075618,7482,Lost Container,Closed
CL01924,S072494,10943,Late Delivery,Under Review
CL01925,S073459,1294,Lost Container,Under Review
CL01926,S083369,11965,Late Delivery,Under Review
CL01927,S029454,7078,Late Delivery,Under Review
CL01928,S089178,9532,Damage,Closed
CL01929,S035415,11341,Late Delivery,Open
CL01930,S007267,6746,Damage,Under Review
CL01931,S087298,14971,Late Delivery,Open
CL01932,S087477,12580,Lost Container,Open
CL01933,S075963,1642,Customs Issue,Closed
CL01934,S001301,2907,Damage,Under Review
CL01935,S038746,8467,Damage,Under Review
CL01936,S051530,13845,Customs Issue,Under Review
CL01937,S079573,1256,Lost Container,Under Review
CL01938,S026558,5057,Customs Issue,Under Review
CL01939,S055543,9025,Damage,Open
CL01940,S069747,12333,Customs Issue,Closed
CL01941,S013072,3131,Customs Issue,Open
CL01942,S084257,11166,Damage,Under Review
CL01943,S023694,3316,Late Delivery,Open
CL01944,S055152,524,Damage,Closed
CL01945,S072294,13126,Late Delivery,Under Review
CL01946,S077167,13101,Damage,Closed
CL01947,S001579,5885,Damage,Closed
CL01948,S082588,12403,Lost Container,Open
CL01949,S028901,12230,Lost Container,Closed
CL01950,S060488,13149,Damage,Closed
CL01951,S083088,7547,Damage,Open
CL01952,S011086,9481,Late Delivery,Open
CL01953,S015237,7928,Damage,Under Review
CL01954,S018954,5954,Damage,Open
CL01955,S052288,11245,Late Delivery,Closed
CL01956,S039055,6044,Customs Issue,Under Review
CL01957,S047349,8969,Lost Container,Closed
CL01958,S077874,9140,Late Delivery,Under Review
CL01959,S014299,12203,Late Delivery,Closed
CL01960,S003583,6859,Lost Container,Closed
CL01961,S090026,9489,Customs Issue,Under Review
CL01962,S052203,9515,Lost Container,Closed
CL01963,S055980,2271,Damage,Open
CL01964,S039892,7802,Lost Container,Closed
CL01965,S042836,2984,Lost Container,Open
CL01966,S081756,1124,Lost Container,Closed
CL01967,S062555,1082,Customs Issue,Open
CL01968,S004292,3197,Damage,Under Review
CL01969,S061643,12518,Customs Issue,Closed
CL01970,S099254,11632,Late Delivery,Under Review
CL01971,S027473,3875,Damage,Open
CL01972,S022543,2580,Late Delivery,Open
CL01973,S016489,12001,Lost Container,Closed
CL01974,S055738,6451,Late Delivery,Closed
CL01975,S062896,13897,Damage,Closed
CL01976,S033561,8252,Damage,Open
CL01977,S040223,536,Damage,Closed
CL01978,S042933,1032,Late Delivery,Open
CL01979,S044449,12310,Customs Issue,Open
CL01980,S081868,3521,Lost Container,Closed
CL01981,S092203,516,Customs Issue,Open
CL01982,S018100,14752,Customs Issue,Under Review
CL01983,S088085,4802,Lost Container,Open
CL01984,S076779,14613,Damage,Closed
CL01985,S035169,2451,Damage,Under Review
CL01986,S030979,11990,Customs Issue,Open
CL01987,S094319,10190,Damage,Open
CL01988,S099122,7860,Late Delivery,Open
CL01989,S038083,8022,Customs Issue,Under Review
CL01990,S028164,5823,Late Delivery,Under Review
CL01991,S037793,8429,Damage,Closed
CL01992,S074424,9304,Lost Container,Under Review
CL01993,S007135,11384,Damage,Open
CL01994,S020488,2706,Late Delivery,Under Review
CL01995,S096283,11676,Late Delivery,Under Review
CL01996,S032066,9810,Damage,Open
CL01997,S093724,11466,Late Delivery,Open
CL01998,S048908,10414,Late Delivery,Open
CL01999,S002734,3930,Lost Container,Open
CL02000,S038862,1333,Late Delivery,Open
CL02001,S009928,5506,Customs Issue,Open
CL02002,S014363,4087,Damage,Closed
CL02003,S047591,2436,Customs Issue,Under Review
CL02004,S028617,10047,Customs Issue,Closed
CL02005,S037459,8989,Late Delivery,Open
CL02006,S044933,12409,Customs Issue,Open
CL02007,S055790,9484,Lost Container,Closed
CL02008,S088182,7685,Lost Container,Closed
CL02009,S060527,7409,Damage,Open
CL02010,S099065,1329,Lost Container,Open
CL02011,S059176,7903,Damage,Closed
CL02012,S006089,3283,Late Delivery,Under Review
CL02013,S065766,14379,Damage,Under Review
CL02014,S066710,7397,Damage,Under Review
CL02015,S044997,1994,Lost Container,Open
CL02016,S006016,932,Damage,Closed
CL02017,S042154,7160,Lost Container,Under Review
CL02018,S042536,11435,Damage,Open
CL02019,S044164,2577,Damage,Under Review
CL02020,S037113,869,Late Delivery,Closed
CL02021,S064549,5124,Customs Issue,Open
CL02022,S050508,14844,Late Delivery,Open
CL02023,S000366,2890,Lost Container,Under Review
CL02024,S083052,1797,Customs Issue,Open
CL02025,S075161,14601,Late Delivery,Under Review
CL02026,S072735,9005,Damage,Closed
CL02027,S086798,5337,Lost Container,Under Review
CL02028,S032492,5818,Late Delivery,Open
CL02029,S092281,4179,Customs Issue,Open
CL02030,S019141,7480,Late Delivery,Closed
CL02031,S071101,6800,Lost Container,Open
CL02032,S033822,1197,Late Delivery,Under Review
CL02033,S045989,3686,Late Delivery,Open
CL02034,S015478,14049,Late Delivery,Open
CL02035,S073902,8115,Lost Container,Closed
CL02036,S092027,9140,Customs Issue,Open
CL02037,S023143,6853,Damage,Open
CL02038,S080557,3143,Damage,Under Review
CL02039,S009433,4880,Customs Issue,Closed
CL02040,S011773,14309,Damage,Closed
CL02041,S031714,7961,Damage,Under Review
CL02042,S007525,6070,Customs Issue,Under Review
CL02043,S028784,14189,Late Delivery,Under Review
CL02044,S081256,14902,Customs Issue,Closed
CL02045,S021770,9679,Damage,Open
CL02046,S022476,5793,Customs Issue,Under Review
CL02047,S075766,7871,Late Delivery,Open
CL02048,S015876,13026,Damage,Open
CL02049,S070438,10622,Late Delivery,Closed
CL02050,S018777,6345,Damage,Closed
CL02051,S045545,6097,Customs Issue,Open
CL02052,S023858,13887,Lost Container,Under Review
CL02053,S042002,14478,Customs Issue,Open
CL02054,S054612,11054,Customs Issue,Under Review
CL02055,S036807,14987,Damage,Under Review
CL02056,S093823,6069,Damage,Closed
CL02057,S052545,5157,Late Delivery,Open
CL02058,S072931,4692,Late Delivery,Under Review
CL02059,S072336,9552,Customs Issue,Open
CL02060,S015864,6334,Late Delivery,Open
CL02061,S056905,10150,Customs Issue,Closed
CL02062,S054890,5052,Lost Container,Closed
CL02063,S017705,8082,Damage,Closed
CL02064,S016015,3085,Damage,Open
CL02065,S009713,2721,Customs Issue,Closed
CL02066,S038528,8027,Customs Issue,Under Review
CL02067,S028331,14045,Lost Container,Open
CL02068,S059584,4223,Damage,Closed
CL02069,S040012,7542,Late Delivery,Open
CL02070,S003867,12538,Late Delivery,Closed
CL02071,S018789,14763,Customs Issue,Open
CL02072,S006309,8358,Damage,Under Review
CL02073,S062076,13422,Lost Container,Closed
CL02074,S080095,14361,Late Delivery,Closed
CL02075,S062968,6115,Lost Container,Open
CL02076,S000164,3187,Late Delivery,Under Review
CL02077,S000380,11097,Late Delivery,Open
CL02078,S033133,9404,Late Delivery,Open
CL02079,S016833,13818,Lost Container,Closed
CL02080,S048843,3548,Lost Container,Closed
CL02081,S088420,2927,Late Delivery,Open
CL02082,S051139,8462,Lost Container,Closed
CL02083,S077490,13878,Damage,Closed
CL02084,S065034,13904,Customs Issue,Open
CL02085,S037029,4744,Late Delivery,Open
CL02086,S034045,12210,Damage,Open
CL02087,S031892,8534,Customs Issue,Closed
CL02088,S095269,4413,Damage,Under Review
CL02089,S073181,10520,Customs Issue,Under Review
CL02090,S059733,9768,Late Delivery,Closed
CL02091,S064870,6598,Late Delivery,Closed
CL02092,S080199,4757,Damage,Open
CL02093,S001256,2576,Lost Container,Under Review
CL02094,S034671,3097,Lost Container,Under Review
CL02095,S027953,4773,Late Delivery,Under Review
CL02096,S049096,6358,Late Delivery,Under Review
CL02097,S017817,6868,Customs Issue,Under Review
CL02098,S098494,12106,Damage,Under Review
CL02099,S016749,2026,Damage,Open
CL02100,S076653,7801,Lost Container,Open
CL02101,S009345,12233,Damage,Closed
CL02102,S098962,2637,Damage,Open
CL02103,S026954,5766,Lost Container,Open
CL02104,S019904,12448,Damage,Closed
CL02105,S017218,3340,Late Delivery,Closed
CL02106,S073701,2311,Customs Issue,Under Review
CL02107,S087960,2852,Customs Issue,Open
CL02108,S008206,12302,Late Delivery,Closed
CL02109,S062549,11129,Late Delivery,Closed
CL02110,S098734,14340,Lost Container,Closed
CL02111,S058632,992,Damage,Open
CL02112,S095310,10558,Late Delivery,Under Review
CL02113,S077130,3478,Damage,Closed
CL02114,S062131,5024,Late Delivery,Closed
CL02115,S008803,9055,Damage,Closed
CL02116,S055720,1520,Damage,Closed
CL02117,S053003,2315,Damage,Closed
CL02118,S012840,12408,Damage,Open
CL02119,S089722,11235,Customs Issue,Open
CL02120,S004719,2884,Late Delivery,Closed
CL02121,S074122,656,Lost Container,Closed
CL02122,S011859,955,Late Delivery,Closed
CL02123,S084071,12682,Damage,Closed
CL02124,S067739,14581,Late Delivery,Under Review
CL02125,S001765,3676,Lost Container,Closed
CL02126,S021347,7185,Damage,Open
CL02127,S006870,9726,Customs Issue,Under Review
CL02128,S050016,2733,Customs Issue,Closed
CL02129,S060932,4615,Late Delivery,Under Review
CL02130,S054648,6468,Lost Container,Closed
CL02131,S034500,10091,Late Delivery,Open
CL02132,S003533,3290,Late Delivery,Under Review
CL02133,S079888,5795,Customs Issue,Under Review
CL02134,S088387,6141,Customs Issue,Under Review
CL02135,S020682,9337,Customs Issue,Closed
CL02136,S063875,6713,Late Delivery,Closed
CL02137,S060163,10803,Customs Issue,Closed
CL02138,S046261,9989,Lost Container,Closed
CL02139,S040353,14725,Late Delivery,Under Review
CL02140,S034278,1413,Customs Issue,Open
CL02141,S043495,13533,Lost Container,Closed
CL02142,S023037,2190,Late Delivery,Under Review
CL02143,S049040,3578,Late Delivery,Under Review
CL02144,S051128,13348,Damage,Under Review
CL02145,S099851,6356,Damage,Closed
CL02146,S032833,9516,Damage,Under Review
CL02147,S071058,1518,Damage,Under Review
CL02148,S085486,645,Lost Container,Under Review
CL02149,S019488,8221,Damage,Under Review
CL02150,S035771,14841,Customs Issue,Open
CL02151,S017177,14026,Late Delivery,Open
CL02152,S021821,3795,Damage,Open
CL02153,S038273,8966,Damage,Closed
CL02154,S032852,11784,Lost Container,Open
CL02155,S072152,8083,Customs Issue,Closed
CL02156,S050417,879,Customs Issue,Under Review
CL02157,S070939,5260,Customs Issue,Open
CL02158,S005408,11213,Late Delivery,Closed
CL02159,S083740,7279,Lost Container,Closed
CL02160,S057641,9247,Customs Issue,Open
CL02161,S068239,7286,Late Delivery,Under Review
CL02162,S016663,9019,Lost Container,Open
CL02163,S024669,13071,Damage,Open
CL02164,S014366,13917,Lost Container,Closed
CL02165,S027923,2603,Damage,Open
CL02166,S031815,4316,Late Delivery,Under Review
CL02167,S048679,4331,Customs Issue,Closed
CL02168,S086034,11320,Lost Container,Closed
CL02169,S016572,8148,Customs Issue,Closed
CL02170,S088653,4984,Damage,Under Review
CL02171,S009130,13154,Damage,Under Review
CL02172,S092899,2607,Damage,Under Review
CL02173,S088442,763,Lost Container,Under Review
CL02174,S096454,12147,Lost Container,Closed
CL02175,S070997,1184,Lost Container,Under Review
CL02176,S096383,8697,Customs Issue,Closed
CL02177,S049331,597,Late Delivery,Open
CL02178,S036203,9068,Damage,Open
CL02179,S024964,13006,Late Delivery,Closed
CL02180,S017374,14794,Lost Container,Under Review
CL02181,S028247,557,Lost Container,Under Review
CL02182,S042121,14990,Damage,Under Review
CL02183,S022968,13705,Damage,Under Review
CL02184,S071508,10661,Customs Issue,Open
CL02185,S013652,2029,Late Delivery,Closed
CL02186,S007436,10390,Late Delivery,Under Review
CL02187,S048450,7704,Lost Container,Open
CL02188,S028023,13312,Customs Issue,Closed
CL02189,S091647,2967,Late Delivery,Under Review
CL02190,S041625,8800,Lost Container,Under Review
CL02191,S092714,6143,Lost Container,Under Review
CL02192,S092426,6704,Late Delivery,Under Review
CL02193,S049654,3598,Customs Issue,Closed
CL02194,S020368,3786,Damage,Closed
CL02195,S003203,4762,Lost Container,Under Review
CL02196,S012382,7315,Damage,Closed
CL02197,S040883,7517,Lost Container,Open
CL02198,S031551,12705,Late Delivery,Under Review
CL02199,S005866,8339,Damage,Open
CL02200,S060746,1314,Late Delivery,Closed
CL02201,S069251,3269,Late Delivery,Open
CL02202,S054537,4755,Customs Issue,Open
CL02203,S076536,3104,Lost Container,Under Review
CL02204,S042414,10360,Damage,Under Review
CL02205,S049970,5800,Late Delivery,Under Review
CL02206,S064269,3815,Customs Issue,Open
CL02207,S088584,7414,Damage,Under Review
CL02208,S004822,850,Late Delivery,Open
CL02209,S038536,14520,Late Delivery,Open
CL02210,S059909,6285,Lost Container,Under Review
CL02211,S052453,6771,Lost Container,Under Review
CL02212,S014577,6170,Damage,Closed
CL02213,S005010,6850,Late Delivery,Open
CL02214,S095745,5382,Lost Container,Open
CL02215,S063293,4438,Late Delivery,Closed
CL02216,S049687,12226,Late Delivery,Under Review
CL02217,S011465,8717,Lost Container,Open
CL02218,S022506,10915,Late Delivery,Open
CL02219,S017031,1009,Late Delivery,Under Review
CL02220,S012664,3305,Lost Container,Closed
CL02221,S055940,1933,Lost Container,Open
CL02222,S018032,6452,Late Delivery,Under Review
CL02223,S044109,6102,Lost Container,Open
CL02224,S015440,825,Customs Issue,Closed
CL02225,S025339,2060,Customs Issue,Under Review
CL02226,S064946,11251,Late Delivery,Under Review
CL02227,S003567,1218,Customs Issue,Closed
CL02228,S047426,11408,Late Delivery,Open
CL02229,S024547,8751,Lost Container,Open
CL02230,S005734,1579,Damage,Open
CL02231,S079720,6448,Customs Issue,Open
CL02232,S078598,1757,Customs Issue,Under Review
CL02233,S043250,3738,Late Delivery,Closed
CL02234,S097989,2808,Lost Container,Under Review
CL02235,S097769,12135,Customs Issue,Under Review
CL02236,S042356,14996,Customs Issue,Closed
CL02237,S076521,6134,Customs Issue,Under Review
CL02238,S038839,9451,Lost Container,Open
CL02239,S022244,14539,Late Delivery,Open
CL02240,S004459,6494,Late Delivery,Under Review
CL02241,S063123,4183,Customs Issue,Under Review
CL02242,S013669,2882,Customs Issue,Open
CL02243,S031283,5597,Lost Container,Closed
CL02244,S043877,10420,Lost Container,Open
CL02245,S094926,11515,Customs Issue,Under Review
CL02246,S061476,13884,Lost Container,Open
CL02247,S095799,14726,Lost Container,Open
CL02248,S020307,7953,Damage,Under Review
CL02249,S039269,1438,Damage,Under Review
CL02250,S007036,8597,Lost Container,Open
CL02251,S027073,4972,Customs Issue,Closed
CL02252,S031492,13946,Late Delivery,Open
CL02253,S092382,6156,Customs Issue,Under Review
CL02254,S047089,5261,Customs Issue,Under Review
CL02255,S043833,3168,Late Delivery,Under Review
CL02256,S016268,7592,Customs Issue,Closed
CL02257,S017682,2137,Lost Container,Open
CL02258,S004938,9303,Late Delivery,Under Review
CL02259,S038824,9193,Customs Issue,Under Review
CL02260,S084511,3374,Late Delivery,Open
CL02261,S031760,12221,Customs Issue,Closed
CL02262,S045507,6855,Lost Container,Closed
CL02263,S060952,8175,Damage,Under Review
CL02264,S057427,14201,Late Delivery,Open
CL02265,S080361,875,Lost Container,Open
CL02266,S049511,12654,Lost Container,Closed
CL02267,S049386,10820,Late Delivery,Open
CL02268,S037462,8917,Lost Container,Closed
CL02269,S099568,1966,Late Delivery,Open
CL02270,S022623,10014,Customs Issue,Closed
CL02271,S055997,9450,Lost Container,Closed
CL02272,S077081,9423,Damage,Closed
CL02273,S025004,10155,Customs Issue,Closed
CL02274,S018906,5213,Lost Container,Open
CL02275,S036173,9614,Damage,Closed
CL02276,S041188,11760,Damage,Under Review
CL02277,S002611,9790,Customs Issue,Under Review
CL02278,S052538,1333,Customs Issue,Closed
CL02279,S025179,10041,Damage,Under Review
CL02280,S034216,7497,Lost Container,Under Review
CL02281,S049900,12730,Late Delivery,Under Review
CL02282,S057910,5587,Damage,Open
CL02283,S010211,8795,Late Delivery,Closed
CL02284,S077988,8864,Customs Issue,Closed
CL02285,S028922,6837,Customs Issue,Closed
CL02286,S057490,10018,Lost Container,Under Review
CL02287,S082958,3571,Customs Issue,Under Review
CL02288,S055607,4988,Late Delivery,Closed
CL02289,S061548,9918,Lost Container,Open
CL02290,S022331,2072,Lost Container,Open
CL02291,S046479,12443,Damage,Under Review
CL02292,S070558,4697,Customs Issue,Under Review
CL02293,S009807,7851,Lost Container,Under Review
CL02294,S082512,11328,Customs Issue,Under Review
CL02295,S040463,8656,Damage,Open
CL02296,S067392,12110,Lost Container,Under Review
CL02297,S088469,11169,Damage,Open
CL02298,S062851,2168,Customs Issue,Under Review
CL02299,S033466,751,Customs Issue,Under Review
CL02300,S007366,8051,Lost Container,Under Review
CL02301,S028058,2432,Customs Issue,Open
CL02302,S022167,9111,Customs Issue,Closed
CL02303,S076079,13132,Customs Issue,Closed
CL02304,S003360,10038,Customs Issue,Closed
CL02305,S040861,11362,Damage,Closed
CL02306,S089129,4923,Late Delivery,Under Review
CL02307,S069614,12877,Damage,Under Review
CL02308,S034230,4864,Late Delivery,Open
CL02309,S087383,14987,Customs Issue,Open
CL02310,S021535,2245,Customs Issue,Under Review
CL02311,S010661,7184,Lost Container,Under Review
CL02312,S069405,3899,Damage,Open
CL02313,S059423,7141,Late Delivery,Closed
CL02314,S011652,4777,Customs Issue,Closed
CL02315,S086570,5963,Customs Issue,Closed
CL02316,S039899,3155,Lost Container,Under Review
CL02317,S097321,8316,Lost Container,Closed
CL02318,S065159,4360,Damage,Under Review
CL02319,S042675,9873,Customs Issue,Under Review
CL02320,S055330,12185,Damage,Under Review
CL02321,S003662,7294,Customs Issue,Open
CL02322,S098779,1866,Customs Issue,Open
CL02323,S032871,4956,Late Delivery,Closed
CL02324,S070557,10204,Damage,Open
CL02325,S047015,13801,Lost Container,Open
CL02326,S012072,7200,Lost Container,Under Review
CL02327,S081851,14278,Late Delivery,Closed
CL02328,S086041,8048,Damage,Under Review
CL02329,S064354,6237,Lost Container,Closed
CL02330,S090700,11231,Customs Issue,Open
CL02331,S025728,7800,Damage,Open
CL02332,S014376,12435,Customs Issue,Open
CL02333,S040202,1485,Lost Container,Closed
CL02334,S088072,5270,Lost Container,Under Review
CL02335,S027978,9315,Damage,Under Review
CL02336,S015869,10537,Damage,Open
CL02337,S078311,9010,Damage,Under Review
CL02338,S076361,7042,Late Delivery,Open
CL02339,S023554,2815,Customs Issue,Under Review
CL02340,S007635,10426,Customs Issue,Under Review
CL02341,S065875,7161,Lost Container,Under Review
CL02342,S084407,13666,Lost Container,Under Review
CL02343,S073235,8882,Customs Issue,Open
CL02344,S057612,1017,Late Delivery,Under Review
CL02345,S048890,5217,Lost Container,Under Review
CL02346,S004341,10971,Customs Issue,Closed
CL02347,S054350,8897,Late Delivery,Open
CL02348,S075646,11759,Damage,Under Review
CL02349,S059815,7862,Damage,Open
CL02350,S028803,6486,Lost Container,Closed
CL02351,S013554,11541,Damage,Closed
CL02352,S081476,12116,Damage,Under Review
CL02353,S069435,11926,Customs Issue,Open
CL02354,S020653,3046,Lost Container,Closed
CL02355,S061444,9168,Lost Container,Open
CL02356,S070030,4671,Late Delivery,Closed
CL02357,S099898,13303,Customs Issue,Closed
CL02358,S048250,6566,Lost Container,Closed
CL02359,S030353,5364,Damage,Under Review
CL02360,S020237,12044,Late Delivery,Under Review
CL02361,S022179,5555,Damage,Closed
CL02362,S019303,13277,Late Delivery,Open
CL02363,S019830,4571,Late Delivery,Under Review
CL02364,S019286,11522,Late Delivery,Closed
CL02365,S022835,6961,Customs Issue,Under Review
CL02366,S069194,3214,Late Delivery,Closed
CL02367,S003099,6561,Damage,Closed
CL02368,S066652,3570,Late Delivery,Under Review
CL02369,S087778,778,Lost Container,Under Review
CL02370,S040082,14418,Late Delivery,Under Review
CL02371,S039231,14469,Late Delivery,Open
CL02372,S090193,11461,Late Delivery,Under Review
CL02373,S022290,12708,Customs Issue,Under Review
CL02374,S045839,681,Customs Issue,Closed
CL02375,S044296,12475,Customs Issue,Under Review
CL02376,S010501,12706,Late Delivery,Open
CL02377,S001645,9167,Damage,Closed
CL02378,S004225,4886,Late Delivery,Under Review
CL02379,S028435,9721,Late Delivery,Open
CL02380,S037320,853,Damage,Open
CL02381,S040792,4964,Lost Container,Closed
CL02382,S014683,9001,Late Delivery,Closed
CL02383,S019923,13408,Customs Issue,Open
CL02384,S027317,2256,Lost Container,Closed
CL02385,S052084,13054,Customs Issue,Open
CL02386,S026953,4726,Late Delivery,Closed
CL02387,S011873,1868,Late Delivery,Open
CL02388,S095549,1779,Damage,Open
CL02389,S085825,8337,Customs Issue,Open
CL02390,S003461,8968,Lost Container,Open
CL02391,S060284,14254,Customs Issue,Under Review
CL02392,S044841,8603,Lost Container,Under Review
CL02393,S052903,5414,Late Delivery,Closed
CL02394,S011751,6778,Late Delivery,Closed
CL02395,S045130,13591,Damage,Open
CL02396,S092559,8142,Lost Container,Closed
CL02397,S069086,14611,Customs Issue,Open
CL02398,S064471,3711,Late Delivery,Closed
CL02399,S052977,14218,Late Delivery,Open
CL02400,S068974,7005,Late Delivery,Open
CL02401,S080956,11164,Customs Issue,Under Review
CL02402,S041662,7700,Late Delivery,Under Review
CL02403,S060990,3939,Damage,Open
CL02404,S053169,7251,Late Delivery,Under Review
CL02405,S080012,12147,Late Delivery,Open
CL02406,S019537,3647,Lost Container,Open
CL02407,S046923,11667,Customs Issue,Closed
CL02408,S058561,12743,Late Delivery,Open
CL02409,S074361,8630,Lost Container,Open
CL02410,S071767,697,Damage,Under Review
CL02411,S067577,3550,Customs Issue,Open
CL02412,S034481,11729,Damage,Closed
CL02413,S036612,1687,Customs Issue,Open
CL02414,S000584,7495,Lost Container,Under Review
CL02415,S035791,11781,Damage,Under Review
CL02416,S001386,2024,Late Delivery,Open
CL02417,S099441,937,Late Delivery,Open
CL02418,S063821,1489,Late Delivery,Closed
CL02419,S098503,13377,Late Delivery,Open
CL02420,S075250,6634,Customs Issue,Open
CL02421,S007313,11869,Lost Container,Under Review
CL02422,S015295,5154,Damage,Open
CL02423,S058616,5197,Late Delivery,Closed
CL02424,S078455,13405,Damage,Closed
CL02425,S069953,7117,Late Delivery,Under Review
CL02426,S050736,11540,Customs Issue,Closed
CL02427,S027585,3921,Lost Container,Open
CL02428,S054562,11744,Lost Container,Open
CL02429,S061946,6444,Customs Issue,Under Review
CL02430,S069752,13890,Late Delivery,Closed
CL02431,S096215,8401,Damage,Closed
CL02432,S014302,12153,Late Delivery,Open
CL02433,S048439,6347,Damage,Under Review
CL02434,S088489,10493,Damage,Closed
CL02435,S064386,5228,Lost Container,Closed
CL02436,S007762,7381,Damage,Under Review
CL02437,S067512,13070,Customs Issue,Open
CL02438,S086231,5883,Lost Container,Closed
CL02439,S051441,4255,Lost Container,Open
CL02440,S037906,5048,Customs Issue,Closed
CL02441,S016679,5753,Damage,Closed
CL02442,S044676,2151,Damage,Open
CL02443,S026781,14832,Customs Issue,Under Review
CL02444,S080969,1120,Lost Container,Under Review
CL02445,S068318,8189,Damage,Open
CL02446,S083167,7250,Damage,Closed
CL02447,S059534,13593,Damage,Open
CL02448,S007418,12985,Late Delivery,Closed
CL02449,S091769,9695,Late Delivery,Open
CL02450,S076912,14434,Lost Container,Under Review
CL02451,S097351,9496,Lost Container,Open
CL02452,S056439,8143,Damage,Closed
CL02453,S016806,12020,Late Delivery,Under Review
CL02454,S089505,4691,Customs Issue,Closed
CL02455,S023935,8573,Customs Issue,Closed
CL02456,S096584,2203,Damage,Closed
CL02457,S076289,8473,Customs Issue,Open
CL02458,S030193,1750,Lost Container,Closed
CL02459,S056012,1876,Late Delivery,Closed
CL02460,S011308,5239,Customs Issue,Under Review
CL02461,S033834,6956,Damage,Open
CL02462,S087788,14861,Lost Container,Under Review
CL02463,S004185,11358,Damage,Under Review
CL02464,S066357,1606,Customs Issue,Under Review
CL02465,S097011,4616,Late Delivery,Closed
CL02466,S098665,5129,Damage,Closed
CL02467,S016305,7883,Damage,Closed
CL02468,S068456,1787,Damage,Under Review
CL02469,S029024,10805,Lost Container,Open
CL02470,S040508,8210,Damage,Closed
CL02471,S023215,14207,Lost Container,Open
CL02472,S010207,9763,Late Delivery,Under Review
CL02473,S073300,3976,Lost Container,Open
CL02474,S050575,1502,Customs Issue,Under Review
CL02475,S079195,582,Customs Issue,Closed
CL02476,S008231,10088,Late Delivery,Closed
CL02477,S068898,7087,Damage,Closed
CL02478,S071569,10673,Damage,Under Review
CL02479,S088394,6303,Damage,Open
CL02480,S045573,12399,Customs Issue,Under Review
CL02481,S080546,12068,Customs Issue,Open
CL02482,S044215,10305,Late Delivery,Under Review
CL02483,S055563,11691,Lost Container,Under Review
CL02484,S094155,1988,Customs Issue,Under Review
CL02485,S096426,1077,Damage,Closed
CL02486,S064226,11928,Late Delivery,Under Review
CL02487,S089544,4060,Damage,Under Review
CL02488,S042860,2935,Customs Issue,Closed
CL02489,S002979,12195,Damage,Closed
CL02490,S093651,897,Late Delivery,Open
CL02491,S079348,7814,Damage,Under Review
CL02492,S020506,5311,Late Delivery,Under Review
CL02493,S084319,11650,Damage,Closed
CL02494,S006264,14858,Lost Container,Open
CL02495,S079270,13064,Lost Container,Open
CL02496,S041040,7904,Customs Issue,Closed
CL02497,S059089,9457,Lost Container,Open
CL02498,S003185,1247,Customs Issue,Under Review
CL02499,S023518,7462,Damage,Closed
CL02500,S020576,9075,Customs Issue,Under Review
CL02501,S061676,2567,Late Delivery,Closed
CL02502,S051017,942,Damage,Open
CL02503,S096576,14736,Late Delivery,Under Review
CL02504,S035443,5653,Damage,Under Review
CL02505,S059963,7963,Damage,Open
CL02506,S068784,12378,Lost Container,Closed
CL02507,S079647,11435,Customs Issue,Under Review
CL02508,S079959,5153,Damage,Open
CL02509,S008811,2022,Customs Issue,Open
CL02510,S045623,9465,Late Delivery,Under Review
CL02511,S022091,12834,Damage,Closed
CL02512,S064880,14996,Damage,Under Review
CL02513,S062998,14995,Damage,Closed
CL02514,S002109,13784,Damage,Closed
CL02515,S092047,1212,Customs Issue,Open
CL02516,S068416,13845,Lost Container,Open
CL02517,S035157,14831,Customs Issue,Under Review
CL02518,S050248,11175,Lost Container,Under Review
CL02519,S034154,4935,Customs Issue,Open
CL02520,S078863,6553,Customs Issue,Under Review
CL02521,S062918,8513,Customs Issue,Under Review
CL02522,S069464,11624,Customs Issue,Under Review
CL02523,S009845,5224,Lost Container,Open
CL02524,S073064,1061,Late Delivery,Under Review
CL02525,S095524,2044,Lost Container,Closed
CL02526,S011794,9137,Customs Issue,Under Review
CL02527,S099166,2006,Customs Issue,Closed
CL02528,S033723,5325,Damage,Closed
CL02529,S092444,1980,Customs Issue,Closed
CL02530,S022884,14697,Late Delivery,Open
CL02531,S098369,5844,Late Delivery,Under Review
CL02532,S039546,8865,Lost Container,Under Review
CL02533,S076004,9559,Late Delivery,Under Review
CL02534,S011058,4133,Lost Container,Open
CL02535,S053932,12723,Lost Container,Open
CL02536,S040733,12422,Late Delivery,Open
CL02537,S016277,13947,Lost Container,Open
CL02538,S026546,12612,Late Delivery,Open
CL02539,S086001,11843,Customs Issue,Under Review
CL02540,S056261,2112,Customs Issue,Closed
CL02541,S012132,1030,Lost Container,Closed
CL02542,S087856,4978,Damage,Under Review
CL02543,S074762,12453,Late Delivery,Open
CL02544,S080466,2305,Late Delivery,Under Review
CL02545,S064760,8581,Lost Container,Open
CL02546,S095515,3122,Late Delivery,Under Review
CL02547,S093630,10888,Customs Issue,Open
CL02548,S088628,1222,Customs Issue,Closed
CL02549,S093126,10990,Late Delivery,Closed
CL02550,S095193,6911,Damage,Under Review
CL02551,S043155,12995,Customs Issue,Under Review
CL02552,S053201,8351,Lost Container,Under Review
CL02553,S016310,12496,Late Delivery,Closed
CL02554,S062827,9585,Customs Issue,Open
CL02555,S051144,12294,Damage,Open
CL02556,S091972,9510,Customs Issue,Under Review
CL02557,S057083,557,Customs Issue,Under Review
CL02558,S039495,13844,Lost Container,Under Review
CL02559,S032326,10123,Damage,Under Review
CL02560,S087653,2333,Damage,Closed
CL02561,S065056,2970,Lost Container,Under Review
CL02562,S098518,7500,Customs Issue,Under Review
CL02563,S027825,3768,Lost Container,Closed
CL02564,S092627,12216,Customs Issue,Open
CL02565,S085592,3467,Late Delivery,Under Review
CL02566,S039791,6898,Damage,Open
CL02567,S034012,13768,Late Delivery,Under Review
CL02568,S066860,13921,Lost Container,Closed
CL02569,S041117,3493,Lost Container,Open
CL02570,S023486,4746,Lost Container,Closed
CL02571,S094321,10415,Damage,Open
CL02572,S050428,7293,Damage,Under Review
CL02573,S006311,2130,Damage,Under Review
CL02574,S016177,5107,Damage,Open
CL02575,S085491,2342,Damage,Closed
CL02576,S023606,6147,Customs Issue,Under Review
CL02577,S091686,5991,Late Delivery,Open
CL02578,S037756,3537,Lost Container,Under Review
CL02579,S081137,10645,Lost Container,Closed
CL02580,S097762,8792,Damage,Open
CL02581,S037666,5013,Lost Container,Closed
CL02582,S017675,10920,Lost Container,Open
CL02583,S077896,10038,Lost Container,Closed
CL02584,S042595,1130,Customs Issue,Closed
CL02585,S060449,5588,Damage,Open
CL02586,S071106,2492,Late Delivery,Closed
CL02587,S078540,7343,Late Delivery,Open
CL02588,S073517,10884,Damage,Open
CL02589,S084375,14681,Damage,Closed
CL02590,S097361,3733,Late Delivery,Closed
CL02591,S097823,9293,Damage,Under Review
CL02592,S028430,11743,Late Delivery,Closed
CL02593,S016346,622,Damage,Under Review
CL02594,S005150,9142,Late Delivery,Under Review
CL02595,S093441,5342,Lost Container,Under Review
CL02596,S062788,5146,Damage,Open
CL02597,S073576,9406,Lost Container,Closed
CL02598,S019550,4298,Lost Container,Closed
CL02599,S033759,9324,Customs Issue,Under Review
CL02600,S047172,5254,Customs Issue,Under Review
CL02601,S063132,3801,Lost Container,Open
CL02602,S038673,12447,Lost Container,Under Review
CL02603,S026093,14323,Damage,Open
CL02604,S096544,14804,Late Delivery,Open
CL02605,S021330,4312,Late Delivery,Under Review
CL02606,S006881,11459,Lost Container,Closed
CL02607,S066201,14085,Customs Issue,Open
CL02608,S085203,1969,Damage,Closed
CL02609,S018027,14669,Customs Issue,Closed
CL02610,S056930,12301,Lost Container,Closed
CL02611,S028967,3859,Late Delivery,Closed
CL02612,S042738,1749,Late Delivery,Under Review
CL02613,S028303,7634,Late Delivery,Under Review
CL02614,S078341,11911,Late Delivery,Under Review
CL02615,S040233,1605,Damage,Under Review
CL02616,S062550,7877,Customs Issue,Under Review
CL02617,S051638,1267,Lost Container,Open
CL02618,S060818,11296,Damage,Open
CL02619,S025524,3954,Lost Container,Open
CL02620,S068913,9196,Damage,Closed
CL02621,S070439,3759,Late Delivery,Under Review
CL02622,S034552,7641,Damage,Open
CL02623,S071997,8615,Damage,Under Review
CL02624,S076023,7058,Lost Container,Closed
CL02625,S081057,10664,Late Delivery,Under Review
CL02626,S017408,5793,Damage,Closed
CL02627,S078773,8570,Lost Container,Open
CL02628,S028250,6146,Lost Container,Open
CL02629,S063432,6314,Customs Issue,Under Review
CL02630,S076980,12192,Damage,Under Review
CL02631,S060358,13110,Late Delivery,Closed
CL02632,S010721,10785,Late Delivery,Under Review
CL02633,S047328,5832,Lost Container,Under Review
CL02634,S010629,3825,Late Delivery,Open
CL02635,S038071,13414,Damage,Open
CL02636,S072219,13362,Late Delivery,Open
CL02637,S014546,11428,Damage,Open
CL02638,S024635,14129,Damage,Open
CL02639,S054860,12187,Customs Issue,Closed
CL02640,S037419,5013,Customs Issue,Closed
CL02641,S080158,11579,Customs Issue,Closed
CL02642,S058931,2084,Late Delivery,Open
CL02643,S071212,4589,Customs Issue,Under Review
CL02644,S063524,3949,Damage,Open
CL02645,S078645,6254,Customs Issue,Under Review
CL02646,S074469,12856,Late Delivery,Closed
CL02647,S098882,11421,Lost Container,Under Review
CL02648,S092978,11512,Late Delivery,Closed
CL02649,S037124,4614,Lost Container,Closed
CL02650,S032849,10157,Lost Container,Open
CL02651,S083002,6699,Damage,Open
CL02652,S052380,976,Lost Container,Closed
CL02653,S040776,9972,Customs Issue,Open
CL02654,S086154,11448,Lost Container,Closed
CL02655,S088351,3289,Lost Container,Open
CL02656,S013932,13886,Damage,Under Review
CL02657,S017688,2145,Late Delivery,Open
CL02658,S062792,11141,Customs Issue,Closed
CL02659,S031118,1521,Customs Issue,Closed
CL02660,S039002,2607,Lost Container,Open
CL02661,S048863,10487,Lost Container,Open
CL02662,S069262,10715,Customs Issue,Under Review
CL02663,S016940,13928,Lost Container,Open
CL02664,S091742,1538,Lost Container,Closed
CL02665,S082832,10700,Lost Container,Under Review
CL02666,S075873,11618,Customs Issue,Open
CL02667,S082618,12782,Late Delivery,Closed
CL02668,S018248,11529,Damage,Closed
CL02669,S076772,12443,Damage,Under Review
CL02670,S086919,10414,Customs Issue,Open
CL02671,S035296,9385,Damage,Closed
CL02672,S021814,7819,Damage,Closed
CL02673,S004335,2959,Lost Container,Open
CL02674,S053960,3773,Customs Issue,Closed
CL02675,S027038,4551,Lost Container,Open
CL02676,S005289,5691,Late Delivery,Under Review
CL02677,S084721,891,Customs Issue,Open
CL02678,S075207,2822,Lost Container,Closed
CL02679,S045709,4157,Damage,Open
CL02680,S099980,13718,Damage,Closed
CL02681,S026311,12292,Customs Issue,Under Review
CL02682,S052450,2996,Late Delivery,Under Review
CL02683,S029288,1481,Lost Container,Under Review
CL02684,S071475,6597,Late Delivery,Closed
CL02685,S038199,6310,Damage,Open
CL02686,S028593,4883,Damage,Open
CL02687,S057737,9832,Late Delivery,Under Review
CL02688,S043794,4155,Lost Container,Open
CL02689,S031053,1766,Damage,Open
CL02690,S054145,14030,Customs Issue,Closed
CL02691,S035950,12322,Damage,Closed
CL02692,S055787,12550,Customs Issue,Open
CL02693,S079870,12536,Lost Container,Open
CL02694,S078916,11416,Customs Issue,Open
CL02695,S072257,2253,Lost Container,Under Review
CL02696,S004408,5145,Damage,Under Review
CL02697,S044687,980,Late Delivery,Open
CL02698,S097144,11847,Late Delivery,Under Review
CL02699,S074035,10925,Late Delivery,Closed
CL02700,S011716,3327,Lost Container,Under Review
CL02701,S089985,12346,Late Delivery,Closed
CL02702,S007725,3802,Damage,Under Review
CL02703,S062249,5856,Lost Container,Closed
CL02704,S042824,9509,Late Delivery,Under Review
CL02705,S008027,859,Late Delivery,Open
CL02706,S038957,7411,Late Delivery,Closed
CL02707,S057319,11689,Late Delivery,Open
CL02708,S078684,5853,Late Delivery,Under Review
CL02709,S053257,1054,Lost Container,Open
CL02710,S020919,2645,Late Delivery,Open
CL02711,S006781,8657,Customs Issue,Open
CL02712,S019162,3167,Damage,Closed
CL02713,S008058,9984,Late Delivery,Under Review
CL02714,S093356,10038,Late Delivery,Under Review
CL02715,S052152,11581,Lost Container,Closed
CL02716,S021889,5525,Lost Container,Open
CL02717,S049357,5549,Late Delivery,Closed
CL02718,S028768,4705,Lost Container,Closed
CL02719,S076982,5822,Late Delivery,Closed
CL02720,S050495,14727,Late Delivery,Open
CL02721,S056660,3749,Lost Container,Open
CL02722,S076393,9015,Customs Issue,Under Review
CL02723,S004078,13260,Lost Container,Closed
CL02724,S029298,10312,Damage,Open
CL02725,S025774,9372,Customs Issue,Under Review
CL02726,S016752,2426,Late Delivery,Open
CL02727,S063830,14290,Late Delivery,Closed
CL02728,S044771,2642,Customs Issue,Under Review
CL02729,S063152,2535,Damage,Closed
CL02730,S006392,4333,Customs Issue,Under Review
CL02731,S011515,4693,Late Delivery,Under Review
CL02732,S035092,13653,Customs Issue,Under Review
CL02733,S050420,8093,Lost Container,Closed
CL02734,S033195,14260,Customs Issue,Under Review
CL02735,S016278,3077,Damage,Open
CL02736,S072512,4752,Lost Container,Open
CL02737,S091614,6916,Late Delivery,Open
CL02738,S045255,11558,Late Delivery,Under Review
CL02739,S055029,12719,Customs Issue,Under Review
CL02740,S039528,5027,Customs Issue,Open
CL02741,S074231,7218,Customs Issue,Under Review
CL02742,S075378,13425,Damage,Under Review
CL02743,S032422,3462,Damage,Under Review
CL02744,S030654,13897,Lost Container,Under Review
CL02745,S078052,1309,Lost Container,Under Review
CL02746,S054107,2790,Damage,Open
CL02747,S034432,10132,Lost Container,Closed
CL02748,S098377,10668,Lost Container,Open
CL02749,S028064,832,Lost Container,Closed
CL02750,S033632,2602,Late Delivery,Under Review
CL02751,S021262,2885,Damage,Open
CL02752,S014122,6076,Late Delivery,Closed
CL02753,S027431,1483,Late Delivery,Closed
CL02754,S045221,5755,Customs Issue,Under Review
CL02755,S049304,7422,Customs Issue,Under Review
CL02756,S029094,4827,Damage,Closed
CL02757,S023225,7730,Late Delivery,Open
CL02758,S006483,3942,Lost Container,Open
CL02759,S088972,9222,Late Delivery,Closed
CL02760,S095455,2794,Customs Issue,Closed
CL02761,S032548,12309,Damage,Under Review
CL02762,S059425,9323,Lost Container,Closed
CL02763,S065775,7369,Lost Container,Closed
CL02764,S093609,11956,Late Delivery,Open
CL02765,S032294,8583,Late Delivery,Open
CL02766,S055925,9886,Customs Issue,Closed
CL02767,S068457,2948,Damage,Closed
CL02768,S064900,6624,Customs Issue,Under Review
CL02769,S037058,12159,Lost Container,Open
CL02770,S056437,1081,Damage,Under Review
CL02771,S093893,5660,Customs Issue,Closed
CL02772,S060819,12272,Damage,Closed
CL02773,S024776,10036,Lost Container,Open
CL02774,S048885,9016,Late Delivery,Open
CL02775,S019330,4536,Lost Container,Open
CL02776,S020067,13557,Damage,Open
CL02777,S024581,10022,Lost Container,Closed
CL02778,S089438,9397,Damage,Open
CL02779,S084875,7674,Customs Issue,Under Review
CL02780,S071114,7670,Late Delivery,Under Review
CL02781,S076228,10724,Customs Issue,Open
CL02782,S055410,10950,Lost Container,Closed
CL02783,S078348,1992,Lost Container,Open
CL02784,S022414,12322,Lost Container,Open
CL02785,S063656,6559,Customs Issue,Under Review
CL02786,S096271,2894,Late Delivery,Open
CL02787,S059964,12410,Lost Container,Closed
CL02788,S031143,3975,Customs Issue,Open
CL02789,S034428,2452,Late Delivery,Closed
CL02790,S026737,8560,Damage,Closed
CL02791,S076402,13312,Customs Issue,Under Review
CL02792,S041692,6949,Customs Issue,Closed
CL02793,S009482,14778,Late Delivery,Closed
CL02794,S076743,13763,Damage,Closed
CL02795,S077628,11778,Customs Issue,Open
CL02796,S091943,4981,Damage,Under Review
CL02797,S020545,4009,Customs Issue,Closed
CL02798,S002549,7738,Late Delivery,Under Review
CL02799,S077283,14276,Customs Issue,Open
CL02800,S000324,6568,Lost Container,Closed
CL02801,S040228,10689,Damage,Under Review
CL02802,S083057,1593,Damage,Open
CL02803,S044380,5706,Late Delivery,Under Review
CL02804,S081588,12451,Lost Container,Open
CL02805,S057698,9054,Customs Issue,Closed
CL02806,S008810,6780,Late Delivery,Under Review
CL02807,S021328,13127,Lost Container,Closed
CL02808,S095103,9132,Late Delivery,Under Review
CL02809,S057413,8158,Lost Container,Closed
CL02810,S001926,2032,Customs Issue,Under Review
CL02811,S001734,7303,Lost Container,Under Review
CL02812,S094980,12753,Late Delivery,Open
CL02813,S083235,11934,Damage,Open
CL02814,S007564,6686,Customs Issue,Closed
CL02815,S095943,11861,Customs Issue,Under Review
CL02816,S076671,14529,Lost Container,Closed
CL02817,S080243,3541,Lost Container,Open
CL02818,S018017,9089,Customs Issue,Under Review
CL02819,S040702,987,Damage,Under Review
CL02820,S089611,12056,Customs Issue,Under Review
CL02821,S061556,3789,Damage,Open
CL02822,S085674,7875,Damage,Open
CL02823,S017867,4889,Late Delivery,Open
CL02824,S044125,3242,Lost Container,Closed
CL02825,S086917,7737,Damage,Closed
CL02826,S043775,10897,Customs Issue,Closed
CL02827,S069879,5291,Customs Issue,Open
CL02828,S009237,10156,Lost Container,Open
CL02829,S092562,8378,Lost Container,Open
CL02830,S024586,4991,Late Delivery,Closed
CL02831,S081933,12034,Damage,Closed
CL02832,S088980,1709,Customs Issue,Open
CL02833,S090840,1705,Customs Issue,Open
CL02834,S017670,10596,Lost Container,Under Review
CL02835,S066509,9187,Customs Issue,Under Review
CL02836,S068281,8281,Lost Container,Open
CL02837,S059489,3226,Lost Container,Under Review
CL02838,S065704,4875,Late Delivery,Under Review
CL02839,S089162,550,Lost Container,Closed
CL02840,S042430,9263,Damage,Under Review
CL02841,S099425,4166,Late Delivery,Closed
CL02842,S032803,8040,Damage,Open
CL02843,S008197,14728,Customs Issue,Closed
CL02844,S002357,9969,Damage,Closed
CL02845,S087870,13897,Late Delivery,Open
CL02846,S085294,12827,Damage,Under Review
CL02847,S049058,6089,Customs Issue,Under Review
CL02848,S055755,8587,Lost Container,Open
CL02849,S067076,13337,Lost Container,Closed
CL02850,S020199,13574,Customs Issue,Open
CL02851,S000578,9558,Late Delivery,Open
CL02852,S042932,12156,Damage,Closed
CL02853,S080413,12554,Damage,Open
CL02854,S033408,10673,Lost Container,Open
CL02855,S048754,7763,Lost Container,Under Review
CL02856,S005417,5783,Late Delivery,Under Review
CL02857,S096042,13826,Customs Issue,Closed
CL02858,S070207,521,Customs Issue,Open
CL02859,S087794,7639,Damage,Open
CL02860,S036616,6943,Lost Container,Open
CL02861,S013657,9202,Customs Issue,Open
CL02862,S013813,11465,Customs Issue,Open
CL02863,S049812,11817,Late Delivery,Closed
CL02864,S022198,8876,Late Delivery,Under Review
CL02865,S069837,7876,Lost Container,Open
CL02866,S091679,3188,Late Delivery,Open
CL02867,S092266,3143,Damage,Under Review
CL02868,S069486,9041,Lost Container,Open
CL02869,S067530,4902,Damage,Under Review
CL02870,S054465,13361,Lost Container,Open
CL02871,S058162,7266,Lost Container,Under Review
CL02872,S069179,1776,Late Delivery,Open
CL02873,S032857,9889,Damage,Under Review
CL02874,S063057,14964,Customs Issue,Open
CL02875,S095540,4350,Customs Issue,Open
CL02876,S063037,13739,Lost Container,Under Review
CL02877,S061104,3394,Customs Issue,Under Review
CL02878,S046523,8610,Late Delivery,Closed
CL02879,S028115,6744,Customs Issue,Under Review
CL02880,S001552,5907,Late Delivery,Closed
CL02881,S095307,10213,Customs Issue,Closed
CL02882,S026296,2822,Late Delivery,Open
CL02883,S019309,8429,Customs Issue,Closed
CL02884,S079237,1018,Damage,Under Review
CL02885,S048897,1951,Late Delivery,Open
CL02886,S065323,10215,Late Delivery,Open
CL02887,S086481,14402,Customs Issue,Under Review
CL02888,S064076,12879,Damage,Closed
CL02889,S056375,1712,Late Delivery,Closed
CL02890,S031759,5170,Damage,Open
CL02891,S010634,5562,Lost Container,Under Review
CL02892,S070643,9371,Customs Issue,Under Review
CL02893,S097244,12104,Lost Container,Open
CL02894,S078379,12622,Lost Container,Under Review
CL02895,S030066,3993,Damage,Closed
CL02896,S006224,1632,Damage,Closed
CL02897,S009373,6115,Customs Issue,Closed
CL02898,S068161,14891,Customs Issue,Open
CL02899,S015062,5574,Lost Container,Under Review
CL02900,S050744,9788,Customs Issue,Closed
CL02901,S090027,14662,Lost Container,Closed
CL02902,S064637,6500,Late Delivery,Open
CL02903,S032520,13217,Customs Issue,Under Review
CL02904,S088831,2768,Damage,Open
CL02905,S018437,8208,Customs Issue,Open
CL02906,S037473,10385,Customs Issue,Open
CL02907,S003581,13929,Customs Issue,Open
CL02908,S020196,4330,Damage,Under Review
CL02909,S047878,5788,Customs Issue,Closed
CL02910,S053724,2174,Lost Container,Closed
CL02911,S097316,4967,Damage,Closed
CL02912,S053632,7524,Late Delivery,Closed
CL02913,S030782,6511,Late Delivery,Closed
CL02914,S021362,8653,Late Delivery,Open
CL02915,S031221,10655,Customs Issue,Open
CL02916,S092005,3229,Late Delivery,Closed
CL02917,S061209,14753,Damage,Closed
CL02918,S056104,7382,Late Delivery,Open
CL02919,S059245,12073,Customs Issue,Closed
CL02920,S058730,4012,Late Delivery,Under Review
CL02921,S083713,4571,Customs Issue,Open
CL02922,S015061,9168,Late Delivery,Under Review
CL02923,S096791,8076,Late Delivery,Under Review
CL02924,S050698,10001,Late Delivery,Open
CL02925,S027822,8450,Late Delivery,Under Review
CL02926,S049383,4109,Customs Issue,Open
CL02927,S057788,4466,Customs Issue,Open
CL02928,S051184,7788,Damage,Closed
CL02929,S058517,4297,Late Delivery,Open
CL02930,S058004,14625,Lost Container,Closed
CL02931,S026897,5271,Lost Container,Closed
CL02932,S045086,2127,Late Delivery,Open
CL02933,S064823,7564,Customs Issue,Open
CL02934,S018272,11131,Late Delivery,Open
CL02935,S087242,13815,Lost Container,Closed
CL02936,S014431,11316,Lost Container,Open
CL02937,S009668,12015,Lost Container,Open
CL02938,S094532,7468,Late Delivery,Under Review
CL02939,S002155,4196,Customs Issue,Open
CL02940,S022580,2998,Damage,Under Review
CL02941,S081566,4002,Late Delivery,Under Review
CL02942,S021201,9729,Damage,Under Review
CL02943,S081607,4145,Customs Issue,Closed
CL02944,S019430,10025,Late Delivery,Closed
CL02945,S052103,7561,Late Delivery,Under Review
CL02946,S043583,11854,Damage,Open
CL02947,S055825,14081,Customs Issue,Under Review
CL02948,S027687,2534,Damage,Closed
CL02949,S074994,13930,Damage,Open
CL02950,S009853,13219,Customs Issue,Open
CL02951,S095228,8940,Lost Container,Closed
CL02952,S067004,8327,Lost Container,Open
CL02953,S034700,9397,Lost Container,Open
CL02954,S067348,7291,Lost Container,Under Review
CL02955,S056450,672,Lost Container,Under Review
CL02956,S048239,4695,Customs Issue,Under Review
CL02957,S043685,7735,Customs Issue,Under Review
CL02958,S007194,3495,Lost Container,Closed
CL02959,S055197,7589,Damage,Closed
CL02960,S023759,945,Damage,Open
CL02961,S059085,1543,Late Delivery,Under Review
CL02962,S053521,2937,Damage,Open
CL02963,S031607,3699,Damage,Under Review
CL02964,S050487,1987,Customs Issue,Under Review
CL02965,S026334,11689,Customs Issue,Under Review
CL02966,S065639,4060,Lost Container,Open
CL02967,S050796,889,Customs Issue,Closed
CL02968,S001385,4699,Late Delivery,Open
CL02969,S096639,12943,Lost Container,Open
CL02970,S021947,14113,Damage,Open
CL02971,S015992,2697,Late Delivery,Under Review
CL02972,S028031,1045,Customs Issue,Closed
CL02973,S096075,2941,Late Delivery,Under Review
CL02974,S018397,9457,Customs Issue,Closed
CL02975,S081041,8733,Damage,Open
CL02976,S042612,6633,Damage,Open
CL02977,S076112,9067,Lost Container,Open
CL02978,S033584,1757,Customs Issue,Closed
CL02979,S056882,7045,Late Delivery,Under Review
CL02980,S083863,7211,Customs Issue,Under Review
CL02981,S046877,13070,Damage,Closed
CL02982,S098949,9171,Customs Issue,Closed
CL02983,S036331,8907,Late Delivery,Open
CL02984,S010276,14751,Damage,Closed
CL02985,S053741,7033,Customs Issue,Under Review
CL02986,S087008,8741,Lost Container,Closed
CL02987,S060544,12250,Damage,Under Review
CL02988,S042817,7770,Lost Container,Closed
CL02989,S019731,12741,Lost Container,Closed
CL02990,S069550,6240,Late Delivery,Closed
CL02991,S043026,5796,Customs Issue,Under Review
CL02992,S027420,13259,Late Delivery,Open
CL02993,S083227,13485,Lost Container,Closed
CL02994,S027517,13386,Lost Container,Closed
CL02995,S049550,9819,Lost Container,Under Review
CL02996,S013904,14678,Customs Issue,Closed
CL02997,S004424,5432,Lost Container,Under Review
CL02998,S092967,11008,Damage,Under Review
CL02999,S090153,14994,Late Delivery,Open
CL03000,S055548,14591,Lost Container,Open
CL03001,S077223,13439,Lost Container,Closed
CL03002,S087602,5151,Customs Issue,Closed
CL03003,S008352,4798,Lost Container,Open
CL03004,S040471,10580,Damage,Closed
CL03005,S054797,5112,Late Delivery,Open
CL03006,S020079,10676,Late Delivery,Closed
CL03007,S041910,4472,Damage,Closed
CL03008,S012184,2075,Customs Issue,Closed
CL03009,S002049,11836,Customs Issue,Closed
CL03010,S048516,5963,Late Delivery,Closed
CL03011,S077104,12076,Damage,Open
CL03012,S097452,13457,Customs Issue,Under Review
CL03013,S094402,11234,Late Delivery,Closed
CL03014,S013962,4518,Late Delivery,Under Review
CL03015,S069603,12739,Late Delivery,Closed
CL03016,S095749,2155,Customs Issue,Under Review
CL03017,S021824,3175,Customs Issue,Open
CL03018,S091282,9558,Lost Container,Open
CL03019,S046842,13990,Lost Container,Closed
CL03020,S006073,14377,Late Delivery,Open
CL03021,S063543,14143,Lost Container,Open
CL03022,S062865,6828,Damage,Under Review
CL03023,S043567,11084,Customs Issue,Open
CL03024,S028392,535,Damage,Under Review
CL03025,S012701,12750,Lost Container,Open
CL03026,S051457,12346,Late Delivery,Closed
CL03027,S019585,3945,Lost Container,Open
CL03028,S023268,3061,Customs Issue,Under Review
CL03029,S023786,10713,Damage,Under Review
CL03030,S063455,2647,Lost Container,Under Review
CL03031,S074881,4997,Late Delivery,Open
CL03032,S083054,12213,Damage,Under Review
CL03033,S022193,12435,Late Delivery,Open
CL03034,S055466,844,Damage,Under Review
CL03035,S049535,13408,Damage,Closed
CL03036,S002987,4586,Lost Container,Closed
CL03037,S059819,1971,Customs Issue,Under Review
CL03038,S077322,11522,Customs Issue,Closed
CL03039,S029207,9063,Customs Issue,Closed
CL03040,S087637,9381,Customs Issue,Under Review
CL03041,S033492,14067,Late Delivery,Under Review
CL03042,S005106,1140,Damage,Open
CL03043,S022059,3303,Customs Issue,Under Review
CL03044,S041470,5661,Damage,Open
CL03045,S006893,10201,Damage,Open
CL03046,S083472,11096,Customs Issue,Under Review
CL03047,S021138,14736,Late Delivery,Under Review
CL03048,S020786,2990,Late Delivery,Open
CL03049,S015196,13429,Damage,Under Review
CL03050,S093563,7400,Lost Container,Open
CL03051,S053354,4169,Damage,Closed
CL03052,S077180,13275,Late Delivery,Under Review
CL03053,S070685,10018,Customs Issue,Under Review
CL03054,S088008,14255,Damage,Under Review
CL03055,S047305,13107,Damage,Under Review
CL03056,S031085,14892,Customs Issue,Closed
CL03057,S010800,4555,Lost Container,Closed
CL03058,S034775,8776,Customs Issue,Closed
CL03059,S072131,12357,Customs Issue,Open
CL03060,S049009,7080,Late Delivery,Closed
CL03061,S010031,13979,Customs Issue,Closed
CL03062,S017276,2238,Customs Issue,Closed
CL03063,S070397,11413,Lost Container,Open
CL03064,S063428,4809,Late Delivery,Open
CL03065,S031137,10345,Late Delivery,Open
CL03066,S033024,2030,Late Delivery,Open
CL03067,S085701,6407,Late Delivery,Under Review
CL03068,S037654,931,Lost Container,Under Review
CL03069,S095704,5796,Late Delivery,Closed
CL03070,S061768,14135,Customs Issue,Under Review
CL03071,S078086,7820,Damage,Open
CL03072,S010569,1086,Customs Issue,Open
CL03073,S017843,521,Customs Issue,Under Review
CL03074,S042354,4556,Lost Container,Open
CL03075,S027165,7082,Lost Container,Open
CL03076,S099996,3957,Lost Container,Open
CL03077,S017028,5305,Lost Container,Closed
CL03078,S066388,5385,Late Delivery,Open
CL03079,S094277,3567,Damage,Closed
CL03080,S060569,3946,Customs Issue,Under Review
CL03081,S086640,3610,Damage,Open
CL03082,S010465,11190,Damage,Under Review
CL03083,S090879,9874,Customs Issue,Open
CL03084,S096614,4294,Customs Issue,Open
CL03085,S075298,842,Late Delivery,Under Review
CL03086,S001052,4796,Late Delivery,Closed
CL03087,S068273,7458,Late Delivery,Under Review
CL03088,S088444,8198,Lost Container,Under Review
CL03089,S083534,9707,Lost Container,Open
CL03090,S056503,12738,Lost Container,Closed
CL03091,S013494,1286,Late Delivery,Open
CL03092,S095335,1600,Lost Container,Closed
CL03093,S086002,8725,Customs Issue,Under Review
CL03094,S000534,11008,Customs Issue,Under Review
CL03095,S070051,1180,Lost Container,Under Review
CL03096,S057062,14220,Damage,Closed
CL03097,S046971,11807,Lost Container,Under Review
CL03098,S044978,1564,Damage,Closed
CL03099,S063547,12001,Customs Issue,Closed
CL03100,S038311,6519,Lost Container,Open
CL03101,S099412,8393,Lost Container,Closed
CL03102,S047975,5301,Late Delivery,Under Review
CL03103,S062186,13205,Late Delivery,Under Review
CL03104,S099238,10739,Customs Issue,Closed
CL03105,S006041,7882,Late Delivery,Under Review
CL03106,S039024,1618,Lost Container,Under Review
CL03107,S070219,1002,Late Delivery,Open
CL03108,S000441,7885,Damage,Closed
CL03109,S036314,10409,Damage,Closed
CL03110,S066564,8817,Late Delivery,Open
CL03111,S095355,14129,Lost Container,Closed
CL03112,S061141,7555,Lost Container,Open
CL03113,S017687,933,Customs Issue,Under Review
CL03114,S045373,3176,Late Delivery,Closed
CL03115,S029557,8310,Customs Issue,Under Review
CL03116,S025497,4719,Customs Issue,Under Review
CL03117,S002577,11805,Late Delivery,Open
CL03118,S025302,4130,Lost Container,Under Review
CL03119,S005572,3211,Customs Issue,Open
CL03120,S047158,1916,Lost Container,Under Review
CL03121,S025857,12368,Customs Issue,Under Review
CL03122,S098036,12440,Customs Issue,Under Review
CL03123,S046151,8334,Lost Container,Closed
CL03124,S063030,6239,Customs Issue,Closed
CL03125,S078953,11465,Customs Issue,Under Review
CL03126,S097058,12490,Lost Container,Under Review
CL03127,S089876,11677,Late Delivery,Open
CL03128,S014085,5546,Lost Container,Open
CL03129,S046711,11179,Damage,Open
CL03130,S059616,11640,Late Delivery,Closed
CL03131,S067619,5371,Damage,Open
CL03132,S075817,7969,Late Delivery,Closed
CL03133,S039174,7038,Late Delivery,Under Review
CL03134,S076309,12415,Damage,Open
CL03135,S071337,10384,Customs Issue,Under Review
CL03136,S010852,12039,Lost Container,Open
CL03137,S012742,10758,Damage,Open
CL03138,S067287,8716,Customs Issue,Open
CL03139,S044433,12366,Lost Container,Closed
CL03140,S063018,9610,Customs Issue,Closed
CL03141,S063413,12299,Customs Issue,Closed
CL03142,S055259,9954,Customs Issue,Under Review
CL03143,S076866,8490,Lost Container,Open
CL03144,S026791,1877,Customs Issue,Closed
CL03145,S035724,596,Damage,Closed
CL03146,S055717,5726,Lost Container,Open
CL03147,S091123,3551,Customs Issue,Under Review
CL03148,S095370,4919,Damage,Open
CL03149,S011351,14836,Damage,Closed
CL03150,S096472,12970,Customs Issue,Open
CL03151,S022450,14434,Damage,Closed
CL03152,S038708,8795,Customs Issue,Closed
CL03153,S052992,9419,Late Delivery,Open
CL03154,S070425,12893,Damage,Closed
CL03155,S030726,4143,Customs Issue,Closed
CL03156,S047933,8893,Lost Container,Under Review
CL03157,S043168,3942,Lost Container,Closed
CL03158,S033671,13523,Customs Issue,Closed
CL03159,S047922,3622,Late Delivery,Open
CL03160,S056910,11337,Damage,Closed
CL03161,S067393,1661,Customs Issue,Under Review
CL03162,S024302,10884,Lost Container,Open
CL03163,S029801,12027,Late Delivery,Closed
CL03164,S024566,2916,Damage,Under Review
CL03165,S068636,8363,Damage,Open
CL03166,S014517,4894,Damage,Under Review
CL03167,S026605,2829,Customs Issue,Under Review
CL03168,S050658,3838,Damage,Open
CL03169,S003741,10529,Lost Container,Under Review
CL03170,S022009,2097,Customs Issue,Open
CL03171,S012711,14740,Damage,Under Review
CL03172,S082567,7996,Damage,Closed
CL03173,S021116,14862,Damage,Under Review
CL03174,S064657,13932,Damage,Open
CL03175,S007107,9469,Damage,Under Review
CL03176,S038583,12098,Lost Container,Closed
CL03177,S080105,6493,Late Delivery,Closed
CL03178,S047050,4486,Customs Issue,Open
CL03179,S050862,1122,Late Delivery,Open
CL03180,S054476,13546,Damage,Under Review
CL03181,S030618,11430,Late Delivery,Closed
CL03182,S039253,11874,Late Delivery,Under Review
CL03183,S059169,12994,Lost Container,Under Review
CL03184,S078067,1766,Customs Issue,Closed
CL03185,S001160,12905,Late Delivery,Under Review
CL03186,S057121,5103,Late Delivery,Open
CL03187,S030539,2233,Damage,Closed
CL03188,S011472,2656,Damage,Under Review
CL03189,S064075,7473,Lost Container,Under Review
CL03190,S049209,13184,Damage,Closed
CL03191,S098804,13396,Damage,Open
CL03192,S016380,8080,Lost Container,Closed
CL03193,S001648,5649,Lost Container,Closed
CL03194,S088815,5676,Damage,Open
CL03195,S003437,13497,Late Delivery,Under Review
CL03196,S062840,12291,Damage,Closed
CL03197,S089735,11631,Lost Container,Closed
CL03198,S087236,7521,Damage,Under Review
CL03199,S066314,12634,Customs Issue,Closed
CL03200,S034674,4099,Lost Container,Under Review
CL03201,S044870,12848,Customs Issue,Under Review
CL03202,S075403,5931,Damage,Under Review
CL03203,S044583,6871,Lost Container,Under Review
CL03204,S049062,9237,Damage,Under Review
CL03205,S019396,6506,Damage,Open
CL03206,S032029,10387,Customs Issue,Closed
CL03207,S050259,9704,Customs Issue,Closed
CL03208,S078644,7860,Damage,Open
CL03209,S063095,9601,Customs Issue,Open
CL03210,S001516,5380,Lost Container,Open
CL03211,S056712,13912,Damage,Open
CL03212,S096300,7514,Late Delivery,Open
CL03213,S024317,14512,Customs Issue,Closed
CL03214,S000022,4559,Late Delivery,Open
CL03215,S003772,564,Late Delivery,Closed
CL03216,S082198,5455,Damage,Open
CL03217,S020639,12065,Lost Container,Open
CL03218,S087460,2921,Late Delivery,Open
CL03219,S098669,6977,Customs Issue,Under Review
CL03220,S088290,6201,Lost Container,Open
CL03221,S010617,10860,Late Delivery,Open
CL03222,S016207,2310,Damage,Open
CL03223,S076113,8219,Customs Issue,Open
CL03224,S083919,9119,Damage,Open
CL03225,S050972,6108,Customs Issue,Under Review
CL03226,S060331,10412,Customs Issue,Open
CL03227,S034932,6908,Customs Issue,Closed
CL03228,S090301,5125,Lost Container,Closed
CL03229,S002648,10023,Damage,Under Review
CL03230,S021585,12208,Customs Issue,Under Review
CL03231,S053755,6453,Customs Issue,Under Review
CL03232,S051394,4329,Late Delivery,Open
CL03233,S089723,8799,Late Delivery,Open
CL03234,S066659,6754,Damage,Under Review
CL03235,S004837,13670,Damage,Under Review
CL03236,S095770,6651,Lost Container,Open
CL03237,S012537,13383,Customs Issue,Under Review
CL03238,S028882,9050,Customs Issue,Closed
CL03239,S046932,12409,Damage,Closed
CL03240,S027874,3834,Lost Container,Under Review
CL03241,S072609,8255,Lost Container,Under Review
CL03242,S080047,5033,Customs Issue,Under Review
CL03243,S012171,1922,Lost Container,Closed
CL03244,S010359,7974,Damage,Open
CL03245,S073996,5407,Customs Issue,Open
CL03246,S011759,1083,Damage,Under Review
CL03247,S003710,12068,Customs Issue,Under Review
CL03248,S066012,8294,Customs Issue,Under Review
CL03249,S043497,6787,Lost Container,Open
CL03250,S071061,14110,Damage,Under Review
CL03251,S054176,14202,Damage,Open
CL03252,S092453,10594,Late Delivery,Closed
CL03253,S097729,13523,Lost Container,Open
CL03254,S048432,8846,Damage,Under Review
CL03255,S090255,9759,Customs Issue,Open
CL03256,S005386,11355,Customs Issue,Open
CL03257,S036236,2461,Lost Container,Under Review
CL03258,S071614,2766,Lost Container,Under Review
CL03259,S046817,7281,Damage,Under Review
CL03260,S026816,10857,Damage,Under Review
CL03261,S049014,6117,Customs Issue,Under Review
CL03262,S047767,12335,Customs Issue,Under Review
CL03263,S046195,8040,Customs Issue,Open
CL03264,S072241,11699,Damage,Closed
CL03265,S040942,5101,Customs Issue,Open
CL03266,S062332,9341,Late Delivery,Under Review
CL03267,S041087,992,Damage,Open
CL03268,S072515,11150,Lost Container,Under Review
CL03269,S035957,14264,Late Delivery,Closed
CL03270,S012385,9681,Damage,Open
CL03271,S039104,13868,Damage,Closed
CL03272,S036429,8327,Late Delivery,Closed
CL03273,S041594,7888,Late Delivery,Under Review
CL03274,S061608,1030,Customs Issue,Under Review
CL03275,S025819,5316,Customs Issue,Under Review
CL03276,S081975,10114,Damage,Closed
CL03277,S087053,4133,Customs Issue,Closed
CL03278,S016536,9209,Lost Container,Open
CL03279,S025305,13224,Customs Issue,Open
CL03280,S001839,3127,Lost Container,Closed
CL03281,S036649,2444,Lost Container,Under Review
CL03282,S068297,12632,Late Delivery,Closed
CL03283,S044376,13889,Damage,Closed
CL03284,S096054,13946,Damage,Open
CL03285,S077253,3356,Lost Container,Open
CL03286,S073107,9821,Lost Container,Open
CL03287,S086865,5820,Lost Container,Open
CL03288,S020456,6463,Lost Container,Open
CL03289,S021360,7859,Lost Container,Open
CL03290,S053083,12914,Late Delivery,Closed
CL03291,S089158,13441,Damage,Open
CL03292,S079349,7227,Damage,Open
CL03293,S004737,7273,Late Delivery,Open
CL03294,S084458,13849,Customs Issue,Under Review
CL03295,S064371,7252,Lost Container,Under Review
CL03296,S034246,3465,Late Delivery,Open
CL03297,S060859,6308,Customs Issue,Closed
CL03298,S051844,13782,Late Delivery,Under Review
CL03299,S053335,2306,Late Delivery,Under Review
CL03300,S024652,13156,Damage,Under Review
CL03301,S011586,12016,Customs Issue,Closed
CL03302,S015530,4955,Late Delivery,Closed
CL03303,S083053,11515,Damage,Closed
CL03304,S005087,2443,Damage,Open
CL03305,S023224,9043,Lost Container,Open
CL03306,S097323,7560,Damage,Closed
CL03307,S065342,14866,Damage,Closed
CL03308,S069544,5084,Lost Container,Under Review
CL03309,S018648,3383,Late Delivery,Closed
CL03310,S024543,8173,Damage,Under Review
CL03311,S032503,2121,Lost Container,Open
CL03312,S030500,13414,Lost Container,Open
CL03313,S025938,13725,Customs Issue,Under Review
CL03314,S081977,12950,Late Delivery,Under Review
CL03315,S099024,7226,Damage,Open
CL03316,S068906,1625,Damage,Open
CL03317,S035374,12427,Customs Issue,Open
CL03318,S008442,842,Lost Container,Under Review
CL03319,S089729,13768,Damage,Under Review
CL03320,S060179,11109,Late Delivery,Open
CL03321,S057920,8488,Customs Issue,Open
CL03322,S076283,11283,Late Delivery,Closed
CL03323,S018119,6689,Late Delivery,Closed
CL03324,S088289,6054,Lost Container,Closed
CL03325,S098739,3478,Late Delivery,Open
CL03326,S068982,8373,Lost Container,Under Review
CL03327,S067312,6767,Damage,Open
CL03328,S091613,11431,Customs Issue,Under Review
CL03329,S059948,5785,Customs Issue,Closed
CL03330,S001727,11870,Customs Issue,Open
CL03331,S020565,7435,Lost Container,Under Review
CL03332,S068816,12334,Customs Issue,Closed
CL03333,S089908,6444,Customs Issue,Closed
CL03334,S067566,7471,Damage,Open
CL03335,S061495,517,Lost Container,Open
CL03336,S012300,11087,Damage,Closed
CL03337,S062251,10215,Lost Container,Closed
CL03338,S059772,11167,Late Delivery,Closed
CL03339,S067815,12688,Lost Container,Closed
CL03340,S055005,9171,Damage,Closed
CL03341,S088909,12713,Damage,Closed
CL03342,S015112,7393,Customs Issue,Open
CL03343,S051135,3074,Customs Issue,Closed
CL03344,S071054,9296,Late Delivery,Closed
CL03345,S003310,12899,Late Delivery,Closed
CL03346,S001144,6816,Late Delivery,Under Review
CL03347,S033183,11441,Late Delivery,Closed
CL03348,S042568,9413,Late Delivery,Under Review
CL03349,S053158,12541,Lost Container,Under Review
CL03350,S093619,8904,Damage,Under Review
CL03351,S004536,13961,Late Delivery,Open
CL03352,S027436,9493,Customs Issue,Under Review
CL03353,S069678,7593,Late Delivery,Under Review
CL03354,S019287,3561,Late Delivery,Open
CL03355,S080117,3715,Lost Container,Closed
CL03356,S018686,9886,Late Delivery,Closed
CL03357,S056305,4078,Late Delivery,Under Review
CL03358,S080110,3943,Lost Container,Open
CL03359,S045809,683,Late Delivery,Under Review
CL03360,S075429,6947,Customs Issue,Under Review
CL03361,S082381,12932,Damage,Under Review
CL03362,S053866,972,Lost Container,Closed
CL03363,S090475,7909,Late Delivery,Closed
CL03364,S093376,10198,Lost Container,Closed
CL03365,S067670,4246,Late Delivery,Open
CL03366,S022371,8919,Damage,Closed
CL03367,S060328,7614,Customs Issue,Under Review
CL03368,S087774,8404,Customs Issue,Closed
CL03369,S036720,14738,Late Delivery,Closed
CL03370,S059322,14579,Late Delivery,Open
CL03371,S066927,7573,Damage,Open
CL03372,S096387,10858,Lost Container,Closed
CL03373,S056990,5940,Lost Container,Closed
CL03374,S062013,11816,Damage,Under Review
CL03375,S024804,14904,Lost Container,Open
CL03376,S057962,2255,Customs Issue,Open
CL03377,S063349,7112,Late Delivery,Closed
CL03378,S008691,8256,Customs Issue,Open
CL03379,S074397,1564,Damage,Under Review
CL03380,S053560,13952,Lost Container,Open
CL03381,S057782,593,Customs Issue,Closed
CL03382,S029828,7699,Damage,Under Review
CL03383,S042254,10731,Late Delivery,Under Review
CL03384,S083699,8472,Late Delivery,Under Review
CL03385,S088935,4570,Lost Container,Under Review
CL03386,S046532,4284,Lost Container,Closed
CL03387,S083910,9010,Lost Container,Under Review
CL03388,S062722,9882,Late Delivery,Under Review
CL03389,S093451,1355,Late Delivery,Closed
CL03390,S063759,10275,Customs Issue,Closed
CL03391,S025723,7098,Customs Issue,Open
CL03392,S079816,8281,Late Delivery,Under Review
CL03393,S021458,12240,Lost Container,Under Review
CL03394,S021748,8922,Lost Container,Closed
CL03395,S077430,11010,Damage,Open
CL03396,S086776,1547,Customs Issue,Under Review
CL03397,S004230,3033,Late Delivery,Closed
CL03398,S041492,1997,Late Delivery,Closed
CL03399,S063045,7911,Lost Container,Under Review
CL03400,S092201,5583,Lost Container,Closed
CL03401,S010941,4322,Late Delivery,Open
CL03402,S049188,12715,Late Delivery,Closed
CL03403,S038315,13032,Customs Issue,Under Review
CL03404,S079828,4083,Customs Issue,Under Review
CL03405,S077091,10476,Lost Container,Under Review
CL03406,S039592,4484,Lost Container,Closed
CL03407,S090626,12271,Customs Issue,Open
CL03408,S047851,8625,Late Delivery,Closed
CL03409,S092118,10819,Late Delivery,Under Review
CL03410,S082193,4138,Damage,Under Review
CL03411,S093766,12307,Customs Issue,Open
CL03412,S034519,14383,Lost Container,Under Review
CL03413,S039420,5845,Lost Container,Under Review
CL03414,S007342,4049,Lost Container,Open
CL03415,S013690,7878,Lost Container,Closed
CL03416,S069039,2532,Late Delivery,Under Review
CL03417,S020621,6860,Lost Container,Under Review
CL03418,S091703,12916,Late Delivery,Open
CL03419,S015343,11533,Late Delivery,Under Review
CL03420,S071467,561,Lost Container,Open
CL03421,S026041,11329,Damage,Under Review
CL03422,S011995,7550,Late Delivery,Under Review
CL03423,S070168,1296,Customs Issue,Under Review
CL03424,S023100,14293,Late Delivery,Under Review
CL03425,S078474,11465,Lost Container,Open
CL03426,S026920,4686,Customs Issue,Closed
CL03427,S092168,12019,Late Delivery,Closed
CL03428,S038155,14145,Customs Issue,Under Review
CL03429,S013898,11355,Customs Issue,Under Review
CL03430,S088938,6596,Lost Container,Closed
CL03431,S076850,13403,Lost Container,Under Review
CL03432,S029503,1325,Customs Issue,Open
CL03433,S085105,5910,Late Delivery,Closed
CL03434,S094390,618,Lost Container,Under Review
CL03435,S090066,14513,Lost Container,Under Review
CL03436,S028737,8161,Lost Container,Closed
CL03437,S025403,5729,Lost Container,Under Review
CL03438,S010853,12906,Late Delivery,Closed
CL03439,S089402,4263,Damage,Under Review
CL03440,S037145,6111,Lost Container,Closed
CL03441,S039421,13051,Late Delivery,Under Review
CL03442,S005399,9881,Lost Container,Open
CL03443,S066082,13054,Damage,Under Review
CL03444,S065191,8383,Customs Issue,Under Review
CL03445,S021058,2318,Lost Container,Open
CL03446,S042724,13333,Lost Container,Closed
CL03447,S045916,12859,Customs Issue,Closed
CL03448,S077254,8919,Damage,Open
CL03449,S088470,1187,Customs Issue,Under Review
CL03450,S035336,6968,Late Delivery,Closed
CL03451,S014813,3533,Late Delivery,Open
CL03452,S064228,2208,Damage,Closed
CL03453,S023545,8878,Lost Container,Under Review
CL03454,S030431,5541,Damage,Under Review
CL03455,S098376,5826,Late Delivery,Closed
CL03456,S054047,3467,Customs Issue,Closed
CL03457,S098489,5522,Customs Issue,Open
CL03458,S063889,12472,Customs Issue,Closed
CL03459,S046841,8994,Damage,Open
CL03460,S034383,13021,Customs Issue,Under Review
CL03461,S003324,10736,Customs Issue,Open
CL03462,S087179,5003,Customs Issue,Open
CL03463,S030044,10660,Damage,Closed
CL03464,S000771,13206,Damage,Closed
CL03465,S054302,8941,Customs Issue,Open
CL03466,S018698,865,Customs Issue,Open
CL03467,S013510,14047,Customs Issue,Under Review
CL03468,S015456,5890,Damage,Open
CL03469,S092548,10350,Customs Issue,Under Review
CL03470,S067390,11878,Damage,Open
CL03471,S059593,670,Customs Issue,Closed
CL03472,S045289,9898,Late Delivery,Closed
CL03473,S065235,3884,Lost Container,Open
CL03474,S005827,5708,Customs Issue,Under Review
CL03475,S008654,10474,Customs Issue,Under Review
CL03476,S002998,10938,Lost Container,Open
CL03477,S056241,7483,Lost Container,Under Review
CL03478,S036679,14100,Customs Issue,Closed
CL03479,S074764,4977,Late Delivery,Open
CL03480,S070218,7255,Lost Container,Under Review
CL03481,S069459,11733,Customs Issue,Open
CL03482,S080861,11148,Lost Container,Under Review
CL03483,S027395,9376,Lost Container,Open
CL03484,S010597,14510,Customs Issue,Under Review
CL03485,S075037,13555,Customs Issue,Open
CL03486,S086125,4906,Lost Container,Open
CL03487,S098644,3522,Lost Container,Under Review
CL03488,S012478,9550,Late Delivery,Under Review
CL03489,S044955,2426,Late Delivery,Under Review
CL03490,S053414,5740,Damage,Closed
CL03491,S032459,7615,Damage,Closed
CL03492,S038063,6616,Late Delivery,Under Review
CL03493,S053454,9817,Late Delivery,Closed
CL03494,S053552,12799,Damage,Under Review
CL03495,S044001,10576,Customs Issue,Open
CL03496,S021943,11447,Lost Container,Open
CL03497,S006080,2754,Customs Issue,Under Review
CL03498,S028013,1235,Customs Issue,Closed
CL03499,S013869,3613,Late Delivery,Open
CL03500,S006099,11034,Late Delivery,Open
CL03501,S055317,9390,Customs Issue,Closed
CL03502,S096502,5093,Late Delivery,Closed
CL03503,S099505,7238,Lost Container,Under Review
CL03504,S057151,7738,Late Delivery,Open
CL03505,S048567,3985,Late Delivery,Open
CL03506,S057658,5650,Customs Issue,Under Review
CL03507,S087029,888,Damage,Open
CL03508,S051263,2311,Late Delivery,Open
CL03509,S077825,14232,Customs Issue,Open
CL03510,S037249,13438,Lost Container,Under Review
CL03511,S019846,1618,Customs Issue,Open
CL03512,S009798,1502,Lost Container,Closed
CL03513,S092617,7401,Late Delivery,Open
CL03514,S078739,10191,Customs Issue,Under Review
CL03515,S045031,11673,Late Delivery,Closed
CL03516,S042865,5629,Customs Issue,Open
CL03517,S056674,12103,Lost Container,Closed
CL03518,S086414,10242,Lost Container,Closed
CL03519,S088191,11304,Lost Container,Open
CL03520,S039221,10084,Late Delivery,Closed
CL03521,S043605,13790,Damage,Under Review
CL03522,S075584,14704,Late Delivery,Open
CL03523,S077766,13559,Damage,Closed
CL03524,S033181,1441,Customs Issue,Closed
CL03525,S029777,9919,Lost Container,Open
CL03526,S008471,3100,Late Delivery,Under Review
CL03527,S099914,13234,Lost Container,Open
CL03528,S098161,4477,Late Delivery,Open
CL03529,S069988,5582,Lost Container,Closed
CL03530,S017354,3988,Customs Issue,Open
CL03531,S095423,4916,Damage,Closed
CL03532,S086037,3704,Customs Issue,Open
CL03533,S020318,14387,Damage,Closed
CL03534,S054437,12559,Late Delivery,Under Review
CL03535,S066217,10147,Lost Container,Under Review
CL03536,S096202,7753,Customs Issue,Open
CL03537,S090473,9364,Late Delivery,Closed
CL03538,S079275,3002,Late Delivery,Under Review
CL03539,S085174,2522,Customs Issue,Closed
CL03540,S014278,2490,Lost Container,Under Review
CL03541,S011164,3154,Damage,Under Review
CL03542,S081682,3970,Customs Issue,Closed
CL03543,S095613,12817,Customs Issue,Under Review
CL03544,S094100,9152,Customs Issue,Open
CL03545,S089974,9331,Customs Issue,Closed
CL03546,S071800,7919,Late Delivery,Open
CL03547,S003588,4946,Late Delivery,Closed
CL03548,S059407,11132,Customs Issue,Open
CL03549,S050290,3634,Lost Container,Under Review
CL03550,S060617,5062,Customs Issue,Under Review
CL03551,S094981,11440,Damage,Open
CL03552,S035354,13289,Lost Container,Closed
CL03553,S040373,588,Damage,Closed
CL03554,S033064,1754,Customs Issue,Under Review
CL03555,S035573,10822,Damage,Closed
CL03556,S046346,13162,Lost Container,Under Review
CL03557,S091017,13439,Lost Container,Open
CL03558,S046033,2645,Damage,Under Review
CL03559,S022393,4892,Damage,Under Review
CL03560,S000058,10428,Damage,Closed
CL03561,S037157,8976,Late Delivery,Open
CL03562,S050331,11692,Damage,Closed
CL03563,S095897,1832,Damage,Open
CL03564,S038636,4450,Customs Issue,Under Review
CL03565,S065117,10539,Late Delivery,Open
CL03566,S043145,797,Late Delivery,Open
CL03567,S095476,6824,Lost Container,Under Review
CL03568,S004927,10518,Late Delivery,Open
CL03569,S060247,6991,Late Delivery,Closed
CL03570,S093272,5079,Customs Issue,Closed
CL03571,S098872,3936,Late Delivery,Open
CL03572,S051229,13674,Damage,Closed
CL03573,S066851,12122,Damage,Open
CL03574,S049738,7513,Damage,Closed
CL03575,S050021,10076,Customs Issue,Open
CL03576,S054054,1024,Damage,Closed
CL03577,S035932,6163,Customs Issue,Under Review
CL03578,S080210,8589,Late Delivery,Open
CL03579,S075821,2207,Customs Issue,Open
CL03580,S060133,8762,Customs Issue,Open
CL03581,S097834,12315,Customs Issue,Open
CL03582,S053258,13077,Late Delivery,Under Review
CL03583,S069229,7769,Damage,Open
CL03584,S035003,11971,Damage,Under Review
CL03585,S078375,2326,Late Delivery,Open
CL03586,S094798,8587,Damage,Under Review
CL03587,S060760,5348,Late Delivery,Open
CL03588,S089987,13057,Lost Container,Closed
CL03589,S026490,12144,Damage,Closed
CL03590,S060309,2596,Lost Container,Closed
CL03591,S060600,5565,Lost Container,Open
CL03592,S021428,3405,Late Delivery,Open
CL03593,S073136,12325,Customs Issue,Under Review
CL03594,S079294,12285,Late Delivery,Closed
CL03595,S064863,13356,Lost Container,Closed
CL03596,S027446,3409,Lost Container,Open
CL03597,S008651,5573,Customs Issue,Open
CL03598,S093914,11609,Customs Issue,Open
CL03599,S049127,7791,Damage,Under Review
CL03600,S094212,2264,Damage,Open
CL03601,S015461,1118,Late Delivery,Open
CL03602,S073380,5684,Late Delivery,Under Review
CL03603,S026364,9014,Damage,Under Review
CL03604,S048911,13125,Late Delivery,Closed
CL03605,S025094,2279,Late Delivery,Under Review
CL03606,S006464,7514,Late Delivery,Open
CL03607,S087501,6217,Damage,Open
CL03608,S034151,12751,Customs Issue,Open
CL03609,S049719,2285,Customs Issue,Closed
CL03610,S016938,8007,Lost Container,Closed
CL03611,S054915,6090,Lost Container,Under Review
CL03612,S076803,4781,Customs Issue,Closed
CL03613,S056219,5065,Late Delivery,Closed
CL03614,S042852,14046,Customs Issue,Under Review
CL03615,S010447,10248,Lost Container,Open
CL03616,S001478,13036,Customs Issue,Open
CL03617,S004154,4091,Lost Container,Under Review
CL03618,S044619,6288,Damage,Closed
CL03619,S016454,7927,Late Delivery,Closed
CL03620,S096113,790,Late Delivery,Open
CL03621,S071236,11419,Lost Container,Open
CL03622,S051172,9001,Lost Container,Closed
CL03623,S049881,14021,Lost Container,Under Review
CL03624,S015500,14078,Lost Container,Open
CL03625,S019877,7023,Customs Issue,Closed
CL03626,S099639,13493,Lost Container,Under Review
CL03627,S058091,9266,Customs Issue,Under Review
CL03628,S005342,14041,Customs Issue,Closed
CL03629,S032164,1415,Lost Container,Closed
CL03630,S064093,13880,Lost Container,Under Review
CL03631,S081808,14906,Late Delivery,Closed
CL03632,S025847,9660,Customs Issue,Under Review
CL03633,S064268,14856,Damage,Closed
CL03634,S055631,6211,Damage,Under Review
CL03635,S069114,6797,Lost Container,Open
CL03636,S007484,12604,Lost Container,Under Review
CL03637,S025776,5063,Damage,Closed
CL03638,S039120,5030,Damage,Closed
CL03639,S019654,14449,Late Delivery,Under Review
CL03640,S028455,8503,Late Delivery,Open
CL03641,S014482,12325,Customs Issue,Under Review
CL03642,S063570,10042,Customs Issue,Open
CL03643,S051431,6101,Lost Container,Open
CL03644,S013634,2743,Late Delivery,Open
CL03645,S019664,9285,Lost Container,Open
CL03646,S077071,3733,Customs Issue,Closed
CL03647,S072287,2635,Customs Issue,Under Review
CL03648,S064403,6218,Customs Issue,Open
CL03649,S033839,9484,Damage,Closed
CL03650,S092847,11590,Lost Container,Open
CL03651,S054333,1247,Customs Issue,Open
CL03652,S009772,10181,Damage,Under Review
CL03653,S068540,6019,Late Delivery,Closed
CL03654,S059511,3837,Late Delivery,Closed
CL03655,S067302,13505,Damage,Closed
CL03656,S026197,2872,Customs Issue,Open
CL03657,S046526,12784,Lost Container,Under Review
CL03658,S081526,10994,Customs Issue,Closed
CL03659,S079008,12681,Customs Issue,Closed
CL03660,S026693,13555,Damage,Under Review
CL03661,S081110,14762,Late Delivery,Open
CL03662,S036099,12495,Lost Container,Closed
CL03663,S059535,6472,Damage,Open
CL03664,S081849,7654,Lost Container,Open
CL03665,S097440,853,Customs Issue,Open
CL03666,S019957,2071,Damage,Closed
CL03667,S037313,14242,Customs Issue,Open
CL03668,S095049,10763,Damage,Open
CL03669,S057579,12406,Lost Container,Open
CL03670,S063845,11435,Late Delivery,Under Review
CL03671,S091299,5571,Customs Issue,Under Review
CL03672,S090606,13683,Damage,Closed
CL03673,S013824,2659,Damage,Under Review
CL03674,S021775,11429,Damage,Under Review
CL03675,S072871,2402,Late Delivery,Under Review
CL03676,S093454,12748,Lost Container,Open
CL03677,S036426,5554,Damage,Open
CL03678,S030929,2289,Lost Container,Closed
CL03679,S011538,12673,Late Delivery,Under Review
CL03680,S003686,11591,Lost Container,Open
CL03681,S051063,12975,Customs Issue,Open
CL03682,S035845,4766,Late Delivery,Under Review
CL03683,S001355,5507,Customs Issue,Under Review
CL03684,S033249,14295,Damage,Open
CL03685,S014446,14845,Lost Container,Under Review
CL03686,S014871,6603,Customs Issue,Under Review
CL03687,S047614,1645,Damage,Open
CL03688,S007573,7322,Late Delivery,Open
CL03689,S060406,1067,Lost Container,Open
CL03690,S091643,13760,Lost Container,Open
CL03691,S037900,14472,Damage,Under Review
CL03692,S006127,11478,Customs Issue,Under Review
CL03693,S091883,1694,Lost Container,Closed
CL03694,S033702,4134,Late Delivery,Closed
CL03695,S065778,13269,Damage,Under Review
CL03696,S027918,8098,Lost Container,Open
CL03697,S052918,1916,Late Delivery,Under Review
CL03698,S073664,825,Lost Container,Closed
CL03699,S035477,8334,Damage,Open
CL03700,S065158,7537,Damage,Open
CL03701,S018453,14266,Lost Container,Under Review
CL03702,S053402,8076,Damage,Open
CL03703,S085850,5744,Customs Issue,Under Review
CL03704,S096254,9810,Damage,Closed
CL03705,S028249,13718,Damage,Open
CL03706,S086787,9530,Damage,Under Review
CL03707,S062590,8563,Lost Container,Under Review
CL03708,S045321,13161,Lost Container,Closed
CL03709,S030997,1696,Late Delivery,Open
CL03710,S093038,1116,Late Delivery,Under Review
CL03711,S052331,6679,Customs Issue,Under Review
CL03712,S025655,8446,Late Delivery,Open
CL03713,S047693,6773,Late Delivery,Open
CL03714,S001743,924,Late Delivery,Closed
CL03715,S017925,923,Damage,Under Review
CL03716,S099428,12180,Lost Container,Closed
CL03717,S092792,4833,Late Delivery,Under Review
CL03718,S081446,13055,Customs Issue,Under Review
CL03719,S025078,4347,Late Delivery,Open
CL03720,S017710,6402,Lost Container,Closed
CL03721,S039066,12278,Damage,Open
CL03722,S026664,13442,Lost Container,Closed
CL03723,S006448,1660,Customs Issue,Open
CL03724,S061974,5286,Damage,Closed
CL03725,S069254,10410,Lost Container,Closed
CL03726,S099135,9084,Damage,Closed
CL03727,S044496,14510,Lost Container,Open
CL03728,S077663,5980,Late Delivery,Under Review
CL03729,S087972,12874,Late Delivery,Under Review
CL03730,S074743,11428,Damage,Open
CL03731,S057352,1589,Damage,Open
CL03732,S006710,9563,Damage,Open
CL03733,S035939,12954,Damage,Closed
CL03734,S067482,8458,Late Delivery,Under Review
CL03735,S005120,13801,Customs Issue,Closed
CL03736,S093897,11934,Customs Issue,Under Review
CL03737,S023659,6428,Damage,Closed
CL03738,S045970,1066,Damage,Closed
CL03739,S087120,5692,Lost Container,Closed
CL03740,S085627,6355,Customs Issue,Under Review
CL03741,S004265,14814,Late Delivery,Under Review
CL03742,S082324,14658,Customs Issue,Closed
CL03743,S006879,14128,Lost Container,Closed
CL03744,S059832,5733,Damage,Under Review
CL03745,S019629,13155,Late Delivery,Under Review
CL03746,S031927,11878,Late Delivery,Under Review
CL03747,S056253,5646,Customs Issue,Under Review
CL03748,S068229,8932,Late Delivery,Closed
CL03749,S074891,10927,Damage,Under Review
CL03750,S005639,3469,Damage,Open
CL03751,S094602,9228,Late Delivery,Closed
CL03752,S090468,2255,Lost Container,Under Review
CL03753,S057291,12293,Damage,Under Review
CL03754,S024438,6094,Late Delivery,Under Review
CL03755,S023895,11455,Damage,Open
CL03756,S053317,6711,Late Delivery,Open
CL03757,S053626,6558,Lost Container,Closed
CL03758,S016308,11508,Lost Container,Closed
CL03759,S006830,5111,Damage,Closed
CL03760,S054940,12512,Late Delivery,Open
CL03761,S070718,14185,Lost Container,Closed
CL03762,S078370,10225,Late Delivery,Under Review
CL03763,S078774,3940,Late Delivery,Open
CL03764,S011027,11387,Late Delivery,Under Review
CL03765,S087951,9746,Late Delivery,Under Review
CL03766,S046016,13253,Lost Container,Under Review
CL03767,S001771,7275,Damage,Under Review
CL03768,S014296,12613,Damage,Closed
CL03769,S077340,3644,Lost Container,Closed
CL03770,S050625,5984,Damage,Under Review
CL03771,S024478,9644,Lost Container,Under Review
CL03772,S074009,13936,Customs Issue,Open
CL03773,S054747,9492,Lost Container,Under Review
CL03774,S022008,10043,Customs Issue,Open
CL03775,S026267,6072,Customs Issue,Closed
CL03776,S053979,8148,Damage,Under Review
CL03777,S016171,3132,Late Delivery,Under Review
CL03778,S068446,2070,Lost Container,Under Review
CL03779,S077854,7470,Customs Issue,Under Review
CL03780,S090803,1661,Lost Container,Under Review
CL03781,S066807,9526,Damage,Open
CL03782,S067886,4814,Customs Issue,Open
CL03783,S005153,7059,Late Delivery,Closed
CL03784,S001749,7528,Customs Issue,Open
CL03785,S074733,6940,Customs Issue,Closed
CL03786,S096985,14952,Damage,Closed
CL03787,S038215,14616,Damage,Closed
CL03788,S093800,11366,Lost Container,Open
CL03789,S058795,1674,Damage,Open
CL03790,S073100,9944,Customs Issue,Open
CL03791,S008602,4005,Lost Container,Under Review
CL03792,S003775,7804,Lost Container,Open
CL03793,S071434,11968,Late Delivery,Open
CL03794,S044924,11583,Damage,Under Review
CL03795,S084514,3362,Lost Container,Open
CL03796,S084384,1432,Late Delivery,Closed
CL03797,S063764,12797,Late Delivery,Open
CL03798,S043908,1410,Customs Issue,Open
CL03799,S064016,11408,Customs Issue,Closed
CL03800,S039140,2667,Lost Container,Open
CL03801,S067774,12675,Customs Issue,Under Review
CL03802,S036779,533,Damage,Open
CL03803,S040069,13809,Late Delivery,Open
CL03804,S036834,1442,Lost Container,Open
CL03805,S063252,4431,Damage,Under Review
CL03806,S089873,2177,Lost Container,Closed
CL03807,S042008,7200,Damage,Closed
CL03808,S051781,6470,Late Delivery,Under Review
CL03809,S020667,9548,Customs Issue,Open
CL03810,S023809,12262,Lost Container,Under Review
CL03811,S048191,11653,Late Delivery,Under Review
CL03812,S031969,1951,Damage,Closed
CL03813,S060803,4551,Customs Issue,Under Review
CL03814,S092632,7913,Lost Container,Under Review
CL03815,S065262,5452,Damage,Closed
CL03816,S015597,13289,Damage,Open
CL03817,S044341,9462,Late Delivery,Closed
CL03818,S053905,1549,Customs Issue,Open
CL03819,S010035,2540,Lost Container,Open
CL03820,S095668,3732,Lost Container,Open
CL03821,S029706,9691,Customs Issue,Closed
CL03822,S032780,2778,Customs Issue,Open
CL03823,S017319,1453,Lost Container,Under Review
CL03824,S023410,4786,Lost Container,Open
CL03825,S023907,734,Lost Container,Under Review
CL03826,S065698,9409,Customs Issue,Under Review
CL03827,S014143,7237,Late Delivery,Under Review
CL03828,S044247,11912,Customs Issue,Closed
CL03829,S086908,14040,Customs Issue,Open
CL03830,S062328,8450,Late Delivery,Closed
CL03831,S040361,10948,Lost Container,Closed
CL03832,S001696,12063,Damage,Closed
CL03833,S049267,5414,Late Delivery,Open
CL03834,S053327,11022,Late Delivery,Open
CL03835,S051994,12305,Lost Container,Under Review
CL03836,S001867,9368,Customs Issue,Under Review
CL03837,S084855,4173,Lost Container,Closed
CL03838,S026200,4729,Customs Issue,Closed
CL03839,S024974,10189,Customs Issue,Closed
CL03840,S036016,6553,Late Delivery,Closed
CL03841,S035160,13193,Customs Issue,Open
CL03842,S043627,13660,Late Delivery,Closed
CL03843,S080471,13469,Late Delivery,Under Review
CL03844,S042410,7357,Customs Issue,Closed
CL03845,S071608,14553,Customs Issue,Open
CL03846,S089391,3650,Customs Issue,Under Review
CL03847,S012766,4252,Lost Container,Closed
CL03848,S071803,7053,Late Delivery,Under Review
CL03849,S090826,14143,Lost Container,Open
CL03850,S065388,6323,Lost Container,Closed
CL03851,S041431,3124,Late Delivery,Under Review
CL03852,S065790,13064,Damage,Closed
CL03853,S044324,13848,Late Delivery,Open
CL03854,S052025,13511,Lost Container,Open
CL03855,S012468,5897,Lost Container,Under Review
CL03856,S058488,14755,Lost Container,Open
CL03857,S040818,12116,Customs Issue,Open
CL03858,S046266,11667,Customs Issue,Closed
CL03859,S016687,11153,Late Delivery,Open
CL03860,S094166,8730,Late Delivery,Under Review
CL03861,S055899,5440,Lost Container,Under Review
CL03862,S027004,984,Late Delivery,Open
CL03863,S038846,8924,Customs Issue,Under Review
CL03864,S043720,7138,Damage,Under Review
CL03865,S076951,9781,Lost Container,Open
CL03866,S064042,5727,Lost Container,Under Review
CL03867,S041776,10524,Lost Container,Open
CL03868,S073838,7687,Damage,Under Review
CL03869,S098189,1639,Lost Container,Open
CL03870,S097907,12881,Damage,Closed
CL03871,S019109,3474,Customs Issue,Closed
CL03872,S061039,6575,Customs Issue,Closed
CL03873,S008739,11084,Damage,Under Review
CL03874,S050860,2782,Lost Container,Open
CL03875,S097293,10821,Lost Container,Open
CL03876,S089841,14521,Late Delivery,Under Review
CL03877,S073154,13295,Damage,Under Review
CL03878,S023380,2322,Damage,Under Review
CL03879,S098314,9076,Customs Issue,Open
CL03880,S061858,9513,Late Delivery,Under Review
CL03881,S055239,4252,Late Delivery,Under Review
CL03882,S031549,4681,Damage,Open
CL03883,S026190,9468,Late Delivery,Closed
CL03884,S084530,6138,Damage,Under Review
CL03885,S048758,6197,Customs Issue,Under Review
CL03886,S003861,3076,Late Delivery,Under Review
CL03887,S025243,4230,Late Delivery,Open
CL03888,S058058,9545,Damage,Closed
CL03889,S092373,12559,Damage,Under Review
CL03890,S056290,14196,Customs Issue,Closed
CL03891,S004692,3450,Damage,Open
CL03892,S070361,14433,Lost Container,Under Review
CL03893,S067540,9792,Damage,Closed
CL03894,S066979,756,Lost Container,Under Review
CL03895,S041371,5552,Customs Issue,Closed
CL03896,S097303,6503,Customs Issue,Open
CL03897,S091784,13156,Damage,Under Review
CL03898,S014171,10513,Lost Container,Open
CL03899,S051568,2305,Customs Issue,Closed
CL03900,S018521,4274,Customs Issue,Under Review
CL03901,S022899,12738,Late Delivery,Open
CL03902,S030357,6472,Late Delivery,Closed
CL03903,S093074,2701,Lost Container,Under Review
CL03904,S027179,8291,Customs Issue,Closed
CL03905,S092002,9513,Lost Container,Under Review
CL03906,S008640,13627,Customs Issue,Open
CL03907,S040168,7415,Customs Issue,Under Review
CL03908,S001263,9021,Customs Issue,Under Review
CL03909,S053326,14925,Late Delivery,Under Review
CL03910,S066843,1391,Customs Issue,Under Review
CL03911,S035532,802,Lost Container,Under Review
CL03912,S092893,12422,Late Delivery,Under Review
CL03913,S035441,11016,Lost Container,Under Review
CL03914,S088134,3298,Customs Issue,Closed
CL03915,S096443,11678,Lost Container,Open
CL03916,S090119,552,Customs Issue,Closed
CL03917,S069481,1406,Late Delivery,Under Review
CL03918,S076437,1854,Customs Issue,Closed
CL03919,S024407,14134,Lost Container,Closed
CL03920,S064868,6485,Lost Container,Closed
CL03921,S055934,9562,Damage,Under Review
CL03922,S082182,3167,Lost Container,Under Review
CL03923,S086167,771,Customs Issue,Closed
CL03924,S066352,9415,Damage,Closed
CL03925,S093813,6047,Lost Container,Open
CL03926,S026433,11402,Customs Issue,Under Review
CL03927,S015356,1343,Late Delivery,Closed
CL03928,S087576,1175,Lost Container,Closed
CL03929,S013435,986,Damage,Open
CL03930,S083551,13842,Lost Container,Under Review
CL03931,S031381,4430,Lost Container,Under Review
CL03932,S019984,4008,Customs Issue,Open
CL03933,S039882,11259,Late Delivery,Closed
CL03934,S003849,11360,Customs Issue,Under Review
CL03935,S074185,9485,Damage,Open
CL03936,S017842,1572,Damage,Closed
CL03937,S006163,5223,Late Delivery,Under Review
CL03938,S049666,13491,Damage,Closed
CL03939,S084177,4651,Late Delivery,Under Review
CL03940,S076157,9087,Lost Container,Closed
CL03941,S039031,4452,Damage,Open
CL03942,S090697,1446,Late Delivery,Under Review
CL03943,S024544,9451,Late Delivery,Closed
CL03944,S036411,9120,Late Delivery,Closed
CL03945,S081765,7391,Damage,Open
CL03946,S061313,9277,Customs Issue,Open
CL03947,S075270,13631,Damage,Under Review
CL03948,S093837,5883,Lost Container,Closed
CL03949,S090947,7660,Lost Container,Open
CL03950,S095353,13354,Late Delivery,Open
CL03951,S033449,7314,Late Delivery,Open
CL03952,S052622,4309,Customs Issue,Open
CL03953,S042916,14138,Late Delivery,Closed
CL03954,S065284,3025,Damage,Closed
CL03955,S070971,1382,Customs Issue,Under Review
CL03956,S094338,12566,Lost Container,Under Review
CL03957,S002000,13817,Lost Container,Open
CL03958,S059894,12685,Customs Issue,Under Review
CL03959,S010642,5375,Damage,Closed
CL03960,S093966,1707,Lost Container,Closed
CL03961,S092866,10365,Damage,Open
CL03962,S070596,1217,Late Delivery,Closed
CL03963,S096079,7033,Lost Container,Closed
CL03964,S038733,2483,Late Delivery,Under Review
CL03965,S027888,6431,Late Delivery,Under Review
CL03966,S051220,9032,Damage,Under Review
CL03967,S055087,7190,Lost Container,Open
CL03968,S009246,5149,Late Delivery,Open
CL03969,S084256,5315,Customs Issue,Under Review
CL03970,S014890,5564,Lost Container,Open
CL03971,S001285,8427,Lost Container,Under Review
CL03972,S019634,7740,Customs Issue,Under Review
CL03973,S034930,5233,Damage,Closed
CL03974,S063289,8857,Lost Container,Closed
CL03975,S094120,10411,Late Delivery,Under Review
CL03976,S042660,3902,Late Delivery,Under Review
CL03977,S035915,14619,Customs Issue,Under Review
CL03978,S000091,7254,Late Delivery,Open
CL03979,S007235,1839,Customs Issue,Under Review
CL03980,S053413,10500,Late Delivery,Closed
CL03981,S078055,2778,Damage,Under Review
CL03982,S079299,4077,Customs Issue,Under Review
CL03983,S049158,9684,Late Delivery,Closed
CL03984,S087017,10405,Customs Issue,Under Review
CL03985,S024790,1357,Customs Issue,Open
CL03986,S099198,12596,Customs Issue,Under Review
CL03987,S045999,7453,Damage,Under Review
CL03988,S010815,3648,Late Delivery,Open
CL03989,S086609,8362,Lost Container,Closed
CL03990,S009053,12512,Late Delivery,Under Review
CL03991,S073467,7894,Customs Issue,Under Review
CL03992,S030572,745,Damage,Under Review
CL03993,S089549,6311,Lost Container,Under Review
CL03994,S091689,14483,Damage,Closed
CL03995,S015871,13944,Customs Issue,Open
CL03996,S033592,12226,Late Delivery,Closed
CL03997,S092775,13000,Damage,Closed
CL03998,S063577,3437,Damage,Under Review
CL03999,S063644,8203,Customs Issue,Closed
CL04000,S073496,2344,Late Delivery,Under Review
CL04001,S052098,2665,Late Delivery,Closed
CL04002,S040406,11316,Lost Container,Closed
CL04003,S068000,9901,Lost Container,Closed
CL04004,S080059,8497,Late Delivery,Closed
CL04005,S066154,3271,Customs Issue,Open
CL04006,S054140,2154,Damage,Open
CL04007,S068848,13776,Damage,Under Review
CL04008,S087924,10332,Lost Container,Under Review
CL04009,S073113,4487,Customs Issue,Under Review
CL04010,S029907,14721,Lost Container,Closed
CL04011,S006534,1178,Customs Issue,Under Review
CL04012,S035400,4632,Damage,Under Review
CL04013,S033136,12303,Customs Issue,Under Review
CL04014,S047846,12238,Customs Issue,Under Review
CL04015,S005403,9343,Customs Issue,Under Review
CL04016,S050878,4784,Lost Container,Under Review
CL04017,S015287,8360,Lost Container,Open
CL04018,S084345,7756,Lost Container,Under Review
CL04019,S033437,5234,Late Delivery,Under Review
CL04020,S091229,13048,Damage,Under Review
CL04021,S089968,11450,Customs Issue,Closed
CL04022,S027833,5022,Customs Issue,Under Review
CL04023,S057270,8829,Late Delivery,Open
CL04024,S052411,3503,Damage,Open
CL04025,S035099,8739,Lost Container,Open
CL04026,S032132,7800,Lost Container,Closed
CL04027,S002002,5588,Damage,Open
CL04028,S010183,4153,Customs Issue,Open
CL04029,S095838,2665,Customs Issue,Open
CL04030,S093951,6419,Damage,Closed
CL04031,S054151,9764,Late Delivery,Closed
CL04032,S063005,8363,Late Delivery,Closed
CL04033,S012810,824,Late Delivery,Open
CL04034,S028507,11678,Customs Issue,Open
CL04035,S092659,4463,Lost Container,Under Review
CL04036,S039572,9760,Lost Container,Under Review
CL04037,S097269,4211,Lost Container,Open
CL04038,S073931,12999,Customs Issue,Closed
CL04039,S082194,2375,Lost Container,Open
CL04040,S000592,13917,Lost Container,Under Review
CL04041,S013478,8241,Damage,Under Review
CL04042,S001146,5489,Lost Container,Closed
CL04043,S069592,7963,Lost Container,Closed
CL04044,S017545,1167,Late Delivery,Under Review
CL04045,S050185,4061,Damage,Open
CL04046,S097137,5158,Damage,Closed
CL04047,S077827,9738,Lost Container,Open
CL04048,S056385,6420,Late Delivery,Closed
CL04049,S089923,2225,Late Delivery,Closed
CL04050,S086201,4094,Customs Issue,Under Review
CL04051,S000479,818,Customs Issue,Open
CL04052,S068136,10171,Customs Issue,Under Review
CL04053,S069123,10152,Damage,Closed
CL04054,S032093,3783,Damage,Open
CL04055,S083406,4463,Late Delivery,Open
CL04056,S071637,3561,Customs Issue,Closed
CL04057,S099746,10318,Late Delivery,Under Review
CL04058,S052872,4522,Lost Container,Closed
CL04059,S083692,3319,Lost Container,Open
CL04060,S096655,10123,Damage,Open
CL04061,S030495,7160,Damage,Open
CL04062,S079800,4128,Lost Container,Under Review
CL04063,S004343,10217,Customs Issue,Open
CL04064,S043260,1885,Lost Container,Under Review
CL04065,S011809,5872,Damage,Under Review
CL04066,S016787,9806,Lost Container,Open
CL04067,S077295,10520,Customs Issue,Under Review
CL04068,S021394,3192,Late Delivery,Under Review
CL04069,S048555,3052,Lost Container,Under Review
CL04070,S016384,12651,Lost Container,Under Review
CL04071,S004806,5858,Damage,Open
CL04072,S053689,1674,Customs Issue,Closed
CL04073,S006809,4321,Lost Container,Under Review
CL04074,S092639,5573,Customs Issue,Open
CL04075,S006667,13078,Damage,Closed
CL04076,S072788,1657,Lost Container,Open
CL04077,S016388,6588,Damage,Under Review
CL04078,S095831,10647,Damage,Closed
CL04079,S050429,6057,Damage,Open
CL04080,S048337,9465,Late Delivery,Under Review
CL04081,S060350,10567,Customs Issue,Open
CL04082,S026937,1105,Customs Issue,Under Review
CL04083,S083333,1238,Lost Container,Under Review
CL04084,S017260,13742,Customs Issue,Under Review
CL04085,S005000,13162,Customs Issue,Under Review
CL04086,S026285,10695,Damage,Closed
CL04087,S072773,1893,Late Delivery,Closed
CL04088,S002030,2164,Lost Container,Closed
CL04089,S064328,4041,Customs Issue,Closed
CL04090,S044106,1853,Damage,Open
CL04091,S038623,3523,Late Delivery,Under Review
CL04092,S021078,12680,Late Delivery,Open
CL04093,S091314,13747,Late Delivery,Under Review
CL04094,S064984,5522,Late Delivery,Closed
CL04095,S041755,817,Late Delivery,Open
CL04096,S050875,6695,Damage,Open
CL04097,S019491,4938,Customs Issue,Closed
CL04098,S087650,13656,Lost Container,Closed
CL04099,S053779,8986,Late Delivery,Closed
CL04100,S051555,1202,Late Delivery,Under Review
CL04101,S015786,13326,Late Delivery,Under Review
CL04102,S068125,2589,Late Delivery,Under Review
CL04103,S016544,8899,Lost Container,Under Review
CL04104,S085857,2860,Customs Issue,Open
CL04105,S063246,7412,Damage,Open
CL04106,S003352,5450,Lost Container,Under Review
CL04107,S064924,5376,Late Delivery,Under Review
CL04108,S014496,12844,Customs Issue,Under Review
CL04109,S021094,7233,Customs Issue,Under Review
CL04110,S029588,10550,Lost Container,Under Review
CL04111,S024579,2010,Customs Issue,Open
CL04112,S021760,13732,Lost Container,Open
CL04113,S056024,11049,Late Delivery,Open
CL04114,S012641,9758,Damage,Open
CL04115,S090611,13646,Late Delivery,Closed
CL04116,S058385,9312,Damage,Closed
CL04117,S088099,8231,Customs Issue,Open
CL04118,S079082,12445,Late Delivery,Closed
CL04119,S074476,13443,Lost Container,Closed
CL04120,S067636,7976,Lost Container,Open
CL04121,S071577,6948,Late Delivery,Closed
CL04122,S012160,7815,Lost Container,Open
CL04123,S034283,13877,Customs Issue,Closed
CL04124,S067627,14388,Lost Container,Under Review
CL04125,S009019,13233,Late Delivery,Closed
CL04126,S050029,4198,Lost Container,Under Review
CL04127,S039734,9779,Customs Issue,Under Review
CL04128,S000597,6896,Late Delivery,Open
CL04129,S032058,13212,Damage,Under Review
CL04130,S016264,8187,Lost Container,Open
CL04131,S018270,4756,Lost Container,Under Review
CL04132,S054200,13007,Customs Issue,Open
CL04133,S068232,14849,Damage,Open
CL04134,S055479,3826,Late Delivery,Open
CL04135,S038428,12757,Lost Container,Open
CL04136,S028940,13690,Damage,Closed
CL04137,S081577,7407,Damage,Closed
CL04138,S001498,5990,Damage,Open
CL04139,S009460,13723,Lost Container,Open
CL04140,S038362,6037,Late Delivery,Closed
CL04141,S050244,9637,Late Delivery,Under Review
CL04142,S041624,5825,Customs Issue,Open
CL04143,S087894,14114,Late Delivery,Under Review
CL04144,S075629,10490,Lost Container,Under Review
CL04145,S043806,3229,Lost Container,Closed
CL04146,S080691,3561,Damage,Open
CL04147,S093542,12575,Late Delivery,Closed
CL04148,S037686,14514,Customs Issue,Under Review
CL04149,S031898,4617,Lost Container,Under Review
CL04150,S039620,6685,Lost Container,Under Review
CL04151,S006202,10655,Lost Container,Open
CL04152,S090558,11891,Late Delivery,Under Review
CL04153,S098418,6751,Lost Container,Open
CL04154,S050492,1996,Late Delivery,Closed
CL04155,S071523,6961,Lost Container,Open
CL04156,S013675,12248,Damage,Under Review
CL04157,S053633,8973,Lost Container,Closed
CL04158,S078182,12380,Late Delivery,Under Review
CL04159,S074939,3903,Late Delivery,Closed
CL04160,S037562,11502,Lost Container,Open
CL04161,S045162,2577,Lost Container,Closed
CL04162,S043389,13376,Damage,Closed
CL04163,S012239,7866,Customs Issue,Under Review
CL04164,S029720,4243,Customs Issue,Closed
CL04165,S060582,9735,Lost Container,Closed
CL04166,S065788,10200,Customs Issue,Closed
CL04167,S036380,2587,Damage,Under Review
CL04168,S083179,8450,Customs Issue,Closed
CL04169,S068677,7896,Late Delivery,Under Review
CL04170,S022969,9098,Damage,Closed
CL04171,S096986,3198,Damage,Closed
CL04172,S034562,4001,Late Delivery,Under Review
CL04173,S029290,7011,Damage,Closed
CL04174,S055302,11158,Lost Container,Open
CL04175,S003012,13869,Late Delivery,Open
CL04176,S091326,13838,Lost Container,Open
CL04177,S048678,7562,Damage,Open
CL04178,S019487,12250,Customs Issue,Closed
CL04179,S049906,8428,Customs Issue,Closed
CL04180,S089052,7089,Lost Container,Under Review
CL04181,S099175,5071,Lost Container,Open
CL04182,S011693,5848,Lost Container,Under Review
CL04183,S030425,10281,Lost Container,Open
CL04184,S003983,7704,Customs Issue,Under Review
CL04185,S055501,3014,Late Delivery,Under Review
CL04186,S024392,10541,Late Delivery,Closed
CL04187,S061324,6488,Lost Container,Under Review
CL04188,S013429,11152,Customs Issue,Open
CL04189,S023511,3623,Customs Issue,Open
CL04190,S088188,6595,Late Delivery,Closed
CL04191,S014580,5947,Lost Container,Under Review
CL04192,S090639,4692,Customs Issue,Closed
CL04193,S066540,12975,Lost Container,Closed
CL04194,S088949,14066,Late Delivery,Closed
CL04195,S036469,9395,Customs Issue,Closed
CL04196,S005309,5209,Customs Issue,Closed
CL04197,S062306,5668,Lost Container,Under Review
CL04198,S041313,2161,Damage,Open
CL04199,S061565,1553,Late Delivery,Open
CL04200,S028279,6627,Customs Issue,Open
CL04201,S004267,14489,Customs Issue,Open
CL04202,S063642,2875,Lost Container,Closed
CL04203,S049799,14553,Late Delivery,Closed
CL04204,S097857,10836,Lost Container,Closed
CL04205,S064285,10211,Late Delivery,Open
CL04206,S097104,3304,Damage,Open
CL04207,S044444,10019,Late Delivery,Open
CL04208,S081315,2937,Damage,Closed
CL04209,S010468,6454,Lost Container,Under Review
CL04210,S056630,4678,Late Delivery,Closed
CL04211,S038494,11444,Customs Issue,Under Review
CL04212,S014242,3079,Damage,Under Review
CL04213,S090599,4742,Lost Container,Under Review
CL04214,S067587,12012,Damage,Under Review
CL04215,S047481,12727,Late Delivery,Open
CL04216,S091293,9687,Customs Issue,Under Review
CL04217,S061927,4648,Lost Container,Open
CL04218,S072624,14282,Damage,Open
CL04219,S076034,13667,Damage,Open
CL04220,S041100,5314,Late Delivery,Open
CL04221,S020333,7034,Damage,Open
CL04222,S016179,2519,Damage,Under Review
CL04223,S079372,4584,Late Delivery,Closed
CL04224,S054379,761,Late Delivery,Under Review
CL04225,S095139,11281,Lost Container,Under Review
CL04226,S042646,4935,Damage,Open
CL04227,S013013,10938,Customs Issue,Under Review
CL04228,S092991,10129,Lost Container,Closed
CL04229,S057138,11916,Lost Container,Under Review
CL04230,S001546,12486,Damage,Closed
CL04231,S002085,6689,Lost Container,Open
CL04232,S069948,12857,Late Delivery,Under Review
CL04233,S031359,13888,Lost Container,Open
CL04234,S006984,677,Damage,Closed
CL04235,S013274,14131,Customs Issue,Closed
CL04236,S099021,4755,Late Delivery,Open
CL04237,S001709,1224,Late Delivery,Open
CL04238,S057461,12076,Damage,Under Review
CL04239,S089412,7991,Damage,Closed
CL04240,S017906,12356,Lost Container,Open
CL04241,S083657,3308,Customs Issue,Under Review
CL04242,S063276,2565,Damage,Open
CL04243,S041948,2896,Lost Container,Under Review
CL04244,S002619,4721,Damage,Open
CL04245,S076550,13100,Late Delivery,Open
CL04246,S027236,5082,Damage,Under Review
CL04247,S078094,6608,Lost Container,Closed
CL04248,S095277,11760,Customs Issue,Closed
CL04249,S046830,5289,Damage,Under Review
CL04250,S035317,1313,Customs Issue,Closed
CL04251,S010099,4763,Customs Issue,Under Review
CL04252,S020724,9051,Damage,Under Review
CL04253,S069869,7433,Late Delivery,Closed
CL04254,S072720,13767,Customs Issue,Under Review
CL04255,S079485,3777,Lost Container,Under Review
CL04256,S033746,5253,Damage,Open
CL04257,S085052,10263,Damage,Open
CL04258,S006582,1123,Customs Issue,Open
CL04259,S019095,3831,Lost Container,Closed
CL04260,S041115,9835,Customs Issue,Open
CL04261,S000406,9891,Late Delivery,Closed
CL04262,S008221,13482,Customs Issue,Under Review
CL04263,S025564,7483,Customs Issue,Open
CL04264,S003777,2598,Lost Container,Closed
CL04265,S083788,10311,Customs Issue,Under Review
CL04266,S075080,13668,Lost Container,Under Review
CL04267,S035423,12990,Lost Container,Open
CL04268,S099035,671,Customs Issue,Under Review
CL04269,S058050,5268,Lost Container,Closed
CL04270,S050699,3049,Late Delivery,Open
CL04271,S061204,8412,Customs Issue,Closed
CL04272,S050819,3475,Customs Issue,Open
CL04273,S045793,8648,Damage,Closed
CL04274,S086273,7304,Lost Container,Under Review
CL04275,S091581,1034,Damage,Closed
CL04276,S054722,6806,Customs Issue,Closed
CL04277,S001774,2174,Late Delivery,Open
CL04278,S063574,10508,Customs Issue,Closed
CL04279,S057478,4734,Damage,Open
CL04280,S002829,5929,Damage,Closed
CL04281,S084367,14422,Customs Issue,Open
CL04282,S070134,6151,Damage,Open
CL04283,S076598,13836,Customs Issue,Open
CL04284,S008802,8056,Late Delivery,Open
CL04285,S049112,1746,Customs Issue,Under Review
CL04286,S065528,4606,Customs Issue,Closed
CL04287,S098533,4530,Damage,Closed
CL04288,S001171,12465,Lost Container,Closed
CL04289,S012606,11446,Damage,Under Review
CL04290,S046527,8798,Late Delivery,Open
CL04291,S053030,953,Customs Issue,Under Review
CL04292,S097562,13759,Late Delivery,Closed
CL04293,S001177,8046,Lost Container,Closed
CL04294,S061136,6825,Customs Issue,Open
CL04295,S030858,11827,Lost Container,Under Review
CL04296,S048366,10692,Damage,Under Review
CL04297,S040649,6195,Late Delivery,Closed
CL04298,S028619,14768,Late Delivery,Under Review
CL04299,S006882,10918,Customs Issue,Closed
CL04300,S041843,11219,Lost Container,Closed
CL04301,S083752,2134,Damage,Closed
CL04302,S053625,7846,Late Delivery,Closed
CL04303,S090474,6587,Late Delivery,Closed
CL04304,S049831,9571,Customs Issue,Under Review
CL04305,S087679,3612,Customs Issue,Closed
CL04306,S064794,14410,Customs Issue,Closed
CL04307,S030149,6302,Damage,Open
CL04308,S016876,1349,Damage,Under Review
CL04309,S069619,2410,Lost Container,Closed
CL04310,S071084,2931,Customs Issue,Closed
CL04311,S082051,10917,Late Delivery,Closed
CL04312,S053757,1130,Late Delivery,Under Review
CL04313,S034858,6980,Damage,Closed
CL04314,S044612,863,Customs Issue,Under Review
CL04315,S003765,1795,Damage,Under Review
CL04316,S058906,11274,Late Delivery,Closed
CL04317,S042775,13708,Customs Issue,Under Review
CL04318,S054037,12278,Lost Container,Open
CL04319,S050671,4475,Damage,Under Review
CL04320,S031792,5290,Damage,Under Review
CL04321,S043473,6960,Customs Issue,Open
CL04322,S004023,8866,Damage,Under Review
CL04323,S092225,5799,Lost Container,Open
CL04324,S015246,5103,Customs Issue,Under Review
CL04325,S032302,10852,Lost Container,Under Review
CL04326,S096470,12759,Lost Container,Under Review
CL04327,S003795,10335,Late Delivery,Closed
CL04328,S089151,4793,Late Delivery,Closed
CL04329,S087780,3511,Late Delivery,Closed
CL04330,S086851,9998,Lost Container,Open
CL04331,S072747,6465,Damage,Under Review
CL04332,S044554,10430,Customs Issue,Under Review
CL04333,S077893,4883,Lost Container,Open
CL04334,S085352,10460,Damage,Closed
CL04335,S032958,13835,Late Delivery,Under Review
CL04336,S010419,6531,Customs Issue,Closed
CL04337,S086946,838,Customs Issue,Closed
CL04338,S011847,7586,Damage,Closed
CL04339,S054646,5814,Customs Issue,Open
CL04340,S072704,10715,Customs Issue,Closed
CL04341,S080500,2497,Late Delivery,Open
CL04342,S043202,5209,Damage,Under Review
CL04343,S071850,12538,Lost Container,Open
CL04344,S058898,13120,Lost Container,Closed
CL04345,S033369,3307,Late Delivery,Under Review
CL04346,S026706,8645,Late Delivery,Under Review
CL04347,S081800,9264,Damage,Under Review
CL04348,S027127,3055,Customs Issue,Closed
CL04349,S015228,3327,Damage,Under Review
CL04350,S042819,8531,Lost Container,Under Review
CL04351,S089613,574,Customs Issue,Open
CL04352,S040096,12475,Late Delivery,Under Review
CL04353,S018169,10781,Customs Issue,Open
CL04354,S004803,7098,Lost Container,Under Review
CL04355,S069887,9156,Damage,Open
CL04356,S020983,1094,Late Delivery,Under Review
CL04357,S025824,8358,Late Delivery,Open
CL04358,S007356,3139,Late Delivery,Open
CL04359,S076780,3463,Damage,Closed
CL04360,S024998,967,Late Delivery,Under Review
CL04361,S022879,13846,Lost Container,Closed
CL04362,S007469,13948,Damage,Open
CL04363,S014534,2713,Lost Container,Open
CL04364,S088739,12448,Damage,Open
CL04365,S041125,8915,Customs Issue,Under Review
CL04366,S066806,10739,Late Delivery,Closed
CL04367,S077309,12237,Customs Issue,Closed
CL04368,S029464,3383,Damage,Open
CL04369,S017876,5811,Late Delivery,Under Review
CL04370,S017229,3066,Late Delivery,Under Review
CL04371,S072625,934,Damage,Open
CL04372,S014320,7011,Damage,Under Review
CL04373,S031058,12877,Customs Issue,Closed
CL04374,S003292,4993,Damage,Open
CL04375,S041195,1617,Customs Issue,Closed
CL04376,S067374,11149,Lost Container,Closed
CL04377,S064617,3349,Lost Container,Closed
CL04378,S081755,14212,Late Delivery,Under Review
CL04379,S030623,13166,Customs Issue,Open
CL04380,S082827,14046,Late Delivery,Open
CL04381,S041535,8509,Late Delivery,Open
CL04382,S014087,3370,Lost Container,Under Review
CL04383,S073528,4046,Lost Container,Under Review
CL04384,S078099,9364,Late Delivery,Open
CL04385,S036624,5256,Lost Container,Closed
CL04386,S040723,9681,Customs Issue,Open
CL04387,S043050,832,Lost Container,Closed
CL04388,S086367,3474,Lost Container,Open
CL04389,S047966,7697,Late Delivery,Under Review
CL04390,S011788,1162,Late Delivery,Closed
CL04391,S051718,5577,Late Delivery,Closed
CL04392,S053033,8538,Lost Container,Closed
CL04393,S018767,5545,Late Delivery,Under Review
CL04394,S095891,12203,Lost Container,Closed
CL04395,S014739,6337,Damage,Closed
CL04396,S052986,3678,Customs Issue,Under Review
CL04397,S069813,1277,Damage,Under Review
CL04398,S004521,2741,Customs Issue,Under Review
CL04399,S082840,8800,Damage,Closed
CL04400,S023123,8800,Late Delivery,Closed
CL04401,S023047,14232,Damage,Open
CL04402,S090060,7372,Damage,Closed
CL04403,S014491,12966,Late Delivery,Open
CL04404,S088593,1635,Lost Container,Under Review
CL04405,S086390,1115,Lost Container,Closed
CL04406,S051211,1069,Damage,Closed
CL04407,S089284,13759,Late Delivery,Open
CL04408,S097451,3720,Lost Container,Closed
CL04409,S014574,12886,Lost Container,Closed
CL04410,S095930,749,Damage,Closed
CL04411,S037224,5217,Damage,Open
CL04412,S076938,10345,Customs Issue,Closed
CL04413,S022557,10900,Damage,Closed
CL04414,S095804,10396,Lost Container,Under Review
CL04415,S083225,12634,Late Delivery,Closed
CL04416,S002893,11357,Lost Container,Open
CL04417,S041152,4203,Customs Issue,Under Review
CL04418,S079878,4761,Lost Container,Open
CL04419,S047774,12470,Damage,Closed
CL04420,S093382,2644,Damage,Under Review
CL04421,S026411,12529,Damage,Closed
CL04422,S027215,5749,Lost Container,Closed
CL04423,S088921,3915,Damage,Open
CL04424,S031526,4482,Late Delivery,Open
CL04425,S042068,3879,Late Delivery,Closed
CL04426,S009873,11548,Lost Container,Open
CL04427,S099127,4559,Damage,Under Review
CL04428,S019789,12189,Lost Container,Closed
CL04429,S059480,14957,Damage,Open
CL04430,S097307,4078,Damage,Open
CL04431,S015001,7721,Lost Container,Under Review
CL04432,S033649,2669,Customs Issue,Under Review
CL04433,S031832,8264,Late Delivery,Open
CL04434,S095219,5128,Customs Issue,Open
CL04435,S069906,11196,Customs Issue,Open
CL04436,S070871,5313,Customs Issue,Open
CL04437,S069778,12843,Lost Container,Under Review
CL04438,S013140,3077,Late Delivery,Open
CL04439,S049584,3622,Lost Container,Closed
CL04440,S001907,540,Late Delivery,Closed
CL04441,S045169,3450,Lost Container,Closed
CL04442,S069521,13992,Lost Container,Open
CL04443,S078949,11095,Damage,Under Review
CL04444,S025698,9758,Late Delivery,Closed
CL04445,S025744,11748,Lost Container,Open
CL04446,S019222,1395,Lost Container,Under Review
CL04447,S061997,7043,Lost Container,Closed
CL04448,S047325,7392,Damage,Under Review
CL04449,S052630,7015,Lost Container,Closed
CL04450,S085370,2590,Late Delivery,Closed
CL04451,S052580,11234,Late Delivery,Open
CL04452,S074675,11217,Damage,Open
CL04453,S092210,8776,Damage,Under Review
CL04454,S021220,11015,Lost Container,Closed
CL04455,S063027,14127,Customs Issue,Open
CL04456,S011353,993,Customs Issue,Under Review
CL04457,S097186,2901,Late Delivery,Under Review
CL04458,S036705,2811,Late Delivery,Closed
CL04459,S048534,787,Damage,Open
CL04460,S009611,691,Lost Container,Open
CL04461,S084402,11790,Late Delivery,Open
CL04462,S030029,12566,Late Delivery,Open
CL04463,S069181,9001,Customs Issue,Open
CL04464,S051249,9579,Lost Container,Open
CL04465,S070878,10970,Customs Issue,Closed
CL04466,S038446,14412,Late Delivery,Under Review
CL04467,S030519,14389,Lost Container,Closed
CL04468,S019495,6324,Customs Issue,Open
CL04469,S014675,13616,Customs Issue,Under Review
CL04470,S042607,2788,Late Delivery,Open
CL04471,S065211,13241,Customs Issue,Closed
CL04472,S083274,1756,Lost Container,Closed
CL04473,S095252,1154,Lost Container,Open
CL04474,S057387,11778,Late Delivery,Open
CL04475,S019145,7913,Damage,Under Review
CL04476,S049846,2401,Late Delivery,Under Review
CL04477,S074637,2027,Late Delivery,Under Review
CL04478,S040477,8745,Late Delivery,Under Review
CL04479,S036576,3705,Lost Container,Closed
CL04480,S071473,13474,Damage,Under Review
CL04481,S086431,6624,Lost Container,Under Review
CL04482,S030255,3982,Lost Container,Under Review
CL04483,S077482,2709,Late Delivery,Under Review
CL04484,S081976,3223,Damage,Open
CL04485,S044469,5500,Damage,Under Review
CL04486,S044697,7276,Damage,Closed
CL04487,S009831,6330,Lost Container,Open
CL04488,S047587,2737,Lost Container,Under Review
CL04489,S020483,4636,Damage,Open
CL04490,S083753,3423,Customs Issue,Under Review
CL04491,S034448,12090,Lost Container,Closed
CL04492,S064345,4920,Customs Issue,Closed
CL04493,S086320,4765,Late Delivery,Open
CL04494,S059598,5095,Late Delivery,Open
CL04495,S092501,8315,Damage,Open
CL04496,S017046,1393,Lost Container,Closed
CL04497,S061236,8669,Damage,Under Review
CL04498,S030713,7467,Lost Container,Closed
CL04499,S037216,8130,Lost Container,Closed
CL04500,S049211,11931,Late Delivery,Open
CL04501,S085876,4374,Late Delivery,Open
CL04502,S031286,11443,Lost Container,Open
CL04503,S052874,10845,Lost Container,Under Review
CL04504,S051557,6873,Customs Issue,Closed
CL04505,S055373,4416,Lost Container,Under Review
CL04506,S044683,12916,Customs Issue,Open
CL04507,S003618,5652,Lost Container,Open
CL04508,S081070,591,Customs Issue,Closed
CL04509,S098315,863,Late Delivery,Under Review
CL04510,S007489,10269,Late Delivery,Closed
CL04511,S055502,1083,Lost Container,Closed
CL04512,S099565,2417,Customs Issue,Under Review
CL04513,S073716,9888,Customs Issue,Open
CL04514,S009722,11227,Lost Container,Closed
CL04515,S013378,14189,Late Delivery,Closed
CL04516,S051583,13114,Damage,Under Review
CL04517,S013150,10049,Customs Issue,Open
CL04518,S057760,6525,Late Delivery,Open
CL04519,S004704,10382,Lost Container,Open
CL04520,S026449,6947,Lost Container,Open
CL04521,S013382,4507,Lost Container,Under Review
CL04522,S089075,4489,Late Delivery,Open
CL04523,S026774,6933,Lost Container,Under Review
CL04524,S099909,1185,Customs Issue,Closed
CL04525,S058861,6908,Customs Issue,Closed
CL04526,S059874,3488,Lost Container,Open
CL04527,S075797,1515,Damage,Under Review
CL04528,S080165,7144,Customs Issue,Under Review
CL04529,S051087,7219,Lost Container,Closed
CL04530,S060195,10686,Late Delivery,Open
CL04531,S034185,11194,Lost Container,Open
CL04532,S065000,4082,Lost Container,Closed
CL04533,S091448,4832,Customs Issue,Under Review
CL04534,S074234,1830,Customs Issue,Open
CL04535,S052843,670,Customs Issue,Open
CL04536,S032363,2183,Damage,Open
CL04537,S082329,4312,Lost Container,Open
CL04538,S036337,6896,Customs Issue,Closed
CL04539,S015605,1319,Damage,Open
CL04540,S011427,7412,Customs Issue,Closed
CL04541,S085710,13507,Damage,Open
CL04542,S067536,8878,Damage,Open
CL04543,S012446,3333,Customs Issue,Closed
CL04544,S021558,13521,Damage,Closed
CL04545,S018528,8916,Damage,Closed
CL04546,S092001,1026,Damage,Closed
CL04547,S055996,6019,Lost Container,Open
CL04548,S099961,513,Damage,Closed
CL04549,S063617,12270,Late Delivery,Closed
CL04550,S047825,8422,Late Delivery,Open
CL04551,S041722,6164,Late Delivery,Open
CL04552,S092018,7886,Damage,Open
CL04553,S048750,13736,Lost Container,Closed
CL04554,S022516,13878,Damage,Open
CL04555,S026526,4048,Damage,Under Review
CL04556,S038180,5220,Damage,Under Review
CL04557,S077290,8140,Damage,Closed
CL04558,S093972,12279,Late Delivery,Closed
CL04559,S009217,11992,Lost Container,Open
CL04560,S063805,8682,Lost Container,Open
CL04561,S082476,5544,Damage,Under Review
CL04562,S014190,10933,Late Delivery,Under Review
CL04563,S020697,10122,Lost Container,Under Review
CL04564,S018496,2350,Late Delivery,Under Review
CL04565,S082872,4054,Late Delivery,Closed
CL04566,S020011,532,Late Delivery,Under Review
CL04567,S007056,2829,Damage,Under Review
CL04568,S084067,3618,Lost Container,Open
CL04569,S049101,5902,Lost Container,Under Review
CL04570,S022652,12156,Damage,Under Review
CL04571,S064584,1958,Late Delivery,Open
CL04572,S018993,7948,Damage,Open
CL04573,S097190,1032,Late Delivery,Closed
CL04574,S077537,7389,Late Delivery,Closed
CL04575,S014266,6843,Late Delivery,Closed
CL04576,S065644,5260,Customs Issue,Open
CL04577,S007977,6737,Late Delivery,Closed
CL04578,S098704,13868,Late Delivery,Closed
CL04579,S070021,543,Late Delivery,Open
CL04580,S087083,5389,Damage,Closed
CL04581,S000265,14624,Customs Issue,Under Review
CL04582,S002479,3693,Damage,Open
CL04583,S071706,3050,Damage,Under Review
CL04584,S047948,4922,Late Delivery,Open
CL04585,S099656,12382,Late Delivery,Open
CL04586,S021217,13423,Damage,Open
CL04587,S047710,2149,Customs Issue,Under Review
CL04588,S013833,9717,Late Delivery,Closed
CL04589,S067909,12565,Customs Issue,Open
CL04590,S096658,2923,Late Delivery,Under Review
CL04591,S017076,13470,Customs Issue,Closed
CL04592,S016620,13358,Late Delivery,Open
CL04593,S056532,9407,Lost Container,Open
CL04594,S085767,7440,Damage,Open
CL04595,S075563,856,Damage,Closed
CL04596,S048811,14549,Damage,Closed
CL04597,S017751,14617,Damage,Open
CL04598,S068180,2230,Damage,Closed
CL04599,S044515,3203,Customs Issue,Under Review
CL04600,S075898,9567,Late Delivery,Closed
CL04601,S070260,13538,Lost Container,Open
CL04602,S067584,8108,Lost Container,Closed
CL04603,S051736,5039,Late Delivery,Open
CL04604,S004520,13014,Lost Container,Under Review
CL04605,S022237,5130,Late Delivery,Under Review
CL04606,S094314,10447,Lost Container,Open
CL04607,S084418,12394,Lost Container,Under Review
CL04608,S093750,10714,Damage,Open
CL04609,S048501,5179,Customs Issue,Open
CL04610,S036539,7045,Lost Container,Open
CL04611,S023793,9317,Customs Issue,Open
CL04612,S092064,5798,Customs Issue,Open
CL04613,S029347,10475,Late Delivery,Closed
CL04614,S045205,11442,Late Delivery,Open
CL04615,S069792,1241,Customs Issue,Under Review
CL04616,S069623,1901,Damage,Closed
CL04617,S006643,7700,Lost Container,Open
CL04618,S020470,3691,Late Delivery,Closed
CL04619,S077744,12195,Damage,Closed
CL04620,S086040,12391,Late Delivery,Open
CL04621,S087678,13400,Customs Issue,Under Review
CL04622,S065561,575,Late Delivery,Under Review
CL04623,S053432,5317,Late Delivery,Open
CL04624,S040243,12928,Customs Issue,Under Review
CL04625,S068830,10336,Lost Container,Under Review
CL04626,S080025,11228,Late Delivery,Under Review
CL04627,S044549,3897,Customs Issue,Open
CL04628,S091044,10138,Lost Container,Closed
CL04629,S087162,12766,Lost Container,Closed
CL04630,S030170,6048,Lost Container,Closed
CL04631,S090123,3631,Damage,Open
CL04632,S028799,13181,Lost Container,Closed
CL04633,S028758,4445,Customs Issue,Under Review
CL04634,S064672,7663,Late Delivery,Under Review
CL04635,S022233,10941,Late Delivery,Closed
CL04636,S002056,5509,Lost Container,Closed
CL04637,S071912,11079,Late Delivery,Closed
CL04638,S092854,14816,Damage,Closed
CL04639,S032792,14428,Lost Container,Open
CL04640,S057429,1253,Damage,Open
CL04641,S047467,4584,Damage,Under Review
CL04642,S069380,12744,Lost Container,Closed
CL04643,S000750,11157,Late Delivery,Open
CL04644,S030652,8471,Customs Issue,Closed
CL04645,S035647,5331,Late Delivery,Closed
CL04646,S078981,1854,Late Delivery,Closed
CL04647,S018045,9040,Late Delivery,Open
CL04648,S087054,8806,Customs Issue,Open
CL04649,S013319,2474,Customs Issue,Open
CL04650,S090359,10003,Late Delivery,Under Review
CL04651,S019643,3269,Lost Container,Closed
CL04652,S095055,5767,Customs Issue,Closed
CL04653,S004655,2279,Late Delivery,Under Review
CL04654,S043334,2987,Lost Container,Closed
CL04655,S029341,4318,Late Delivery,Closed
CL04656,S046371,1090,Late Delivery,Closed
CL04657,S028652,5495,Late Delivery,Under Review
CL04658,S045940,9440,Customs Issue,Open
CL04659,S039837,3741,Customs Issue,Under Review
CL04660,S047179,4994,Damage,Closed
CL04661,S049013,9859,Damage,Under Review
CL04662,S013306,6770,Damage,Open
CL04663,S035645,6291,Late Delivery,Under Review
CL04664,S026654,13369,Damage,Closed
CL04665,S036464,14328,Customs Issue,Open
CL04666,S018631,10574,Lost Container,Closed
CL04667,S013819,3803,Customs Issue,Closed
CL04668,S053831,8556,Late Delivery,Closed
CL04669,S071733,10368,Lost Container,Under Review
CL04670,S056249,13939,Late Delivery,Under Review
CL04671,S036969,14332,Customs Issue,Open
CL04672,S088087,10286,Lost Container,Open
CL04673,S077248,13261,Customs Issue,Open
CL04674,S000290,13172,Late Delivery,Under Review
CL04675,S096506,8252,Customs Issue,Under Review
CL04676,S076211,12973,Damage,Closed
CL04677,S057439,11209,Late Delivery,Closed
CL04678,S010427,9751,Late Delivery,Open
CL04679,S002545,6639,Damage,Under Review
CL04680,S011545,13547,Customs Issue,Open
CL04681,S012029,923,Lost Container,Open
CL04682,S065333,5191,Damage,Under Review
CL04683,S021027,12834,Customs Issue,Open
CL04684,S027885,2441,Damage,Under Review
CL04685,S086181,926,Lost Container,Under Review
CL04686,S001330,11963,Customs Issue,Under Review
CL04687,S058419,10060,Late Delivery,Open
CL04688,S088244,13136,Damage,Under Review
CL04689,S031820,8052,Lost Container,Closed
CL04690,S000354,7325,Damage,Closed
CL04691,S014332,2261,Lost Container,Under Review
CL04692,S017206,853,Lost Container,Open
CL04693,S087824,3072,Late Delivery,Open
CL04694,S052710,5476,Lost Container,Under Review
CL04695,S026919,1590,Lost Container,Closed
CL04696,S054245,11828,Late Delivery,Open
CL04697,S038597,10761,Late Delivery,Open
CL04698,S070516,5334,Damage,Open
CL04699,S076757,8487,Damage,Under Review
CL04700,S004307,13351,Customs Issue,Closed
CL04701,S089600,4611,Damage,Closed
CL04702,S086425,5851,Lost Container,Under Review
CL04703,S034521,3757,Customs Issue,Under Review
CL04704,S086514,4850,Customs Issue,Open
CL04705,S074375,9463,Damage,Open
CL04706,S023514,4621,Lost Container,Closed
CL04707,S025802,13960,Late Delivery,Closed
CL04708,S056584,14067,Lost Container,Closed
CL04709,S083061,506,Customs Issue,Under Review
CL04710,S087517,4954,Customs Issue,Open
CL04711,S061570,10861,Customs Issue,Under Review
CL04712,S080161,12167,Damage,Closed
CL04713,S067764,12616,Late Delivery,Under Review
CL04714,S092393,10466,Customs Issue,Closed
CL04715,S040470,9880,Damage,Open
CL04716,S010630,5484,Late Delivery,Closed
CL04717,S060974,11713,Damage,Closed
CL04718,S021919,1536,Customs Issue,Closed
CL04719,S058129,6626,Late Delivery,Under Review
CL04720,S040940,890,Damage,Closed
CL04721,S077937,5755,Customs Issue,Closed
CL04722,S039602,14606,Damage,Closed
CL04723,S047384,1147,Customs Issue,Open
CL04724,S061670,12851,Lost Container,Closed
CL04725,S006315,1337,Customs Issue,Open
CL04726,S000522,1913,Lost Container,Open
CL04727,S097482,14378,Customs Issue,Under Review
CL04728,S088300,9339,Lost Container,Open
CL04729,S081664,3169,Late Delivery,Closed
CL04730,S036820,4262,Late Delivery,Under Review
CL04731,S079543,6648,Damage,Under Review
CL04732,S076404,11040,Lost Container,Under Review
CL04733,S066863,6329,Damage,Closed
CL04734,S062685,14881,Customs Issue,Open
CL04735,S055752,11853,Customs Issue,Under Review
CL04736,S095075,4980,Lost Container,Closed
CL04737,S039543,5332,Damage,Under Review
CL04738,S041154,9318,Late Delivery,Closed
CL04739,S063114,10458,Lost Container,Under Review
CL04740,S034616,7418,Lost Container,Open
CL04741,S095686,12758,Late Delivery,Open
CL04742,S034409,14818,Late Delivery,Under Review
CL04743,S023473,2231,Damage,Open
CL04744,S015302,1890,Late Delivery,Closed
CL04745,S006180,6764,Late Delivery,Open
CL04746,S025571,6276,Customs Issue,Closed
CL04747,S005297,6443,Customs Issue,Closed
CL04748,S030140,3299,Damage,Open
CL04749,S036213,2709,Late Delivery,Open
CL04750,S029302,9736,Damage,Closed
CL04751,S052046,13117,Late Delivery,Open
CL04752,S040906,5922,Damage,Closed
CL04753,S095906,5876,Damage,Open
CL04754,S005230,7765,Lost Container,Closed
CL04755,S025675,8941,Customs Issue,Open
CL04756,S074629,6015,Lost Container,Closed
CL04757,S070017,11172,Damage,Open
CL04758,S003932,2922,Customs Issue,Closed
CL04759,S017195,14959,Lost Container,Closed
CL04760,S009655,9769,Customs Issue,Open
CL04761,S007654,12730,Lost Container,Open
CL04762,S020854,9901,Customs Issue,Under Review
CL04763,S048044,8097,Lost Container,Open
CL04764,S064331,10854,Customs Issue,Under Review
CL04765,S002871,2719,Customs Issue,Under Review
CL04766,S069545,2301,Late Delivery,Open
CL04767,S040240,1057,Lost Container,Under Review
CL04768,S045526,1292,Customs Issue,Under Review
CL04769,S032970,6645,Lost Container,Closed
CL04770,S076318,4473,Customs Issue,Under Review
CL04771,S098913,11229,Late Delivery,Closed
CL04772,S093296,2956,Late Delivery,Under Review
CL04773,S054991,8026,Late Delivery,Closed
CL04774,S013423,14766,Customs Issue,Under Review
CL04775,S088695,13416,Damage,Under Review
CL04776,S094275,840,Lost Container,Under Review
CL04777,S095717,12285,Customs Issue,Closed
CL04778,S089289,2750,Customs Issue,Closed
CL04779,S073187,684,Late Delivery,Open
CL04780,S097819,11471,Damage,Under Review
CL04781,S050303,10630,Late Delivery,Closed
CL04782,S027816,12266,Late Delivery,Under Review
CL04783,S074965,11763,Damage,Open
CL04784,S037133,1399,Late Delivery,Under Review
CL04785,S042523,9503,Late Delivery,Under Review
CL04786,S008056,4602,Late Delivery,Under Review
CL04787,S073930,14429,Damage,Closed
CL04788,S042012,8276,Late Delivery,Under Review
CL04789,S046845,8290,Damage,Open
CL04790,S051473,11421,Damage,Closed
CL04791,S017009,5454,Damage,Open
CL04792,S006354,6578,Lost Container,Open
CL04793,S034691,12673,Customs Issue,Closed
CL04794,S090578,2971,Customs Issue,Under Review
CL04795,S045309,3678,Customs Issue,Closed
CL04796,S041548,10407,Damage,Under Review
CL04797,S050075,9700,Customs Issue,Closed
CL04798,S038190,1006,Damage,Under Review
CL04799,S051885,14939,Late Delivery,Under Review
CL04800,S075572,12433,Late Delivery,Closed
CL04801,S026602,1962,Damage,Closed
CL04802,S067242,3086,Damage,Open
CL04803,S027735,13389,Late Delivery,Under Review
CL04804,S032678,5834,Late Delivery,Closed
CL04805,S027751,4531,Customs Issue,Closed
CL04806,S042227,11621,Customs Issue,Open
CL04807,S086378,4890,Lost Container,Under Review
CL04808,S097876,14098,Lost Container,Open
CL04809,S020677,814,Late Delivery,Closed
CL04810,S066344,4368,Late Delivery,Under Review
CL04811,S064287,13167,Lost Container,Open
CL04812,S057009,1555,Damage,Closed
CL04813,S053793,8369,Customs Issue,Under Review
CL04814,S031366,9683,Damage,Open
CL04815,S035475,5217,Damage,Open
CL04816,S020185,13814,Lost Container,Open
CL04817,S061295,14497,Damage,Closed
CL04818,S052603,4729,Late Delivery,Closed
CL04819,S088228,4987,Damage,Under Review
CL04820,S033711,9319,Late Delivery,Closed
CL04821,S051704,2963,Damage,Under Review
CL04822,S035660,14533,Late Delivery,Under Review
CL04823,S035618,5036,Lost Container,Under Review
CL04824,S004194,1238,Damage,Closed
CL04825,S031008,653,Late Delivery,Closed
CL04826,S001033,4250,Late Delivery,Under Review
CL04827,S080491,3235,Late Delivery,Under Review
CL04828,S006773,5805,Customs Issue,Closed
CL04829,S001026,5718,Late Delivery,Under Review
CL04830,S007089,4561,Late Delivery,Closed
CL04831,S082373,12970,Damage,Open
CL04832,S080089,8469,Late Delivery,Closed
CL04833,S086375,6679,Late Delivery,Under Review
CL04834,S039088,2417,Customs Issue,Under Review
CL04835,S067354,7192,Damage,Under Review
CL04836,S084774,2671,Lost Container,Open
CL04837,S018243,7259,Customs Issue,Open
CL04838,S059005,14891,Late Delivery,Under Review
CL04839,S024829,13749,Late Delivery,Closed
CL04840,S010315,7572,Lost Container,Under Review
CL04841,S097781,4645,Lost Container,Closed
CL04842,S080907,12541,Customs Issue,Under Review
CL04843,S036569,8385,Customs Issue,Closed
CL04844,S061935,8971,Damage,Under Review
CL04845,S091098,14537,Customs Issue,Under Review
CL04846,S020546,9399,Damage,Under Review
CL04847,S094989,5249,Late Delivery,Closed
CL04848,S024801,12249,Customs Issue,Open
CL04849,S067722,14514,Lost Container,Open
CL04850,S057563,12713,Damage,Open
CL04851,S037404,9962,Customs Issue,Open
CL04852,S037141,11512,Late Delivery,Under Review
CL04853,S083201,5820,Damage,Closed
CL04854,S018713,12683,Customs Issue,Closed
CL04855,S059758,5654,Damage,Under Review
CL04856,S071595,8305,Customs Issue,Open
CL04857,S046514,1785,Customs Issue,Open
CL04858,S056207,10326,Customs Issue,Closed
CL04859,S058477,10966,Damage,Closed
CL04860,S031933,706,Late Delivery,Closed
CL04861,S047022,7514,Damage,Under Review
CL04862,S009481,562,Lost Container,Under Review
CL04863,S080669,5497,Customs Issue,Under Review
CL04864,S035615,3457,Lost Container,Closed
CL04865,S046891,2659,Lost Container,Closed
CL04866,S012265,2173,Lost Container,Under Review
CL04867,S028844,612,Lost Container,Open
CL04868,S012881,14822,Late Delivery,Closed
CL04869,S024946,13533,Late Delivery,Under Review
CL04870,S039455,14747,Damage,Open
CL04871,S048909,11895,Lost Container,Under Review
CL04872,S035962,3964,Late Delivery,Closed
CL04873,S092496,11802,Lost Container,Under Review
CL04874,S092231,5993,Customs Issue,Open
CL04875,S095529,6604,Damage,Open
CL04876,S047493,5770,Damage,Open
CL04877,S024111,10757,Lost Container,Under Review
CL04878,S072290,4171,Damage,Open
CL04879,S078383,13201,Customs Issue,Closed
CL04880,S060402,10407,Damage,Closed
CL04881,S094476,6312,Customs Issue,Under Review
CL04882,S027339,2391,Damage,Under Review
CL04883,S025343,13259,Damage,Under Review
CL04884,S020464,6329,Late Delivery,Closed
CL04885,S044405,6248,Damage,Closed
CL04886,S032670,4284,Late Delivery,Under Review
CL04887,S060628,8729,Lost Container,Under Review
CL04888,S064708,14729,Customs Issue,Open
CL04889,S027013,3518,Damage,Under Review
CL04890,S016794,2139,Late Delivery,Closed
CL04891,S000243,13444,Lost Container,Closed
CL04892,S072119,520,Lost Container,Under Review
CL04893,S060757,11435,Late Delivery,Under Review
CL04894,S082692,1349,Customs Issue,Under Review
CL04895,S060754,14010,Lost Container,Under Review
CL04896,S030803,8365,Customs Issue,Under Review
CL04897,S098318,10939,Lost Container,Closed
CL04898,S083485,8327,Lost Container,Closed
CL04899,S077972,14039,Lost Container,Closed
CL04900,S026294,6927,Lost Container,Open
CL04901,S004322,14006,Lost Container,Under Review
CL04902,S052571,5626,Customs Issue,Open
CL04903,S099376,6155,Late Delivery,Under Review
CL04904,S051916,9780,Lost Container,Under Review
CL04905,S082746,13209,Late Delivery,Under Review
CL04906,S063129,8730,Customs Issue,Closed
CL04907,S023320,3541,Customs Issue,Under Review
CL04908,S057622,13018,Lost Container,Open
CL04909,S018123,14436,Damage,Under Review
CL04910,S084448,709,Lost Container,Under Review
CL04911,S098172,10381,Damage,Under Review
CL04912,S076614,9954,Damage,Open
CL04913,S079422,4711,Customs Issue,Under Review
CL04914,S043379,14670,Customs Issue,Open
CL04915,S087696,5953,Lost Container,Closed
CL04916,S022043,6454,Customs Issue,Open
CL04917,S073489,9502,Damage,Under Review
CL04918,S072189,13241,Lost Container,Closed
CL04919,S038487,626,Late Delivery,Closed
CL04920,S040721,9881,Late Delivery,Open
CL04921,S061894,3400,Damage,Open
CL04922,S050727,2713,Damage,Open
CL04923,S074200,5643,Customs Issue,Under Review
CL04924,S040083,6289,Damage,Under Review
CL04925,S041919,11998,Lost Container,Closed
CL04926,S031951,6280,Customs Issue,Open
CL04927,S095776,1077,Lost Container,Closed
CL04928,S003517,7056,Damage,Under Review
CL04929,S031851,2157,Lost Container,Under Review
CL04930,S053666,12673,Customs Issue,Under Review
CL04931,S037386,7888,Late Delivery,Under Review
CL04932,S041067,7889,Damage,Under Review
CL04933,S012551,12129,Damage,Closed
CL04934,S003968,2193,Damage,Closed
CL04935,S054211,5883,Late Delivery,Open
CL04936,S087226,7317,Lost Container,Closed
CL04937,S004053,10759,Customs Issue,Under Review
CL04938,S021385,13576,Customs Issue,Open
CL04939,S053076,1494,Lost Container,Under Review
CL04940,S022093,12976,Late Delivery,Closed
CL04941,S049701,12380,Late Delivery,Closed
CL04942,S073017,14949,Customs Issue,Open
CL04943,S072060,13828,Late Delivery,Closed
CL04944,S001846,2364,Late Delivery,Under Review
CL04945,S060710,12778,Lost Container,Open
CL04946,S066695,3149,Customs Issue,Closed
CL04947,S068193,14058,Late Delivery,Open
CL04948,S076569,2733,Late Delivery,Under Review
CL04949,S080767,12828,Damage,Closed
CL04950,S078075,2788,Late Delivery,Under Review
CL04951,S099002,4882,Late Delivery,Under Review
CL04952,S079670,3983,Damage,Open
CL04953,S069234,11737,Damage,Open
CL04954,S076632,13978,Customs Issue,Under Review
CL04955,S022627,10457,Late Delivery,Closed
CL04956,S068387,9654,Customs Issue,Open
CL04957,S080414,5380,Lost Container,Open
CL04958,S078661,11832,Customs Issue,Closed
CL04959,S052062,7720,Customs Issue,Closed
CL04960,S011090,9493,Damage,Open
CL04961,S044592,11927,Late Delivery,Under Review
CL04962,S036582,14072,Customs Issue,Closed
CL04963,S096801,5484,Lost Container,Open
CL04964,S009575,11135,Lost Container,Open
CL04965,S039204,11703,Late Delivery,Closed
CL04966,S019387,8678,Late Delivery,Under Review
CL04967,S038342,8702,Damage,Under Review
CL04968,S031326,8158,Customs Issue,Under Review
CL04969,S008080,1811,Customs Issue,Open
CL04970,S025924,6152,Lost Container,Under Review
CL04971,S049757,11670,Customs Issue,Closed
CL04972,S040884,6246,Customs Issue,Under Review
CL04973,S030071,7395,Late Delivery,Closed
CL04974,S086856,5506,Customs Issue,Closed
CL04975,S081118,3145,Damage,Closed
CL04976,S005034,10900,Late Delivery,Under Review
CL04977,S066299,13326,Damage,Open
CL04978,S015977,2865,Customs Issue,Open
CL04979,S007112,8299,Late Delivery,Under Review
CL04980,S057742,1598,Damage,Open
CL04981,S050093,14744,Damage,Closed
CL04982,S012923,3320,Customs Issue,Under Review
CL04983,S092386,7702,Damage,Closed
CL04984,S083362,5992,Late Delivery,Closed
CL04985,S055324,5917,Lost Container,Open
CL04986,S021084,5395,Lost Container,Closed
CL04987,S031528,10810,Lost Container,Closed
CL04988,S043541,8823,Lost Container,Closed
CL04989,S097092,14629,Late Delivery,Open
CL04990,S071810,8119,Damage,Closed
CL04991,S082479,8106,Lost Container,Closed
CL04992,S097713,2132,Customs Issue,Under Review
CL04993,S075411,7809,Customs Issue,Under Review
CL04994,S005266,1193,Lost Container,Open
CL04995,S069534,7996,Lost Container,Open
CL04996,S087416,9879,Damage,Open
CL04997,S028103,14633,Late Delivery,Under Review
CL04998,S076973,12702,Damage,Under Review
CL04999,S005714,7930,Damage,Under Review
