invoice_id,shipment_id,customer_id,invoice_date,invoice_amount,tax_amount,payment_due_date,invoice_status
INV00000,S017128,C00937,2024-11-13,34301.43,6174.2573999999995,2024-11-13,Paid
INV00001,S048209,C00606,2025-08-09,39184.36,7053.1848,2025-08-09,Disputed
INV00002,S027441,C00752,2025-11-12,9377.84,1688.0112,2025-11-12,Pending
INV00003,S023340,C00025,2025-02-15,49289.42,8872.095599999999,2025-02-15,Paid
INV00004,S008933,C00650,2024-10-11,42000.56,7560.100799999999,2024-10-11,Disputed
INV00005,S038980,C00646,2024-07-02,36219.28,6519.470399999999,2024-07-02,Disputed
INV00006,S071730,C00472,2025-04-01,18654.22,3357.7596,2025-04-01,Disputed
INV00007,S058843,C00484,2025-04-27,50805.14000000001,9144.925200000001,2025-04-27,Overdue
INV00008,S002582,C00954,2024-06-12,56207.46000000001,10117.3428,2024-06-12,Overdue
INV00009,S017885,C00355,2024-07-12,43914.57,7904.6226,2024-07-12,Disputed
INV00010,S010598,C00580,2025-02-11,24817.75,4467.195,2025-02-11,Paid
INV00011,S017766,C00215,2024-12-24,22142.92,3985.7255999999998,2024-12-24,Overdue
INV00012,S057854,C00780,2025-05-02,20197.78,3635.6004,2025-05-02,Paid
INV00013,S019752,C00570,2026-03-17,34226.32,6160.7375999999995,2026-03-17,Paid
INV00014,S069372,C00443,2026-02-17,26661.4,4799.052,2026-02-17,Disputed
INV00015,S084957,C00586,2025-11-14,16425.48,2956.5863999999997,2025-11-14,Overdue
INV00016,S022457,C00957,2024-11-25,8006.629999999999,1441.1933999999999,2024-11-25,Pending
INV00017,S073434,C00486,2024-10-16,8160.18,1468.8324,2024-10-16,Disputed
INV00018,S081798,C00727,2024-11-24,52183.950000000004,9393.111,2024-11-24,Paid
INV00019,S047113,C00545,2026-04-02,47668.840000000004,8580.3912,2026-04-02,Disputed
INV00020,S051916,C00144,2026-03-27,14722.54,2650.0572,2026-03-27,Paid
INV00021,S068473,C00202,2024-12-31,48465.38,8723.768399999999,2024-12-31,Paid
INV00022,S086564,C00876,2024-08-02,41560.399999999994,7480.8719999999985,2024-08-02,Paid
INV00023,S096991,C00296,2026-03-15,53491.64,9628.4952,2026-03-15,Paid
INV00024,S017755,C00018,2024-11-25,36168.38,6510.308399999999,2024-11-25,Paid
INV00025,S011237,C00416,2025-08-13,25305.260000000002,4554.946800000001,2025-08-13,Overdue
INV00026,S007177,C00464,2024-11-04,35193.77,6334.878599999999,2024-11-04,Paid
INV00027,S076376,C00475,2024-07-10,21931.63,3947.6934,2024-07-10,Pending
INV00028,S032019,C00267,2025-01-08,40067.34,7212.121199999999,2025-01-08,Overdue
INV00029,S060162,C00902,2025-01-25,47449.93,8540.9874,2025-01-25,Pending
INV00030,S085617,C00200,2025-08-05,47503.420000000006,8550.615600000001,2025-08-05,Pending
INV00031,S020077,C00085,2024-12-05,18060.45,3250.881,2024-12-05,Pending
INV00032,S032118,C00061,2025-06-29,50720.79,9129.7422,2025-06-29,Disputed
INV00033,S040081,C00918,2024-07-03,39399.98,7091.9964,2024-07-03,Overdue
INV00034,S034332,C00816,2025-02-28,42479.73,7646.3514000000005,2025-02-28,Disputed
INV00035,S065021,C00062,2025-10-14,12143.939999999999,2185.9091999999996,2025-10-14,Overdue
INV00036,S085839,C00954,2024-08-23,23680.440000000002,4262.479200000001,2024-08-23,Paid
INV00037,S074935,C00219,2025-05-16,26691.21,4804.417799999999,2025-05-16,Disputed
INV00038,S064108,C00417,2025-05-27,25317.8,4557.204,2025-05-27,Pending
INV00039,S061015,C00761,2026-04-08,51489.26,9268.0668,2026-04-08,Disputed
INV00040,S053373,C00490,2025-08-29,25997.3,4679.514,2025-08-29,Paid
INV00041,S057660,C00306,2025-10-04,16861.45,3035.061,2025-10-04,Disputed
INV00042,S066504,C00674,2025-09-10,42909.35,7723.682999999999,2025-09-10,Paid
INV00043,S094349,C00777,2025-01-01,27273.45,4909.221,2025-01-01,Disputed
INV00044,S004932,C00094,2025-06-03,41053.49,7389.628199999999,2025-06-03,Pending
INV00045,S089402,C00814,2025-05-17,36467.67,6564.1806,2025-05-17,Paid
INV00046,S008516,C00508,2025-11-30,24545.1,4418.1179999999995,2025-11-30,Overdue
INV00047,S054645,C00024,2025-06-28,35718.26,6429.2868,2025-06-28,Disputed
INV00048,S049818,C00293,2024-09-21,19502.41,3510.4338,2024-09-21,Disputed
INV00049,S049250,C00868,2025-11-27,33317.01,5997.0618,2025-11-27,Paid
INV00050,S075049,C00329,2025-06-27,36728.42,6611.115599999999,2025-06-27,Disputed
INV00051,S000183,C00711,2025-07-05,14871.27,2676.8286,2025-07-05,Overdue
INV00052,S074304,C00997,2026-05-08,21242.91,3823.7237999999998,2026-05-08,Disputed
INV00053,S093393,C00047,2025-07-09,23398.0,4211.639999999999,2025-07-09,Pending
INV00054,S084536,C00376,2025-10-29,12473.26,2245.1868,2025-10-29,Paid
INV00055,S061906,C00592,2025-07-22,46503.79,8370.6822,2025-07-22,Pending
INV00056,S054427,C00238,2025-11-22,34508.39,6211.5102,2025-11-22,Overdue
INV00057,S045797,C00273,2025-03-01,26493.04,4768.7472,2025-03-01,Disputed
INV00058,S081840,C00425,2024-11-15,34495.31,6209.1557999999995,2024-11-15,Disputed
INV00059,S096867,C00168,2024-09-20,13158.699999999999,2368.566,2024-09-20,Disputed
INV00060,S091426,C00924,2025-12-20,28086.84,5055.6312,2025-12-20,Paid
INV00061,S046890,C00366,2024-11-19,37350.53,6723.095399999999,2024-11-19,Pending
INV00062,S040938,C00831,2024-10-26,19788.059999999998,3561.8507999999993,2024-10-26,Pending
INV00063,S028079,C00280,2024-10-05,45828.509999999995,8249.1318,2024-10-05,Pending
INV00064,S009861,C00740,2024-08-22,29784.93,5361.2874,2024-08-22,Paid
INV00065,S092890,C00129,2026-01-30,54742.73,9853.6914,2026-01-30,Disputed
INV00066,S032574,C00798,2025-11-27,6871.66,1236.8988,2025-11-27,Paid
INV00067,S017826,C00841,2024-12-04,22044.239999999998,3967.9631999999997,2024-12-04,Pending
INV00068,S082164,C00284,2025-12-01,10208.400000000001,1837.5120000000002,2025-12-01,Overdue
INV00069,S067292,C00564,2024-12-31,30467.44,5484.1392,2024-12-31,Pending
INV00070,S010640,C00897,2026-04-04,55905.12,10062.9216,2026-04-04,Disputed
INV00071,S056943,C00312,2026-04-03,41098.75,7397.775,2026-04-03,Pending
INV00072,S034425,C00788,2026-01-02,29917.18,5385.0923999999995,2026-01-02,Overdue
INV00073,S074167,C00375,2025-04-28,58428.25,10517.085,2025-04-28,Disputed
INV00074,S010737,C00175,2026-01-13,34965.850000000006,6293.853000000001,2026-01-13,Pending
INV00075,S013629,C00596,2024-12-18,34951.49,6291.2681999999995,2024-12-18,Overdue
INV00076,S068809,C00899,2025-10-22,16521.87,2973.9365999999995,2025-10-22,Disputed
INV00077,S004694,C00454,2025-05-07,28421.84,5115.9312,2025-05-07,Overdue
INV00078,S089103,C00235,2025-06-30,26813.14,4826.365199999999,2025-06-30,Overdue
INV00079,S065511,C00440,2024-08-06,53890.7,9700.326,2024-08-06,Pending
INV00080,S037134,C00037,2026-03-06,38232.47,6881.8446,2026-03-06,Overdue
INV00081,S029111,C00209,2026-04-23,25983.9,4677.102,2026-04-23,Overdue
INV00082,S078516,C00798,2025-08-15,57034.630000000005,10266.233400000001,2025-08-15,Disputed
INV00083,S008893,C00883,2026-04-15,29300.82,5274.147599999999,2026-04-15,Disputed
INV00084,S011971,C00993,2024-08-12,13905.07,2502.9125999999997,2024-08-12,Paid
INV00085,S098030,C00735,2026-02-22,35986.69,6477.6042,2026-02-22,Pending
INV00086,S098404,C00028,2026-01-19,34230.689999999995,6161.524199999999,2026-01-19,Overdue
INV00087,S039806,C00385,2025-07-28,45626.28,8212.7304,2025-07-28,Pending
INV00088,S040414,C00946,2025-05-23,32207.23,5797.301399999999,2025-05-23,Overdue
INV00089,S083475,C00836,2024-12-03,23748.71,4274.7678,2024-12-03,Overdue
INV00090,S024736,C00296,2025-01-27,16484.64,2967.2351999999996,2025-01-27,Paid
INV00091,S079689,C00843,2025-05-08,27711.42,4988.0556,2025-05-08,Disputed
INV00092,S080959,C00673,2025-03-03,40767.880000000005,7338.218400000001,2025-03-03,Pending
INV00093,S052193,C00541,2026-01-05,21104.03,3798.7254,2026-01-05,Pending
INV00094,S050859,C00479,2025-10-20,61093.86,10996.8948,2025-10-20,Overdue
INV00095,S005811,C00908,2026-05-22,52247.229999999996,9404.5014,2026-05-22,Pending
INV00096,S018428,C00810,2025-05-22,40446.48,7280.3664,2025-05-22,Overdue
INV00097,S010228,C00219,2025-09-27,12325.990000000002,2218.6782000000003,2025-09-27,Overdue
INV00098,S038051,C00618,2024-09-26,20100.9,3618.1620000000003,2024-09-26,Pending
INV00099,S062447,C00391,2025-03-22,40415.81,7274.845799999999,2025-03-22,Disputed
INV00100,S056377,C00385,2025-06-14,14408.390000000001,2593.5102,2025-06-14,Paid
INV00101,S056441,C00400,2025-05-26,36169.04,6510.4272,2025-05-26,Pending
INV00102,S006398,C00446,2025-06-07,41076.39,7393.7501999999995,2025-06-07,Overdue
INV00103,S073706,C00462,2025-07-05,22522.93,4054.1274,2025-07-05,Paid
INV00104,S036841,C00134,2026-02-18,23610.12,4249.821599999999,2026-02-18,Disputed
INV00105,S045604,C00258,2026-01-11,36092.53,6496.6554,2026-01-11,Disputed
INV00106,S056395,C00344,2024-09-28,52293.89,9412.9002,2024-09-28,Overdue
INV00107,S026306,C00252,2024-10-29,34801.07,6264.192599999999,2024-10-29,Paid
INV00108,S099263,C00367,2024-11-24,33392.71000000001,6010.687800000001,2024-11-24,Paid
INV00109,S092523,C00172,2025-02-15,13623.98,2452.3163999999997,2025-02-15,Disputed
INV00110,S081441,C00921,2026-01-13,26958.49,4852.5282,2026-01-13,Paid
INV00111,S043238,C00498,2025-08-18,59491.66,10708.4988,2025-08-18,Paid
INV00112,S083182,C00269,2026-03-26,31976.04,5755.6872,2026-03-26,Pending
INV00113,S023771,C00341,2024-06-15,7034.55,1266.219,2024-06-15,Disputed
INV00114,S026785,C00014,2024-06-04,13437.73,2418.7913999999996,2024-06-04,Pending
INV00115,S090621,C00137,2025-10-31,52909.54,9523.7172,2025-10-31,Disputed
INV00116,S079375,C00524,2026-06-02,13697.98,2465.6364,2026-06-02,Pending
INV00117,S083645,C00264,2026-01-31,47157.68,8488.3824,2026-01-31,Disputed
INV00118,S028248,C00238,2025-06-01,48524.88,8734.4784,2025-06-01,Paid
INV00119,S037202,C00810,2024-07-15,13106.74,2359.2131999999997,2024-07-15,Pending
INV00120,S090477,C00384,2026-05-08,49163.66,8849.4588,2026-05-08,Overdue
INV00121,S032196,C00964,2024-11-28,10471.349999999999,1884.8429999999996,2024-11-28,Paid
INV00122,S087684,C00506,2024-06-17,11432.1,2057.778,2024-06-17,Overdue
INV00123,S039541,C00716,2024-08-17,45006.57,8101.1826,2024-08-17,Paid
INV00124,S013815,C00035,2026-03-24,43195.92,7775.2656,2026-03-24,Disputed
INV00125,S059563,C00920,2026-05-11,51684.079999999994,9303.134399999999,2026-05-11,Paid
INV00126,S010843,C00453,2024-12-14,52558.99,9460.618199999999,2024-12-14,Overdue
INV00127,S078064,C00979,2026-04-09,12320.42,2217.6756,2026-04-09,Overdue
INV00128,S069541,C00379,2026-05-14,22521.980000000003,4053.9564000000005,2026-05-14,Overdue
INV00129,S004650,C00937,2025-11-30,14139.16,2545.0488,2025-11-30,Disputed
INV00130,S056042,C00731,2024-12-20,56307.01,10135.2618,2024-12-20,Disputed
INV00131,S015006,C00737,2025-02-09,59879.44,10778.2992,2025-02-09,Overdue
INV00132,S093696,C00691,2024-10-26,22634.93,4074.2873999999997,2024-10-26,Disputed
INV00133,S063984,C00364,2025-08-18,51155.3,9207.954,2025-08-18,Paid
INV00134,S031961,C00000,2025-06-21,14706.67,2647.2006,2025-06-21,Paid
INV00135,S083324,C00799,2025-02-17,22392.14,4030.5851999999995,2025-02-17,Pending
INV00136,S085887,C00043,2024-07-04,47418.46,8535.3228,2024-07-04,Overdue
INV00137,S048159,C00447,2026-04-06,30658.92,5518.6056,2026-04-06,Overdue
INV00138,S067487,C00451,2025-09-14,55122.45,9922.041,2025-09-14,Disputed
INV00139,S003976,C00710,2025-09-05,48473.25,8725.185,2025-09-05,Pending
INV00140,S032395,C00784,2024-10-06,24143.28,4345.7904,2024-10-06,Overdue
INV00141,S057553,C00354,2026-01-05,35019.17,6303.450599999999,2026-01-05,Pending
INV00142,S071392,C00758,2024-12-09,19572.68,3523.0824,2024-12-09,Paid
INV00143,S098053,C00948,2024-09-24,49744.93,8954.0874,2024-09-24,Pending
INV00144,S095947,C00062,2024-06-04,26309.33,4735.6794,2024-06-04,Overdue
INV00145,S065373,C00196,2025-02-16,22818.83,4107.3894,2025-02-16,Overdue
INV00146,S092746,C00424,2026-02-04,53871.35,9696.842999999999,2026-02-04,Pending
INV00147,S013315,C00131,2026-03-23,19407.66,3493.3788,2026-03-23,Paid
INV00148,S042841,C00186,2025-06-03,20942.28,3769.6103999999996,2025-06-03,Overdue
INV00149,S083230,C00959,2026-01-14,11357.2,2044.296,2026-01-14,Paid
INV00150,S002513,C00451,2024-07-27,40549.65,7298.937,2024-07-27,Overdue
INV00151,S075021,C00380,2024-09-13,56969.67,10254.540599999998,2024-09-13,Pending
INV00152,S054253,C00297,2024-09-19,10679.76,1922.3568,2024-09-19,Pending
INV00153,S036345,C00736,2026-05-29,51164.86,9209.674799999999,2026-05-29,Disputed
INV00154,S094471,C00316,2025-04-03,9816.14,1766.9052,2025-04-03,Disputed
INV00155,S037339,C00213,2025-07-22,21930.18,3947.4323999999997,2025-07-22,Overdue
INV00156,S072195,C00191,2025-12-11,48783.299999999996,8780.993999999999,2025-12-11,Paid
INV00157,S089898,C00633,2026-05-25,9140.7,1645.326,2026-05-25,Overdue
INV00158,S061067,C00312,2024-09-21,18110.1,3259.8179999999998,2024-09-21,Disputed
INV00159,S016736,C00471,2025-01-18,59747.22,10754.4996,2025-01-18,Disputed
INV00160,S030608,C00518,2026-02-06,9663.720000000001,1739.4696000000001,2026-02-06,Disputed
INV00161,S053212,C00243,2024-07-09,8685.22,1563.3395999999998,2024-07-09,Paid
INV00162,S054192,C00851,2024-06-20,10656.07,1918.0926,2024-06-20,Pending
INV00163,S075826,C00758,2024-08-20,35578.23,6404.0814,2024-08-20,Paid
INV00164,S081961,C00616,2025-10-16,53741.89,9673.5402,2025-10-16,Pending
INV00165,S014666,C00802,2025-03-23,42544.13,7657.943399999999,2025-03-23,Overdue
INV00166,S022462,C00172,2025-12-22,24047.48,4328.5464,2025-12-22,Overdue
INV00167,S025226,C00089,2024-10-09,32369.66,5826.538799999999,2024-10-09,Disputed
INV00168,S006240,C00120,2026-03-10,58428.57,10517.1426,2026-03-10,Disputed
INV00169,S065703,C00348,2025-04-02,48199.71,8675.9478,2025-04-02,Disputed
INV00170,S047096,C00746,2025-10-16,27180.31,4892.4558,2025-10-16,Disputed
INV00171,S050877,C00480,2025-02-23,25493.84,4588.8912,2025-02-23,Paid
INV00172,S048630,C00181,2025-10-27,56292.96,10132.7328,2025-10-27,Pending
INV00173,S036728,C00449,2026-04-09,14058.02,2530.4436,2026-04-09,Paid
INV00174,S013628,C00302,2026-05-13,39251.65,7065.297,2026-05-13,Paid
INV00175,S036873,C00490,2024-07-26,24259.96,4366.792799999999,2024-07-26,Paid
INV00176,S022677,C00334,2025-03-12,34471.619999999995,6204.891599999999,2025-03-12,Paid
INV00177,S068218,C00482,2025-06-03,17466.91,3144.0438,2025-06-03,Disputed
INV00178,S079503,C00660,2025-11-22,13676.8,2461.8239999999996,2025-11-22,Paid
INV00179,S015926,C00718,2025-10-05,24635.75,4434.4349999999995,2025-10-05,Paid
INV00180,S013706,C00263,2024-08-21,56400.979999999996,10152.176399999998,2024-08-21,Overdue
INV00181,S061185,C00492,2025-07-25,22855.04,4113.9072,2025-07-25,Pending
INV00182,S050148,C00028,2025-09-30,16368.91,2946.4038,2025-09-30,Overdue
INV00183,S012679,C00678,2024-08-27,41137.649999999994,7404.776999999998,2024-08-27,Disputed
INV00184,S020222,C00037,2026-05-13,12956.81,2332.2257999999997,2026-05-13,Overdue
INV00185,S096512,C00896,2026-05-01,40679.0,7322.219999999999,2026-05-01,Overdue
INV00186,S027997,C00862,2025-09-10,54176.020000000004,9751.6836,2025-09-10,Pending
INV00187,S069441,C00723,2026-02-16,52813.350000000006,9506.403,2026-02-16,Pending
INV00188,S015818,C00035,2024-11-02,43242.14,7783.5851999999995,2024-11-02,Pending
INV00189,S017527,C00101,2026-06-02,40456.2,7282.115999999999,2026-06-02,Disputed
INV00190,S025549,C00992,2024-12-27,18359.72,3304.7496,2024-12-27,Overdue
INV00191,S079640,C00147,2024-12-31,54698.08,9845.6544,2024-12-31,Pending
INV00192,S081935,C00834,2024-12-04,16047.98,2888.6364,2024-12-04,Overdue
INV00193,S012325,C00671,2025-04-19,31502.93,5670.5274,2025-04-19,Pending
INV00194,S052135,C00682,2025-09-29,42815.67,7706.820599999999,2025-09-29,Overdue
INV00195,S000323,C00763,2024-07-30,17053.510000000002,3069.6318,2024-07-30,Overdue
INV00196,S092377,C00726,2024-10-26,58052.96,10449.532799999999,2024-10-26,Overdue
INV00197,S015473,C00315,2025-05-16,48556.090000000004,8740.0962,2025-05-16,Overdue
INV00198,S053412,C00831,2026-01-17,20900.96,3762.1728,2026-01-17,Disputed
INV00199,S006523,C00478,2025-10-17,5449.67,980.9406,2025-10-17,Paid
INV00200,S027235,C00324,2026-03-04,30865.82,5555.8476,2026-03-04,Pending
INV00201,S092296,C00006,2025-06-17,37857.93,6814.4274,2025-06-17,Overdue
INV00202,S092466,C00991,2025-08-08,47169.71,8490.5478,2025-08-08,Overdue
INV00203,S074264,C00594,2024-12-05,48947.329999999994,8810.5194,2024-12-05,Overdue
INV00204,S067246,C00917,2024-09-08,43953.9,7911.702,2024-09-08,Pending
INV00205,S086291,C00649,2025-12-14,33868.11,6096.2598,2025-12-14,Pending
INV00206,S068378,C00153,2025-03-27,27359.02,4924.6236,2025-03-27,Pending
INV00207,S060045,C00465,2025-07-17,30838.32,5550.897599999999,2025-07-17,Disputed
INV00208,S047975,C00053,2025-10-19,31609.469999999998,5689.704599999999,2025-10-19,Paid
INV00209,S083965,C00107,2025-04-08,44784.26,8061.1668,2025-04-08,Disputed
INV00210,S083497,C00798,2024-12-23,38057.72,6850.3895999999995,2024-12-23,Disputed
INV00211,S007859,C00450,2024-08-17,29491.309999999998,5308.435799999999,2024-08-17,Pending
INV00212,S083902,C00827,2025-10-04,10980.22,1976.4395999999997,2025-10-04,Pending
INV00213,S010212,C00400,2026-03-02,23855.300000000003,4293.954000000001,2026-03-02,Pending
INV00214,S014955,C00671,2026-05-13,37928.54,6827.1372,2026-05-13,Overdue
INV00215,S093147,C00555,2024-10-05,23667.02,4260.0635999999995,2024-10-05,Paid
INV00216,S030857,C00324,2024-09-18,55603.88,10008.6984,2024-09-18,Overdue
INV00217,S071680,C00996,2025-02-10,54423.89,9796.3002,2025-02-10,Paid
INV00218,S049731,C00435,2025-06-15,30986.4,5577.552,2025-06-15,Pending
INV00219,S088573,C00624,2025-04-22,18779.48,3380.3064,2025-04-22,Overdue
INV00220,S010325,C00037,2025-02-24,20828.63,3749.1534,2025-02-24,Pending
INV00221,S018426,C00726,2025-01-30,48704.53,8766.8154,2025-01-30,Disputed
INV00222,S060779,C00447,2025-07-02,52790.93,9502.3674,2025-07-02,Overdue
INV00223,S007001,C00202,2024-09-22,28949.16,5210.8488,2024-09-22,Disputed
INV00224,S067971,C00736,2026-03-27,52263.57,9407.4426,2026-03-27,Paid
INV00225,S067958,C00236,2025-08-04,47914.08,8624.5344,2025-08-04,Pending
INV00226,S010912,C00065,2025-11-11,40250.93,7245.167399999999,2025-11-11,Pending
INV00227,S002553,C00951,2024-10-24,6983.43,1257.0174,2024-10-24,Paid
INV00228,S085794,C00486,2025-05-24,56042.25,10087.605,2025-05-24,Overdue
INV00229,S063054,C00964,2025-09-22,39048.03,7028.645399999999,2025-09-22,Disputed
INV00230,S086158,C00976,2024-12-10,33983.31,6116.9958,2024-12-10,Paid
INV00231,S054092,C00600,2025-03-13,25562.91,4601.3238,2025-03-13,Pending
INV00232,S028186,C00645,2025-09-02,56624.92,10192.4856,2025-09-02,Paid
INV00233,S000681,C00269,2025-02-11,23274.170000000002,4189.3506,2025-02-11,Pending
INV00234,S002258,C00120,2024-10-17,52320.62,9417.7116,2024-10-17,Overdue
INV00235,S077410,C00342,2025-12-29,33705.78,6067.0404,2025-12-29,Overdue
INV00236,S000817,C00139,2025-06-08,38932.05,7007.769,2025-06-08,Paid
INV00237,S043044,C00726,2025-03-06,30801.399999999998,5544.2519999999995,2025-03-06,Disputed
INV00238,S069833,C00980,2026-05-11,12538.08,2256.8543999999997,2026-05-11,Pending
INV00239,S015093,C00188,2025-03-18,28232.260000000002,5081.8068,2025-03-18,Paid
INV00240,S057438,C00985,2024-06-04,22081.43,3974.6574,2024-06-04,Overdue
INV00241,S036203,C00523,2025-12-10,10263.79,1847.4822000000001,2025-12-10,Paid
INV00242,S091931,C00380,2025-11-27,22571.57,4062.8826,2025-11-27,Pending
INV00243,S014034,C00006,2024-12-07,17396.96,3131.4527999999996,2024-12-07,Pending
INV00244,S006173,C00207,2025-02-11,55099.84,9917.971199999998,2025-02-11,Paid
INV00245,S087505,C00953,2025-02-17,46971.3,8454.834,2025-02-17,Overdue
INV00246,S027218,C00004,2024-12-23,32811.83,5906.1294,2024-12-23,Disputed
INV00247,S051943,C00768,2026-02-23,7948.17,1430.6706,2026-02-23,Pending
INV00248,S087738,C00530,2024-07-24,49991.479999999996,8998.4664,2024-07-24,Pending
INV00249,S013811,C00640,2026-04-17,33822.2,6087.995999999999,2026-04-17,Pending
INV00250,S037190,C00588,2025-07-10,46825.36,8428.5648,2025-07-10,Paid
INV00251,S058120,C00555,2026-03-06,55190.17,9934.230599999999,2026-03-06,Paid
INV00252,S041885,C00915,2024-11-28,20920.73,3765.7313999999997,2024-11-28,Paid
INV00253,S095876,C00047,2025-02-17,28223.68,5080.2624,2025-02-17,Overdue
INV00254,S021021,C00702,2024-11-20,7486.13,1347.5034,2024-11-20,Overdue
INV00255,S079311,C00828,2025-09-10,22095.45,3977.181,2025-09-10,Overdue
INV00256,S013933,C00395,2026-03-14,38959.009999999995,7012.621799999999,2026-03-14,Paid
INV00257,S015179,C00986,2024-12-11,38271.87,6888.9366,2024-12-11,Paid
INV00258,S001440,C00657,2025-12-07,52233.04,9401.9472,2025-12-07,Overdue
INV00259,S019634,C00028,2025-07-08,49972.670000000006,8995.080600000001,2025-07-08,Disputed
INV00260,S082237,C00811,2025-04-11,17051.35,3069.2429999999995,2025-04-11,Disputed
INV00261,S042377,C00818,2024-08-21,41777.829999999994,7520.009399999999,2024-08-21,Paid
INV00262,S025413,C00374,2024-09-10,37125.1,6682.517999999999,2024-09-10,Overdue
INV00263,S097445,C00709,2025-05-03,42111.92,7580.1456,2025-05-03,Pending
INV00264,S088167,C00361,2026-02-28,27469.61,4944.5298,2026-02-28,Paid
INV00265,S088172,C00889,2025-05-21,28359.51,5104.711799999999,2025-05-21,Overdue
INV00266,S016853,C00439,2025-01-02,21502.07,3870.3725999999997,2025-01-02,Pending
INV00267,S042419,C00633,2025-10-21,23459.559999999998,4222.720799999999,2025-10-21,Overdue
INV00268,S049990,C00414,2025-04-02,17289.579999999998,3112.1243999999997,2025-04-02,Overdue
INV00269,S049397,C00986,2026-05-11,50286.54,9051.5772,2026-05-11,Disputed
INV00270,S052690,C00702,2024-11-09,24697.03,4445.4654,2024-11-09,Overdue
INV00271,S085383,C00121,2025-07-08,16326.91,2938.8437999999996,2025-07-08,Disputed
INV00272,S006883,C00018,2025-09-13,36170.6,6510.708,2025-09-13,Pending
INV00273,S064640,C00107,2025-02-19,17297.72,3113.5896000000002,2025-02-19,Pending
INV00274,S062812,C00755,2026-05-17,56297.31,10133.5158,2026-05-17,Paid
INV00275,S000571,C00341,2025-12-31,28088.550000000003,5055.939,2025-12-31,Pending
INV00276,S067204,C00939,2025-05-27,22690.18,4084.2324,2025-05-27,Overdue
INV00277,S025515,C00074,2024-06-23,15820.26,2847.6468,2024-06-23,Overdue
INV00278,S082765,C00985,2025-07-19,37000.83,6660.1494,2025-07-19,Disputed
INV00279,S095902,C00100,2026-01-01,59873.64,10777.2552,2026-01-01,Disputed
INV00280,S091242,C00666,2025-07-01,12121.24,2181.8232,2025-07-01,Overdue
INV00281,S050263,C00031,2025-03-12,43557.37,7840.3266,2025-03-12,Pending
INV00282,S038530,C00493,2024-11-23,46369.85,8346.573,2024-11-23,Disputed
INV00283,S016613,C00136,2025-08-10,38682.32,6962.817599999999,2025-08-10,Pending
INV00284,S044009,C00574,2026-03-28,40930.97,7367.5746,2026-03-28,Paid
INV00285,S059061,C00087,2024-11-16,21620.47,3891.6846,2024-11-16,Pending
INV00286,S043845,C00007,2025-08-25,14692.72,2644.6895999999997,2025-08-25,Paid
INV00287,S007999,C00354,2025-01-21,50451.2,9081.215999999999,2025-01-21,Overdue
INV00288,S096872,C00715,2024-07-11,17374.760000000002,3127.4568000000004,2024-07-11,Paid
INV00289,S028376,C00797,2024-09-30,55039.42,9907.095599999999,2024-09-30,Overdue
INV00290,S055761,C00102,2024-09-25,33457.93,6022.4274,2024-09-25,Disputed
INV00291,S074347,C00332,2025-10-11,31858.47,5734.5246,2025-10-11,Overdue
INV00292,S033648,C00245,2025-03-21,32673.769999999997,5881.2786,2025-03-21,Disputed
INV00293,S052123,C00276,2026-03-09,47622.29,8572.0122,2026-03-09,Paid
INV00294,S065638,C00332,2026-05-16,53543.71,9637.8678,2026-05-16,Pending
INV00295,S089974,C00091,2024-11-28,51147.850000000006,9206.613000000001,2024-11-28,Disputed
INV00296,S001376,C00561,2026-03-16,14408.27,2593.4886,2026-03-16,Overdue
INV00297,S066886,C00266,2024-08-14,39380.54,7088.4972,2024-08-14,Overdue
INV00298,S071296,C00366,2024-10-25,27578.9,4964.202,2024-10-25,Pending
INV00299,S008931,C00080,2025-11-08,36366.5,6545.969999999999,2025-11-08,Overdue
INV00300,S022739,C00933,2025-09-05,44398.81,7991.7858,2025-09-05,Disputed
INV00301,S060031,C00661,2024-06-17,17107.95,3079.431,2024-06-17,Paid
INV00302,S038845,C00514,2026-03-25,47845.520000000004,8612.1936,2026-03-25,Disputed
INV00303,S070928,C00986,2025-07-03,9510.06,1711.8107999999997,2025-07-03,Paid
INV00304,S043922,C00087,2024-07-28,37277.42,6709.9356,2024-07-28,Disputed
INV00305,S010278,C00104,2025-04-30,49860.03,8974.8054,2025-04-30,Overdue
INV00306,S077234,C00091,2024-09-27,33712.21,6068.1978,2024-09-27,Disputed
INV00307,S089623,C00327,2024-06-11,27771.920000000002,4998.9456,2024-06-11,Paid
INV00308,S087383,C00752,2026-04-03,38574.450000000004,6943.401000000001,2026-04-03,Paid
INV00309,S042520,C00555,2024-09-02,19959.84,3592.7711999999997,2024-09-02,Overdue
INV00310,S009878,C00272,2026-05-14,37143.72,6685.8696,2026-05-14,Paid
INV00311,S093689,C00760,2024-12-09,46678.64,8402.1552,2024-12-09,Disputed
INV00312,S016306,C00246,2024-07-03,25424.440000000002,4576.3992,2024-07-03,Overdue
INV00313,S064402,C00983,2025-01-10,38233.74,6882.0732,2025-01-10,Overdue
INV00314,S008635,C00398,2025-07-16,48927.9,8807.022,2025-07-16,Pending
INV00315,S053995,C00200,2024-06-09,50293.93000000001,9052.907400000002,2024-06-09,Disputed
INV00316,S084630,C00003,2025-03-23,38319.240000000005,6897.463200000001,2025-03-23,Overdue
INV00317,S091449,C00575,2024-07-10,30473.01,5485.141799999999,2024-07-10,Pending
INV00318,S088503,C00831,2025-01-14,33645.73,6056.231400000001,2025-01-14,Pending
INV00319,S093319,C00033,2024-12-10,31525.57,5674.6026,2024-12-10,Overdue
INV00320,S093288,C00355,2024-09-13,39513.71,7112.467799999999,2024-09-13,Disputed
INV00321,S014073,C00832,2026-04-24,23826.77,4288.8186,2026-04-24,Paid
INV00322,S002850,C00924,2024-07-27,44780.46000000001,8060.482800000001,2024-07-27,Paid
INV00323,S073726,C00855,2025-05-29,49173.520000000004,8851.2336,2025-05-29,Pending
INV00324,S044742,C00306,2025-10-01,51821.82,9327.927599999999,2025-10-01,Paid
INV00325,S005255,C00513,2024-10-02,9340.06,1681.2107999999998,2024-10-02,Disputed
INV00326,S063193,C00216,2026-04-26,17630.309999999998,3173.4557999999993,2026-04-26,Overdue
INV00327,S021748,C00068,2025-04-13,32503.47,5850.6246,2025-04-13,Disputed
INV00328,S096964,C00413,2026-01-16,14703.929999999998,2646.7074,2026-01-16,Overdue
INV00329,S079622,C00762,2024-09-19,53179.17,9572.2506,2024-09-19,Disputed
INV00330,S046879,C00645,2024-12-01,11704.17,2106.7506,2024-12-01,Paid
INV00331,S037893,C00716,2026-06-01,45482.36,8186.824799999999,2026-06-01,Disputed
INV00332,S048551,C00463,2025-01-09,44448.119999999995,8000.6615999999985,2025-01-09,Pending
INV00333,S094487,C00818,2026-05-15,13275.75,2389.6349999999998,2026-05-15,Overdue
INV00334,S088964,C00652,2025-09-20,44052.2,7929.395999999999,2025-09-20,Paid
INV00335,S010889,C00219,2026-01-07,16128.130000000001,2903.0634,2026-01-07,Disputed
INV00336,S091128,C00601,2024-12-16,35019.16,6303.4488,2024-12-16,Overdue
INV00337,S062929,C00061,2026-05-17,48424.48,8716.4064,2026-05-17,Pending
INV00338,S076676,C00655,2024-08-02,14125.369999999999,2542.5665999999997,2024-08-02,Pending
INV00339,S085009,C00050,2026-05-17,49592.630000000005,8926.6734,2026-05-17,Pending
INV00340,S015074,C00425,2026-05-15,28078.64,5054.1552,2026-05-15,Disputed
INV00341,S082522,C00735,2024-11-01,36210.01,6517.8018,2024-11-01,Disputed
INV00342,S064637,C00843,2024-09-12,36215.77,6518.838599999999,2024-09-12,Disputed
INV00343,S053527,C00405,2025-03-10,24668.8,4440.384,2025-03-10,Overdue
INV00344,S042806,C00623,2025-04-17,45987.19,8277.6942,2025-04-17,Overdue
INV00345,S087804,C00041,2025-05-17,30109.84,5419.7712,2025-05-17,Pending
INV00346,S061799,C00753,2024-08-08,37871.969999999994,6816.954599999998,2024-08-08,Disputed
INV00347,S080260,C00606,2024-12-22,25775.55,4639.598999999999,2024-12-22,Disputed
INV00348,S084793,C00111,2025-08-02,37606.23,6769.1214,2025-08-02,Disputed
INV00349,S062457,C00755,2025-08-27,30874.82,5557.4676,2025-08-27,Disputed
INV00350,S061238,C00950,2026-04-20,15214.75,2738.6549999999997,2026-04-20,Paid
INV00351,S073257,C00543,2025-09-23,56784.33,10221.179399999999,2025-09-23,Paid
INV00352,S035273,C00784,2026-01-21,18309.52,3295.7136,2026-01-21,Pending
INV00353,S096289,C00148,2025-10-02,56518.36,10173.3048,2025-10-02,Overdue
INV00354,S082001,C00799,2026-02-20,12368.42,2226.3156,2026-02-20,Paid
INV00355,S030463,C00550,2025-04-01,12584.79,2265.2622,2025-04-01,Pending
INV00356,S025262,C00666,2024-10-26,37548.009999999995,6758.6417999999985,2024-10-26,Pending
INV00357,S091345,C00051,2025-09-27,20377.09,3667.8761999999997,2025-09-27,Paid
INV00358,S036243,C00365,2024-10-03,54215.95,9758.871,2024-10-03,Disputed
INV00359,S061234,C00784,2025-02-26,53487.5,9627.75,2025-02-26,Paid
INV00360,S012101,C00768,2025-09-05,48437.13,8718.6834,2025-09-05,Disputed
INV00361,S023879,C00691,2024-07-25,53679.78,9662.3604,2024-07-25,Pending
INV00362,S088577,C00421,2025-05-25,10084.34,1815.1812,2025-05-25,Pending
INV00363,S000221,C00022,2024-11-03,45907.09,8263.276199999998,2024-11-03,Overdue
INV00364,S036961,C00465,2025-08-25,40629.82,7313.3676,2025-08-25,Paid
INV00365,S035822,C00631,2025-12-08,35223.04,6340.1472,2025-12-08,Pending
INV00366,S047921,C00187,2026-03-14,27711.16,4988.0088,2026-03-14,Disputed
INV00367,S057115,C00605,2024-07-20,32197.190000000002,5795.4942,2024-07-20,Disputed
INV00368,S075984,C00536,2024-09-12,56782.7,10220.885999999999,2024-09-12,Pending
INV00369,S020269,C00455,2024-06-03,37785.42,6801.375599999999,2024-06-03,Pending
INV00370,S015487,C00548,2025-06-30,17079.11,3074.2398,2025-06-30,Overdue
INV00371,S023432,C00107,2025-11-16,51213.14,9218.3652,2025-11-16,Overdue
INV00372,S068733,C00691,2024-11-26,46281.55,8330.679,2024-11-26,Overdue
INV00373,S063543,C00967,2025-10-19,14400.650000000001,2592.117,2025-10-19,Disputed
INV00374,S052224,C00913,2025-05-07,22154.96,3987.8927999999996,2025-05-07,Paid
INV00375,S044190,C00165,2025-05-27,27815.55,5006.799,2025-05-27,Paid
INV00376,S023762,C00066,2024-09-17,52106.34,9379.141199999998,2024-09-17,Overdue
INV00377,S039270,C00730,2026-04-21,45663.73,8219.4714,2026-04-21,Overdue
INV00378,S032420,C00523,2024-11-21,34856.17,6274.110599999999,2024-11-21,Paid
INV00379,S052859,C00317,2024-10-25,36107.399999999994,6499.3319999999985,2024-10-25,Disputed
INV00380,S081644,C00942,2026-04-29,57978.31,10436.0958,2026-04-29,Paid
INV00381,S010466,C00195,2026-01-23,32752.61,5895.4698,2026-01-23,Pending
INV00382,S028989,C00378,2026-02-03,47869.11,8616.4398,2026-02-03,Disputed
INV00383,S080573,C00461,2025-05-18,17807.64,3205.3752,2025-05-18,Disputed
INV00384,S008500,C00309,2025-06-21,6092.73,1096.6914,2025-06-21,Paid
INV00385,S080671,C00851,2025-03-29,56024.29,10084.3722,2025-03-29,Overdue
INV00386,S053024,C00569,2024-06-15,22334.18,4020.1524,2024-06-15,Paid
INV00387,S090869,C00087,2026-02-26,41987.77,7557.798599999999,2026-02-26,Disputed
INV00388,S053526,C00103,2024-08-10,21658.28,3898.4903999999997,2024-08-10,Pending
INV00389,S018062,C00078,2025-04-14,20004.39,3600.7902,2025-04-14,Paid
INV00390,S034360,C00814,2026-03-27,51344.65,9242.037,2026-03-27,Paid
INV00391,S066950,C00517,2025-02-14,27997.27,5039.5086,2025-02-14,Paid
INV00392,S017264,C00987,2024-12-14,36761.58,6617.0844,2024-12-14,Disputed
INV00393,S018457,C00794,2025-07-20,11650.23,2097.0414,2025-07-20,Pending
INV00394,S042647,C00813,2025-03-25,28271.82,5088.9276,2025-03-25,Overdue
INV00395,S088424,C00965,2025-02-07,50923.0,9166.14,2025-02-07,Overdue
INV00396,S098061,C00334,2025-04-18,51535.4,9276.372,2025-04-18,Disputed
INV00397,S038580,C00003,2025-02-09,53331.81,9599.725799999998,2025-02-09,Paid
INV00398,S040780,C00144,2024-08-20,35384.21,6369.1578,2024-08-20,Paid
INV00399,S032894,C00897,2025-01-10,23911.54,4304.0772,2025-01-10,Disputed
INV00400,S004055,C00917,2024-06-24,8545.5,1538.19,2024-06-24,Paid
INV00401,S028656,C00305,2026-05-08,41053.89,7389.700199999999,2026-05-08,Paid
INV00402,S084632,C00498,2026-05-04,19077.1,3433.8779999999997,2026-05-04,Pending
INV00403,S059927,C00529,2025-01-13,20694.629999999997,3725.0333999999993,2025-01-13,Paid
INV00404,S087129,C00873,2024-10-04,33556.88,6040.238399999999,2024-10-04,Overdue
INV00405,S022889,C00972,2024-07-14,52273.54,9409.2372,2024-07-14,Disputed
INV00406,S025119,C00292,2026-05-21,10355.23,1863.9414,2026-05-21,Paid
INV00407,S051230,C00088,2025-04-26,31091.69,5596.504199999999,2025-04-26,Disputed
INV00408,S041694,C00806,2024-12-17,29131.25,5243.625,2024-12-17,Pending
INV00409,S001317,C00309,2025-02-19,42974.71000000001,7735.447800000001,2025-02-19,Disputed
INV00410,S008268,C00912,2025-09-29,26308.95,4735.611,2025-09-29,Disputed
INV00411,S037993,C00971,2025-08-28,35761.810000000005,6437.125800000001,2025-08-28,Overdue
INV00412,S081194,C00612,2024-09-13,29170.86,5250.7548,2024-09-13,Disputed
INV00413,S090326,C00781,2026-01-24,36293.96,6532.912799999999,2026-01-24,Overdue
INV00414,S078969,C00436,2024-10-14,59846.95,10772.451,2024-10-14,Overdue
INV00415,S060515,C00473,2025-04-30,12692.73,2284.6913999999997,2025-04-30,Paid
INV00416,S057323,C00498,2025-06-28,23588.129999999997,4245.863399999999,2025-06-28,Pending
INV00417,S066414,C00090,2025-07-11,42009.99,7561.798199999999,2025-07-11,Disputed
INV00418,S024671,C00680,2024-09-11,14567.11,2622.0798,2024-09-11,Pending
INV00419,S064215,C00537,2025-11-06,49494.170000000006,8908.9506,2025-11-06,Pending
INV00420,S030791,C00298,2024-07-01,21948.42,3950.7155999999995,2024-07-01,Pending
INV00421,S062583,C00436,2025-10-11,36149.77,6506.958599999999,2025-10-11,Disputed
INV00422,S065261,C00363,2025-08-21,9512.57,1712.2625999999998,2025-08-21,Overdue
INV00423,S029422,C00947,2025-05-31,54836.5,9870.57,2025-05-31,Disputed
INV00424,S056665,C00443,2025-12-20,17874.56,3217.4208000000003,2025-12-20,Pending
INV00425,S085210,C00138,2024-09-01,21038.47,3786.9246000000003,2024-09-01,Disputed
INV00426,S052651,C00444,2025-08-09,7995.03,1439.1054,2025-08-09,Pending
INV00427,S027140,C00350,2026-05-05,24252.59,4365.4662,2026-05-05,Paid
INV00428,S056420,C00271,2025-11-05,39747.770000000004,7154.5986,2025-11-05,Pending
INV00429,S056422,C00178,2024-06-15,20979.660000000003,3776.3388000000004,2024-06-15,Overdue
INV00430,S008267,C00579,2024-09-27,7091.55,1276.479,2024-09-27,Paid
INV00431,S069231,C00946,2024-11-25,31924.87,5746.4766,2024-11-25,Overdue
INV00432,S040952,C00730,2026-02-05,25065.87,4511.8566,2026-02-05,Paid
INV00433,S023900,C00864,2026-01-14,18379.11,3308.2398,2026-01-14,Disputed
INV00434,S058855,C00100,2025-10-24,30215.670000000002,5438.8206,2025-10-24,Paid
INV00435,S019180,C00988,2026-05-13,35700.05,6426.009,2026-05-13,Pending
INV00436,S045873,C00813,2026-01-26,56025.69,10084.6242,2026-01-26,Disputed
INV00437,S072591,C00702,2024-08-18,24041.77,4327.5186,2024-08-18,Disputed
INV00438,S042301,C00300,2024-12-01,27833.29,5009.9922,2024-12-01,Paid
INV00439,S063882,C00685,2024-10-02,12277.33,2209.9193999999998,2024-10-02,Disputed
INV00440,S009356,C00159,2025-02-09,28531.53,5135.675399999999,2025-02-09,Pending
INV00441,S001347,C00908,2024-07-17,45376.43,8167.7573999999995,2024-07-17,Disputed
INV00442,S015513,C00618,2024-07-25,34236.04,6162.4872,2024-07-25,Pending
INV00443,S088340,C00052,2025-11-29,35888.89,6460.0001999999995,2025-11-29,Pending
INV00444,S070386,C00186,2025-02-06,16888.92,3040.0055999999995,2025-02-06,Pending
INV00445,S040542,C00820,2025-09-16,49766.590000000004,8957.986200000001,2025-09-16,Overdue
INV00446,S087300,C00409,2026-03-19,22607.149999999998,4069.2869999999994,2026-03-19,Pending
INV00447,S076100,C00330,2025-05-12,48240.58,8683.3044,2025-05-12,Overdue
INV00448,S010532,C00150,2025-02-01,17088.89,3076.0002,2025-02-01,Overdue
INV00449,S092572,C00579,2026-02-25,56957.299999999996,10252.313999999998,2026-02-25,Overdue
INV00450,S024465,C00178,2025-04-29,12381.289999999999,2228.6321999999996,2025-04-29,Pending
INV00451,S048016,C00123,2025-02-28,30970.760000000002,5574.736800000001,2025-02-28,Pending
INV00452,S054116,C00342,2025-10-12,39788.56,7161.940799999999,2025-10-12,Pending
INV00453,S068893,C00554,2024-10-18,58566.12,10541.9016,2024-10-18,Overdue
INV00454,S051319,C00791,2025-12-27,16442.68,2959.6824,2025-12-27,Overdue
INV00455,S004156,C00663,2025-06-02,36545.46,6578.1828,2025-06-02,Disputed
INV00456,S059721,C00127,2025-03-31,23131.14,4163.6052,2025-03-31,Disputed
INV00457,S051282,C00871,2026-01-27,28697.23,5165.5014,2026-01-27,Overdue
INV00458,S044332,C00303,2025-10-28,10167.38,1830.1283999999998,2025-10-28,Disputed
INV00459,S053822,C00853,2024-07-15,25209.940000000002,4537.7892,2024-07-15,Disputed
INV00460,S082122,C00955,2026-06-02,46450.73,8361.1314,2026-06-02,Disputed
INV00461,S013734,C00231,2026-04-29,59372.24,10687.0032,2026-04-29,Overdue
INV00462,S058281,C00806,2025-03-08,10795.470000000001,1943.1846,2025-03-08,Pending
INV00463,S091091,C00408,2025-05-26,37048.119999999995,6668.6615999999985,2025-05-26,Overdue
INV00464,S063587,C00599,2025-06-14,35633.78,6414.0804,2025-06-14,Pending
INV00465,S036837,C00169,2026-03-17,26591.97,4786.5546,2026-03-17,Disputed
INV00466,S014037,C00723,2025-09-02,15879.05,2858.229,2025-09-02,Paid
INV00467,S070707,C00558,2025-03-21,31863.219999999998,5735.379599999999,2025-03-21,Disputed
INV00468,S092010,C00389,2026-05-30,15081.48,2714.6663999999996,2026-05-30,Disputed
INV00469,S083170,C00265,2025-01-04,36231.619999999995,6521.691599999999,2025-01-04,Disputed
INV00470,S054993,C00711,2025-08-26,27157.670000000002,4888.3806,2025-08-26,Overdue
INV00471,S096037,C00371,2025-03-03,20469.91,3684.5838,2025-03-03,Overdue
INV00472,S001090,C00065,2025-06-22,26270.77,4728.7386,2025-06-22,Overdue
INV00473,S090956,C00383,2024-09-08,41141.35,7405.442999999999,2024-09-08,Disputed
INV00474,S085934,C00012,2025-06-20,26268.29,4728.2922,2025-06-20,Paid
INV00475,S011333,C00114,2026-03-21,7053.65,1269.657,2026-03-21,Paid
INV00476,S095071,C00820,2024-07-12,26898.55,4841.739,2024-07-12,Overdue
INV00477,S028102,C00229,2026-04-10,39556.94,7120.2492,2026-04-10,Disputed
INV00478,S094268,C00172,2025-10-11,22734.59,4092.2262,2025-10-11,Disputed
INV00479,S001622,C00639,2025-10-02,20574.32,3703.3776,2025-10-02,Paid
INV00480,S064518,C00937,2025-06-02,47270.94,8508.7692,2025-06-02,Disputed
INV00481,S040730,C00863,2026-02-26,33391.72,6010.5096,2026-02-26,Pending
INV00482,S077942,C00135,2025-06-22,11845.97,2132.2745999999997,2025-06-22,Overdue
INV00483,S098474,C00312,2025-12-19,18244.67,3284.0405999999994,2025-12-19,Disputed
INV00484,S084882,C00576,2026-04-07,16013.04,2882.3472,2026-04-07,Disputed
INV00485,S049862,C00779,2025-05-22,41035.06,7386.310799999999,2025-05-22,Disputed
INV00486,S065095,C00475,2025-06-13,34099.5,6137.91,2025-06-13,Overdue
INV00487,S078477,C00482,2026-01-26,42164.61,7589.6298,2026-01-26,Overdue
INV00488,S032002,C00683,2025-02-06,46363.83,8345.4894,2025-02-06,Overdue
INV00489,S085207,C00400,2026-01-04,51198.509999999995,9215.7318,2026-01-04,Pending
INV00490,S025973,C00842,2024-09-20,16413.36,2954.4048,2024-09-20,Overdue
INV00491,S059394,C00892,2025-08-17,54191.18,9754.4124,2025-08-17,Disputed
INV00492,S068506,C00690,2026-02-27,22429.03,4037.2254,2026-02-27,Pending
INV00493,S098050,C00834,2024-09-07,42619.98,7671.5964,2024-09-07,Overdue
INV00494,S081453,C00864,2025-05-22,53870.19,9696.6342,2025-05-22,Disputed
INV00495,S061220,C00049,2025-06-30,23148.79,4166.7822,2025-06-30,Overdue
INV00496,S050522,C00746,2025-12-17,34439.79,6199.1622,2025-12-17,Paid
INV00497,S069930,C00562,2025-02-20,28725.53,5170.595399999999,2025-02-20,Overdue
INV00498,S001676,C00306,2025-09-24,56410.229999999996,10153.8414,2025-09-24,Disputed
INV00499,S024218,C00114,2025-04-22,13098.74,2357.7732,2025-04-22,Disputed
INV00500,S062722,C00202,2024-10-14,19182.69,3452.8841999999995,2024-10-14,Disputed
INV00501,S020943,C00141,2026-04-08,24963.85,4493.4929999999995,2026-04-08,Disputed
INV00502,S030400,C00525,2025-04-19,12142.05,2185.569,2025-04-19,Paid
INV00503,S073993,C00637,2024-10-13,6635.4,1194.3719999999998,2024-10-13,Overdue
INV00504,S055672,C00699,2025-04-03,20626.89,3712.8401999999996,2025-04-03,Pending
INV00505,S055868,C00436,2026-05-23,30967.65,5574.177,2026-05-23,Paid
INV00506,S034709,C00989,2026-02-08,24395.48,4391.1864,2026-02-08,Paid
INV00507,S032232,C00451,2025-04-02,16595.23,2987.1414,2025-04-02,Paid
INV00508,S069633,C00874,2025-03-06,18447.550000000003,3320.559,2025-03-06,Disputed
INV00509,S094894,C00862,2026-01-14,43714.5,7868.61,2026-01-14,Pending
INV00510,S084198,C00632,2026-01-22,43567.85999999999,7842.214799999999,2026-01-22,Disputed
INV00511,S054656,C00641,2025-02-10,49464.86,8903.674799999999,2025-02-10,Overdue
INV00512,S093274,C00908,2024-06-23,54479.86,9806.3748,2024-06-23,Disputed
INV00513,S041857,C00753,2025-06-25,22386.92,4029.6455999999994,2025-06-25,Paid
INV00514,S002853,C00125,2024-10-30,12029.27,2165.2686,2024-10-30,Overdue
INV00515,S038816,C00517,2025-01-17,48164.94,8669.6892,2025-01-17,Paid
INV00516,S052852,C00426,2025-09-26,50027.130000000005,9004.8834,2025-09-26,Overdue
INV00517,S097883,C00176,2025-04-11,30924.15,5566.347,2025-04-11,Disputed
INV00518,S023152,C00954,2024-06-07,12445.94,2240.2692,2024-06-07,Disputed
INV00519,S018713,C00632,2024-11-22,50993.66,9178.8588,2024-11-22,Disputed
INV00520,S005283,C00883,2025-09-15,43366.3,7805.934,2025-09-15,Pending
INV00521,S015986,C00590,2026-04-28,40945.69,7370.224200000001,2026-04-28,Overdue
INV00522,S041838,C00830,2024-07-03,29261.88,5267.1384,2024-07-03,Overdue
INV00523,S098307,C00588,2024-08-26,17619.309999999998,3171.4757999999993,2024-08-26,Paid
INV00524,S032364,C00134,2025-01-20,17731.34,3191.6412,2025-01-20,Paid
INV00525,S000940,C00185,2026-05-02,53413.63,9614.453399999999,2026-05-02,Paid
INV00526,S026482,C00364,2024-08-12,45356.020000000004,8164.083600000001,2024-08-12,Pending
INV00527,S010437,C00384,2026-06-01,43045.75,7748.235,2026-06-01,Pending
INV00528,S010178,C00430,2025-08-11,50218.53,9039.3354,2025-08-11,Pending
INV00529,S096518,C00675,2024-07-27,46104.39,8298.7902,2024-07-27,Paid
INV00530,S064998,C00764,2026-01-31,19534.440000000002,3516.1992000000005,2026-01-31,Overdue
INV00531,S028252,C00711,2024-08-11,53092.26,9556.6068,2024-08-11,Overdue
INV00532,S019418,C00479,2025-02-19,26879.940000000002,4838.3892000000005,2025-02-19,Pending
INV00533,S057301,C00922,2024-08-13,39170.33,7050.6594000000005,2024-08-13,Disputed
INV00534,S045363,C00819,2025-11-24,22206.34,3997.1412,2025-11-24,Disputed
INV00535,S001660,C00780,2025-03-01,11061.81,1991.1257999999998,2025-03-01,Paid
INV00536,S085181,C00985,2025-04-04,39102.91,7038.5238,2025-04-04,Pending
INV00537,S007760,C00350,2024-11-28,20301.93,3654.3474,2024-11-28,Pending
INV00538,S075763,C00901,2025-07-24,29424.47,5296.4046,2025-07-24,Overdue
INV00539,S083704,C00804,2024-12-09,47336.25,8520.525,2024-12-09,Pending
INV00540,S085353,C00023,2024-11-17,42828.3,7709.094,2024-11-17,Overdue
INV00541,S008952,C00206,2024-10-06,51533.88,9276.098399999999,2024-10-06,Disputed
INV00542,S036082,C00414,2026-03-01,41400.05,7452.009,2026-03-01,Paid
INV00543,S047452,C00056,2026-02-07,51421.8,9255.924,2026-02-07,Overdue
INV00544,S003280,C00941,2025-01-26,54034.04,9726.127199999999,2025-01-26,Disputed
INV00545,S052362,C00915,2025-10-31,46535.57,8376.4026,2025-10-31,Disputed
INV00546,S057956,C00701,2026-05-18,38829.82,6989.3676,2026-05-18,Overdue
INV00547,S060661,C00422,2025-04-14,18866.77,3396.0186,2025-04-14,Disputed
INV00548,S012801,C00949,2026-05-31,13069.91,2352.5838,2026-05-31,Paid
INV00549,S003424,C00658,2025-05-27,15099.82,2717.9676,2025-05-27,Pending
INV00550,S084613,C00581,2026-05-04,48581.06,8744.5908,2026-05-04,Overdue
INV00551,S061993,C00938,2026-03-27,33944.92,6110.085599999999,2026-03-27,Disputed
INV00552,S021653,C00091,2025-11-13,5781.17,1040.6106,2025-11-13,Paid
INV00553,S022629,C00002,2026-05-17,14811.83,2666.1294,2026-05-17,Paid
INV00554,S066718,C00245,2026-04-28,18359.5,3304.71,2026-04-28,Overdue
INV00555,S022181,C00580,2024-07-16,22777.93,4100.0274,2024-07-16,Pending
INV00556,S057604,C00182,2025-05-28,16832.67,3029.8805999999995,2025-05-28,Disputed
INV00557,S073881,C00393,2025-01-03,44682.3,8042.814,2025-01-03,Disputed
INV00558,S056358,C00968,2024-10-09,48165.659999999996,8669.8188,2024-10-09,Paid
INV00559,S068549,C00024,2025-08-06,44294.41,7972.9938,2025-08-06,Disputed
INV00560,S054611,C00118,2025-07-31,18581.17,3344.6105999999995,2025-07-31,Paid
INV00561,S098193,C00718,2025-03-26,28763.61,5177.4498,2025-03-26,Paid
INV00562,S003950,C00578,2024-07-18,52222.37,9400.0266,2024-07-18,Overdue
INV00563,S081500,C00253,2026-02-09,11828.68,2129.1624,2026-02-09,Pending
INV00564,S046107,C00114,2024-12-21,55032.0,9905.76,2024-12-21,Paid
INV00565,S025740,C00820,2026-04-13,22969.79,4134.5622,2026-04-13,Pending
INV00566,S089151,C00510,2025-04-30,8903.71,1602.6677999999997,2025-04-30,Disputed
INV00567,S097825,C00474,2025-10-25,48865.43,8795.777399999999,2025-10-25,Overdue
INV00568,S016874,C00252,2024-12-11,42922.04,7725.9672,2024-12-11,Paid
INV00569,S052417,C00142,2025-06-10,41204.98,7416.8964000000005,2025-06-10,Disputed
INV00570,S088501,C00973,2025-03-11,30761.34,5537.0412,2025-03-11,Disputed
INV00571,S082422,C00691,2025-06-14,32491.11,5848.3998,2025-06-14,Pending
INV00572,S024719,C00055,2025-12-17,44275.95,7969.670999999999,2025-12-17,Paid
INV00573,S083152,C00058,2024-11-15,27620.48,4971.6864,2024-11-15,Pending
INV00574,S064383,C00420,2025-03-02,16363.97,2945.5146,2025-03-02,Pending
INV00575,S034136,C00474,2025-05-15,27482.269999999997,4946.808599999999,2025-05-15,Disputed
INV00576,S036097,C00610,2025-06-13,59155.8,10648.044,2025-06-13,Disputed
INV00577,S095511,C00843,2026-01-17,13127.23,2362.9013999999997,2026-01-17,Overdue
INV00578,S030861,C00254,2026-04-03,31451.420000000002,5661.2556,2026-04-03,Disputed
INV00579,S053703,C00028,2025-11-22,43813.71,7886.467799999999,2025-11-22,Overdue
INV00580,S077379,C00872,2025-07-23,14803.45,2664.621,2025-07-23,Disputed
INV00581,S089808,C00154,2025-11-29,10083.51,1815.0318,2025-11-29,Paid
INV00582,S025750,C00041,2025-10-14,8445.69,1520.2242,2025-10-14,Overdue
INV00583,S044516,C00778,2025-07-09,26966.94,4854.0491999999995,2025-07-09,Disputed
INV00584,S051142,C00006,2024-06-24,29418.71,5295.3678,2024-06-24,Pending
INV00585,S096712,C00327,2025-11-11,51652.229999999996,9297.401399999999,2025-11-11,Paid
INV00586,S064134,C00348,2024-09-20,35670.67,6420.7206,2024-09-20,Pending
INV00587,S083240,C00165,2024-07-28,29994.06,5398.9308,2024-07-28,Paid
INV00588,S075055,C00410,2025-02-18,29721.120000000003,5349.801600000001,2025-02-18,Disputed
INV00589,S017255,C00962,2025-10-08,31936.27,5748.5286,2025-10-08,Paid
INV00590,S031151,C00973,2025-07-25,55599.31,10007.8758,2025-07-25,Pending
INV00591,S096574,C00251,2025-01-06,51124.58,9202.4244,2025-01-06,Pending
INV00592,S073739,C00423,2026-01-29,34356.369999999995,6184.146599999999,2026-01-29,Disputed
INV00593,S065724,C00189,2025-12-26,28752.8,5175.504,2025-12-26,Overdue
INV00594,S021658,C00878,2025-04-03,13528.01,2435.0418,2025-04-03,Overdue
INV00595,S099529,C00386,2025-06-01,27043.53,4867.8354,2025-06-01,Overdue
INV00596,S069093,C00878,2025-04-11,46254.9,8325.882,2025-04-11,Paid
INV00597,S004847,C00608,2026-01-30,58785.8,10581.444,2026-01-30,Overdue
INV00598,S078478,C00535,2024-07-10,13278.17,2390.0706,2024-07-10,Pending
INV00599,S013947,C00575,2026-01-03,43582.82,7844.9076,2026-01-03,Paid
INV00600,S005005,C00569,2026-04-15,38193.619999999995,6874.851599999999,2026-04-15,Overdue
INV00601,S052680,C00264,2025-08-08,34511.47,6212.0646,2025-08-08,Disputed
INV00602,S053443,C00823,2026-04-30,25513.45,4592.421,2026-04-30,Pending
INV00603,S035600,C00275,2025-03-19,33838.92,6091.0055999999995,2025-03-19,Paid
INV00604,S078265,C00238,2024-12-01,31388.36,5649.9048,2024-12-01,Paid
INV00605,S008006,C00665,2025-08-15,48847.85,8792.613,2025-08-15,Pending
INV00606,S073308,C00191,2026-02-11,14581.68,2624.7024,2026-02-11,Overdue
INV00607,S080209,C00110,2026-01-05,48177.469999999994,8671.944599999999,2026-01-05,Pending
INV00608,S027625,C00402,2026-05-14,17299.29,3113.8722000000002,2026-05-14,Pending
INV00609,S010911,C00967,2025-10-31,58785.83,10581.4494,2025-10-31,Pending
INV00610,S029320,C00380,2025-07-13,24630.870000000003,4433.5566,2025-07-13,Paid
INV00611,S080533,C00359,2025-10-27,31139.14,5605.0452,2025-10-27,Pending
INV00612,S083582,C00621,2024-11-15,53648.08,9656.6544,2024-11-15,Pending
INV00613,S019727,C00248,2025-01-27,59406.09,10693.096199999998,2025-01-27,Paid
INV00614,S064135,C00287,2026-05-30,22723.33,4090.1994,2026-05-30,Overdue
INV00615,S021327,C00936,2025-06-07,22223.69,4000.2641999999996,2025-06-07,Paid
INV00616,S015368,C00121,2025-07-02,11275.9,2029.6619999999998,2025-07-02,Pending
INV00617,S018905,C00148,2024-09-11,45786.86,8241.6348,2024-09-11,Overdue
INV00618,S053201,C00843,2025-07-30,27191.38,4894.4484,2025-07-30,Paid
INV00619,S007978,C00551,2026-05-16,41730.49,7511.4882,2026-05-16,Disputed
INV00620,S035488,C00753,2024-10-30,27210.63,4897.9134,2024-10-30,Overdue
INV00621,S042454,C00775,2025-04-23,53277.95,9590.030999999999,2025-04-23,Pending
INV00622,S001372,C00561,2025-01-23,24257.949999999997,4366.431,2025-01-23,Paid
INV00623,S030580,C00311,2025-06-14,25178.379999999997,4532.108399999999,2025-06-14,Pending
INV00624,S046091,C00949,2025-03-31,32543.53,5857.8354,2025-03-31,Disputed
INV00625,S013012,C00051,2026-02-04,46991.54,8458.4772,2026-02-04,Disputed
INV00626,S089051,C00564,2026-01-09,58304.75,10494.855,2026-01-09,Overdue
INV00627,S066186,C00137,2025-07-16,33906.2,6103.115999999999,2025-07-16,Paid
INV00628,S066609,C00374,2025-06-16,35022.95,6304.130999999999,2025-06-16,Pending
INV00629,S013703,C00557,2025-06-11,25760.48,4636.886399999999,2025-06-11,Pending
INV00630,S073195,C00219,2025-10-20,40132.63,7223.8733999999995,2025-10-20,Disputed
INV00631,S083708,C00611,2024-07-14,25938.05,4668.848999999999,2024-07-14,Pending
INV00632,S050935,C00301,2026-03-15,8629.67,1553.3406,2026-03-15,Paid
INV00633,S001915,C00641,2025-07-21,7290.28,1312.2504,2025-07-21,Paid
INV00634,S008240,C00166,2026-02-18,40335.64,7260.4151999999995,2026-02-18,Paid
INV00635,S096796,C00336,2026-02-25,10931.19,1967.6142,2026-02-25,Paid
INV00636,S093140,C00495,2024-07-29,7815.29,1406.7522,2024-07-29,Overdue
INV00637,S086744,C00880,2024-07-20,48567.52,8742.1536,2024-07-20,Overdue
INV00638,S082519,C00296,2024-12-26,12930.369999999999,2327.4665999999997,2024-12-26,Overdue
INV00639,S015358,C00409,2024-09-07,15282.01,2750.7617999999998,2024-09-07,Overdue
INV00640,S080381,C00845,2026-01-21,27148.57,4886.7426,2026-01-21,Overdue
INV00641,S016735,C00080,2026-05-12,47663.4,8579.412,2026-05-12,Overdue
INV00642,S042188,C00661,2024-09-18,14349.849999999999,2582.9729999999995,2024-09-18,Overdue
INV00643,S051150,C00146,2024-08-18,32756.32,5896.1376,2024-08-18,Disputed
INV00644,S021506,C00408,2024-10-22,14627.810000000001,2633.0058000000004,2024-10-22,Pending
INV00645,S094437,C00444,2025-01-11,23797.19,4283.494199999999,2025-01-11,Overdue
INV00646,S008575,C00697,2024-06-17,9477.02,1705.8636,2024-06-17,Pending
INV00647,S080015,C00062,2024-07-28,49991.159999999996,8998.4088,2024-07-28,Overdue
INV00648,S080172,C00127,2025-12-14,34192.22,6154.5996,2025-12-14,Overdue
INV00649,S034461,C00787,2025-10-07,33821.86,6087.9348,2025-10-07,Pending
INV00650,S084236,C00479,2026-04-06,60956.33,10972.1394,2026-04-06,Disputed
INV00651,S007750,C00355,2025-04-23,20235.92,3642.4655999999995,2025-04-23,Disputed
INV00652,S084191,C00460,2025-07-10,41348.48,7442.7264000000005,2025-07-10,Disputed
INV00653,S099396,C00154,2025-12-31,54400.58,9792.1044,2025-12-31,Pending
INV00654,S060361,C00738,2024-08-02,12657.23,2278.3014,2024-08-02,Paid
INV00655,S063815,C00895,2026-01-11,29540.36,5317.2648,2026-01-11,Pending
INV00656,S074632,C00472,2025-01-19,13934.369999999999,2508.1865999999995,2025-01-19,Overdue
INV00657,S022625,C00433,2025-05-23,32353.86,5823.6948,2025-05-23,Disputed
INV00658,S058994,C00213,2025-01-01,37378.74,6728.173199999999,2025-01-01,Pending
INV00659,S070453,C00230,2025-07-30,7876.14,1417.7052,2025-07-30,Pending
INV00660,S084509,C00655,2024-11-04,42098.58,7577.7444,2024-11-04,Disputed
INV00661,S073340,C00334,2024-12-21,53467.409999999996,9624.1338,2024-12-21,Paid
INV00662,S075866,C00760,2025-07-13,21957.440000000002,3952.3392000000003,2025-07-13,Overdue
INV00663,S077828,C00298,2024-08-03,27867.449999999997,5016.141,2024-08-03,Paid
INV00664,S047120,C00737,2025-02-24,52111.9,9380.142,2025-02-24,Pending
INV00665,S093988,C00475,2024-08-17,48200.02,8676.0036,2024-08-17,Paid
INV00666,S009867,C00007,2024-09-08,48422.97,8716.1346,2024-09-08,Overdue
INV00667,S073073,C00155,2025-04-02,16316.33,2936.9393999999998,2025-04-02,Disputed
INV00668,S017798,C00392,2025-07-09,36226.34,6520.7411999999995,2025-07-09,Paid
INV00669,S021715,C00689,2025-12-05,52876.58,9517.7844,2025-12-05,Paid
INV00670,S039647,C00207,2026-05-11,52453.4,9441.612,2026-05-11,Disputed
INV00671,S013188,C00361,2025-08-12,38947.899999999994,7010.6219999999985,2025-08-12,Pending
INV00672,S038150,C00872,2026-01-29,39463.45,7103.420999999999,2026-01-29,Paid
INV00673,S021023,C00978,2025-10-18,11749.19,2114.8542,2025-10-18,Paid
INV00674,S027460,C00772,2025-09-14,34121.99,6141.958199999999,2025-09-14,Overdue
INV00675,S038725,C00033,2025-07-22,30301.61,5454.2898,2025-07-22,Disputed
INV00676,S057833,C00987,2025-01-02,27751.86,4995.3348,2025-01-02,Pending
INV00677,S064166,C00973,2025-06-20,29840.4,5371.272,2025-06-20,Overdue
INV00678,S012038,C00578,2025-04-07,10473.03,1885.1454,2025-04-07,Overdue
INV00679,S014338,C00807,2025-07-21,55407.99,9973.438199999999,2025-07-21,Paid
INV00680,S050335,C00231,2024-06-24,51691.57,9304.4826,2024-06-24,Paid
INV00681,S059763,C00821,2025-01-02,38566.54,6941.9772,2025-01-02,Pending
INV00682,S022524,C00286,2025-03-20,26919.300000000003,4845.474,2025-03-20,Disputed
INV00683,S098797,C00554,2025-11-23,36153.47,6507.6246,2025-11-23,Overdue
INV00684,S088730,C00914,2024-07-19,19249.03,3464.8253999999997,2024-07-19,Paid
INV00685,S051373,C00806,2024-09-05,56363.88,10145.498399999999,2024-09-05,Pending
INV00686,S051443,C00527,2026-03-30,16025.21,2884.5377999999996,2026-03-30,Disputed
INV00687,S079476,C00456,2025-06-25,38708.29,6967.4922,2025-06-25,Overdue
INV00688,S007748,C00051,2025-11-04,31158.600000000002,5608.548,2025-11-04,Disputed
INV00689,S080061,C00245,2025-10-04,42125.0,7582.5,2025-10-04,Disputed
INV00690,S043463,C00765,2025-05-09,23611.34,4250.0412,2025-05-09,Disputed
INV00691,S019975,C00692,2025-07-13,27836.78,5010.6204,2025-07-13,Overdue
INV00692,S085832,C00905,2026-03-30,45416.530000000006,8174.975400000001,2026-03-30,Disputed
INV00693,S006055,C00253,2026-04-20,58297.45,10493.541,2026-04-20,Paid
INV00694,S078332,C00399,2024-07-10,24591.41,4426.4538,2024-07-10,Disputed
INV00695,S025817,C00322,2024-09-05,23828.190000000002,4289.0742,2024-09-05,Paid
INV00696,S004701,C00316,2026-02-05,24731.050000000003,4451.589,2026-02-05,Pending
INV00697,S017696,C00297,2025-12-31,15628.310000000001,2813.0958,2025-12-31,Disputed
INV00698,S080578,C00666,2025-08-12,56237.47,10122.7446,2025-08-12,Pending
INV00699,S051458,C00955,2025-09-10,20276.78,3649.8203999999996,2025-09-10,Disputed
INV00700,S077989,C00615,2026-04-29,16335.89,2940.4602,2026-04-29,Paid
INV00701,S036845,C00269,2025-08-09,41597.95,7487.630999999999,2025-08-09,Pending
INV00702,S063064,C00975,2024-12-01,42961.81,7733.125799999999,2024-12-01,Paid
INV00703,S024700,C00366,2026-03-11,38101.88,6858.3384,2026-03-11,Overdue
INV00704,S048862,C00391,2025-06-07,24105.36,4338.9648,2025-06-07,Disputed
INV00705,S040658,C00486,2026-03-16,37510.04,6751.8072,2026-03-16,Paid
INV00706,S073660,C00283,2025-10-20,27137.64,4884.7752,2025-10-20,Overdue
INV00707,S026720,C00790,2024-06-23,57929.380000000005,10427.288400000001,2024-06-23,Overdue
INV00708,S022841,C00963,2025-05-16,16662.43,2999.2374,2025-05-16,Overdue
INV00709,S034673,C00552,2025-12-02,43542.28999999999,7837.612199999999,2025-12-02,Paid
INV00710,S085018,C00679,2024-09-18,41849.9,7532.982,2024-09-18,Pending
INV00711,S058022,C00901,2024-07-06,44252.9,7965.522,2024-07-06,Overdue
INV00712,S026270,C00594,2025-09-14,61423.380000000005,11056.2084,2025-09-14,Pending
INV00713,S049203,C00016,2024-09-18,24478.190000000002,4406.0742,2024-09-18,Overdue
INV00714,S081384,C00812,2025-08-21,24301.54,4374.2772,2025-08-21,Pending
INV00715,S061932,C00214,2025-09-09,15370.73,2766.7313999999997,2025-09-09,Paid
INV00716,S083371,C00192,2025-12-12,51949.03,9350.8254,2025-12-12,Pending
INV00717,S062624,C00322,2026-03-24,43863.44,7895.4192,2026-03-24,Pending
INV00718,S014070,C00572,2025-07-23,42832.32,7709.817599999999,2025-07-23,Pending
INV00719,S050439,C00433,2025-11-19,37958.240000000005,6832.483200000001,2025-11-19,Paid
INV00720,S041803,C00685,2026-05-24,21862.480000000003,3935.2464000000004,2026-05-24,Overdue
INV00721,S066904,C00389,2024-09-13,51099.83,9197.9694,2024-09-13,Overdue
INV00722,S070779,C00507,2025-01-31,23194.28,4174.970399999999,2025-01-31,Disputed
INV00723,S020190,C00210,2024-12-23,22195.39,3995.1701999999996,2024-12-23,Paid
INV00724,S073850,C00840,2025-03-08,17230.52,3101.4936,2025-03-08,Overdue
INV00725,S082719,C00659,2025-02-03,23557.55,4240.3589999999995,2025-02-03,Paid
INV00726,S072877,C00135,2024-12-11,53672.579999999994,9661.0644,2024-12-11,Paid
INV00727,S041874,C00557,2025-11-07,31256.6,5626.187999999999,2025-11-07,Disputed
INV00728,S086760,C00923,2024-12-05,42606.05,7669.089,2024-12-05,Overdue
INV00729,S073746,C00415,2026-05-18,48586.71,8745.6078,2026-05-18,Pending
INV00730,S080338,C00835,2025-01-10,30747.059999999998,5534.470799999999,2025-01-10,Paid
INV00731,S018224,C00278,2024-06-30,45158.479999999996,8128.526399999999,2024-06-30,Overdue
INV00732,S066899,C00185,2025-03-16,38353.15,6903.567,2025-03-16,Disputed
INV00733,S038759,C00908,2024-09-28,11284.58,2031.2243999999998,2024-09-28,Disputed
INV00734,S076008,C00369,2025-07-29,49532.100000000006,8915.778,2025-07-29,Disputed
INV00735,S072711,C00815,2025-03-05,37737.09,6792.676199999999,2025-03-05,Disputed
INV00736,S064022,C00312,2025-06-17,33356.61,6004.1898,2025-06-17,Pending
INV00737,S042120,C00015,2025-03-15,46167.54,8310.1572,2025-03-15,Pending
INV00738,S022369,C00458,2026-02-17,54807.270000000004,9865.3086,2026-02-17,Pending
INV00739,S073002,C00199,2026-03-02,20663.18,3719.3723999999997,2026-03-02,Disputed
INV00740,S073289,C00204,2026-04-19,51627.869999999995,9293.016599999999,2026-04-19,Overdue
INV00741,S091209,C00771,2025-04-24,38769.14,6978.445199999999,2025-04-24,Paid
INV00742,S044229,C00689,2026-02-06,25551.649999999998,4599.297,2026-02-06,Pending
INV00743,S093363,C00609,2024-09-24,14592.75,2626.6949999999997,2024-09-24,Paid
INV00744,S042715,C00380,2026-02-19,50599.38,9107.8884,2026-02-19,Overdue
INV00745,S042701,C00731,2026-01-29,35092.76,6316.6968,2026-01-29,Pending
INV00746,S065519,C00797,2025-01-05,27879.38,5018.2884,2025-01-05,Disputed
INV00747,S032647,C00822,2025-06-24,41348.16,7442.6688,2025-06-24,Paid
INV00748,S020445,C00061,2024-10-03,32123.83,5782.2894,2024-10-03,Overdue
INV00749,S026110,C00960,2026-01-16,27193.2,4894.776,2026-01-16,Paid
INV00750,S059645,C00832,2025-07-25,52393.380000000005,9430.8084,2025-07-25,Pending
INV00751,S070152,C00315,2025-05-01,39700.69,7146.1242,2025-05-01,Pending
INV00752,S076697,C00233,2024-07-26,25881.68,4658.7024,2024-07-26,Pending
INV00753,S034944,C00462,2025-01-09,24031.59,4325.6862,2025-01-09,Pending
INV00754,S053497,C00695,2026-03-26,32091.55,5776.478999999999,2026-03-26,Disputed
INV00755,S007502,C00676,2026-01-21,15093.61,2716.8498,2026-01-21,Paid
INV00756,S044286,C00965,2024-11-06,21967.6,3954.1679999999997,2024-11-06,Pending
INV00757,S044032,C00700,2025-06-07,16838.71,3030.9678,2025-06-07,Disputed
INV00758,S053959,C00224,2025-04-25,49203.13,8856.5634,2025-04-25,Paid
INV00759,S000154,C00327,2025-09-02,42638.92,7675.0055999999995,2025-09-02,Overdue
INV00760,S083091,C00838,2024-10-24,13732.849999999999,2471.9129999999996,2024-10-24,Disputed
INV00761,S034926,C00346,2024-07-02,40132.950000000004,7223.9310000000005,2024-07-02,Disputed
INV00762,S039931,C00259,2025-07-05,43147.68,7766.582399999999,2025-07-05,Paid
INV00763,S051534,C00953,2025-04-30,36103.86,6498.6948,2025-04-30,Disputed
INV00764,S057307,C00309,2025-02-26,40691.8,7324.524,2025-02-26,Pending
INV00765,S019715,C00340,2025-04-17,49350.53999999999,8883.097199999998,2025-04-17,Disputed
INV00766,S025615,C00644,2025-07-30,14928.84,2687.1911999999998,2025-07-30,Pending
INV00767,S021646,C00061,2025-11-05,14563.25,2621.3849999999998,2025-11-05,Paid
INV00768,S051169,C00316,2025-04-28,38121.92,6861.945599999999,2025-04-28,Disputed
INV00769,S049712,C00209,2024-09-28,12003.96,2160.7128,2024-09-28,Overdue
INV00770,S058212,C00101,2025-09-08,45735.409999999996,8232.3738,2025-09-08,Overdue
INV00771,S075775,C00076,2024-10-17,30846.870000000003,5552.4366,2024-10-17,Pending
INV00772,S051518,C00186,2025-07-06,15422.14,2775.9851999999996,2025-07-06,Disputed
INV00773,S049917,C00710,2024-07-05,60312.270000000004,10856.2086,2024-07-05,Pending
INV00774,S095690,C00621,2025-09-12,24359.73,4384.7514,2025-09-12,Overdue
INV00775,S025621,C00263,2025-01-26,7332.98,1319.9363999999998,2025-01-26,Disputed
INV00776,S074258,C00553,2025-04-22,29823.89,5368.3002,2025-04-22,Disputed
INV00777,S020778,C00576,2025-04-09,11263.64,2027.4551999999999,2025-04-09,Paid
INV00778,S076024,C00317,2025-06-11,15738.16,2832.8687999999997,2025-06-11,Pending
INV00779,S052412,C00470,2024-12-28,39151.01,7047.1818,2024-12-28,Pending
INV00780,S080692,C00103,2025-03-05,22372.260000000002,4027.0068,2025-03-05,Disputed
INV00781,S076257,C00667,2025-10-12,55075.03,9913.5054,2025-10-12,Paid
INV00782,S037063,C00808,2025-12-07,30357.980000000003,5464.4364000000005,2025-12-07,Paid
INV00783,S049859,C00116,2024-06-23,42786.590000000004,7701.586200000001,2024-06-23,Paid
INV00784,S035314,C00136,2024-11-10,26519.63,4773.5334,2024-11-10,Paid
INV00785,S075153,C00741,2025-06-09,18878.97,3398.2146000000002,2025-06-09,Disputed
INV00786,S030413,C00886,2025-01-08,12685.099999999999,2283.3179999999998,2025-01-08,Overdue
INV00787,S091732,C00987,2026-01-19,37252.42,6705.4356,2026-01-19,Disputed
INV00788,S025708,C00470,2024-11-10,49866.74,8976.0132,2024-11-10,Overdue
INV00789,S013664,C00184,2024-07-14,54853.66,9873.658800000001,2024-07-14,Overdue
INV00790,S029120,C00651,2024-06-21,21623.629999999997,3892.2533999999996,2024-06-21,Paid
INV00791,S084916,C00701,2025-05-29,41037.86,7386.8148,2025-05-29,Pending
INV00792,S087806,C00359,2025-03-21,44244.04,7963.9272,2025-03-21,Paid
INV00793,S009150,C00606,2026-03-11,53885.5,9699.39,2026-03-11,Disputed
INV00794,S006875,C00402,2024-08-28,30774.109999999997,5539.339799999999,2024-08-28,Overdue
INV00795,S058335,C00915,2026-02-26,35178.82,6332.187599999999,2026-02-26,Disputed
INV00796,S071536,C00598,2025-02-04,17284.38,3111.1884,2025-02-04,Paid
INV00797,S061340,C00338,2026-03-25,17779.670000000002,3200.3406,2026-03-25,Paid
INV00798,S083278,C00697,2026-05-16,14449.45,2600.901,2026-05-16,Pending
INV00799,S035342,C00000,2026-04-13,24072.27,4333.0086,2026-04-13,Disputed
INV00800,S014544,C00243,2025-10-18,31179.600000000002,5612.328,2025-10-18,Overdue
INV00801,S045189,C00679,2024-07-31,15532.43,2795.8374,2024-07-31,Paid
INV00802,S025603,C00902,2026-03-08,39149.37,7046.8866,2026-03-08,Paid
INV00803,S054067,C00240,2025-12-17,51378.869999999995,9248.1966,2025-12-17,Pending
INV00804,S001748,C00328,2024-07-10,22496.84,4049.4312,2024-07-10,Paid
INV00805,S094137,C00963,2026-05-13,54064.899999999994,9731.681999999999,2026-05-13,Overdue
INV00806,S010731,C00374,2025-03-11,57268.78,10308.3804,2025-03-11,Paid
INV00807,S093736,C00039,2026-01-14,27478.12,4946.0616,2026-01-14,Paid
INV00808,S054353,C00534,2024-07-15,39064.399999999994,7031.591999999999,2024-07-15,Disputed
INV00809,S055503,C00468,2024-06-11,56013.5,10082.43,2024-06-11,Overdue
INV00810,S088114,C00521,2026-05-04,20509.030000000002,3691.6254000000004,2026-05-04,Pending
INV00811,S062068,C00781,2025-09-08,37564.92,6761.6856,2025-09-08,Paid
INV00812,S064362,C00911,2024-12-12,21337.75,3840.795,2024-12-12,Paid
INV00813,S026838,C00521,2026-04-29,38270.0,6888.599999999999,2026-04-29,Pending
INV00814,S075767,C00057,2026-03-15,20110.92,3619.9655999999995,2026-03-15,Pending
INV00815,S040072,C00442,2025-05-17,51935.53999999999,9348.397199999998,2025-05-17,Overdue
INV00816,S099941,C00672,2025-11-21,22374.9,4027.482,2025-11-21,Pending
INV00817,S006556,C00420,2025-11-06,22025.370000000003,3964.5666,2025-11-06,Disputed
INV00818,S033510,C00480,2025-08-04,18606.87,3349.2365999999997,2025-08-04,Disputed
INV00819,S080662,C00270,2026-05-20,41113.82,7400.4875999999995,2026-05-20,Paid
INV00820,S046994,C00437,2026-02-11,41903.939999999995,7542.709199999998,2026-02-11,Disputed
INV00821,S013129,C00858,2025-06-12,15480.37,2786.4666,2025-06-12,Paid
INV00822,S095559,C00319,2026-01-20,25554.390000000003,4599.7902,2026-01-20,Pending
INV00823,S033122,C00518,2024-06-26,28204.31,5076.7758,2024-06-26,Disputed
INV00824,S012303,C00431,2024-10-26,17300.83,3114.1494000000002,2024-10-26,Paid
INV00825,S065752,C00835,2026-04-07,13628.95,2453.2110000000002,2026-04-07,Pending
INV00826,S017037,C00664,2024-11-15,27780.23,5000.4414,2024-11-15,Disputed
INV00827,S034919,C00609,2026-02-24,28348.28,5102.6903999999995,2026-02-24,Paid
INV00828,S006696,C00615,2026-04-29,40315.46,7256.7828,2026-04-29,Paid
INV00829,S096812,C00699,2025-04-10,9939.64,1789.1352,2025-04-10,Disputed
INV00830,S097907,C00479,2025-06-21,17478.08,3146.0544,2025-06-21,Overdue
INV00831,S055058,C00473,2026-03-30,21131.12,3803.6015999999995,2026-03-30,Pending
INV00832,S006737,C00553,2024-10-10,33288.2,5991.875999999999,2024-10-10,Overdue
INV00833,S063590,C00317,2026-02-12,40382.94,7268.9292000000005,2026-02-12,Disputed
INV00834,S075941,C00764,2025-09-22,42417.96,7635.2328,2025-09-22,Pending
INV00835,S079230,C00508,2024-07-22,32607.87,5869.4166,2024-07-22,Paid
INV00836,S072729,C00233,2024-08-25,56172.03,10110.9654,2024-08-25,Disputed
INV00837,S057511,C00588,2024-09-12,6423.14,1156.1652,2024-09-12,Disputed
INV00838,S046174,C00766,2024-10-31,41068.64,7392.3552,2024-10-31,Overdue
INV00839,S027002,C00453,2024-07-14,23086.809999999998,4155.6258,2024-07-14,Overdue
INV00840,S087636,C00325,2024-12-22,29382.0,5288.76,2024-12-22,Pending
INV00841,S008019,C00271,2024-11-29,48459.08,8722.6344,2024-11-29,Disputed
INV00842,S003319,C00575,2026-02-28,28463.06,5123.3508,2026-02-28,Disputed
INV00843,S061773,C00421,2025-03-14,53663.270000000004,9659.3886,2025-03-14,Pending
INV00844,S075113,C00862,2025-06-30,53403.38,9612.6084,2025-06-30,Overdue
INV00845,S013946,C00186,2025-03-29,12530.91,2255.5638,2025-03-29,Pending
INV00846,S076922,C00261,2025-07-19,21078.27,3794.0886,2025-07-19,Overdue
INV00847,S037522,C00464,2025-08-04,36035.52,6486.393599999999,2025-08-04,Overdue
INV00848,S043992,C00992,2025-01-28,47820.55,8607.699,2025-01-28,Pending
INV00849,S018996,C00157,2025-03-20,26655.99,4798.0782,2025-03-20,Paid
INV00850,S059249,C00483,2026-02-28,17945.879999999997,3230.2583999999993,2026-02-28,Disputed
INV00851,S091606,C00460,2026-04-28,47209.77,8497.7586,2026-04-28,Overdue
INV00852,S091578,C00418,2025-09-15,54477.21,9805.897799999999,2025-09-15,Disputed
INV00853,S001121,C00053,2026-03-19,35598.76,6407.776800000001,2026-03-19,Disputed
INV00854,S068532,C00134,2024-11-23,31860.2,5734.836,2024-11-23,Overdue
INV00855,S077969,C00980,2025-03-31,25384.210000000003,4569.1578,2025-03-31,Overdue
INV00856,S068927,C00760,2025-11-22,50848.88,9152.7984,2025-11-22,Disputed
INV00857,S083684,C00121,2025-12-31,20745.17,3734.1305999999995,2025-12-31,Pending
INV00858,S029217,C00695,2024-07-05,17148.79,3086.7822,2024-07-05,Disputed
INV00859,S023439,C00744,2025-05-21,29412.12,5294.1816,2025-05-21,Paid
INV00860,S014508,C00162,2024-09-08,56019.9,10083.582,2024-09-08,Disputed
INV00861,S088369,C00816,2026-05-27,11683.75,2103.075,2026-05-27,Paid
INV00862,S065458,C00790,2025-09-21,26802.77,4824.4986,2025-09-21,Pending
INV00863,S022594,C00426,2026-04-06,22110.61,3979.9098,2026-04-06,Pending
INV00864,S016099,C00932,2024-10-20,51895.8,9341.244,2024-10-20,Pending
INV00865,S058683,C00914,2025-09-04,23611.53,4250.0754,2025-09-04,Pending
INV00866,S079507,C00889,2024-07-03,22439.57,4039.1225999999997,2024-07-03,Pending
INV00867,S096659,C00046,2025-05-24,56312.33,10136.2194,2025-05-24,Overdue
INV00868,S063088,C00486,2024-09-22,52253.81,9405.6858,2024-09-22,Pending
INV00869,S062737,C00683,2024-09-09,45126.03,8122.685399999999,2024-09-09,Disputed
INV00870,S017316,C00098,2025-09-18,21182.75,3812.895,2025-09-18,Pending
INV00871,S029073,C00838,2025-09-01,13618.849999999999,2451.3929999999996,2025-09-01,Overdue
INV00872,S006420,C00888,2025-04-13,30627.120000000003,5512.881600000001,2025-04-13,Overdue
INV00873,S046799,C00251,2026-03-18,13406.99,2413.2581999999998,2026-03-18,Overdue
INV00874,S078973,C00889,2024-06-28,43942.69,7909.6842,2024-06-28,Disputed
INV00875,S029184,C00569,2024-08-30,18690.61,3364.3098,2024-08-30,Overdue
INV00876,S092617,C00951,2026-01-28,7959.05,1432.629,2026-01-28,Paid
INV00877,S027701,C00382,2025-04-14,59143.009999999995,10645.741799999998,2025-04-14,Pending
INV00878,S024848,C00432,2024-08-26,48756.46000000001,8776.1628,2024-08-26,Paid
INV00879,S059374,C00575,2024-10-21,31943.670000000002,5749.8606,2024-10-21,Overdue
INV00880,S076321,C00549,2025-12-14,26526.55,4774.7789999999995,2025-12-14,Overdue
INV00881,S053259,C00198,2025-07-03,25275.39,4549.5702,2025-07-03,Paid
INV00882,S008324,C00104,2025-09-04,12433.41,2238.0137999999997,2025-09-04,Overdue
INV00883,S065231,C00205,2024-06-23,25665.16,4619.7288,2024-06-23,Disputed
INV00884,S093034,C00365,2026-02-01,48073.86,8653.2948,2026-02-01,Pending
INV00885,S031866,C00206,2026-01-08,12671.77,2280.9186,2026-01-08,Paid
INV00886,S019039,C00967,2024-06-17,44106.240000000005,7939.123200000001,2024-06-17,Pending
INV00887,S003444,C00918,2024-12-16,24138.87,4344.9965999999995,2024-12-16,Pending
INV00888,S099426,C00325,2026-03-06,16077.08,2893.8743999999997,2026-03-06,Disputed
INV00889,S057849,C00997,2025-10-12,33421.56,6015.880799999999,2025-10-12,Pending
INV00890,S064012,C00367,2026-01-26,25060.75,4510.9349999999995,2026-01-26,Overdue
INV00891,S059167,C00533,2025-05-09,23717.129999999997,4269.0833999999995,2025-05-09,Pending
INV00892,S092747,C00241,2025-12-12,28745.83,5174.2494,2025-12-12,Disputed
INV00893,S044599,C00629,2026-05-31,32295.39,5813.1702,2026-05-31,Pending
INV00894,S032728,C00072,2024-07-04,53578.95,9644.211,2024-07-04,Paid
INV00895,S025455,C00571,2025-06-20,18177.42,3271.9355999999993,2025-06-20,Paid
INV00896,S021578,C00790,2024-12-16,45352.85,8163.512999999999,2024-12-16,Pending
INV00897,S030809,C00554,2024-07-19,43916.1,7904.897999999999,2024-07-19,Disputed
INV00898,S072247,C00255,2024-10-30,32990.119999999995,5938.221599999999,2024-10-30,Overdue
INV00899,S010533,C00608,2025-05-05,20180.15,3632.427,2025-05-05,Paid
INV00900,S070525,C00378,2025-01-22,30699.1,5525.838,2025-01-22,Disputed
INV00901,S064672,C00845,2024-10-25,53861.66,9695.0988,2024-10-25,Pending
INV00902,S032971,C00817,2025-09-14,24309.699999999997,4375.745999999999,2025-09-14,Paid
INV00903,S019740,C00612,2025-03-11,36332.31,6539.815799999999,2025-03-11,Overdue
INV00904,S026841,C00684,2024-10-08,51601.74,9288.313199999999,2024-10-08,Disputed
INV00905,S090279,C00623,2024-09-12,44158.21,7948.4778,2024-09-12,Overdue
INV00906,S031427,C00736,2024-07-20,43993.46,7918.8228,2024-07-20,Paid
INV00907,S054643,C00958,2025-05-27,9761.7,1757.106,2025-05-27,Paid
INV00908,S020904,C00435,2025-09-11,23779.02,4280.2236,2025-09-11,Disputed
INV00909,S070713,C00197,2025-06-09,15952.869999999999,2871.5166,2025-06-09,Disputed
INV00910,S094227,C00353,2024-06-08,54600.03,9828.0054,2024-06-08,Paid
INV00911,S093413,C00638,2025-02-02,9757.67,1756.3806,2025-02-02,Pending
INV00912,S062694,C00627,2024-11-06,11745.17,2114.1306,2024-11-06,Pending
INV00913,S081258,C00982,2025-08-12,51436.64,9258.5952,2025-08-12,Overdue
INV00914,S090328,C00917,2025-09-25,24136.41,4344.5538,2025-09-25,Pending
INV00915,S043571,C00224,2025-03-21,21717.71,3909.1877999999997,2025-03-21,Pending
INV00916,S014924,C00880,2025-10-23,21834.04,3930.1272,2025-10-23,Paid
INV00917,S089542,C00835,2026-03-21,25333.989999999998,4560.1182,2026-03-21,Pending
INV00918,S090357,C00432,2025-06-08,23892.37,4300.6266,2025-06-08,Overdue
INV00919,S068673,C00790,2025-12-13,58621.17999999999,10551.812399999999,2025-12-13,Paid
INV00920,S083283,C00667,2024-12-30,39615.89,7130.8602,2024-12-30,Disputed
INV00921,S095617,C00894,2025-10-29,51177.08,9211.8744,2025-10-29,Disputed
INV00922,S088817,C00607,2026-03-07,53270.31999999999,9588.657599999999,2026-03-07,Paid
INV00923,S099294,C00530,2026-02-06,32331.22,5819.6196,2026-02-06,Overdue
INV00924,S022857,C00739,2025-11-29,32721.25,5889.825,2025-11-29,Paid
INV00925,S095926,C00642,2024-11-30,17431.370000000003,3137.6466000000005,2024-11-30,Disputed
INV00926,S020978,C00222,2025-01-29,12748.830000000002,2294.7894,2025-01-29,Overdue
INV00927,S051033,C00103,2025-05-17,55218.8,9939.384,2025-05-17,Paid
INV00928,S011176,C00743,2025-02-11,16838.16,3030.8687999999997,2025-02-11,Pending
INV00929,S063072,C00438,2024-11-13,24494.36,4408.9848,2024-11-13,Paid
INV00930,S086870,C00390,2025-10-05,43460.79,7822.9421999999995,2025-10-05,Paid
INV00931,S015412,C00241,2025-08-03,34697.56,6245.560799999999,2025-08-03,Pending
INV00932,S095607,C00513,2025-03-04,46160.619999999995,8308.9116,2025-03-04,Pending
INV00933,S076363,C00916,2024-10-19,19976.91,3595.8437999999996,2024-10-19,Paid
INV00934,S008475,C00106,2026-02-23,20560.11,3700.8197999999998,2026-02-23,Disputed
INV00935,S007251,C00847,2024-06-10,3861.75,695.115,2024-06-10,Disputed
INV00936,S058820,C00076,2025-03-03,57023.17,10264.1706,2025-03-03,Pending
INV00937,S029335,C00332,2025-06-03,25296.41,4553.3538,2025-06-03,Pending
INV00938,S085941,C00208,2024-06-04,18633.23,3353.9813999999997,2024-06-04,Overdue
INV00939,S016522,C00204,2026-04-25,12996.86,2339.4348,2026-04-25,Paid
INV00940,S072323,C00971,2026-01-17,34326.51,6178.7718,2026-01-17,Overdue
INV00941,S044211,C00235,2025-07-11,7431.68,1337.7024,2025-07-11,Disputed
INV00942,S062302,C00098,2025-03-02,45342.29,8161.6122,2025-03-02,Paid
INV00943,S024630,C00669,2025-02-04,40043.560000000005,7207.840800000001,2025-02-04,Overdue
INV00944,S098437,C00879,2025-03-24,29214.07,5258.5326,2025-03-24,Overdue
INV00945,S080854,C00063,2025-06-10,27000.27,4860.0486,2025-06-10,Overdue
INV00946,S080431,C00912,2025-09-24,33884.91,6099.2838,2025-09-24,Overdue
INV00947,S041483,C00394,2024-10-31,22992.82,4138.7076,2024-10-31,Disputed
INV00948,S027881,C00537,2026-02-18,10813.91,1946.5038,2026-02-18,Pending
INV00949,S088737,C00609,2026-05-03,25145.11,4526.1197999999995,2026-05-03,Pending
INV00950,S090827,C00361,2025-03-06,39202.74,7056.493199999999,2025-03-06,Paid
INV00951,S000287,C00200,2025-03-28,34734.17,6252.150599999999,2025-03-28,Overdue
INV00952,S018013,C00848,2026-03-25,24287.47,4371.7446,2026-03-25,Pending
INV00953,S011394,C00616,2026-01-14,31847.34,5732.5212,2026-01-14,Overdue
INV00954,S044633,C00829,2025-12-03,14513.59,2612.4462,2025-12-03,Overdue
INV00955,S029518,C00509,2024-09-04,51752.25,9315.404999999999,2024-09-04,Pending
INV00956,S096066,C00652,2025-09-29,13095.7,2357.226,2025-09-29,Paid
INV00957,S095920,C00744,2026-03-30,46137.950000000004,8304.831,2026-03-30,Paid
INV00958,S082395,C00431,2025-04-24,41744.08,7513.9344,2025-04-24,Pending
INV00959,S051962,C00811,2024-09-15,54292.91,9772.7238,2024-09-15,Pending
INV00960,S017818,C00179,2025-11-20,17617.739999999998,3171.1931999999997,2025-11-20,Paid
INV00961,S080868,C00934,2026-04-04,47720.81,8589.745799999999,2026-04-04,Paid
INV00962,S098500,C00542,2024-10-18,55666.18,10019.9124,2024-10-18,Disputed
INV00963,S016727,C00643,2025-03-15,17755.91,3196.0638,2025-03-15,Pending
INV00964,S055538,C00923,2026-02-18,53205.71,9577.0278,2026-02-18,Paid
INV00965,S005584,C00726,2026-02-12,40639.28,7315.0704,2026-02-12,Disputed
INV00966,S064137,C00296,2024-10-12,19569.690000000002,3522.5442000000003,2024-10-12,Pending
INV00967,S091143,C00356,2025-11-06,50099.840000000004,9017.9712,2025-11-06,Overdue
INV00968,S007038,C00063,2026-04-25,20101.89,3618.3401999999996,2026-04-25,Disputed
INV00969,S067183,C00367,2025-08-02,43352.65,7803.477,2025-08-02,Overdue
INV00970,S050318,C00959,2024-09-04,28454.13,5121.7434,2024-09-04,Paid
INV00971,S017168,C00934,2026-02-15,30808.879999999997,5545.598399999999,2026-02-15,Overdue
INV00972,S055720,C00506,2026-02-27,16723.12,3010.1616,2026-02-27,Paid
INV00973,S086735,C00426,2025-07-21,11790.61,2122.3098,2025-07-21,Disputed
INV00974,S077084,C00593,2026-02-18,43511.03,7831.9854,2026-02-18,Overdue
INV00975,S018788,C00635,2025-08-30,45889.28,8260.070399999999,2025-08-30,Pending
INV00976,S059624,C00566,2025-12-19,56780.25,10220.445,2025-12-19,Paid
INV00977,S033565,C00671,2025-03-13,50626.08,9112.6944,2025-03-13,Disputed
INV00978,S070243,C00367,2026-01-09,34766.21000000001,6257.917800000001,2026-01-09,Overdue
INV00979,S038292,C00825,2025-06-11,36005.43,6480.9774,2025-06-11,Disputed
INV00980,S092405,C00992,2026-04-07,39902.14,7182.3852,2026-04-07,Overdue
INV00981,S047373,C00829,2025-04-04,7805.33,1404.9594,2025-04-04,Paid
INV00982,S037155,C00508,2024-11-03,48863.55,8795.439,2024-11-03,Disputed
INV00983,S062358,C00482,2024-08-13,10965.55,1973.7989999999998,2024-08-13,Disputed
INV00984,S009660,C00801,2024-08-22,43740.49,7873.288199999999,2024-08-22,Disputed
INV00985,S023495,C00500,2026-01-15,25994.899999999998,4679.081999999999,2026-01-15,Overdue
INV00986,S028023,C00904,2025-01-14,35932.04,6467.7672,2025-01-14,Overdue
INV00987,S015357,C00627,2024-07-05,35173.48,6331.2264000000005,2024-07-05,Pending
INV00988,S002155,C00906,2026-02-15,13962.59,2513.2662,2026-02-15,Disputed
INV00989,S072026,C00292,2026-03-01,18841.45,3391.461,2026-03-01,Overdue
INV00990,S041837,C00007,2026-05-06,34551.65,6219.2970000000005,2026-05-06,Disputed
INV00991,S034110,C00498,2025-07-22,50885.490000000005,9159.388200000001,2025-07-22,Overdue
INV00992,S075783,C00635,2025-04-09,53324.68,9598.4424,2025-04-09,Disputed
INV00993,S005142,C00603,2025-04-20,22361.71,4025.1077999999998,2025-04-20,Pending
INV00994,S044976,C00995,2026-01-14,13948.529999999999,2510.7353999999996,2026-01-14,Disputed
INV00995,S071196,C00476,2024-08-10,28393.550000000003,5110.839,2024-08-10,Pending
INV00996,S010334,C00285,2025-05-06,50009.590000000004,9001.726200000001,2025-05-06,Paid
INV00997,S001465,C00620,2024-09-16,29831.73,5369.7114,2024-09-16,Overdue
INV00998,S071051,C00428,2025-03-21,55284.92,9951.2856,2025-03-21,Paid
INV00999,S018378,C00458,2025-04-30,16684.59,3003.2262,2025-04-30,Paid
INV01000,S084884,C00389,2024-09-15,43484.009999999995,7827.121799999999,2024-09-15,Disputed
INV01001,S055746,C00176,2026-01-13,41062.31,7391.215799999999,2026-01-13,Paid
INV01002,S029404,C00444,2025-01-06,34589.41,6226.093800000001,2025-01-06,Overdue
INV01003,S031983,C00606,2025-11-08,32774.78999999999,5899.462199999999,2025-11-08,Paid
INV01004,S074486,C00490,2024-10-20,59728.090000000004,10751.0562,2024-10-20,Disputed
INV01005,S030422,C00209,2024-09-19,25375.18,4567.5324,2024-09-19,Disputed
INV01006,S005820,C00610,2025-02-02,19041.91,3427.5438,2025-02-02,Pending
INV01007,S040652,C00832,2026-05-21,17987.43,3237.7374,2026-05-21,Disputed
INV01008,S088716,C00161,2026-04-25,23677.59,4261.9662,2026-04-25,Pending
INV01009,S085999,C00774,2025-02-07,31937.73,5748.7914,2025-02-07,Pending
INV01010,S026060,C00068,2025-02-28,35879.11,6458.2398,2025-02-28,Pending
INV01011,S065389,C00349,2025-06-18,18434.66,3318.2387999999996,2025-06-18,Disputed
INV01012,S067914,C00151,2026-02-03,27885.829999999998,5019.4493999999995,2026-02-03,Overdue
INV01013,S008064,C00345,2024-09-07,16784.04,3021.1272,2024-09-07,Disputed
INV01014,S070238,C00690,2026-04-05,13281.380000000001,2390.6484,2026-04-05,Disputed
INV01015,S087833,C00134,2025-12-04,36680.15,6602.427,2025-12-04,Disputed
INV01016,S074193,C00576,2025-12-12,27415.67,4934.820599999999,2025-12-12,Overdue
INV01017,S027166,C00175,2026-02-18,56545.61,10178.2098,2026-02-18,Disputed
INV01018,S044833,C00628,2024-07-04,49864.47,8975.6046,2024-07-04,Pending
INV01019,S059633,C00686,2025-02-18,32704.32,5886.777599999999,2025-02-18,Paid
INV01020,S016507,C00143,2026-03-27,57281.72,10310.7096,2026-03-27,Disputed
INV01021,S066011,C00884,2025-06-26,27649.56,4976.9208,2025-06-26,Pending
INV01022,S029742,C00347,2026-01-20,16931.739999999998,3047.7131999999997,2026-01-20,Overdue
INV01023,S069300,C00431,2025-08-30,37404.6,6732.8279999999995,2025-08-30,Disputed
INV01024,S001571,C00105,2025-09-28,47684.21,8583.157799999999,2025-09-28,Paid
INV01025,S095159,C00894,2024-11-20,24897.07,4481.4726,2024-11-20,Pending
INV01026,S031929,C00436,2025-12-21,9954.57,1791.8226,2025-12-21,Disputed
INV01027,S077888,C00297,2024-12-15,14575.48,2623.5863999999997,2024-12-15,Disputed
INV01028,S068399,C00779,2024-10-02,39431.44,7097.6592,2024-10-02,Paid
INV01029,S083839,C00063,2025-05-25,10152.29,1827.4122,2025-05-25,Disputed
INV01030,S083838,C00876,2025-08-15,17632.21,3173.7978,2025-08-15,Pending
INV01031,S088916,C00608,2025-08-02,20298.14,3653.6652,2025-08-02,Overdue
INV01032,S009748,C00155,2025-10-25,43221.869999999995,7779.936599999999,2025-10-25,Disputed
INV01033,S073523,C00925,2025-12-21,29010.82,5221.9475999999995,2025-12-21,Pending
INV01034,S093660,C00223,2025-11-24,40805.77,7345.038599999999,2025-11-24,Paid
INV01035,S080715,C00829,2025-09-13,15811.990000000002,2846.1582000000003,2025-09-13,Pending
INV01036,S098162,C00482,2026-05-28,16674.83,3001.4694000000004,2026-05-28,Disputed
INV01037,S062237,C00178,2025-09-20,41832.770000000004,7529.8986,2025-09-20,Paid
INV01038,S099744,C00972,2025-08-14,13769.09,2478.4362,2025-08-14,Paid
INV01039,S009827,C00249,2026-03-20,12622.650000000001,2272.077,2026-03-20,Overdue
INV01040,S006815,C00776,2025-01-29,24122.46,4342.042799999999,2025-01-29,Pending
INV01041,S025443,C00866,2025-11-01,13984.529999999999,2517.2153999999996,2025-11-01,Pending
INV01042,S080024,C00794,2025-06-16,57261.83,10307.1294,2025-06-16,Overdue
INV01043,S088557,C00928,2025-12-04,43335.57,7800.402599999999,2025-12-04,Pending
INV01044,S063562,C00033,2024-08-06,35134.5,6324.21,2024-08-06,Disputed
INV01045,S000990,C00870,2026-03-30,37716.240000000005,6788.923200000001,2026-03-30,Disputed
INV01046,S048431,C00947,2024-06-21,32625.99,5872.6782,2024-06-21,Paid
INV01047,S003818,C00285,2026-05-20,29111.940000000002,5240.1492,2026-05-20,Disputed
INV01048,S089299,C00283,2024-10-19,44143.6,7945.847999999999,2024-10-19,Paid
INV01049,S015316,C00809,2024-08-15,13270.23,2388.6414,2024-08-15,Paid
INV01050,S040431,C00256,2024-12-02,35032.65,6305.877,2024-12-02,Pending
INV01051,S059252,C00053,2025-11-28,27350.92,4923.165599999999,2025-11-28,Disputed
INV01052,S044620,C00171,2024-12-31,56259.05,10126.629,2024-12-31,Disputed
INV01053,S089454,C00099,2025-05-17,10767.03,1938.0654,2025-05-17,Paid
INV01054,S008383,C00774,2024-10-05,37241.840000000004,6703.5312,2024-10-05,Disputed
INV01055,S088779,C00516,2026-03-31,54689.7,9844.145999999999,2026-03-31,Disputed
INV01056,S049789,C00620,2024-12-11,48939.02,8809.023599999999,2024-12-11,Paid
INV01057,S008497,C00855,2024-10-05,39543.259999999995,7117.786799999999,2024-10-05,Pending
INV01058,S090840,C00855,2025-07-17,38465.07,6923.7126,2025-07-17,Pending
INV01059,S068541,C00009,2025-03-05,40279.82,7250.3676,2025-03-05,Disputed
INV01060,S058423,C00810,2025-11-22,11303.73,2034.6714,2025-11-22,Pending
INV01061,S015408,C00186,2025-04-22,36213.84,6518.4911999999995,2025-04-22,Overdue
INV01062,S007111,C00852,2024-12-25,63411.48,11414.0664,2024-12-25,Overdue
INV01063,S004610,C00433,2024-11-03,30923.859999999997,5566.2948,2024-11-03,Pending
INV01064,S013774,C00099,2024-08-18,18662.42,3359.2355999999995,2024-08-18,Disputed
INV01065,S037702,C00966,2025-10-20,7145.01,1286.1018,2025-10-20,Disputed
INV01066,S068666,C00773,2025-10-20,16306.95,2935.251,2025-10-20,Overdue
INV01067,S009906,C00983,2025-02-26,28054.95,5049.891,2025-02-26,Overdue
INV01068,S018466,C00953,2025-11-21,27549.99,4958.9982,2025-11-21,Disputed
INV01069,S030116,C00019,2025-02-26,41670.659999999996,7500.718799999999,2025-02-26,Paid
INV01070,S087884,C00880,2026-02-11,47016.44,8462.9592,2026-02-11,Pending
INV01071,S087642,C00145,2024-08-02,7859.99,1414.7982,2024-08-02,Pending
INV01072,S026350,C00774,2025-08-07,23879.65,4298.337,2025-08-07,Overdue
INV01073,S043690,C00981,2025-03-31,46779.64,8420.3352,2025-03-31,Overdue
INV01074,S048986,C00641,2024-06-09,14329.670000000002,2579.3406000000004,2024-06-09,Overdue
INV01075,S013611,C00586,2026-01-08,44850.64,8073.115199999999,2026-01-08,Overdue
INV01076,S061466,C00131,2024-09-09,26374.61,4747.4298,2024-09-09,Paid
INV01077,S015703,C00967,2024-08-07,43879.17,7898.250599999999,2024-08-07,Disputed
INV01078,S031225,C00659,2025-03-09,14925.23,2686.5413999999996,2025-03-09,Disputed
INV01079,S026647,C00473,2024-12-04,13707.26,2467.3068,2024-12-04,Pending
INV01080,S054011,C00673,2026-01-11,8714.23,1568.5613999999998,2026-01-11,Pending
INV01081,S080438,C00611,2025-11-09,24489.07,4408.0326,2025-11-09,Pending
INV01082,S041772,C00825,2024-10-03,19896.03,3581.2853999999998,2024-10-03,Pending
INV01083,S086596,C00680,2026-03-15,19861.83,3575.1294000000003,2026-03-15,Paid
INV01084,S069485,C00358,2025-11-29,26054.51,4689.8117999999995,2025-11-29,Pending
INV01085,S020506,C00611,2025-01-11,58615.81,10550.8458,2025-01-11,Paid
INV01086,S004741,C00429,2026-05-14,18991.2,3418.416,2026-05-14,Paid
INV01087,S072573,C00079,2025-07-19,46253.96000000001,8325.712800000001,2025-07-19,Pending
INV01088,S009695,C00403,2026-03-02,54066.28,9731.9304,2026-03-02,Paid
INV01089,S015326,C00803,2025-07-28,51372.590000000004,9247.066200000001,2025-07-28,Paid
INV01090,S011387,C00646,2024-12-22,15079.44,2714.2992,2024-12-22,Pending
INV01091,S066962,C00362,2025-12-03,49857.45,8974.340999999999,2025-12-03,Paid
INV01092,S096939,C00759,2026-04-09,38611.43,6950.0574,2026-04-09,Pending
INV01093,S097383,C00488,2025-10-22,41080.22,7394.4396,2025-10-22,Disputed
INV01094,S057468,C00876,2025-08-22,57456.740000000005,10342.2132,2025-08-22,Disputed
INV01095,S032830,C00377,2024-09-30,56371.96,10146.9528,2024-09-30,Paid
INV01096,S053380,C00590,2025-11-08,50348.05,9062.649,2025-11-08,Pending
INV01097,S056532,C00927,2025-09-06,28762.870000000003,5177.3166,2025-09-06,Overdue
INV01098,S084041,C00160,2025-06-30,34151.42,6147.2555999999995,2025-06-30,Overdue
INV01099,S084118,C00155,2025-02-18,15376.279999999999,2767.7303999999995,2025-02-18,Pending
INV01100,S066069,C00189,2025-10-07,44355.36,7983.9648,2025-10-07,Paid
INV01101,S067938,C00807,2026-05-04,37256.55,6706.179,2026-05-04,Paid
INV01102,S099790,C00340,2026-01-27,11879.19,2138.2542,2026-01-27,Disputed
INV01103,S093276,C00062,2026-03-10,12917.130000000001,2325.0834,2026-03-10,Paid
INV01104,S037036,C00914,2025-01-01,19149.14,3446.8451999999997,2025-01-01,Pending
INV01105,S084348,C00525,2026-04-22,24005.41,4320.9738,2026-04-22,Pending
INV01106,S087980,C00766,2024-07-13,14380.85,2588.553,2024-07-13,Paid
INV01107,S062450,C00453,2026-01-24,30965.089999999997,5573.716199999999,2026-01-24,Pending
INV01108,S044687,C00596,2025-08-18,51727.86,9311.014799999999,2025-08-18,Pending
INV01109,S021727,C00260,2024-07-20,42491.64,7648.495199999999,2024-07-20,Pending
INV01110,S082372,C00255,2025-02-18,35115.33,6320.7594,2025-02-18,Pending
INV01111,S030319,C00599,2025-07-06,43238.79,7782.9821999999995,2025-07-06,Paid
INV01112,S057623,C00395,2025-01-07,17487.35,3147.7229999999995,2025-01-07,Overdue
INV01113,S034609,C00038,2024-10-25,52554.89,9459.8802,2024-10-25,Disputed
INV01114,S020346,C00421,2024-10-01,26199.52,4715.9136,2024-10-01,Overdue
INV01115,S000686,C00498,2025-12-15,20781.08,3740.5944,2025-12-15,Disputed
INV01116,S020604,C00046,2025-10-08,60228.61,10841.1498,2025-10-08,Overdue
INV01117,S010539,C00647,2024-06-14,24401.85,4392.333,2024-06-14,Pending
INV01118,S021607,C00064,2024-11-03,13647.87,2456.6166,2024-11-03,Overdue
INV01119,S097271,C00022,2025-12-13,51420.579999999994,9255.704399999999,2025-12-13,Overdue
INV01120,S089863,C00455,2025-09-29,37950.83,6831.1494,2025-09-29,Paid
INV01121,S001292,C00902,2026-01-06,49434.08,8898.1344,2026-01-06,Pending
INV01122,S004865,C00469,2024-10-21,10195.71,1835.2278,2024-10-21,Disputed
INV01123,S047529,C00825,2025-09-12,48254.65,8685.837,2025-09-12,Disputed
INV01124,S047504,C00713,2024-07-23,56647.75,10196.595,2024-07-23,Overdue
INV01125,S014832,C00913,2025-07-23,35254.61,6345.8297999999995,2025-07-23,Disputed
INV01126,S068035,C00772,2024-11-17,14286.38,2571.5483999999997,2024-11-17,Overdue
INV01127,S091668,C00433,2025-02-17,34654.880000000005,6237.8784000000005,2025-02-17,Overdue
INV01128,S029664,C00790,2025-02-05,11301.8,2034.3239999999998,2025-02-05,Pending
INV01129,S026312,C00205,2024-12-28,32607.260000000002,5869.3068,2024-12-28,Pending
INV01130,S024166,C00264,2024-09-22,33255.03999999999,5985.907199999999,2024-09-22,Disputed
INV01131,S042719,C00166,2024-09-10,27377.61,4927.9698,2024-09-10,Overdue
INV01132,S080465,C00689,2024-10-05,14790.119999999999,2662.2216,2024-10-05,Paid
INV01133,S092855,C00487,2026-04-06,26771.61,4818.8898,2026-04-06,Pending
INV01134,S052017,C00021,2024-08-31,11642.1,2095.578,2024-08-31,Disputed
INV01135,S089566,C00741,2026-01-19,31149.3,5606.874,2026-01-19,Overdue
INV01136,S099950,C00775,2024-11-16,52255.36,9405.9648,2024-11-16,Pending
INV01137,S056442,C00903,2025-11-15,14652.92,2637.5256,2025-11-15,Pending
INV01138,S007910,C00535,2025-03-07,27558.7,4960.566,2025-03-07,Disputed
INV01139,S093197,C00854,2026-05-27,22789.33,4102.0794000000005,2026-05-27,Overdue
INV01140,S069187,C00883,2025-06-06,30518.260000000002,5493.2868,2025-06-06,Overdue
INV01141,S029915,C00669,2025-05-06,32045.980000000003,5768.276400000001,2025-05-06,Disputed
INV01142,S023498,C00779,2026-04-10,17532.1,3155.778,2026-04-10,Disputed
INV01143,S096045,C00758,2025-05-15,13198.42,2375.7156,2025-05-15,Pending
INV01144,S063614,C00236,2025-06-29,18887.56,3399.7608,2025-06-29,Overdue
INV01145,S055284,C00309,2025-05-04,12532.070000000002,2255.7726000000002,2025-05-04,Paid
INV01146,S083253,C00012,2026-04-09,44874.8,8077.464,2026-04-09,Disputed
INV01147,S025043,C00723,2025-12-13,18039.26,3247.0667999999996,2025-12-13,Overdue
INV01148,S006657,C00499,2026-01-09,24502.39,4410.4302,2026-01-09,Pending
INV01149,S073380,C00164,2025-05-01,14875.740000000002,2677.6332,2025-05-01,Overdue
INV01150,S040121,C00471,2025-07-25,28681.690000000002,5162.7042,2025-07-25,Overdue
INV01151,S029627,C00904,2024-08-20,44079.31,7934.275799999999,2024-08-20,Paid
INV01152,S080373,C00282,2024-10-16,13818.83,2487.3894,2024-10-16,Pending
INV01153,S076925,C00079,2025-04-09,22727.39,4090.9302,2025-04-09,Pending
INV01154,S082566,C00845,2025-11-21,43789.01,7882.0218,2025-11-21,Pending
INV01155,S048907,C00449,2026-04-18,16149.01,2906.8217999999997,2026-04-18,Pending
INV01156,S006332,C00735,2025-12-24,19298.16,3473.6688,2025-12-24,Pending
INV01157,S099423,C00932,2025-01-02,55381.47,9968.6646,2025-01-02,Pending
INV01158,S034001,C00328,2025-08-03,35159.01,6328.6218,2025-08-03,Disputed
INV01159,S045261,C00522,2025-09-17,8814.1,1586.538,2025-09-17,Pending
INV01160,S069076,C00428,2024-10-21,27227.48,4900.9464,2024-10-21,Pending
INV01161,S012670,C00299,2024-12-10,47482.78,8546.900399999999,2024-12-10,Pending
INV01162,S088481,C00303,2024-08-22,6626.71,1192.8078,2024-08-22,Paid
INV01163,S033627,C00330,2025-10-16,50232.259999999995,9041.806799999998,2025-10-16,Paid
INV01164,S024511,C00984,2025-07-29,51729.13,9311.2434,2025-07-29,Disputed
INV01165,S008754,C00274,2024-10-21,13788.92,2482.0056,2024-10-21,Paid
INV01166,S076617,C00214,2026-04-21,27579.9,4964.3820000000005,2026-04-21,Disputed
INV01167,S052502,C00010,2025-02-06,23016.670000000002,4143.0006,2025-02-06,Pending
INV01168,S040667,C00293,2025-09-14,29778.129999999997,5360.063399999999,2025-09-14,Disputed
INV01169,S007063,C00563,2024-08-31,51370.04,9246.6072,2024-08-31,Pending
INV01170,S081053,C00404,2025-09-06,10425.79,1876.6422,2025-09-06,Overdue
INV01171,S035014,C00665,2025-12-09,17270.1,3108.6179999999995,2025-12-09,Disputed
INV01172,S042612,C00875,2025-03-02,42834.44,7710.1992,2025-03-02,Disputed
INV01173,S013277,C00180,2024-08-19,24457.88,4402.4184000000005,2024-08-19,Paid
INV01174,S008846,C00455,2025-03-26,52612.94,9470.3292,2025-03-26,Overdue
INV01175,S080050,C00670,2024-06-22,15896.599999999999,2861.3879999999995,2024-06-22,Disputed
INV01176,S006862,C00638,2025-10-19,37034.36,6666.1848,2025-10-19,Disputed
INV01177,S094887,C00220,2026-01-04,15451.54,2781.2772,2026-01-04,Disputed
INV01178,S064387,C00085,2024-08-31,43570.91,7842.763800000001,2024-08-31,Pending
INV01179,S009473,C00798,2025-10-17,30727.85,5531.013,2025-10-17,Overdue
INV01180,S099677,C00893,2026-01-10,41221.78,7419.920399999999,2026-01-10,Paid
INV01181,S013858,C00875,2025-03-17,3988.96,718.0128,2025-03-17,Disputed
INV01182,S016816,C00106,2025-11-26,22394.82,4031.0676,2025-11-26,Paid
INV01183,S051103,C00092,2026-02-11,59976.03,10795.6854,2026-02-11,Overdue
INV01184,S045854,C00160,2024-09-03,24859.88,4474.7784,2024-09-03,Disputed
INV01185,S032503,C00749,2024-11-09,13892.439999999999,2500.6391999999996,2024-11-09,Pending
INV01186,S046710,C00458,2025-01-27,23177.41,4171.9338,2025-01-27,Overdue
INV01187,S088720,C00616,2025-08-16,18135.94,3264.4691999999995,2025-08-16,Overdue
INV01188,S051164,C00106,2026-02-05,11458.76,2062.5768,2026-02-05,Overdue
INV01189,S006134,C00352,2024-12-27,51317.130000000005,9237.083400000001,2024-12-27,Pending
INV01190,S045367,C00475,2026-01-02,11418.08,2055.2544,2026-01-02,Pending
INV01191,S032439,C00885,2026-05-09,21386.79,3849.6222,2026-05-09,Paid
INV01192,S044119,C00296,2025-07-23,15067.7,2712.186,2025-07-23,Paid
INV01193,S065932,C00558,2025-06-02,15642.88,2815.7183999999997,2025-06-02,Disputed
INV01194,S013092,C00659,2026-02-18,21008.170000000002,3781.4706,2026-02-18,Paid
INV01195,S070242,C00873,2025-04-04,42119.4,7581.492,2025-04-04,Overdue
INV01196,S021539,C00307,2025-07-19,19885.170000000002,3579.3306000000002,2025-07-19,Pending
INV01197,S043378,C00423,2025-08-10,22912.2,4124.196,2025-08-10,Overdue
INV01198,S052312,C00377,2026-01-29,14578.6,2624.148,2026-01-29,Disputed
INV01199,S053405,C00589,2024-11-14,21196.63,3815.3934,2024-11-14,Disputed
INV01200,S021570,C00993,2025-02-22,39977.35,7195.923,2025-02-22,Paid
INV01201,S030369,C00150,2024-11-12,13974.01,2515.3218,2024-11-12,Pending
INV01202,S067139,C00655,2024-11-06,25111.53,4520.0754,2024-11-06,Disputed
INV01203,S047395,C00318,2025-06-08,18772.54,3379.0572,2025-06-08,Overdue
INV01204,S065645,C00548,2024-08-09,37135.2,6684.335999999999,2024-08-09,Overdue
INV01205,S097468,C00394,2024-12-07,32640.0,5875.2,2024-12-07,Disputed
INV01206,S061284,C00128,2026-04-20,57520.420000000006,10353.6756,2026-04-20,Paid
INV01207,S050087,C00441,2024-08-10,27382.71,4928.8877999999995,2024-08-10,Overdue
INV01208,S049885,C00143,2025-01-30,24907.0,4483.26,2025-01-30,Paid
INV01209,S027680,C00974,2025-09-06,25013.38,4502.4084,2025-09-06,Overdue
INV01210,S040223,C00007,2025-12-29,34314.6,6176.628,2025-12-29,Disputed
INV01211,S013334,C00485,2026-05-30,56667.35,10200.123,2026-05-30,Overdue
INV01212,S004111,C00450,2024-12-11,58773.350000000006,10579.203000000001,2024-12-11,Disputed
INV01213,S030244,C00217,2026-05-01,34193.51,6154.8318,2026-05-01,Disputed
INV01214,S049068,C00890,2025-06-16,29691.07,5344.3926,2025-06-16,Overdue
INV01215,S036264,C00311,2024-07-03,53090.270000000004,9556.2486,2024-07-03,Paid
INV01216,S047045,C00961,2025-04-05,39657.47,7138.3446,2025-04-05,Disputed
INV01217,S015475,C00880,2024-10-13,46503.270000000004,8370.588600000001,2024-10-13,Pending
INV01218,S087835,C00505,2026-05-11,46802.44,8424.4392,2026-05-11,Paid
INV01219,S069590,C00295,2026-05-05,47854.73,8613.8514,2026-05-05,Disputed
INV01220,S014748,C00660,2026-04-18,26040.98,4687.3764,2026-04-18,Pending
INV01221,S016302,C00776,2024-10-03,38661.54,6959.0772,2024-10-03,Disputed
INV01222,S090449,C00281,2026-02-21,39497.68,7109.5824,2026-02-21,Overdue
INV01223,S081381,C00278,2026-05-22,14268.39,2568.3102,2026-05-22,Disputed
INV01224,S058788,C00588,2025-12-07,54614.64,9830.635199999999,2025-12-07,Overdue
INV01225,S063285,C00240,2025-10-14,23639.11,4255.0398,2025-10-14,Disputed
INV01226,S050699,C00266,2025-08-27,56833.27,10229.988599999999,2025-08-27,Disputed
INV01227,S037870,C00911,2024-10-08,55317.21,9957.0978,2024-10-08,Overdue
INV01228,S086358,C00663,2026-02-07,25602.059999999998,4608.3708,2026-02-07,Pending
INV01229,S017308,C00243,2024-09-26,18784.37,3381.1865999999995,2024-09-26,Pending
INV01230,S086403,C00266,2025-08-11,56271.03,10128.785399999999,2025-08-11,Disputed
INV01231,S000356,C00345,2024-07-04,32288.44,5811.919199999999,2024-07-04,Overdue
INV01232,S025804,C00796,2026-01-08,51557.159999999996,9280.288799999998,2026-01-08,Pending
INV01233,S014540,C00317,2025-05-16,52795.05,9503.109,2025-05-16,Overdue
INV01234,S078498,C00213,2024-08-28,12554.990000000002,2259.8982,2024-08-28,Paid
INV01235,S067034,C00998,2025-09-19,11141.810000000001,2005.5258000000001,2025-09-19,Pending
INV01236,S038023,C00513,2026-01-30,19141.85,3445.5329999999994,2026-01-30,Paid
INV01237,S085270,C00159,2026-02-23,37307.26,6715.3068,2026-02-23,Paid
INV01238,S059551,C00509,2024-07-25,53819.58,9687.5244,2024-07-25,Overdue
INV01239,S099115,C00092,2025-04-24,30203.86,5436.6948,2025-04-24,Overdue
INV01240,S024765,C00687,2025-01-14,43742.6,7873.668,2025-01-14,Pending
INV01241,S044172,C00847,2025-11-08,56630.76,10193.5368,2025-11-08,Overdue
INV01242,S035509,C00585,2025-09-01,53757.89,9676.420199999999,2025-09-01,Pending
INV01243,S027369,C00579,2025-01-23,49850.57,8973.1026,2025-01-23,Pending
INV01244,S053759,C00477,2025-03-08,13277.92,2390.0256,2025-03-08,Disputed
INV01245,S068672,C00801,2025-01-10,41695.579999999994,7505.204399999999,2025-01-10,Pending
INV01246,S010534,C00413,2025-08-23,40983.22,7376.9796,2025-08-23,Pending
INV01247,S050140,C00588,2024-10-18,47078.44,8474.119200000001,2024-10-18,Pending
INV01248,S041554,C00915,2024-12-23,58484.07,10527.132599999999,2024-12-23,Paid
INV01249,S054086,C00773,2025-03-30,45115.11,8120.7198,2025-03-30,Disputed
INV01250,S002009,C00177,2025-02-26,9604.4,1728.792,2025-02-26,Disputed
INV01251,S071504,C00794,2025-01-21,33436.270000000004,6018.528600000001,2025-01-21,Disputed
INV01252,S034670,C00169,2026-03-16,37868.24,6816.283199999999,2026-03-16,Pending
INV01253,S064447,C00775,2026-01-07,8291.34,1492.4412,2026-01-07,Pending
INV01254,S044427,C00317,2025-09-08,3451.38,621.2484,2025-09-08,Disputed
INV01255,S077405,C00289,2026-01-03,53523.7,9634.266,2026-01-03,Disputed
INV01256,S013436,C00199,2025-11-12,47322.409999999996,8518.0338,2025-11-12,Pending
INV01257,S057994,C00406,2025-08-20,50895.9,9161.262,2025-08-20,Paid
INV01258,S099885,C00224,2026-02-11,17570.55,3162.6989999999996,2026-02-11,Overdue
INV01259,S074467,C00620,2026-04-05,14861.32,2675.0375999999997,2026-04-05,Paid
INV01260,S095778,C00489,2025-08-02,29923.23,5386.1813999999995,2025-08-02,Pending
INV01261,S010022,C00168,2025-03-11,39933.73,7188.071400000001,2025-03-11,Pending
INV01262,S009163,C00907,2026-05-06,17833.27,3209.9886,2026-05-06,Disputed
INV01263,S088921,C00175,2025-02-06,25627.62,4612.9716,2025-02-06,Overdue
INV01264,S030875,C00941,2024-08-20,51233.39,9222.010199999999,2024-08-20,Pending
INV01265,S080208,C00069,2026-05-03,21819.32,3927.4775999999997,2026-05-03,Pending
INV01266,S042375,C00846,2026-05-09,30124.05,5422.329,2026-05-09,Disputed
INV01267,S004064,C00235,2025-09-05,56200.29,10116.0522,2025-09-05,Pending
INV01268,S041855,C00007,2026-02-05,41207.59,7417.3661999999995,2026-02-05,Pending
INV01269,S002672,C00304,2025-12-27,56637.99,10194.8382,2025-12-27,Pending
INV01270,S010091,C00744,2025-04-25,41982.15,7556.787,2025-04-25,Paid
INV01271,S086915,C00842,2026-01-19,52046.560000000005,9368.3808,2026-01-19,Overdue
INV01272,S069053,C00959,2025-01-20,28359.01,5104.6218,2025-01-20,Disputed
INV01273,S088595,C00711,2025-02-02,8726.86,1570.8348,2025-02-02,Pending
INV01274,S003028,C00696,2025-11-15,45175.66,8131.6188,2025-11-15,Pending
INV01275,S033414,C00065,2025-07-11,24217.43,4359.1374,2025-07-11,Disputed
INV01276,S035375,C00668,2025-09-27,25791.54,4642.4772,2025-09-27,Pending
INV01277,S041176,C00357,2024-08-17,43992.21,7918.5978,2024-08-17,Paid
INV01278,S023040,C00419,2025-04-14,46919.520000000004,8445.5136,2025-04-14,Disputed
INV01279,S041328,C00762,2024-06-29,46794.2,8422.955999999998,2024-06-29,Paid
INV01280,S026408,C00470,2025-05-09,15063.82,2711.4876,2025-05-09,Pending
INV01281,S050841,C00904,2024-11-25,49522.009999999995,8913.9618,2024-11-25,Disputed
INV01282,S036287,C00513,2024-12-19,50074.73,9013.4514,2024-12-19,Overdue
INV01283,S091790,C00642,2025-02-02,26546.55,4778.379,2025-02-02,Overdue
INV01284,S022774,C00428,2026-06-03,46196.78,8315.420399999999,2026-06-03,Pending
INV01285,S024135,C00332,2026-03-10,14714.28,2648.5704,2026-03-10,Disputed
INV01286,S054085,C00588,2026-04-19,48819.65,8787.537,2026-04-19,Paid
INV01287,S058694,C00230,2026-02-19,41003.66,7380.6588,2026-02-19,Disputed
INV01288,S093975,C00895,2026-01-24,52985.409999999996,9537.3738,2026-01-24,Paid
INV01289,S004173,C00991,2025-08-08,48959.31,8812.675799999999,2025-08-08,Disputed
INV01290,S051058,C00848,2026-03-20,56220.42999999999,10119.677399999999,2026-03-20,Disputed
INV01291,S087758,C00723,2024-07-26,48115.9,8660.862,2024-07-26,Disputed
INV01292,S003979,C00521,2025-04-06,40549.52,7298.913599999999,2025-04-06,Paid
INV01293,S002782,C00045,2024-06-05,54728.990000000005,9851.218200000001,2024-06-05,Paid
INV01294,S065560,C00883,2024-08-28,21017.67,3783.1805999999997,2024-08-28,Disputed
INV01295,S093733,C00766,2024-11-17,17818.93,3207.4074,2024-11-17,Pending
INV01296,S060598,C00888,2026-02-07,20588.12,3705.8615999999997,2026-02-07,Paid
INV01297,S082435,C00438,2024-09-11,8776.39,1579.7502,2024-09-11,Paid
INV01298,S093293,C00259,2026-06-03,52800.77,9504.138599999998,2026-06-03,Paid
INV01299,S076166,C00768,2025-01-02,27152.57,4887.4626,2025-01-02,Paid
INV01300,S050326,C00402,2025-10-22,45570.81,8202.745799999999,2025-10-22,Pending
INV01301,S069368,C00102,2024-12-11,32215.34,5798.7612,2024-12-11,Disputed
INV01302,S052192,C00732,2024-11-14,46235.59,8322.4062,2024-11-14,Overdue
INV01303,S094877,C00557,2024-06-18,25044.14,4507.9452,2024-06-18,Disputed
INV01304,S005435,C00537,2026-04-02,50405.340000000004,9072.9612,2026-04-02,Disputed
INV01305,S046898,C00600,2024-08-07,60282.29,10850.8122,2024-08-07,Overdue
INV01306,S039619,C00036,2024-09-15,36092.19,6496.5942000000005,2024-09-15,Paid
INV01307,S000361,C00127,2026-01-04,26176.219999999998,4711.719599999999,2026-01-04,Pending
INV01308,S052128,C00064,2024-08-19,54798.240000000005,9863.683200000001,2024-08-19,Disputed
INV01309,S058785,C00899,2025-03-24,31678.86,5702.1948,2025-03-24,Overdue
INV01310,S083858,C00242,2024-08-18,26539.75,4777.155,2024-08-18,Overdue
INV01311,S088588,C00455,2025-09-20,28021.77,5043.9186,2025-09-20,Disputed
INV01312,S068137,C00105,2025-01-02,10388.119999999999,1869.8615999999997,2025-01-02,Overdue
INV01313,S049212,C00557,2025-07-29,50848.270000000004,9152.6886,2025-07-29,Pending
INV01314,S090523,C00009,2024-06-06,31047.27,5588.5086,2024-06-06,Overdue
INV01315,S092033,C00453,2026-05-19,14485.42,2607.3756,2026-05-19,Disputed
INV01316,S049374,C00138,2026-01-22,30069.68,5412.5424,2026-01-22,Disputed
INV01317,S083851,C00628,2026-01-19,48909.67,8803.7406,2026-01-19,Overdue
INV01318,S034364,C00514,2025-03-24,15181.73,2732.7113999999997,2025-03-24,Overdue
INV01319,S061094,C00051,2025-06-16,14182.85,2552.913,2025-06-16,Overdue
INV01320,S036368,C00569,2025-09-12,15201.25,2736.225,2025-09-12,Overdue
INV01321,S097754,C00863,2026-01-15,54764.219999999994,9857.559599999999,2026-01-15,Pending
INV01322,S082363,C00309,2024-07-13,32497.01,5849.461799999999,2024-07-13,Overdue
INV01323,S032570,C00279,2025-11-12,30900.86,5562.1548,2025-11-12,Pending
INV01324,S065406,C00003,2024-07-17,48828.280000000006,8789.090400000001,2024-07-17,Paid
INV01325,S053379,C00893,2024-08-18,55639.86,10015.174799999999,2024-08-18,Disputed
INV01326,S077112,C00432,2025-07-29,34812.65,6266.277,2025-07-29,Paid
INV01327,S026889,C00530,2026-01-14,20233.46,3642.0227999999997,2026-01-14,Pending
INV01328,S038045,C00690,2025-08-10,19394.14,3490.9451999999997,2025-08-10,Paid
INV01329,S013729,C00742,2025-01-30,34863.29,6275.3922,2025-01-30,Disputed
INV01330,S002967,C00361,2024-11-01,26947.339999999997,4850.521199999999,2024-11-01,Paid
INV01331,S019844,C00687,2026-01-14,35522.5,6394.05,2026-01-14,Overdue
INV01332,S073353,C00480,2025-11-17,52126.68,9382.8024,2025-11-17,Pending
INV01333,S032358,C00138,2025-12-26,6289.6,1132.128,2025-12-26,Paid
INV01334,S000945,C00746,2024-12-16,50381.99,9068.758199999998,2024-12-16,Disputed
INV01335,S002228,C00418,2025-12-01,49578.670000000006,8924.160600000001,2025-12-01,Pending
INV01336,S096878,C00416,2024-07-23,42766.32,7697.937599999999,2024-07-23,Paid
INV01337,S076235,C00357,2024-10-26,34812.880000000005,6266.318400000001,2024-10-26,Pending
INV01338,S076525,C00050,2025-01-19,16839.59,3031.1261999999997,2025-01-19,Disputed
INV01339,S051562,C00211,2024-11-27,45930.469999999994,8267.484599999998,2024-11-27,Paid
INV01340,S021814,C00312,2026-05-29,26081.09,4694.5962,2026-05-29,Paid
INV01341,S030997,C00844,2025-03-03,52635.83,9474.4494,2025-03-03,Pending
INV01342,S056759,C00824,2024-06-26,5838.03,1050.8454,2024-06-26,Pending
INV01343,S041380,C00711,2024-07-07,11853.26,2133.5868,2024-07-07,Overdue
INV01344,S022333,C00965,2025-12-13,48130.97,8663.5746,2025-12-13,Disputed
INV01345,S048807,C00844,2025-03-14,13050.189999999999,2349.0341999999996,2025-03-14,Paid
INV01346,S051934,C00909,2026-01-22,49960.729999999996,8992.9314,2026-01-22,Disputed
INV01347,S094720,C00253,2025-11-09,26900.97,4842.1746,2025-11-09,Disputed
INV01348,S080493,C00618,2026-05-04,37555.08,6759.9144,2026-05-04,Paid
INV01349,S009196,C00953,2024-07-20,21709.489999999998,3907.7081999999996,2024-07-20,Overdue
INV01350,S000447,C00542,2025-07-25,14207.970000000001,2557.4346,2025-07-25,Overdue
INV01351,S000417,C00631,2025-04-08,27639.26,4975.0668,2025-04-08,Paid
INV01352,S061764,C00309,2025-01-01,42594.46,7667.002799999999,2025-01-01,Disputed
INV01353,S027979,C00204,2025-02-04,12638.47,2274.9246,2025-02-04,Overdue
INV01354,S073401,C00704,2024-11-17,36788.18,6621.8724,2024-11-17,Overdue
INV01355,S013191,C00494,2025-01-16,32981.700000000004,5936.706,2025-01-16,Pending
INV01356,S080063,C00364,2025-05-23,13812.599999999999,2486.2679999999996,2025-05-23,Paid
INV01357,S043802,C00123,2025-07-19,13114.96,2360.6928,2025-07-19,Paid
INV01358,S070207,C00166,2024-06-28,50309.520000000004,9055.713600000001,2024-06-28,Pending
INV01359,S034538,C00618,2026-03-19,37556.19,6760.1142,2026-03-19,Disputed
INV01360,S037147,C00570,2024-11-09,22228.04,4001.0472,2024-11-09,Disputed
INV01361,S025184,C00586,2025-10-06,54480.69,9806.5242,2025-10-06,Paid
INV01362,S006504,C00467,2026-05-15,43494.729999999996,7829.051399999999,2026-05-15,Disputed
INV01363,S078487,C00102,2024-08-22,21434.6,3858.2279999999996,2024-08-22,Disputed
INV01364,S097790,C00193,2025-03-13,22212.13,3998.1834,2025-03-13,Overdue
INV01365,S042466,C00777,2025-09-10,42510.759999999995,7651.936799999999,2025-09-10,Disputed
INV01366,S069576,C00148,2024-10-16,45114.04,8120.5271999999995,2024-10-16,Pending
INV01367,S048392,C00449,2025-07-27,32567.809999999998,5862.2058,2025-07-27,Pending
INV01368,S039350,C00363,2025-08-03,39388.009999999995,7089.841799999999,2025-08-03,Paid
INV01369,S023078,C00858,2025-04-08,23005.86,4141.0548,2025-04-08,Paid
INV01370,S029669,C00783,2025-11-24,44250.18,7965.0324,2025-11-24,Disputed
INV01371,S013673,C00793,2026-04-19,47044.29,8467.9722,2026-04-19,Pending
INV01372,S053171,C00959,2025-03-28,52739.31999999999,9493.077599999999,2025-03-28,Overdue
INV01373,S089870,C00980,2026-04-23,8574.0,1543.32,2026-04-23,Disputed
INV01374,S052277,C00699,2025-09-12,18005.36,3240.9648,2025-09-12,Pending
INV01375,S087599,C00899,2026-01-26,42688.06,7683.850799999999,2026-01-26,Disputed
INV01376,S017183,C00529,2025-03-02,12366.33,2225.9393999999998,2025-03-02,Overdue
INV01377,S088041,C00116,2025-04-06,22563.11,4061.3598,2025-04-06,Pending
INV01378,S077611,C00435,2025-10-25,17050.129999999997,3069.0233999999996,2025-10-25,Overdue
INV01379,S003166,C00420,2024-08-30,51611.939999999995,9290.149199999998,2024-08-30,Disputed
INV01380,S085488,C00752,2024-11-27,3414.48,614.6064,2024-11-27,Paid
INV01381,S065844,C00669,2025-07-27,15048.849999999999,2708.7929999999997,2025-07-27,Overdue
INV01382,S063211,C00187,2026-04-05,22574.29,4063.3722,2026-04-05,Paid
INV01383,S097397,C00525,2025-03-17,32225.16,5800.5288,2025-03-17,Pending
INV01384,S064811,C00139,2024-12-31,29488.559999999998,5307.940799999999,2024-12-31,Paid
INV01385,S009709,C00987,2024-08-18,21287.04,3831.6672,2024-08-18,Overdue
INV01386,S099439,C00949,2025-06-02,33315.34,5996.761199999999,2025-06-02,Paid
INV01387,S097741,C00142,2025-08-21,22651.07,4077.1926,2025-08-21,Disputed
INV01388,S074639,C00245,2026-03-04,11044.85,1988.073,2026-03-04,Pending
INV01389,S043417,C00919,2024-06-23,41499.01,7469.8218,2024-06-23,Pending
INV01390,S071108,C00116,2024-09-07,29537.74,5316.7932,2024-09-07,Overdue
INV01391,S025384,C00097,2025-07-01,49940.07,8989.212599999999,2025-07-01,Disputed
INV01392,S068026,C00366,2025-07-28,34802.78,6264.5004,2025-07-28,Disputed
INV01393,S056576,C00303,2025-10-28,24345.67,4382.2206,2025-10-28,Disputed
INV01394,S043229,C00745,2024-12-25,46640.01,8395.2018,2024-12-25,Disputed
INV01395,S017589,C00675,2025-05-14,11802.52,2124.4536,2025-05-14,Overdue
INV01396,S042937,C00555,2026-03-21,36538.05,6576.849,2026-03-21,Pending
INV01397,S091151,C00084,2025-05-08,39582.75,7124.8949999999995,2025-05-08,Paid
INV01398,S085670,C00674,2024-10-06,33675.07,6061.5126,2024-10-06,Pending
INV01399,S014852,C00637,2025-03-15,8536.98,1536.6563999999998,2025-03-15,Disputed
INV01400,S067891,C00688,2024-08-24,57257.549999999996,10306.358999999999,2024-08-24,Paid
INV01401,S086782,C00216,2024-12-07,21464.239999999998,3863.5631999999996,2024-12-07,Overdue
INV01402,S043382,C00814,2026-03-23,31504.42,5670.7955999999995,2026-03-23,Disputed
INV01403,S047567,C00458,2024-08-26,23684.53,4263.2154,2024-08-26,Pending
INV01404,S055629,C00924,2026-01-22,22291.309999999998,4012.4357999999993,2026-01-22,Pending
INV01405,S094369,C00429,2025-10-12,40687.78,7323.800399999999,2025-10-12,Pending
INV01406,S088303,C00069,2025-01-08,9675.89,1741.6601999999998,2025-01-08,Overdue
INV01407,S088226,C00032,2025-05-08,31057.61,5590.3697999999995,2025-05-08,Overdue
INV01408,S071297,C00067,2026-01-10,53917.83,9705.2094,2026-01-10,Overdue
INV01409,S008679,C00587,2025-02-10,43395.21,7811.1377999999995,2025-02-10,Overdue
INV01410,S038343,C00824,2024-11-17,31001.12,5580.201599999999,2024-11-17,Paid
INV01411,S089681,C00431,2025-09-28,12297.58,2213.5643999999998,2025-09-28,Paid
INV01412,S019185,C00840,2026-03-04,37762.64,6797.2752,2026-03-04,Paid
INV01413,S028165,C00700,2024-07-27,52227.090000000004,9400.8762,2024-07-27,Overdue
INV01414,S069757,C00318,2025-11-11,23636.08,4254.4944000000005,2025-11-11,Pending
INV01415,S038807,C00636,2024-08-11,12354.43,2223.7974,2024-08-11,Disputed
INV01416,S051697,C00868,2025-06-26,17765.45,3197.781,2025-06-26,Disputed
INV01417,S066813,C00877,2025-07-20,16663.9,2999.502,2025-07-20,Disputed
INV01418,S072657,C00247,2024-09-12,9408.2,1693.476,2024-09-12,Paid
INV01419,S017910,C00907,2025-07-07,41666.47,7499.9646,2025-07-07,Disputed
INV01420,S039780,C00019,2026-01-16,28842.58,5191.664400000001,2026-01-16,Paid
INV01421,S069998,C00616,2026-05-12,34569.34,6222.481199999999,2026-05-12,Overdue
INV01422,S021635,C00116,2025-01-08,47547.89,8558.6202,2025-01-08,Paid
INV01423,S007873,C00016,2025-04-21,7468.61,1344.3498,2025-04-21,Paid
INV01424,S055775,C00071,2025-06-06,33138.74,5964.973199999999,2025-06-06,Pending
INV01425,S050125,C00825,2025-10-07,20427.89,3677.0202,2025-10-07,Pending
INV01426,S041391,C00490,2026-04-12,41234.26,7422.1668,2026-04-12,Disputed
INV01427,S076452,C00131,2025-03-27,36515.84,6572.851199999999,2025-03-27,Paid
INV01428,S062321,C00416,2024-08-16,39820.17,7167.6305999999995,2024-08-16,Pending
INV01429,S033107,C00026,2024-08-25,38356.119999999995,6904.101599999999,2024-08-25,Overdue
INV01430,S004368,C00518,2025-08-08,41748.14,7514.6651999999995,2025-08-08,Disputed
INV01431,S005537,C00793,2024-09-29,5913.48,1064.4263999999998,2024-09-29,Pending
INV01432,S092215,C00794,2025-05-27,52322.64,9418.0752,2025-05-27,Disputed
INV01433,S018718,C00177,2024-09-25,16591.32,2986.4375999999997,2024-09-25,Disputed
INV01434,S020227,C00381,2026-02-01,44543.48,8017.8264,2026-02-01,Paid
INV01435,S000788,C00390,2025-02-18,7673.92,1381.3056,2025-02-18,Disputed
INV01436,S064295,C00098,2025-11-19,45659.26,8218.6668,2025-11-19,Pending
INV01437,S055369,C00946,2026-01-29,29061.07,5230.9926,2026-01-29,Disputed
INV01438,S029875,C00036,2025-01-05,47719.16,8589.4488,2025-01-05,Paid
INV01439,S056263,C00371,2026-01-08,34709.72,6247.7496,2026-01-08,Pending
INV01440,S098867,C00515,2024-08-18,9655.07,1737.9125999999999,2024-08-18,Pending
INV01441,S071518,C00396,2024-07-05,55719.35,10029.483,2024-07-05,Paid
INV01442,S049543,C00884,2025-07-22,18784.87,3381.2765999999997,2025-07-22,Paid
INV01443,S058372,C00900,2024-06-09,45993.71,8278.8678,2024-06-09,Overdue
INV01444,S035392,C00490,2025-04-17,45733.88,8232.098399999999,2025-04-17,Paid
INV01445,S092666,C00803,2024-12-15,41594.94,7487.0892,2024-12-15,Disputed
INV01446,S069778,C00370,2024-11-05,12431.75,2237.7149999999997,2024-11-05,Overdue
INV01447,S077171,C00768,2026-01-04,37978.0,6836.04,2026-01-04,Disputed
INV01448,S048466,C00594,2025-12-17,32761.4,5897.052,2025-12-17,Overdue
INV01449,S062351,C00206,2025-02-18,46122.94,8302.1292,2025-02-18,Disputed
INV01450,S095728,C00625,2025-11-07,43793.659999999996,7882.858799999999,2025-11-07,Paid
INV01451,S068840,C00100,2024-07-31,14297.14,2573.4851999999996,2024-07-31,Disputed
INV01452,S000805,C00375,2025-06-13,14840.0,2671.2,2025-06-13,Paid
INV01453,S069684,C00600,2024-09-16,30787.6,5541.767999999999,2024-09-16,Paid
INV01454,S096046,C00908,2024-08-07,53452.39,9621.430199999999,2024-08-07,Overdue
INV01455,S051170,C00336,2025-12-27,15894.96,2861.0928,2025-12-27,Disputed
INV01456,S099505,C00067,2025-06-14,25172.879999999997,4531.118399999999,2025-06-14,Paid
INV01457,S069402,C00766,2024-09-10,45246.93,8144.4474,2024-09-10,Pending
INV01458,S001110,C00258,2025-02-06,16941.39,3049.4501999999998,2025-02-06,Pending
INV01459,S031994,C00518,2025-08-15,29076.95,5233.851,2025-08-15,Overdue
INV01460,S084434,C00702,2025-04-28,42404.63,7632.8333999999995,2025-04-28,Paid
INV01461,S084530,C00643,2025-01-31,45290.53,8152.295399999999,2025-01-31,Pending
INV01462,S012637,C00929,2024-07-05,28658.76,5158.5768,2024-07-05,Disputed
INV01463,S048800,C00063,2025-12-17,13837.349999999999,2490.7229999999995,2025-12-17,Paid
INV01464,S068533,C00463,2024-08-30,58680.14,10562.4252,2024-08-30,Overdue
INV01465,S069706,C00470,2025-09-14,30081.34,5414.6412,2025-09-14,Overdue
INV01466,S077827,C00227,2024-11-08,14716.55,2648.979,2024-11-08,Disputed
INV01467,S060708,C00334,2025-06-24,48564.03,8741.525399999999,2025-06-24,Paid
INV01468,S027314,C00195,2025-06-22,27332.11,4919.7798,2025-06-22,Overdue
INV01469,S059905,C00770,2025-06-01,42412.55,7634.259,2025-06-01,Pending
INV01470,S030336,C00538,2024-11-07,8460.880000000001,1522.9584000000002,2024-11-07,Overdue
INV01471,S016250,C00382,2026-03-17,49115.39,8840.770199999999,2026-03-17,Pending
INV01472,S005667,C00308,2025-09-27,52500.21,9450.0378,2025-09-27,Overdue
INV01473,S061802,C00345,2024-10-11,41745.18000000001,7514.132400000001,2024-10-11,Overdue
INV01474,S016742,C00720,2024-11-22,19307.079999999998,3475.2743999999993,2024-11-22,Disputed
INV01475,S096545,C00862,2024-09-18,41347.82,7442.607599999999,2024-09-18,Pending
INV01476,S038260,C00696,2026-01-15,52195.27,9395.148599999999,2026-01-15,Disputed
INV01477,S055098,C00880,2026-05-08,43765.9,7877.862,2026-05-08,Pending
INV01478,S039082,C00175,2026-04-21,42990.54,7738.2972,2026-04-21,Overdue
INV01479,S030745,C00244,2024-08-29,34384.0,6189.12,2024-08-29,Disputed
INV01480,S091380,C00200,2024-09-17,36997.14,6659.4852,2024-09-17,Disputed
INV01481,S077163,C00406,2025-05-19,9982.57,1796.8626,2025-05-19,Disputed
INV01482,S063381,C00823,2025-02-05,16871.29,3036.8322,2025-02-05,Overdue
INV01483,S016488,C00469,2025-12-10,33351.42,6003.2555999999995,2025-12-10,Paid
INV01484,S051495,C00957,2024-09-06,25679.78,4622.3604,2024-09-06,Paid
INV01485,S033819,C00153,2024-11-10,15410.02,2773.8036,2024-11-10,Disputed
INV01486,S056087,C00647,2025-05-22,20697.58,3725.5644,2025-05-22,Paid
INV01487,S026590,C00458,2026-01-02,30404.949999999997,5472.891,2026-01-02,Pending
INV01488,S061646,C00867,2025-08-24,40029.25,7205.264999999999,2025-08-24,Disputed
INV01489,S070487,C00578,2025-12-30,33667.14,6060.0851999999995,2025-12-30,Pending
INV01490,S068394,C00055,2025-04-14,13243.310000000001,2383.7958000000003,2025-04-14,Paid
INV01491,S021790,C00664,2025-03-23,25351.05,4563.188999999999,2025-03-23,Paid
INV01492,S054858,C00390,2025-09-23,57570.69,10362.7242,2025-09-23,Disputed
INV01493,S086789,C00714,2024-12-09,48099.95,8657.991,2024-12-09,Disputed
INV01494,S058178,C00566,2024-12-21,17731.37,3191.6465999999996,2024-12-21,Overdue
INV01495,S098985,C00966,2025-10-06,50437.24,9078.7032,2025-10-06,Paid
INV01496,S069745,C00867,2026-04-22,20367.47,3666.1446,2026-04-22,Paid
INV01497,S058803,C00252,2025-12-04,45154.99,8127.8982,2025-12-04,Paid
INV01498,S072662,C00159,2025-02-21,30077.45,5413.941,2025-02-21,Overdue
INV01499,S074107,C00179,2024-07-17,43279.86,7790.3748,2024-07-17,Disputed
INV01500,S054451,C00050,2024-08-05,30797.44,5543.539199999999,2024-08-05,Overdue
INV01501,S066659,C00641,2025-08-17,14996.76,2699.4168,2025-08-17,Paid
INV01502,S068502,C00388,2025-04-15,18517.21,3333.0977999999996,2025-04-15,Paid
INV01503,S027695,C00795,2024-08-14,35563.69,6401.4642,2024-08-14,Pending
INV01504,S005853,C00863,2026-01-07,33697.03,6065.465399999999,2026-01-07,Overdue
INV01505,S034284,C00448,2026-03-27,23238.96,4183.0127999999995,2026-03-27,Paid
INV01506,S066847,C00485,2024-12-27,47980.28,8636.4504,2024-12-27,Pending
INV01507,S059282,C00086,2026-01-03,15867.560000000001,2856.1608,2026-01-03,Pending
INV01508,S038234,C00030,2024-06-30,15440.399999999998,2779.2719999999995,2024-06-30,Overdue
INV01509,S052326,C00934,2026-01-25,19808.71,3565.5678,2026-01-25,Pending
INV01510,S032060,C00703,2025-11-19,15017.24,2703.1032,2025-11-19,Paid
INV01511,S072292,C00422,2024-12-27,44625.59,8032.606199999999,2024-12-27,Disputed
INV01512,S019511,C00455,2026-03-31,56099.590000000004,10097.9262,2026-03-31,Pending
INV01513,S068171,C00273,2026-01-07,46263.600000000006,8327.448,2026-01-07,Disputed
INV01514,S066871,C00314,2025-11-03,26243.910000000003,4723.9038,2025-11-03,Overdue
INV01515,S048733,C00473,2025-10-23,9983.99,1797.1182,2025-10-23,Pending
INV01516,S027565,C00904,2026-03-31,15160.470000000001,2728.8846000000003,2026-03-31,Pending
INV01517,S006113,C00758,2026-05-15,27974.589999999997,5035.426199999999,2026-05-15,Overdue
INV01518,S087155,C00215,2026-05-21,19334.77,3480.2586,2026-05-21,Disputed
INV01519,S044494,C00707,2025-05-14,55464.41,9983.5938,2025-05-14,Overdue
INV01520,S071478,C00045,2024-07-31,39974.28,7195.3704,2024-07-31,Paid
INV01521,S021230,C00776,2024-07-27,51182.25,9212.805,2024-07-27,Paid
INV01522,S010586,C00274,2025-01-13,15158.55,2728.5389999999998,2025-01-13,Disputed
INV01523,S003682,C00797,2025-10-22,34667.57,6240.1626,2025-10-22,Pending
INV01524,S073728,C00299,2025-09-18,53222.48,9580.046400000001,2025-09-18,Pending
INV01525,S047400,C00954,2026-05-07,21906.61,3943.1898,2026-05-07,Paid
INV01526,S056161,C00102,2026-05-01,29076.67,5233.8006,2026-05-01,Paid
INV01527,S056586,C00473,2026-01-13,20277.47,3649.9446000000003,2026-01-13,Paid
INV01528,S095676,C00599,2026-02-16,53278.49,9590.1282,2026-02-16,Paid
INV01529,S008639,C00930,2025-10-26,26287.68,4731.7824,2025-10-26,Disputed
INV01530,S052899,C00459,2025-01-19,49087.31,8835.7158,2025-01-19,Disputed
INV01531,S098718,C00013,2025-01-06,30302.93,5454.5274,2025-01-06,Overdue
INV01532,S044845,C00116,2025-11-03,27332.79,4919.9021999999995,2025-11-03,Disputed
INV01533,S032588,C00144,2024-07-10,48515.21,8732.737799999999,2024-07-10,Overdue
INV01534,S026917,C00588,2026-01-21,32693.56,5884.8408,2026-01-21,Pending
INV01535,S058179,C00200,2024-12-26,38087.55,6855.759,2024-12-26,Disputed
INV01536,S067450,C00333,2025-04-22,10488.42,1887.9156,2025-04-22,Paid
INV01537,S096922,C00962,2024-10-06,41303.68,7434.6624,2024-10-06,Pending
INV01538,S014092,C00423,2026-04-20,21041.77,3787.5186,2026-04-20,Paid
INV01539,S059708,C00934,2026-04-13,39237.26,7062.7068,2026-04-13,Overdue
INV01540,S081396,C00342,2025-07-01,42342.57,7621.6626,2025-07-01,Overdue
INV01541,S078947,C00409,2025-09-10,50597.53999999999,9107.5572,2025-09-10,Disputed
INV01542,S069792,C00071,2026-06-02,39039.0,7027.0199999999995,2026-06-02,Overdue
INV01543,S001449,C00977,2024-08-09,13960.84,2512.9512,2024-08-09,Paid
INV01544,S004752,C00322,2026-05-20,57586.84,10365.6312,2026-05-20,Paid
INV01545,S028642,C00990,2025-11-19,40815.68,7346.8224,2025-11-19,Disputed
INV01546,S092638,C00105,2024-10-10,26775.100000000002,4819.518,2024-10-10,Overdue
INV01547,S023642,C00935,2025-03-29,54708.21000000001,9847.4778,2025-03-29,Disputed
INV01548,S049348,C00734,2026-05-10,40825.83,7348.6494,2026-05-10,Pending
INV01549,S069179,C00885,2025-04-19,38097.380000000005,6857.5284,2025-04-19,Pending
INV01550,S019328,C00741,2025-06-29,41067.7,7392.185999999999,2025-06-29,Pending
INV01551,S017952,C00302,2024-10-30,16349.84,2942.9712,2024-10-30,Paid
INV01552,S027146,C00299,2025-08-14,48516.369999999995,8732.9466,2025-08-14,Paid
INV01553,S044769,C00940,2024-10-18,49078.53999999999,8834.1372,2024-10-18,Pending
INV01554,S088037,C00050,2025-10-04,20314.14,3656.5451999999996,2025-10-04,Paid
INV01555,S019227,C00327,2026-02-22,47708.88,8587.598399999999,2026-02-22,Paid
INV01556,S042779,C00223,2025-06-13,23112.85,4160.312999999999,2025-06-13,Disputed
INV01557,S031206,C00672,2024-08-17,19605.57,3529.0026,2024-08-17,Overdue
INV01558,S057128,C00506,2026-01-12,51732.49,9311.848199999999,2026-01-12,Overdue
INV01559,S092440,C00596,2025-03-06,56020.89,10083.760199999999,2025-03-06,Paid
INV01560,S066623,C00098,2024-12-09,15411.170000000002,2774.0106,2024-12-09,Disputed
INV01561,S085778,C00735,2025-08-14,45263.31,8147.395799999999,2025-08-14,Paid
INV01562,S061341,C00692,2026-04-18,21674.39,3901.3902,2026-04-18,Pending
INV01563,S094248,C00670,2024-07-19,17664.14,3179.5451999999996,2024-07-19,Pending
INV01564,S034988,C00694,2026-03-14,26831.14,4829.6052,2026-03-14,Paid
INV01565,S074937,C00081,2025-07-23,10485.26,1887.3468,2025-07-23,Pending
INV01566,S061323,C00474,2024-09-12,43162.490000000005,7769.248200000001,2024-09-12,Paid
INV01567,S020563,C00769,2024-10-10,35521.909999999996,6393.943799999999,2024-10-10,Pending
INV01568,S079254,C00131,2025-09-21,57991.189999999995,10438.4142,2025-09-21,Paid
INV01569,S065985,C00184,2025-01-07,17476.19,3145.7141999999994,2025-01-07,Paid
INV01570,S081428,C00542,2026-02-22,55326.36,9958.7448,2026-02-22,Pending
INV01571,S082446,C00615,2025-04-05,40365.15,7265.727,2025-04-05,Pending
INV01572,S031534,C00643,2024-12-16,54302.649999999994,9774.476999999999,2024-12-16,Disputed
INV01573,S082369,C00434,2024-11-15,43092.729999999996,7756.691399999999,2024-11-15,Overdue
INV01574,S061264,C00246,2025-08-19,30797.37,5543.526599999999,2025-08-19,Pending
INV01575,S052407,C00987,2026-04-04,46747.729999999996,8414.5914,2026-04-04,Overdue
INV01576,S064483,C00966,2025-05-07,32028.92,5765.205599999999,2025-05-07,Paid
INV01577,S013899,C00680,2025-04-08,13633.91,2454.1038,2025-04-08,Disputed
INV01578,S004052,C00118,2024-12-18,35256.72,6346.2096,2024-12-18,Pending
INV01579,S020660,C00069,2025-09-02,57430.25,10337.445,2025-09-02,Disputed
INV01580,S027347,C00454,2025-08-03,24469.440000000002,4404.4992,2025-08-03,Pending
INV01581,S078946,C00445,2025-02-14,19024.4,3424.3920000000003,2025-02-14,Paid
INV01582,S064649,C00599,2024-11-28,31247.39,5624.530199999999,2024-11-28,Pending
INV01583,S026795,C00320,2025-08-15,37013.84,6662.4911999999995,2025-08-15,Pending
INV01584,S086614,C00077,2026-01-01,41554.78,7479.8604,2026-01-01,Pending
INV01585,S019959,C00545,2024-12-27,48699.74,8765.9532,2024-12-27,Pending
INV01586,S022150,C00637,2024-07-25,19336.28,3480.5303999999996,2024-07-25,Disputed
INV01587,S054272,C00569,2026-06-03,32430.52,5837.4936,2026-06-03,Disputed
INV01588,S030192,C00140,2025-02-27,44631.47,8033.6646,2025-02-27,Disputed
INV01589,S000492,C00882,2026-05-25,52458.32,9442.497599999999,2026-05-25,Pending
INV01590,S069810,C00923,2025-01-16,22772.04,4098.9672,2025-01-16,Overdue
INV01591,S062975,C00611,2025-09-02,45208.82,8137.5876,2025-09-02,Disputed
INV01592,S059234,C00304,2025-08-22,41998.96,7559.8128,2025-08-22,Overdue
INV01593,S017531,C00555,2025-06-11,18170.85,3270.7529999999997,2025-06-11,Pending
INV01594,S082628,C00246,2025-03-03,19014.11,3422.5398,2025-03-03,Paid
INV01595,S030571,C00708,2026-06-03,23040.98,4147.3764,2026-06-03,Paid
INV01596,S040685,C00507,2024-10-21,41764.49,7517.6082,2024-10-21,Disputed
INV01597,S050842,C00302,2024-11-13,54961.119999999995,9893.0016,2024-11-13,Paid
INV01598,S057678,C00722,2024-09-04,18859.420000000002,3394.6956,2024-09-04,Paid
INV01599,S034244,C00921,2024-09-08,45582.490000000005,8204.8482,2024-09-08,Disputed
INV01600,S079148,C00692,2025-10-30,17775.85,3199.653,2025-10-30,Disputed
INV01601,S066265,C00071,2026-02-01,15472.84,2785.1112,2026-02-01,Paid
INV01602,S016554,C00501,2025-11-09,17105.98,3079.0764,2025-11-09,Disputed
INV01603,S045291,C00244,2024-06-15,36379.63,6548.3333999999995,2024-06-15,Paid
INV01604,S042989,C00699,2026-01-25,38609.479999999996,6949.706399999999,2026-01-25,Paid
INV01605,S003786,C00180,2026-04-22,32037.59,5766.7662,2026-04-22,Paid
INV01606,S092924,C00776,2025-01-14,7375.29,1327.5521999999999,2025-01-14,Disputed
INV01607,S081769,C00731,2024-10-12,26417.85,4755.213,2024-10-12,Pending
INV01608,S003612,C00490,2024-07-13,17105.79,3079.0422,2024-07-13,Pending
INV01609,S075222,C00431,2025-08-07,60392.81999999999,10870.707599999998,2025-08-07,Disputed
INV01610,S035019,C00367,2025-06-28,18164.87,3269.6766,2025-06-28,Pending
INV01611,S038714,C00725,2025-04-07,11490.34,2068.2612,2025-04-07,Paid
INV01612,S073592,C00429,2026-02-13,37933.14,6827.9652,2026-02-13,Disputed
INV01613,S074432,C00938,2025-02-18,21231.36,3821.6448,2025-02-18,Pending
INV01614,S039276,C00028,2025-01-09,37782.34,6800.821199999999,2025-01-09,Overdue
INV01615,S069223,C00745,2024-11-15,54842.25,9871.605,2024-11-15,Disputed
INV01616,S027209,C00438,2025-04-25,20764.37,3737.5865999999996,2025-04-25,Pending
INV01617,S029492,C00379,2024-11-18,39596.840000000004,7127.4312,2024-11-18,Overdue
INV01618,S054546,C00199,2026-05-20,6900.58,1242.1044,2026-05-20,Pending
INV01619,S002405,C00182,2025-09-12,50908.55,9163.539,2025-09-12,Overdue
INV01620,S034527,C00684,2026-05-09,7858.39,1414.5102,2026-05-09,Pending
INV01621,S039453,C00725,2025-04-04,42092.07,7576.5725999999995,2025-04-04,Paid
INV01622,S068679,C00333,2025-03-23,44266.63,7967.993399999999,2025-03-23,Overdue
INV01623,S045445,C00583,2024-08-15,29896.37,5381.3466,2024-08-15,Disputed
INV01624,S095282,C00302,2026-03-08,24687.0,4443.66,2026-03-08,Pending
INV01625,S024171,C00053,2024-10-31,19488.04,3507.8472,2024-10-31,Pending
INV01626,S021940,C00383,2025-12-05,44578.35,8024.102999999999,2025-12-05,Overdue
INV01627,S049109,C00081,2025-06-13,23685.1,4263.317999999999,2025-06-13,Disputed
INV01628,S067148,C00483,2024-09-27,19298.65,3473.757,2024-09-27,Paid
INV01629,S094762,C00688,2025-09-22,18571.920000000002,3342.9456,2025-09-22,Overdue
INV01630,S022892,C00706,2025-01-01,28688.66,5163.958799999999,2025-01-01,Pending
INV01631,S060364,C00618,2025-12-19,15123.32,2722.1976,2025-12-19,Pending
INV01632,S013808,C00401,2024-12-31,39676.3,7141.734,2024-12-31,Paid
INV01633,S037255,C00655,2025-11-01,14096.69,2537.4042,2025-11-01,Disputed
INV01634,S053032,C00746,2024-09-27,25509.93,4591.7874,2024-09-27,Pending
INV01635,S049048,C00675,2024-07-09,16555.16,2979.9287999999997,2024-07-09,Pending
INV01636,S029457,C00681,2025-09-21,28512.120000000003,5132.1816,2025-09-21,Disputed
INV01637,S047270,C00578,2025-05-18,22134.239999999998,3984.1631999999995,2025-05-18,Pending
INV01638,S078146,C00077,2025-05-06,51019.66,9183.5388,2025-05-06,Pending
INV01639,S066757,C00102,2024-06-13,44942.67,8089.6806,2024-06-13,Overdue
INV01640,S053354,C00814,2025-04-05,11817.6,2127.168,2025-04-05,Disputed
INV01641,S018341,C00404,2024-09-21,53304.950000000004,9594.891,2024-09-21,Pending
INV01642,S022057,C00791,2024-09-05,4567.099999999999,822.0779999999999,2024-09-05,Paid
INV01643,S015286,C00402,2024-10-20,43994.020000000004,7918.9236,2024-10-20,Disputed
INV01644,S096344,C00132,2024-10-20,46792.04,8422.5672,2024-10-20,Disputed
INV01645,S010877,C00099,2025-12-09,52605.43,9468.9774,2025-12-09,Paid
INV01646,S015177,C00699,2024-07-22,41834.880000000005,7530.2784,2024-07-22,Overdue
INV01647,S028621,C00520,2026-01-31,44036.2,7926.516,2026-01-31,Pending
INV01648,S073030,C00912,2024-09-06,16232.79,2921.9022,2024-09-06,Disputed
INV01649,S012718,C00644,2024-06-25,42761.799999999996,7697.123999999999,2024-06-25,Paid
INV01650,S032198,C00115,2024-08-27,16804.08,3024.7344000000003,2024-08-27,Overdue
INV01651,S094439,C00024,2025-01-12,41293.31,7432.795799999999,2025-01-12,Pending
INV01652,S065182,C00097,2025-09-08,35802.31,6444.4158,2025-09-08,Pending
INV01653,S014920,C00707,2026-04-02,27325.98,4918.676399999999,2026-04-02,Disputed
INV01654,S036442,C00533,2026-03-11,43936.4,7908.552,2026-03-11,Disputed
INV01655,S085560,C00196,2024-10-30,23948.61,4310.7498,2024-10-30,Overdue
INV01656,S075958,C00272,2026-01-18,7364.17,1325.5506,2026-01-18,Overdue
INV01657,S023253,C00950,2024-09-22,46414.46,8354.602799999999,2024-09-22,Disputed
INV01658,S048006,C00810,2024-10-27,24851.34,4473.2411999999995,2024-10-27,Paid
INV01659,S003897,C00193,2025-04-25,41245.5,7424.19,2025-04-25,Paid
INV01660,S054996,C00415,2025-02-16,28120.56,5061.7008,2025-02-16,Overdue
INV01661,S068723,C00041,2024-07-13,14621.82,2631.9276,2024-07-13,Pending
INV01662,S031604,C00442,2024-10-31,51044.1,9187.938,2024-10-31,Overdue
INV01663,S068423,C00044,2025-04-08,28731.33,5171.6394,2025-04-08,Disputed
INV01664,S055157,C00894,2025-07-06,17690.71,3184.3277999999996,2025-07-06,Paid
INV01665,S021605,C00337,2025-06-16,16504.84,2970.8712,2025-06-16,Paid
INV01666,S076419,C00753,2024-07-05,48061.29,8651.0322,2024-07-05,Disputed
INV01667,S049677,C00791,2025-12-20,42645.41,7676.1738000000005,2025-12-20,Paid
INV01668,S062441,C00991,2025-08-21,44434.89,7998.280199999999,2025-08-21,Overdue
INV01669,S023412,C00897,2025-10-01,38898.75,7001.775,2025-10-01,Paid
INV01670,S084083,C00910,2026-05-10,32753.329999999998,5895.599399999999,2026-05-10,Paid
INV01671,S029231,C00730,2024-12-14,11888.5,2139.93,2024-12-14,Disputed
INV01672,S041183,C00024,2025-01-22,57270.46,10308.682799999999,2025-01-22,Overdue
INV01673,S066498,C00475,2024-11-28,38194.32,6874.977599999999,2024-11-28,Paid
INV01674,S067392,C00900,2024-10-29,55187.12,9933.6816,2024-10-29,Disputed
INV01675,S057180,C00191,2024-09-22,51879.8,9338.364,2024-09-22,Disputed
INV01676,S026598,C00606,2025-10-11,9001.41,1620.2538,2025-10-11,Pending
INV01677,S030145,C00484,2024-07-20,35792.27,6442.6086,2024-07-20,Overdue
INV01678,S082791,C00945,2026-04-18,32516.039999999997,5852.887199999999,2026-04-18,Disputed
INV01679,S050352,C00534,2025-03-16,18309.739999999998,3295.7531999999997,2025-03-16,Pending
INV01680,S038038,C00404,2025-06-03,36975.630000000005,6655.6134,2025-06-03,Pending
INV01681,S075355,C00560,2026-02-24,36468.9,6564.402,2026-02-24,Pending
INV01682,S004170,C00187,2026-02-16,13632.36,2453.8248,2026-02-16,Disputed
INV01683,S003467,C00932,2026-01-31,22692.45,4084.641,2026-01-31,Disputed
INV01684,S053246,C00623,2025-05-20,53074.32,9553.3776,2025-05-20,Overdue
INV01685,S048088,C00813,2025-12-26,39508.659999999996,7111.558799999999,2025-12-26,Paid
INV01686,S030189,C00233,2025-10-26,40419.78,7275.560399999999,2025-10-26,Paid
INV01687,S048869,C00073,2024-11-04,8884.279999999999,1599.1703999999997,2024-11-04,Pending
INV01688,S005032,C00272,2024-10-09,20651.0,3717.18,2024-10-09,Paid
INV01689,S014003,C00263,2026-01-22,53943.549999999996,9709.838999999998,2026-01-22,Pending
INV01690,S006227,C00180,2025-05-08,56345.0,10142.1,2025-05-08,Disputed
INV01691,S031143,C00664,2026-05-12,38630.729999999996,6953.531399999999,2026-05-12,Overdue
INV01692,S092326,C00017,2025-01-19,39033.310000000005,7025.995800000001,2025-01-19,Paid
INV01693,S010129,C00695,2024-10-31,44872.72,8077.0896,2024-10-31,Paid
INV01694,S017713,C00713,2025-07-20,52002.57,9360.462599999999,2025-07-20,Pending
INV01695,S037697,C00798,2025-02-11,39179.33,7052.2794,2025-02-11,Pending
INV01696,S004841,C00064,2024-06-17,53949.89,9710.9802,2024-06-17,Pending
INV01697,S054548,C00817,2026-02-02,36315.63,6536.813399999999,2026-02-02,Disputed
INV01698,S030442,C00528,2025-12-19,42381.5,7628.67,2025-12-19,Overdue
INV01699,S036943,C00675,2024-06-09,20116.85,3621.0329999999994,2024-06-09,Pending
INV01700,S074897,C00052,2025-01-11,26791.17,4822.410599999999,2025-01-11,Disputed
INV01701,S016959,C00202,2025-02-17,35393.869999999995,6370.896599999999,2025-02-17,Disputed
INV01702,S029254,C00804,2024-06-16,51353.31,9243.5958,2024-06-16,Disputed
INV01703,S031109,C00473,2026-03-01,21691.699999999997,3904.5059999999994,2026-03-01,Pending
INV01704,S003845,C00482,2025-03-02,15375.39,2767.5701999999997,2025-03-02,Overdue
INV01705,S010942,C00273,2026-02-22,43835.03,7890.305399999999,2026-02-22,Pending
INV01706,S021004,C00756,2024-11-10,16650.6,2997.1079999999997,2024-11-10,Paid
INV01707,S058556,C00144,2026-02-16,33832.24,6089.803199999999,2026-02-16,Disputed
INV01708,S068776,C00033,2025-05-23,28826.71,5188.8078,2025-05-23,Disputed
INV01709,S019506,C00890,2026-05-21,44401.520000000004,7992.2736,2026-05-21,Pending
INV01710,S062590,C00615,2025-07-18,11425.130000000001,2056.5234,2025-07-18,Disputed
INV01711,S028433,C00029,2024-07-06,55333.39,9960.010199999999,2024-07-06,Pending
INV01712,S057947,C00091,2025-03-20,42342.590000000004,7621.666200000001,2025-03-20,Overdue
INV01713,S023840,C00931,2025-09-19,12294.46,2213.0027999999998,2025-09-19,Paid
INV01714,S063267,C00460,2025-01-14,58549.41,10538.8938,2025-01-14,Overdue
INV01715,S098244,C00407,2026-01-12,7453.610000000001,1341.6498000000001,2026-01-12,Overdue
INV01716,S049372,C00334,2025-12-12,11957.0,2152.2599999999998,2025-12-12,Pending
INV01717,S089337,C00155,2025-06-19,54315.49,9776.788199999999,2025-06-19,Paid
INV01718,S046802,C00114,2026-06-01,19810.91,3565.9638,2026-06-01,Pending
INV01719,S027063,C00874,2026-01-28,25349.9,4562.982,2026-01-28,Paid
INV01720,S081028,C00651,2025-05-31,33899.020000000004,6101.823600000001,2025-05-31,Disputed
INV01721,S072312,C00148,2026-04-10,45479.89,8186.3802,2026-04-10,Pending
INV01722,S087400,C00656,2024-07-16,23780.24,4280.4432,2024-07-16,Paid
INV01723,S040949,C00546,2026-02-04,4189.33,754.0794,2026-02-04,Disputed
INV01724,S053147,C00583,2024-11-23,28273.48,5089.2264,2024-11-23,Paid
INV01725,S032562,C00249,2025-10-16,31466.309999999998,5663.935799999999,2025-10-16,Overdue
INV01726,S007508,C00133,2025-12-26,24595.23,4427.1413999999995,2025-12-26,Overdue
INV01727,S087061,C00348,2026-04-28,52838.46,9510.9228,2026-04-28,Disputed
INV01728,S076984,C00048,2024-08-04,39828.92,7169.205599999999,2024-08-04,Disputed
INV01729,S062683,C00586,2026-02-18,30372.84,5467.111199999999,2026-02-18,Pending
INV01730,S080170,C00547,2026-05-13,30174.32,5431.3776,2026-05-13,Paid
INV01731,S062361,C00951,2025-06-30,5321.6900000000005,957.9042000000001,2025-06-30,Pending
INV01732,S035851,C00568,2024-09-10,29405.13,5292.9234,2024-09-10,Disputed
INV01733,S046803,C00582,2024-06-22,19669.16,3540.4487999999997,2024-06-22,Paid
INV01734,S077312,C00655,2024-09-17,37163.67,6689.460599999999,2024-09-17,Overdue
INV01735,S007244,C00767,2025-10-25,18035.02,3246.3035999999997,2025-10-25,Paid
INV01736,S008572,C00614,2026-04-09,19661.78,3539.1204,2026-04-09,Disputed
INV01737,S054203,C00410,2025-09-18,36252.58,6525.4644,2025-09-18,Pending
INV01738,S012773,C00814,2024-08-05,29808.39,5365.5102,2024-08-05,Overdue
INV01739,S098579,C00495,2024-11-03,44133.2,7943.975999999999,2024-11-03,Paid
INV01740,S016851,C00530,2025-08-07,9373.89,1687.3002,2025-08-07,Paid
INV01741,S023286,C00089,2026-03-22,39745.090000000004,7154.1162,2026-03-22,Disputed
INV01742,S034995,C00045,2025-10-19,12037.619999999999,2166.7715999999996,2025-10-19,Paid
INV01743,S019603,C00924,2026-03-13,51738.64,9312.9552,2026-03-13,Pending
INV01744,S096050,C00042,2025-09-11,39562.2,7121.195999999999,2025-09-11,Pending
INV01745,S084049,C00638,2025-07-26,48164.01,8669.5218,2025-07-26,Paid
INV01746,S057546,C00373,2025-12-22,17907.89,3223.4201999999996,2025-12-22,Overdue
INV01747,S033705,C00546,2025-11-30,46888.5,8439.93,2025-11-30,Paid
INV01748,S005733,C00927,2025-03-07,31826.129999999997,5728.703399999999,2025-03-07,Disputed
INV01749,S023972,C00903,2026-05-31,8491.54,1528.4772,2026-05-31,Pending
INV01750,S036644,C00657,2025-05-05,47511.51,8552.0718,2025-05-05,Pending
INV01751,S048623,C00409,2024-10-07,27705.47,4986.9846,2024-10-07,Paid
INV01752,S038449,C00454,2024-11-19,58963.0,10613.34,2024-11-19,Pending
INV01753,S082332,C00529,2024-06-21,13902.39,2502.4302,2024-06-21,Overdue
INV01754,S065600,C00566,2025-03-12,38297.36,6893.5248,2025-03-12,Disputed
INV01755,S007434,C00343,2024-12-29,11976.23,2155.7214,2024-12-29,Overdue
INV01756,S099350,C00336,2026-01-14,30948.05,5570.648999999999,2026-01-14,Disputed
INV01757,S060110,C00668,2026-02-07,13351.689999999999,2403.3041999999996,2026-02-07,Pending
INV01758,S059002,C00095,2026-05-08,44976.509999999995,8095.771799999999,2026-05-08,Overdue
INV01759,S002052,C00073,2026-03-05,26448.66,4760.7588,2026-03-05,Disputed
INV01760,S039425,C00976,2024-10-27,20203.21,3636.5777999999996,2024-10-27,Disputed
INV01761,S081754,C00561,2025-03-13,46951.590000000004,8451.2862,2025-03-13,Overdue
INV01762,S059790,C00592,2025-12-05,52741.02,9493.3836,2025-12-05,Pending
INV01763,S030374,C00646,2025-02-23,28480.63,5126.5134,2025-02-23,Overdue
INV01764,S079655,C00871,2025-10-20,48625.259999999995,8752.546799999998,2025-10-20,Overdue
INV01765,S087014,C00879,2025-12-30,21673.09,3901.1562,2025-12-30,Disputed
INV01766,S005092,C00680,2025-06-23,36122.700000000004,6502.086,2025-06-23,Pending
INV01767,S014898,C00430,2024-07-30,40949.37,7370.8866,2024-07-30,Disputed
INV01768,S006919,C00463,2026-03-30,58356.25,10504.125,2026-03-30,Paid
INV01769,S072396,C00900,2026-02-24,34946.15,6290.307,2026-02-24,Overdue
INV01770,S096121,C00315,2026-02-08,51918.1,9345.258,2026-02-08,Pending
INV01771,S008425,C00606,2025-05-16,47218.45,8499.321,2025-05-16,Pending
INV01772,S099025,C00315,2026-05-10,12245.69,2204.2242,2026-05-10,Disputed
INV01773,S016956,C00860,2025-02-04,51322.14,9237.9852,2025-02-04,Pending
INV01774,S018571,C00251,2024-07-23,37227.560000000005,6700.960800000001,2024-07-23,Overdue
INV01775,S071837,C00772,2026-02-09,47237.36,8502.7248,2026-02-09,Disputed
INV01776,S008965,C00514,2025-11-03,16868.440000000002,3036.3192000000004,2025-11-03,Overdue
INV01777,S096881,C00348,2025-09-08,11743.04,2113.7472000000002,2025-09-08,Disputed
INV01778,S062878,C00866,2024-06-05,37619.85,6771.572999999999,2024-06-05,Paid
INV01779,S019396,C00209,2024-09-18,22875.239999999998,4117.543199999999,2024-09-18,Overdue
INV01780,S000172,C00249,2026-02-07,59700.969999999994,10746.174599999998,2026-02-07,Paid
INV01781,S048891,C00092,2025-06-07,19009.35,3421.6829999999995,2025-06-07,Paid
INV01782,S040983,C00125,2026-02-07,24270.5,4368.69,2026-02-07,Paid
INV01783,S017977,C00805,2025-03-31,24017.379999999997,4323.1284,2025-03-31,Disputed
INV01784,S097870,C00892,2025-05-10,25892.64,4660.6752,2025-05-10,Pending
INV01785,S045152,C00968,2025-06-22,14930.220000000001,2687.4396,2025-06-22,Pending
INV01786,S047059,C00170,2025-04-26,53934.46000000001,9708.202800000001,2025-04-26,Pending
INV01787,S053704,C00080,2025-09-04,52243.18,9403.7724,2025-09-04,Paid
INV01788,S075095,C00101,2025-05-24,23919.0,4305.42,2025-05-24,Overdue
INV01789,S070285,C00066,2025-01-21,32779.11,5900.2398,2025-01-21,Paid
INV01790,S001616,C00267,2025-05-04,31384.91,5649.2838,2025-05-04,Pending
INV01791,S008681,C00013,2025-03-30,32618.86,5871.3948,2025-03-30,Disputed
INV01792,S071882,C00114,2025-12-30,25774.46,4639.4028,2025-12-30,Paid
INV01793,S087593,C00924,2025-01-21,50404.520000000004,9072.8136,2025-01-21,Paid
INV01794,S060833,C00820,2025-04-16,52790.65,9502.317,2025-04-16,Paid
INV01795,S039239,C00275,2025-06-05,52874.509999999995,9517.411799999998,2025-06-05,Pending
INV01796,S084649,C00188,2025-02-17,55128.93,9923.2074,2025-02-17,Overdue
INV01797,S009904,C00193,2025-11-27,26572.54,4783.0572,2025-11-27,Disputed
INV01798,S076807,C00163,2025-05-28,36042.03999999999,6487.567199999999,2025-05-28,Paid
INV01799,S068152,C00449,2026-05-05,22766.760000000002,4098.0168,2026-05-05,Disputed
INV01800,S022698,C00826,2025-03-20,40455.82,7282.0476,2025-03-20,Paid
INV01801,S006902,C00343,2025-08-27,18191.09,3274.3961999999997,2025-08-27,Disputed
INV01802,S085801,C00893,2026-04-17,7746.51,1394.3718,2026-04-17,Overdue
INV01803,S097936,C00731,2024-06-08,27810.53,5005.895399999999,2024-06-08,Disputed
INV01804,S049594,C00410,2025-11-14,19787.42,3561.7355999999995,2025-11-14,Paid
INV01805,S062539,C00510,2024-07-14,47903.36,8622.6048,2024-07-14,Overdue
INV01806,S094511,C00035,2025-09-09,49403.829999999994,8892.6894,2025-09-09,Disputed
INV01807,S018662,C00678,2024-11-07,20367.47,3666.1446,2024-11-07,Pending
INV01808,S067518,C00065,2024-08-09,22607.379999999997,4069.3283999999994,2024-08-09,Overdue
INV01809,S090849,C00078,2024-10-07,23986.61,4317.5898,2024-10-07,Paid
INV01810,S074949,C00114,2025-01-23,9242.8,1663.7039999999997,2025-01-23,Pending
INV01811,S003388,C00586,2026-01-21,48460.13,8722.8234,2026-01-21,Paid
INV01812,S038435,C00515,2026-04-18,12991.42,2338.4556,2026-04-18,Overdue
INV01813,S013782,C00622,2026-03-24,48003.66,8640.658800000001,2026-03-24,Pending
INV01814,S044382,C00463,2025-02-10,25042.17,4507.5905999999995,2025-02-10,Disputed
INV01815,S054532,C00284,2025-08-28,29543.010000000002,5317.7418,2025-08-28,Overdue
INV01816,S024451,C00434,2025-12-19,16848.760000000002,3032.7768,2025-12-19,Pending
INV01817,S028492,C00991,2026-02-24,44163.15,7949.367,2026-02-24,Paid
INV01818,S048709,C00054,2024-07-21,30823.3,5548.1939999999995,2024-07-21,Pending
INV01819,S020689,C00597,2025-10-19,46434.130000000005,8358.1434,2025-10-19,Disputed
INV01820,S010027,C00998,2024-09-24,44785.11,8061.3198,2024-09-24,Disputed
INV01821,S011535,C00341,2024-07-02,35058.42,6310.5156,2024-07-02,Pending
INV01822,S059472,C00181,2025-07-15,45355.46,8163.9828,2025-07-15,Overdue
INV01823,S030030,C00608,2024-08-24,12111.79,2180.1222000000002,2024-08-24,Paid
INV01824,S069553,C00566,2025-05-14,22381.57,4028.6825999999996,2025-05-14,Disputed
INV01825,S092162,C00173,2024-06-14,21968.73,3954.3714,2024-06-14,Disputed
INV01826,S059182,C00337,2024-11-28,43215.62,7778.8116,2024-11-28,Paid
INV01827,S099209,C00810,2025-02-12,44733.0,8051.94,2025-02-12,Overdue
INV01828,S083731,C00068,2026-03-24,31559.11,5680.6398,2026-03-24,Overdue
INV01829,S089864,C00238,2026-01-24,47550.78,8559.1404,2026-01-24,Overdue
INV01830,S001886,C00896,2026-03-08,39385.7,7089.4259999999995,2026-03-08,Overdue
INV01831,S072895,C00025,2025-06-22,50539.86,9097.174799999999,2025-06-22,Overdue
INV01832,S004226,C00086,2025-11-15,47840.49,8611.288199999999,2025-11-15,Overdue
INV01833,S028897,C00555,2025-02-09,25029.280000000002,4505.2704,2025-02-09,Overdue
INV01834,S056294,C00548,2025-01-24,27276.66,4909.7988,2025-01-24,Overdue
INV01835,S013421,C00203,2024-10-29,20254.84,3645.8712,2024-10-29,Pending
INV01836,S086755,C00144,2025-09-29,53062.9,9551.322,2025-09-29,Overdue
INV01837,S054251,C00357,2025-06-27,18430.66,3317.5188,2025-06-27,Paid
INV01838,S047615,C00608,2026-05-07,40837.979999999996,7350.836399999999,2026-05-07,Overdue
INV01839,S029484,C00506,2025-08-10,43329.03,7799.225399999999,2025-08-10,Disputed
INV01840,S090039,C00970,2024-10-10,38176.880000000005,6871.838400000001,2024-10-10,Pending
INV01841,S073804,C00829,2025-01-01,31478.27,5666.0886,2025-01-01,Paid
INV01842,S016905,C00801,2026-02-13,43750.21,7875.037799999999,2026-02-13,Overdue
INV01843,S009417,C00118,2025-01-22,52938.13,9528.863399999998,2025-01-22,Disputed
INV01844,S091654,C00653,2025-09-30,31960.46,5752.882799999999,2025-09-30,Disputed
INV01845,S038773,C00989,2025-11-12,12282.880000000001,2210.9184,2025-11-12,Disputed
INV01846,S093375,C00679,2024-06-24,34330.01,6179.401800000001,2024-06-24,Paid
INV01847,S069033,C00832,2025-10-07,56270.94,10128.7692,2025-10-07,Disputed
INV01848,S053204,C00589,2026-06-02,20490.190000000002,3688.2342000000003,2026-06-02,Pending
INV01849,S099255,C00067,2026-04-24,54245.62,9764.2116,2026-04-24,Paid
INV01850,S066559,C00525,2024-11-04,8143.31,1465.7958,2024-11-04,Paid
INV01851,S025111,C00297,2025-09-10,18881.18,3398.6124,2025-09-10,Disputed
INV01852,S094563,C00356,2025-03-14,18352.02,3303.3636,2025-03-14,Disputed
INV01853,S000189,C00763,2025-10-31,53867.64,9696.1752,2025-10-31,Disputed
INV01854,S013228,C00154,2024-08-18,32543.25,5857.785,2024-08-18,Overdue
INV01855,S008743,C00295,2024-08-27,46997.8,8459.604,2024-08-27,Overdue
INV01856,S014798,C00439,2025-05-29,40541.42,7297.455599999999,2025-05-29,Disputed
INV01857,S042133,C00971,2026-04-06,24026.47,4324.7646,2026-04-06,Paid
INV01858,S006743,C00840,2025-01-11,26978.82,4856.1876,2025-01-11,Paid
INV01859,S018987,C00980,2024-09-30,13790.09,2482.2162,2024-09-30,Pending
INV01860,S067041,C00964,2026-04-27,27325.54,4918.5972,2026-04-27,Paid
INV01861,S034624,C00025,2024-11-12,27591.52,4966.4736,2024-11-12,Paid
INV01862,S021547,C00890,2024-07-18,12513.93,2252.5074,2024-07-18,Disputed
INV01863,S054811,C00234,2025-11-28,55218.28,9939.2904,2025-11-28,Paid
INV01864,S088059,C00077,2025-05-02,53845.06,9692.110799999999,2025-05-02,Overdue
INV01865,S052050,C00413,2026-04-29,11472.71,2065.0878,2026-04-29,Disputed
INV01866,S037915,C00317,2026-03-20,20459.89,3682.7801999999997,2026-03-20,Pending
INV01867,S019531,C00714,2025-02-12,45135.34,8124.361199999999,2025-02-12,Overdue
INV01868,S025456,C00205,2024-11-24,39657.759999999995,7138.396799999999,2024-11-24,Overdue
INV01869,S072691,C00453,2025-07-20,24205.98,4357.0764,2025-07-20,Disputed
INV01870,S076601,C00494,2025-01-22,37748.43,6794.7173999999995,2025-01-22,Overdue
INV01871,S033917,C00188,2024-12-31,24203.920000000002,4356.7056,2024-12-31,Disputed
INV01872,S013443,C00003,2025-05-30,14695.04,2645.1072,2025-05-30,Overdue
INV01873,S018831,C00515,2026-02-22,53456.05,9622.089,2026-02-22,Disputed
INV01874,S036516,C00173,2024-09-03,49763.03,8957.3454,2024-09-03,Overdue
INV01875,S035877,C00447,2025-05-16,14013.880000000001,2522.4984,2025-05-16,Disputed
INV01876,S048600,C00633,2024-06-21,12072.76,2173.0968,2024-06-21,Paid
INV01877,S098899,C00579,2026-05-31,24078.66,4334.1588,2026-05-31,Pending
INV01878,S039084,C00060,2025-07-04,58450.78,10521.1404,2025-07-04,Overdue
INV01879,S069168,C00702,2025-05-13,37513.73,6752.4714,2025-05-13,Paid
INV01880,S045811,C00558,2026-06-02,24889.739999999998,4480.1532,2026-06-02,Overdue
INV01881,S056091,C00066,2025-07-17,49232.04,8861.7672,2025-07-17,Pending
INV01882,S097229,C00832,2025-12-18,40340.649999999994,7261.316999999999,2025-12-18,Pending
INV01883,S004380,C00473,2025-11-15,36789.78,6622.1604,2025-11-15,Pending
INV01884,S051564,C00285,2025-10-16,21570.239999999998,3882.6431999999995,2025-10-16,Disputed
INV01885,S014025,C00455,2025-04-12,45002.55,8100.459,2025-04-12,Overdue
INV01886,S051716,C00393,2026-05-11,15042.36,2707.6248,2026-05-11,Overdue
INV01887,S090063,C00543,2024-11-05,53026.35,9544.742999999999,2024-11-05,Pending
INV01888,S045717,C00339,2025-11-17,44842.97,8071.7346,2025-11-17,Overdue
INV01889,S050169,C00135,2026-02-10,50726.06,9130.690799999998,2026-02-10,Disputed
INV01890,S060709,C00910,2025-05-21,19722.36,3550.0248,2025-05-21,Pending
INV01891,S025068,C00601,2025-05-06,9885.51,1779.3917999999999,2025-05-06,Pending
INV01892,S013215,C00880,2026-01-31,50703.75,9126.675,2026-01-31,Paid
INV01893,S042083,C00545,2025-03-22,14857.88,2674.4183999999996,2025-03-22,Disputed
INV01894,S086955,C00782,2025-12-11,43757.95,7876.431,2025-12-11,Disputed
INV01895,S077386,C00215,2025-01-21,32065.82,5771.8476,2025-01-21,Pending
INV01896,S007571,C00212,2026-01-12,19439.34,3499.0812,2026-01-12,Overdue
INV01897,S009287,C00103,2026-03-10,15997.37,2879.5266,2026-03-10,Pending
INV01898,S082029,C00167,2025-03-18,58237.53,10482.7554,2025-03-18,Overdue
INV01899,S000796,C00469,2025-01-26,29877.46,5377.9428,2025-01-26,Disputed
INV01900,S012456,C00038,2025-08-29,49624.17,8932.3506,2025-08-29,Paid
INV01901,S099856,C00408,2025-07-19,18881.72,3398.7096,2025-07-19,Overdue
INV01902,S005591,C00814,2024-07-15,32469.75,5844.554999999999,2024-07-15,Pending
INV01903,S047697,C00970,2026-03-31,13981.91,2516.7437999999997,2026-03-31,Paid
INV01904,S015073,C00814,2026-02-12,59800.92,10764.165599999998,2026-02-12,Disputed
INV01905,S026181,C00476,2024-12-08,21333.08,3839.9544,2024-12-08,Disputed
INV01906,S007900,C00836,2026-03-25,22935.99,4128.4782000000005,2026-03-25,Disputed
INV01907,S053851,C00780,2025-03-20,29920.829999999998,5385.7494,2025-03-20,Overdue
INV01908,S042976,C00792,2025-08-10,55354.659999999996,9963.8388,2025-08-10,Pending
INV01909,S001698,C00910,2025-07-21,16994.58,3059.0244000000002,2025-07-21,Pending
INV01910,S081915,C00017,2025-01-14,18546.42,3338.3555999999994,2025-01-14,Paid
INV01911,S018773,C00811,2025-10-25,53182.229999999996,9572.801399999998,2025-10-25,Paid
INV01912,S093162,C00409,2025-03-04,15790.83,2842.3494,2025-03-04,Paid
INV01913,S002320,C00696,2026-05-12,46539.950000000004,8377.191,2026-05-12,Paid
INV01914,S022379,C00061,2025-02-27,42934.07,7728.1326,2025-02-27,Pending
INV01915,S070555,C00850,2024-09-15,56301.95,10134.350999999999,2024-09-15,Paid
INV01916,S002047,C00847,2025-11-22,33969.58,6114.5244,2025-11-22,Pending
INV01917,S043822,C00055,2026-01-16,19298.489999999998,3473.7281999999996,2026-01-16,Overdue
INV01918,S065886,C00051,2026-01-02,29005.67,5221.0206,2026-01-02,Pending
INV01919,S053979,C00313,2024-10-14,28721.65,5169.897,2024-10-14,Pending
INV01920,S029654,C00793,2025-12-03,17855.44,3213.9791999999998,2025-12-03,Pending
INV01921,S054175,C00235,2024-07-02,23160.309999999998,4168.855799999999,2024-07-02,Pending
INV01922,S051190,C00376,2024-10-30,10556.5,1900.1699999999998,2024-10-30,Paid
INV01923,S006161,C00117,2026-02-19,37267.45,6708.141,2026-02-19,Disputed
INV01924,S099780,C00734,2025-10-20,26542.66,4777.6788,2025-10-20,Pending
INV01925,S059229,C00444,2026-04-02,44569.09,8022.436199999999,2026-04-02,Disputed
INV01926,S029282,C00150,2026-05-01,47668.759999999995,8580.376799999998,2026-05-01,Overdue
INV01927,S001411,C00719,2024-10-06,21941.09,3949.3961999999997,2024-10-06,Pending
INV01928,S015573,C00387,2025-11-12,36002.979999999996,6480.536399999999,2025-11-12,Paid
INV01929,S067405,C00012,2025-01-23,40631.35,7313.642999999999,2025-01-23,Overdue
INV01930,S002588,C00897,2024-12-04,55121.28,9921.830399999999,2024-12-04,Disputed
INV01931,S071769,C00453,2024-06-27,47476.14,8545.7052,2024-06-27,Pending
INV01932,S097247,C00264,2025-12-25,18514.98,3332.6964,2025-12-25,Disputed
INV01933,S040906,C00238,2024-10-26,25801.84,4644.3312,2024-10-26,Paid
INV01934,S002632,C00297,2025-10-14,13628.61,2453.1498,2025-10-14,Overdue
INV01935,S033005,C00156,2024-06-10,27289.68,4912.1424,2024-06-10,Overdue
INV01936,S069718,C00695,2026-03-08,37408.66,6733.558800000001,2026-03-08,Pending
INV01937,S086171,C00843,2025-06-05,31629.98,5693.3964,2025-06-05,Disputed
INV01938,S075492,C00453,2025-10-21,51744.17,9313.9506,2025-10-21,Pending
INV01939,S076591,C00206,2026-01-04,55455.090000000004,9981.9162,2026-01-04,Pending
INV01940,S013585,C00112,2024-12-22,47240.29,8503.252199999999,2024-12-22,Pending
INV01941,S025663,C00036,2024-06-17,30554.81,5499.8658,2024-06-17,Overdue
INV01942,S051469,C00257,2025-03-17,14230.58,2561.5044,2025-03-17,Paid
INV01943,S037597,C00136,2026-03-19,16667.91,3000.2237999999998,2026-03-19,Disputed
INV01944,S046132,C00749,2025-11-12,27892.66,5020.6788,2025-11-12,Disputed
INV01945,S048707,C00254,2025-07-14,17427.19,3136.8941999999997,2025-07-14,Overdue
INV01946,S018727,C00532,2024-12-25,28928.43,5207.1174,2024-12-25,Overdue
INV01947,S063556,C00365,2024-11-22,42407.72,7633.3895999999995,2024-11-22,Pending
INV01948,S099403,C00645,2025-06-22,49794.36,8962.9848,2025-06-22,Disputed
INV01949,S006828,C00375,2024-07-11,12327.7,2218.986,2024-07-11,Pending
INV01950,S049095,C00823,2024-11-12,45253.78,8145.680399999999,2024-11-12,Paid
INV01951,S020903,C00561,2025-10-29,58071.83,10452.929399999999,2025-10-29,Overdue
INV01952,S084458,C00936,2025-07-27,53419.68,9615.5424,2025-07-27,Paid
INV01953,S011116,C00383,2025-11-16,47752.07,8595.372599999999,2025-11-16,Disputed
INV01954,S007269,C00716,2026-01-07,57027.729999999996,10264.991399999999,2026-01-07,Pending
INV01955,S015702,C00723,2025-04-14,17939.239999999998,3229.0631999999996,2025-04-14,Overdue
INV01956,S047329,C00776,2024-10-03,55598.81,10007.7858,2024-10-03,Disputed
INV01957,S010689,C00698,2024-12-16,45588.35,8205.903,2024-12-16,Pending
INV01958,S008195,C00111,2026-03-10,17221.99,3099.9582,2026-03-10,Pending
INV01959,S039736,C00860,2025-05-24,14344.66,2582.0388,2025-05-24,Overdue
INV01960,S073780,C00347,2025-12-05,44914.81,8084.665799999999,2025-12-05,Pending
INV01961,S054647,C00366,2025-03-26,28275.379999999997,5089.568399999999,2025-03-26,Disputed
INV01962,S040567,C00935,2025-08-18,56314.33,10136.5794,2025-08-18,Pending
INV01963,S076005,C00966,2025-03-17,10278.15,1850.0669999999998,2025-03-17,Pending
INV01964,S068114,C00505,2024-08-18,34808.14,6265.4652,2024-08-18,Pending
INV01965,S030913,C00806,2026-04-19,35242.549999999996,6343.658999999999,2026-04-19,Pending
INV01966,S068986,C00489,2026-01-11,28901.7,5202.306,2026-01-11,Disputed
INV01967,S086386,C00670,2025-01-29,24898.76,4481.7768,2025-01-29,Overdue
INV01968,S098917,C00737,2026-03-07,23791.3,4282.433999999999,2026-03-07,Overdue
INV01969,S082494,C00037,2025-09-01,11218.74,2019.3732,2025-09-01,Overdue
INV01970,S097701,C00775,2025-04-05,49344.700000000004,8882.046,2025-04-05,Pending
INV01971,S041598,C00356,2024-08-01,48742.64,8773.6752,2024-08-01,Pending
INV01972,S001379,C00588,2026-03-26,59049.119999999995,10628.841599999998,2026-03-26,Pending
INV01973,S098085,C00042,2025-09-29,46359.05,8344.629,2025-09-29,Disputed
INV01974,S090257,C00954,2025-04-16,33252.380000000005,5985.428400000001,2025-04-16,Paid
INV01975,S026070,C00730,2025-04-21,28891.300000000003,5200.434,2025-04-21,Disputed
INV01976,S066762,C00228,2025-04-14,46567.549999999996,8382.159,2025-04-14,Disputed
INV01977,S019960,C00429,2025-11-08,12330.76,2219.5368,2025-11-08,Paid
INV01978,S045709,C00364,2026-01-30,33930.66,6107.518800000001,2026-01-30,Pending
INV01979,S089608,C00781,2024-07-14,43993.97,7918.9146,2024-07-14,Pending
INV01980,S088594,C00296,2025-07-30,44911.27,8084.028599999999,2025-07-30,Overdue
INV01981,S047318,C00441,2025-05-06,46734.57,8412.2226,2025-05-06,Disputed
INV01982,S047569,C00949,2024-12-20,31013.32,5582.397599999999,2024-12-20,Overdue
INV01983,S093972,C00689,2025-03-21,40591.229999999996,7306.421399999999,2025-03-21,Overdue
INV01984,S016323,C00705,2025-07-31,44876.68,8077.8024,2025-07-31,Paid
INV01985,S014836,C00028,2025-03-29,36754.28999999999,6615.7721999999985,2025-03-29,Paid
INV01986,S092105,C00261,2025-12-01,6885.8099999999995,1239.4458,2025-12-01,Pending
INV01987,S001745,C00052,2024-09-09,52831.17,9509.6106,2024-09-09,Paid
INV01988,S018417,C00288,2025-11-06,21488.29,3867.8922000000002,2025-11-06,Pending
INV01989,S019479,C00253,2024-12-08,8648.3,1556.6939999999997,2024-12-08,Overdue
INV01990,S081587,C00244,2024-11-17,23540.03,4237.2054,2024-11-17,Pending
INV01991,S043410,C00438,2024-07-05,51218.75,9219.375,2024-07-05,Overdue
INV01992,S077806,C00257,2026-05-07,11650.14,2097.0252,2026-05-07,Pending
INV01993,S027078,C00091,2026-03-11,20379.81,3668.3658,2026-03-11,Disputed
INV01994,S087427,C00834,2025-05-15,44934.7,8088.245999999999,2025-05-15,Pending
INV01995,S013247,C00222,2024-11-28,49948.79,8990.7822,2024-11-28,Disputed
INV01996,S096998,C00058,2025-05-08,50683.59,9123.046199999999,2025-05-08,Disputed
INV01997,S020664,C00244,2026-05-30,53920.33,9705.6594,2026-05-30,Paid
INV01998,S030800,C00036,2026-03-13,43234.93,7782.2874,2026-03-13,Overdue
INV01999,S075243,C00594,2024-08-24,34504.22,6210.7596,2024-08-24,Pending
INV02000,S020057,C00969,2025-09-20,11965.33,2153.7594,2025-09-20,Overdue
INV02001,S004759,C00592,2025-09-19,40846.729999999996,7352.411399999999,2025-09-19,Disputed
INV02002,S060511,C00440,2025-06-10,43800.689999999995,7884.124199999998,2025-06-10,Paid
INV02003,S010159,C00119,2024-08-19,53629.2,9653.256,2024-08-19,Paid
INV02004,S084981,C00351,2025-06-14,55808.71,10045.567799999999,2025-06-14,Disputed
INV02005,S038844,C00765,2026-05-16,54113.47,9740.4246,2026-05-16,Overdue
INV02006,S023294,C00521,2025-04-12,44087.509999999995,7935.751799999999,2025-04-12,Disputed
INV02007,S022845,C00363,2026-02-17,49417.560000000005,8895.1608,2026-02-17,Disputed
INV02008,S079698,C00100,2024-09-03,33132.07,5963.772599999999,2024-09-03,Paid
INV02009,S057519,C00546,2024-07-24,53346.32,9602.337599999999,2024-07-24,Overdue
INV02010,S023872,C00583,2025-10-07,29382.67,5288.8805999999995,2025-10-07,Overdue
INV02011,S023905,C00644,2026-05-13,11323.14,2038.1652,2026-05-13,Pending
INV02012,S083086,C00435,2024-09-19,30657.879999999997,5518.4184,2024-09-19,Paid
INV02013,S057391,C00806,2026-05-06,12563.47,2261.4246,2026-05-06,Disputed
INV02014,S022782,C00610,2025-11-02,26777.38,4819.9284,2025-11-02,Overdue
INV02015,S030564,C00583,2025-12-27,29067.08,5232.0744,2025-12-27,Pending
INV02016,S074534,C00211,2025-04-17,15776.67,2839.8006,2025-04-17,Paid
INV02017,S030665,C00907,2025-11-17,28622.46,5152.042799999999,2025-11-17,Overdue
INV02018,S017722,C00446,2024-08-15,50772.03,9138.9654,2024-08-15,Paid
INV02019,S067892,C00541,2025-06-01,33610.8,6049.944,2025-06-01,Overdue
INV02020,S062523,C00822,2026-03-12,16342.34,2941.6212,2026-03-12,Paid
INV02021,S009940,C00211,2025-01-18,32867.33,5916.1194000000005,2025-01-18,Disputed
INV02022,S077062,C00023,2024-12-15,23500.23,4230.0414,2024-12-15,Pending
INV02023,S037453,C00392,2025-05-18,38316.18,6896.9124,2025-05-18,Paid
INV02024,S091423,C00431,2026-04-09,58973.41,10615.2138,2026-04-09,Paid
INV02025,S002674,C00160,2025-05-02,53572.62,9643.0716,2025-05-02,Paid
INV02026,S021596,C00968,2025-07-22,15326.31,2758.7358,2025-07-22,Pending
INV02027,S098767,C00085,2024-06-04,41201.86,7416.3348,2024-06-04,Disputed
INV02028,S094168,C00376,2026-03-16,22544.48,4058.0063999999998,2026-03-16,Disputed
INV02029,S076279,C00968,2025-01-02,8341.970000000001,1501.5546000000002,2025-01-02,Pending
INV02030,S060432,C00451,2024-09-22,28363.86,5105.4947999999995,2024-09-22,Overdue
INV02031,S002468,C00714,2026-04-03,17677.64,3181.9752,2026-04-03,Overdue
INV02032,S038902,C00253,2024-07-19,37848.43,6812.7173999999995,2024-07-19,Overdue
INV02033,S063667,C00599,2026-01-08,20937.879999999997,3768.818399999999,2026-01-08,Pending
INV02034,S016167,C00790,2025-05-30,29904.23,5382.761399999999,2025-05-30,Paid
INV02035,S085076,C00773,2025-08-31,36713.229999999996,6608.381399999999,2025-08-31,Overdue
INV02036,S049309,C00496,2025-03-07,25718.789999999997,4629.382199999999,2025-03-07,Pending
INV02037,S015267,C00557,2024-09-08,38530.21,6935.4378,2024-09-08,Overdue
INV02038,S060603,C00527,2025-02-12,29396.79,5291.4222,2025-02-12,Paid
INV02039,S081354,C00535,2025-05-17,10014.61,1802.6298,2025-05-17,Disputed
INV02040,S083018,C00387,2025-01-12,56531.9,10175.742,2025-01-12,Paid
INV02041,S016501,C00413,2024-12-11,15091.27,2716.4286,2024-12-11,Paid
INV02042,S014055,C00768,2024-06-22,39944.07,7189.9326,2024-06-22,Overdue
INV02043,S092720,C00802,2025-12-03,55709.84,10027.7712,2025-12-03,Pending
INV02044,S092708,C00925,2025-05-18,31141.28,5605.430399999999,2025-05-18,Pending
INV02045,S076529,C00170,2026-01-22,7931.6,1427.688,2026-01-22,Pending
INV02046,S093894,C00109,2024-09-18,21295.72,3833.2296,2024-09-18,Pending
INV02047,S089179,C00568,2024-12-04,52537.58,9456.7644,2024-12-04,Disputed
INV02048,S038575,C00656,2026-01-30,32743.98,5893.9164,2026-01-30,Disputed
INV02049,S058132,C00073,2025-05-05,60104.06,10818.7308,2025-05-05,Paid
INV02050,S097378,C00332,2024-08-04,46730.130000000005,8411.4234,2024-08-04,Overdue
INV02051,S043239,C00841,2026-05-28,51049.829999999994,9188.969399999998,2026-05-28,Disputed
INV02052,S029819,C00454,2024-10-06,44335.94,7980.4692000000005,2024-10-06,Overdue
INV02053,S085203,C00127,2025-03-10,48511.69,8732.1042,2025-03-10,Paid
INV02054,S028714,C00616,2026-02-08,54747.71,9854.5878,2026-02-08,Overdue
INV02055,S012907,C00219,2026-04-20,38571.7,6942.905999999999,2026-04-20,Overdue
INV02056,S003510,C00533,2026-01-22,22951.61,4131.2898,2026-01-22,Disputed
INV02057,S093535,C00293,2024-09-15,40382.84,7268.9112,2024-09-15,Pending
INV02058,S011117,C00156,2025-04-03,49563.83,8921.4894,2025-04-03,Paid
INV02059,S010553,C00643,2025-02-16,19460.739999999998,3502.9331999999995,2025-02-16,Pending
INV02060,S033461,C00652,2026-04-27,27434.199999999997,4938.155999999999,2026-04-27,Paid
INV02061,S003805,C00334,2026-04-26,44053.17,7929.570599999999,2026-04-26,Pending
INV02062,S064018,C00094,2026-02-25,49003.71000000001,8820.667800000001,2026-02-25,Paid
INV02063,S054681,C00004,2025-10-03,61137.65,11004.777,2025-10-03,Paid
INV02064,S051357,C00548,2024-11-10,16617.16,2991.0888,2024-11-10,Disputed
INV02065,S051637,C00267,2024-10-10,18100.85,3258.153,2024-10-10,Disputed
INV02066,S048831,C00138,2025-04-07,30773.43,5539.2173999999995,2025-04-07,Disputed
INV02067,S040626,C00529,2025-04-02,34507.44,6211.3392,2025-04-02,Overdue
INV02068,S085117,C00932,2025-08-05,50465.8,9083.844000000001,2025-08-05,Overdue
INV02069,S048437,C00818,2024-07-30,18258.22,3286.4796,2024-07-30,Disputed
INV02070,S067289,C00817,2026-01-12,27960.17,5032.830599999999,2026-01-12,Pending
INV02071,S024129,C00716,2025-05-11,44126.07,7942.692599999999,2025-05-11,Pending
INV02072,S008577,C00526,2025-05-22,22794.699999999997,4103.045999999999,2025-05-22,Pending
INV02073,S058443,C00291,2024-11-24,27073.329999999998,4873.1993999999995,2024-11-24,Pending
INV02074,S026257,C00761,2025-04-13,22468.18,4044.2724,2025-04-13,Overdue
INV02075,S038601,C00630,2025-09-30,46396.71,8351.407799999999,2025-09-30,Overdue
INV02076,S051468,C00802,2025-05-12,21136.28,3804.5303999999996,2025-05-12,Disputed
INV02077,S008041,C00043,2025-08-17,39569.49,7122.508199999999,2025-08-17,Disputed
INV02078,S016988,C00488,2026-05-07,21205.010000000002,3816.9018,2026-05-07,Overdue
INV02079,S079315,C00003,2025-07-15,6913.68,1244.4624000000001,2025-07-15,Disputed
INV02080,S024104,C00725,2024-07-12,49100.94,8838.1692,2024-07-12,Pending
INV02081,S060418,C00484,2024-11-30,22866.949999999997,4116.0509999999995,2024-11-30,Overdue
INV02082,S068389,C00309,2025-02-11,18921.190000000002,3405.8142000000003,2025-02-11,Pending
INV02083,S051400,C00715,2026-04-03,51290.079999999994,9232.214399999999,2026-04-03,Pending
INV02084,S092340,C00108,2024-11-18,25087.27,4515.7086,2024-11-18,Paid
INV02085,S048666,C00593,2025-04-14,52958.24,9532.483199999999,2025-04-14,Overdue
INV02086,S053388,C00323,2025-05-27,51947.37,9350.5266,2025-05-27,Disputed
INV02087,S064243,C00306,2024-08-23,35989.99,6478.1982,2024-08-23,Disputed
INV02088,S097954,C00028,2025-05-06,37724.09,6790.336199999999,2025-05-06,Overdue
INV02089,S061582,C00715,2025-06-17,39175.549999999996,7051.598999999999,2025-06-17,Paid
INV02090,S022831,C00856,2024-08-19,18319.18,3297.4524,2024-08-19,Paid
INV02091,S072280,C00005,2024-08-15,51386.590000000004,9249.5862,2024-08-15,Disputed
INV02092,S017040,C00704,2025-02-16,11957.8,2152.404,2025-02-16,Paid
INV02093,S045418,C00014,2024-08-31,42395.439999999995,7631.179199999999,2024-08-31,Pending
INV02094,S018198,C00806,2025-12-24,22924.73,4126.4514,2025-12-24,Paid
INV02095,S017098,C00024,2025-05-12,31429.760000000002,5657.3568000000005,2025-05-12,Paid
INV02096,S082814,C00988,2025-11-05,38627.92,6953.025599999999,2025-11-05,Paid
INV02097,S078354,C00790,2026-05-01,18870.41,3396.6738,2026-05-01,Pending
INV02098,S005471,C00250,2026-04-21,42073.69,7573.2642000000005,2026-04-21,Overdue
INV02099,S099092,C00529,2025-10-02,43734.87,7872.2766,2025-10-02,Paid
INV02100,S017452,C00912,2025-09-09,25738.78,4632.9803999999995,2025-09-09,Pending
INV02101,S000709,C00588,2024-12-03,9516.62,1712.9916,2024-12-03,Disputed
INV02102,S067263,C00437,2025-07-11,43019.86,7743.574799999999,2025-07-11,Paid
INV02103,S007353,C00147,2025-10-12,27855.47,5013.9846,2025-10-12,Overdue
INV02104,S058933,C00251,2024-08-12,58036.240000000005,10446.523200000001,2024-08-12,Overdue
INV02105,S034337,C00719,2026-03-16,26498.57,4769.7426,2026-03-16,Overdue
INV02106,S013063,C00422,2025-01-01,25002.28,4500.4104,2025-01-01,Pending
INV02107,S020698,C00494,2025-06-12,26440.16,4759.2288,2025-06-12,Overdue
INV02108,S013974,C00682,2026-06-02,17008.35,3061.5029999999997,2026-06-02,Disputed
INV02109,S082071,C00346,2024-08-23,52647.69,9476.5842,2024-08-23,Pending
INV02110,S072906,C00263,2024-09-24,43006.05,7741.089,2024-09-24,Pending
INV02111,S033750,C00542,2024-10-16,27686.1,4983.498,2024-10-16,Paid
INV02112,S059151,C00769,2025-12-20,8633.17,1553.9705999999999,2025-12-20,Disputed
INV02113,S054848,C00226,2024-09-14,56236.72,10122.6096,2024-09-14,Paid
INV02114,S069277,C00738,2026-04-23,29631.57,5333.6826,2026-04-23,Overdue
INV02115,S040817,C00064,2025-10-14,44151.45,7947.2609999999995,2025-10-14,Overdue
INV02116,S070989,C00789,2025-07-02,45144.299999999996,8125.973999999999,2025-07-02,Disputed
INV02117,S079841,C00675,2024-08-05,54587.630000000005,9825.7734,2024-08-05,Paid
INV02118,S073526,C00754,2026-03-17,34078.32,6134.0976,2026-03-17,Paid
INV02119,S039690,C00623,2026-03-23,53164.729999999996,9569.651399999999,2026-03-23,Disputed
INV02120,S040779,C00772,2024-09-19,56635.700000000004,10194.426000000001,2024-09-19,Paid
INV02121,S086988,C00752,2024-12-11,51893.05,9340.749,2024-12-11,Disputed
INV02122,S036863,C00329,2025-08-27,42528.95,7655.210999999999,2025-08-27,Disputed
INV02123,S062634,C00108,2025-03-21,52229.43,9401.2974,2025-03-21,Disputed
INV02124,S008173,C00128,2025-03-16,13643.82,2455.8876,2025-03-16,Pending
INV02125,S088866,C00337,2025-08-17,25747.83,4634.6094,2025-08-17,Disputed
INV02126,S039724,C00822,2025-01-24,33111.240000000005,5960.0232000000005,2025-01-24,Paid
INV02127,S035717,C00596,2025-03-21,20865.620000000003,3755.8116000000005,2025-03-21,Overdue
INV02128,S024683,C00500,2025-06-12,38145.88,6866.2584,2025-06-12,Disputed
INV02129,S052408,C00444,2025-05-23,49691.65,8944.497,2025-05-23,Pending
INV02130,S020615,C00575,2025-04-11,52949.41,9530.8938,2025-04-11,Overdue
INV02131,S090604,C00533,2024-12-23,50591.28,9106.4304,2024-12-23,Disputed
INV02132,S080092,C00075,2025-01-20,43400.54,7812.0972,2025-01-20,Paid
INV02133,S042683,C00202,2024-06-11,30330.03,5459.4054,2024-06-11,Overdue
INV02134,S071765,C00598,2025-06-26,18009.81,3241.7658,2025-06-26,Pending
INV02135,S025452,C00280,2025-06-18,23545.1,4238.1179999999995,2025-06-18,Disputed
INV02136,S074733,C00080,2024-12-03,30274.46,5449.4028,2024-12-03,Disputed
INV02137,S059648,C00248,2025-08-26,43679.79,7862.3622,2025-08-26,Disputed
INV02138,S059116,C00696,2024-10-07,33823.43,6088.2173999999995,2024-10-07,Disputed
INV02139,S096263,C00657,2024-12-08,55567.79,10002.2022,2024-12-08,Disputed
INV02140,S025647,C00720,2024-09-17,58255.259999999995,10485.946799999998,2024-09-17,Overdue
INV02141,S065460,C00532,2025-09-08,52870.47,9516.6846,2025-09-08,Disputed
INV02142,S031597,C00859,2025-03-14,6226.5,1120.77,2025-03-14,Disputed
INV02143,S039630,C00689,2024-10-25,39334.08,7080.1344,2024-10-25,Paid
INV02144,S008671,C00264,2025-04-05,49578.17,8924.0706,2025-04-05,Disputed
INV02145,S079039,C00947,2024-07-13,43911.54,7904.0772,2024-07-13,Pending
INV02146,S021235,C00142,2025-01-26,27851.16,5013.208799999999,2025-01-26,Overdue
INV02147,S020406,C00129,2025-09-22,48627.8,8753.004,2025-09-22,Pending
INV02148,S016275,C00975,2025-04-20,52250.600000000006,9405.108,2025-04-20,Pending
INV02149,S007837,C00046,2025-12-07,54304.44,9774.7992,2025-12-07,Pending
INV02150,S083835,C00353,2024-06-12,30868.32,5556.2976,2024-06-12,Paid
INV02151,S020344,C00746,2024-06-06,42370.45,7626.681,2024-06-06,Pending
INV02152,S039472,C00348,2024-12-29,16417.75,2955.1949999999997,2024-12-29,Pending
INV02153,S092500,C00695,2025-01-16,20550.55,3699.0989999999997,2025-01-16,Paid
INV02154,S005582,C00315,2025-12-04,54710.47,9847.8846,2025-12-04,Overdue
INV02155,S075201,C00504,2025-12-13,36995.73,6659.231400000001,2025-12-13,Overdue
INV02156,S030133,C00758,2024-06-23,25881.85,4658.732999999999,2024-06-23,Overdue
INV02157,S010483,C00878,2024-12-26,34811.65,6266.097,2024-12-26,Paid
INV02158,S082616,C00972,2026-02-21,22891.34,4120.4412,2026-02-21,Pending
INV02159,S020154,C00868,2024-08-01,55661.23,10019.0214,2024-08-01,Pending
INV02160,S071945,C00969,2026-05-22,36423.46,6556.2228,2026-05-22,Overdue
INV02161,S073366,C00643,2024-11-06,14230.0,2561.4,2024-11-06,Pending
INV02162,S090875,C00920,2024-06-04,57296.83,10313.429399999999,2024-06-04,Overdue
INV02163,S009153,C00581,2024-10-10,32950.82,5931.147599999999,2024-10-10,Paid
INV02164,S040785,C00488,2025-04-02,21935.44,3948.3791999999994,2025-04-02,Disputed
INV02165,S014990,C00998,2024-06-25,9737.59,1752.7662,2024-06-25,Overdue
INV02166,S093466,C00190,2025-03-02,30653.260000000002,5517.5868,2025-03-02,Overdue
INV02167,S049119,C00261,2024-10-23,23474.230000000003,4225.361400000001,2024-10-23,Disputed
INV02168,S014469,C00879,2026-01-23,59646.84,10736.431199999999,2026-01-23,Pending
INV02169,S004434,C00301,2025-02-19,33302.899999999994,5994.521999999999,2025-02-19,Pending
INV02170,S089471,C00992,2025-04-11,26878.45,4838.121,2025-04-11,Pending
INV02171,S049738,C00348,2024-08-21,27701.42,4986.2555999999995,2024-08-21,Overdue
INV02172,S079060,C00838,2025-04-29,49498.79,8909.7822,2025-04-29,Pending
INV02173,S099325,C00187,2024-12-17,14536.33,2616.5394,2024-12-17,Pending
INV02174,S048048,C00753,2024-06-18,46685.340000000004,8403.361200000001,2024-06-18,Pending
INV02175,S072189,C00595,2026-02-22,21744.9,3914.0820000000003,2026-02-22,Paid
INV02176,S015840,C00174,2026-02-25,28663.0,5159.34,2026-02-25,Paid
INV02177,S081391,C00692,2025-07-17,34649.42,6236.8956,2025-07-17,Paid
INV02178,S027510,C00642,2025-11-27,22933.25,4127.985,2025-11-27,Disputed
INV02179,S095825,C00280,2024-06-07,21732.39,3911.8302,2024-06-07,Paid
INV02180,S002115,C00954,2024-11-29,34362.899999999994,6185.321999999998,2024-11-29,Paid
INV02181,S097478,C00143,2024-09-13,29190.850000000002,5254.353,2024-09-13,Overdue
INV02182,S022516,C00749,2024-06-28,54669.09,9840.436199999998,2024-06-28,Pending
INV02183,S016764,C00084,2025-08-17,20463.82,3683.4876,2025-08-17,Pending
INV02184,S007765,C00631,2025-05-19,43409.130000000005,7813.643400000001,2025-05-19,Pending
INV02185,S020851,C00651,2025-08-12,13812.32,2486.2176,2025-08-12,Overdue
INV02186,S062777,C00653,2025-07-18,25562.19,4601.1942,2025-07-18,Paid
INV02187,S083436,C00709,2025-11-16,20786.620000000003,3741.5916,2025-11-16,Overdue
INV02188,S020641,C00631,2026-05-24,51375.53,9247.5954,2026-05-24,Disputed
INV02189,S014273,C00754,2025-04-03,20077.58,3613.9644000000003,2025-04-03,Paid
INV02190,S011085,C00747,2024-11-29,43494.450000000004,7829.001,2024-11-29,Paid
INV02191,S068765,C00841,2025-11-05,25146.16,4526.3088,2025-11-05,Paid
INV02192,S026749,C00549,2025-10-10,55686.61,10023.5898,2025-10-10,Paid
INV02193,S029489,C00316,2024-11-15,26588.78,4785.9803999999995,2024-11-15,Paid
INV02194,S019907,C00664,2025-07-12,45076.29,8113.7321999999995,2025-07-12,Paid
INV02195,S023902,C00100,2025-06-06,50841.59,9151.4862,2025-06-06,Pending
INV02196,S042616,C00100,2025-12-21,23869.050000000003,4296.429,2025-12-21,Pending
INV02197,S081898,C00405,2024-11-10,49262.15,8867.187,2024-11-10,Pending
INV02198,S031323,C00089,2024-07-02,44468.86,8004.3948,2024-07-02,Overdue
INV02199,S027964,C00584,2025-01-24,58756.04,10576.0872,2025-01-24,Paid
INV02200,S051791,C00351,2025-03-04,47426.27,8536.728599999999,2025-03-04,Pending
INV02201,S047805,C00456,2025-01-01,53912.28,9704.2104,2025-01-01,Overdue
INV02202,S095287,C00910,2024-07-05,38396.659999999996,6911.398799999999,2024-07-05,Pending
INV02203,S084962,C00307,2024-06-03,20458.23,3682.4813999999997,2024-06-03,Paid
INV02204,S037456,C00961,2025-08-31,49499.75,8909.955,2025-08-31,Paid
INV02205,S017716,C00960,2024-10-11,19240.05,3463.209,2024-10-11,Overdue
INV02206,S069375,C00625,2025-10-28,50282.869999999995,9050.916599999999,2025-10-28,Disputed
INV02207,S029421,C00045,2025-07-01,21829.87,3929.3765999999996,2025-07-01,Pending
INV02208,S020499,C00009,2025-11-08,26145.31,4706.1558,2025-11-08,Overdue
INV02209,S086532,C00088,2024-08-24,32343.34,5821.8012,2024-08-24,Disputed
INV02210,S053060,C00980,2025-08-13,44619.25,8031.465,2025-08-13,Overdue
INV02211,S027177,C00998,2024-10-17,52962.9,9533.322,2024-10-17,Disputed
INV02212,S015441,C00308,2024-07-02,43929.53999999999,7907.317199999999,2024-07-02,Disputed
INV02213,S000733,C00363,2025-12-10,59141.450000000004,10645.461000000001,2025-12-10,Disputed
INV02214,S063647,C00261,2025-10-14,28752.23,5175.4014,2025-10-14,Pending
INV02215,S008803,C00012,2026-02-05,25385.89,4569.4601999999995,2026-02-05,Pending
INV02216,S095237,C00056,2025-07-19,49138.89,8845.0002,2025-07-19,Disputed
INV02217,S063179,C00501,2025-11-16,37356.58,6724.1844,2025-11-16,Disputed
INV02218,S008417,C00748,2024-12-30,22855.23,4113.9414,2024-12-30,Disputed
INV02219,S003429,C00812,2025-10-28,11296.61,2033.3898,2025-10-28,Disputed
INV02220,S088862,C00497,2024-11-19,10126.0,1822.6799999999998,2024-11-19,Paid
INV02221,S058628,C00800,2025-08-28,9684.43,1743.1974,2025-08-28,Pending
INV02222,S079186,C00554,2025-10-08,19921.16,3585.8088,2025-10-08,Overdue
INV02223,S054246,C00645,2024-12-19,19461.93,3503.1474,2024-12-19,Paid
INV02224,S031557,C00907,2025-09-13,33895.5,6101.19,2025-09-13,Disputed
INV02225,S029180,C00004,2024-12-23,39495.57,7109.2026,2024-12-23,Disputed
INV02226,S013077,C00836,2025-03-30,43722.68,7870.082399999999,2025-03-30,Paid
INV02227,S002955,C00565,2026-01-04,32758.670000000002,5896.5606,2026-01-04,Disputed
INV02228,S029632,C00374,2025-03-27,25329.68,4559.3423999999995,2025-03-27,Overdue
INV02229,S048476,C00537,2024-11-10,34828.96,6269.212799999999,2024-11-10,Disputed
INV02230,S038137,C00383,2025-12-10,56237.06,10122.6708,2025-12-10,Overdue
INV02231,S072225,C00794,2025-05-05,7626.610000000001,1372.7898,2025-05-05,Disputed
INV02232,S044758,C00332,2024-12-29,40581.82,7304.727599999999,2024-12-29,Overdue
INV02233,S064920,C00754,2025-12-29,14849.9,2672.982,2025-12-29,Disputed
INV02234,S099618,C00265,2026-02-12,52330.61,9419.5098,2026-02-12,Disputed
INV02235,S041296,C00297,2025-02-14,43454.81,7821.8658,2025-02-14,Pending
INV02236,S050478,C00275,2024-10-15,27485.65,4947.417,2024-10-15,Pending
INV02237,S097848,C00870,2024-12-07,43996.31,7919.335799999999,2024-12-07,Paid
INV02238,S074288,C00356,2025-12-06,20514.809999999998,3692.6657999999993,2025-12-06,Overdue
INV02239,S068383,C00553,2025-08-26,32594.9,5867.082,2025-08-26,Disputed
INV02240,S045823,C00797,2026-03-31,57820.02,10407.603599999999,2026-03-31,Overdue
INV02241,S098563,C00256,2024-08-13,30826.370000000003,5548.7466,2024-08-13,Overdue
INV02242,S090314,C00194,2025-09-30,34806.630000000005,6265.193400000001,2025-09-30,Pending
INV02243,S058155,C00424,2025-03-29,21877.210000000003,3937.8978,2025-03-29,Overdue
INV02244,S098068,C00729,2025-04-14,41423.64,7456.2552,2025-04-14,Pending
INV02245,S008392,C00129,2025-05-07,14709.76,2647.7568,2025-05-07,Disputed
INV02246,S006877,C00183,2025-05-27,49933.11,8987.9598,2025-05-27,Pending
INV02247,S017950,C00620,2026-01-24,36088.509999999995,6495.9317999999985,2026-01-24,Overdue
INV02248,S022709,C00832,2024-12-01,15230.509999999998,2741.4918,2024-12-01,Disputed
INV02249,S085235,C00490,2026-03-07,33220.92,5979.7656,2026-03-07,Overdue
INV02250,S013818,C00494,2026-05-30,26617.550000000003,4791.159000000001,2026-05-30,Paid
INV02251,S098347,C00199,2025-10-14,47488.38,8547.908399999998,2025-10-14,Disputed
INV02252,S095075,C00116,2025-07-14,55076.07,9913.6926,2025-07-14,Pending
INV02253,S024597,C00907,2024-06-07,40105.5,7218.99,2024-06-07,Disputed
INV02254,S068993,C00728,2025-06-26,59828.95,10769.211,2025-06-26,Paid
INV02255,S057320,C00577,2026-02-22,50677.43,9121.937399999999,2026-02-22,Disputed
INV02256,S091406,C00472,2024-10-31,13079.27,2354.2686,2024-10-31,Overdue
INV02257,S030917,C00141,2026-03-12,14432.96,2597.9327999999996,2026-03-12,Paid
INV02258,S074649,C00227,2025-08-02,33036.53,5946.5754,2025-08-02,Overdue
INV02259,S081417,C00941,2024-09-28,52593.01,9466.7418,2024-09-28,Pending
INV02260,S063409,C00472,2025-02-12,41742.17,7513.5905999999995,2025-02-12,Pending
INV02261,S096972,C00102,2024-06-28,41890.88,7540.358399999999,2024-06-28,Paid
INV02262,S044327,C00445,2025-12-15,31988.09,5757.8562,2025-12-15,Disputed
INV02263,S098694,C00242,2025-04-15,38705.439999999995,6966.979199999999,2025-04-15,Disputed
INV02264,S070666,C00529,2025-12-20,30059.54,5410.7172,2025-12-20,Disputed
INV02265,S035580,C00234,2025-03-19,36618.950000000004,6591.411000000001,2025-03-19,Disputed
INV02266,S088431,C00936,2026-01-21,38401.98,6912.356400000001,2026-01-21,Paid
INV02267,S082460,C00690,2026-02-24,52416.62,9434.9916,2026-02-24,Paid
INV02268,S093592,C00372,2026-04-13,37543.35,6757.803,2026-04-13,Overdue
INV02269,S004906,C00545,2025-10-28,17798.54,3203.7372,2025-10-28,Disputed
INV02270,S027857,C00717,2026-01-12,33032.130000000005,5945.7834,2026-01-12,Disputed
INV02271,S040151,C00143,2025-04-06,54241.939999999995,9763.5492,2025-04-06,Overdue
INV02272,S015580,C00173,2024-08-17,16093.89,2896.9001999999996,2024-08-17,Paid
INV02273,S005351,C00029,2025-01-10,25294.690000000002,4553.0442,2025-01-10,Disputed
INV02274,S029606,C00986,2025-10-28,17444.33,3139.9794,2025-10-28,Disputed
INV02275,S015673,C00449,2026-03-17,40247.51,7244.5518,2026-03-17,Paid
INV02276,S091935,C00129,2024-10-08,45869.26,8256.4668,2024-10-08,Overdue
INV02277,S044583,C00362,2024-09-13,51178.05,9212.049,2024-09-13,Paid
INV02278,S023656,C00028,2025-12-13,5015.04,902.7072,2025-12-13,Disputed
INV02279,S081238,C00198,2025-12-07,52860.09,9514.8162,2025-12-07,Paid
INV02280,S009203,C00582,2024-08-27,31104.8,5598.864,2024-08-27,Overdue
INV02281,S068307,C00372,2024-10-17,43038.57,7746.942599999999,2024-10-17,Paid
INV02282,S092070,C00407,2026-04-19,40082.37,7214.8266,2026-04-19,Pending
INV02283,S009423,C00503,2025-01-13,11998.630000000001,2159.7534,2025-01-13,Paid
INV02284,S093795,C00363,2025-09-19,41804.65,7524.8369999999995,2025-09-19,Paid
INV02285,S081084,C00685,2024-09-14,45919.630000000005,8265.5334,2024-09-14,Paid
INV02286,S098027,C00756,2026-05-18,30420.019999999997,5475.6035999999995,2026-05-18,Overdue
INV02287,S009221,C00706,2024-06-12,33300.42,5994.075599999999,2024-06-12,Paid
INV02288,S068230,C00552,2026-01-06,43723.15,7870.167,2026-01-06,Overdue
INV02289,S051183,C00056,2024-06-18,32219.07,5799.4326,2024-06-18,Paid
INV02290,S040594,C00108,2024-12-08,31073.91,5593.3038,2024-12-08,Pending
INV02291,S050936,C00188,2026-05-29,30943.95,5569.911,2026-05-29,Pending
INV02292,S082600,C00685,2024-09-24,31669.76,5700.556799999999,2024-09-24,Pending
INV02293,S083730,C00476,2025-05-21,17917.11,3225.0798,2025-05-21,Pending
INV02294,S006348,C00539,2024-06-06,16187.42,2913.7356,2024-06-06,Disputed
INV02295,S035501,C00846,2025-08-24,28134.050000000003,5064.129,2025-08-24,Disputed
INV02296,S020017,C00949,2026-01-20,38788.18,6981.8724,2026-01-20,Overdue
INV02297,S099153,C00648,2024-07-28,53787.920000000006,9681.8256,2024-07-28,Pending
INV02298,S097830,C00610,2026-01-05,16588.22,2985.8796,2026-01-05,Paid
INV02299,S085267,C00785,2024-12-03,10624.810000000001,1912.4658000000002,2024-12-03,Disputed
INV02300,S063592,C00092,2026-01-30,48069.55,8652.519,2026-01-30,Pending
INV02301,S066382,C00967,2024-09-21,39278.03,7070.0454,2024-09-21,Pending
INV02302,S029596,C00808,2025-06-08,51541.31,9277.4358,2025-06-08,Pending
INV02303,S024698,C00033,2026-05-29,39089.259999999995,7036.066799999999,2026-05-29,Overdue
INV02304,S035929,C00301,2025-09-26,53629.4,9653.292,2025-09-26,Disputed
INV02305,S058761,C00882,2025-08-15,19606.260000000002,3529.1268000000005,2025-08-15,Pending
INV02306,S071557,C00801,2025-03-18,47919.770000000004,8625.5586,2025-03-18,Disputed
INV02307,S032067,C00118,2025-03-03,32036.54,5766.5772,2025-03-03,Disputed
INV02308,S044045,C00099,2026-05-09,17077.16,3073.8887999999997,2026-05-09,Pending
INV02309,S031859,C00731,2024-11-18,26569.18,4782.4524,2024-11-18,Paid
INV02310,S035407,C00383,2025-07-19,55146.58,9926.3844,2025-07-19,Disputed
INV02311,S086601,C00573,2026-05-03,40141.84,7225.531199999999,2026-05-03,Overdue
INV02312,S018422,C00252,2026-02-05,20987.88,3777.8184,2026-02-05,Paid
INV02313,S046208,C00135,2024-07-11,16907.05,3043.269,2024-07-11,Disputed
INV02314,S066159,C00743,2024-10-11,46477.340000000004,8365.9212,2024-10-11,Overdue
INV02315,S083976,C00497,2024-06-03,31089.550000000003,5596.119000000001,2024-06-03,Paid
INV02316,S078652,C00604,2024-06-17,55936.06,10068.4908,2024-06-17,Paid
INV02317,S065609,C00855,2026-04-04,42183.020000000004,7592.9436000000005,2026-04-04,Disputed
INV02318,S037364,C00819,2024-10-16,32380.940000000002,5828.5692,2024-10-16,Paid
INV02319,S064933,C00040,2024-08-23,34199.08,6155.8344,2024-08-23,Overdue
INV02320,S012429,C00381,2024-06-27,20209.47,3637.7046,2024-06-27,Pending
INV02321,S078574,C00615,2024-10-17,40318.46,7257.3228,2024-10-17,Overdue
INV02322,S051858,C00300,2025-09-15,46397.66,8351.578800000001,2025-09-15,Pending
INV02323,S044767,C00164,2025-01-12,44637.22,8034.6996,2025-01-12,Disputed
INV02324,S072411,C00610,2025-07-27,21630.460000000003,3893.4828,2025-07-27,Disputed
INV02325,S038309,C00383,2025-08-04,13779.8,2480.3639999999996,2025-08-04,Paid
INV02326,S058199,C00293,2026-04-02,39019.740000000005,7023.5532,2026-04-02,Pending
INV02327,S003248,C00563,2024-07-01,59345.5,10682.19,2024-07-01,Pending
INV02328,S024064,C00334,2026-01-29,24471.72,4404.9096,2026-01-29,Pending
INV02329,S016902,C00029,2026-02-13,45872.24,8257.0032,2026-02-13,Pending
INV02330,S068140,C00319,2025-12-18,29431.9,5297.742,2025-12-18,Disputed
INV02331,S032622,C00583,2025-11-01,9002.18,1620.3924,2025-11-01,Pending
INV02332,S082205,C00399,2024-06-05,35396.07,6371.2926,2024-06-05,Overdue
INV02333,S064087,C00645,2024-10-07,51816.32,9326.9376,2024-10-07,Pending
INV02334,S068698,C00823,2025-04-24,41179.799999999996,7412.363999999999,2025-04-24,Pending
INV02335,S008686,C00135,2025-07-21,25373.37,4567.2065999999995,2025-07-21,Paid
INV02336,S066079,C00002,2025-09-26,17738.56,3192.9408000000003,2025-09-26,Pending
INV02337,S075509,C00028,2026-02-21,15655.34,2817.9611999999997,2026-02-21,Overdue
INV02338,S054496,C00076,2025-07-27,57301.200000000004,10314.216,2025-07-27,Overdue
INV02339,S001362,C00130,2026-04-29,41015.92,7382.865599999999,2026-04-29,Disputed
INV02340,S002012,C00290,2024-06-12,15610.550000000001,2809.899,2024-06-12,Paid
INV02341,S065362,C00795,2025-05-28,31477.18,5665.8924,2025-05-28,Pending
INV02342,S098049,C00120,2026-06-01,42776.310000000005,7699.7358,2026-06-01,Pending
INV02343,S017762,C00818,2025-06-08,25568.15,4602.267,2025-06-08,Overdue
INV02344,S093082,C00493,2026-04-05,46236.490000000005,8322.568200000002,2026-04-05,Paid
INV02345,S035859,C00995,2025-01-09,27392.699999999997,4930.686,2025-01-09,Disputed
INV02346,S022557,C00282,2025-05-02,15506.720000000001,2791.2096,2025-05-02,Disputed
INV02347,S019845,C00388,2025-09-07,47641.99,8575.5582,2025-09-07,Overdue
INV02348,S013784,C00720,2025-10-05,14441.17,2599.4105999999997,2025-10-05,Disputed
INV02349,S048583,C00944,2025-12-28,44309.509999999995,7975.711799999999,2025-12-28,Pending
INV02350,S037780,C00401,2025-10-15,26860.17,4834.830599999999,2025-10-15,Pending
INV02351,S037808,C00396,2025-08-07,44175.12,7951.5216,2025-08-07,Disputed
INV02352,S003290,C00417,2025-08-04,11496.27,2069.3286,2025-08-04,Overdue
INV02353,S074522,C00001,2025-06-16,22931.089999999997,4127.596199999999,2025-06-16,Pending
INV02354,S014477,C00964,2025-09-15,44108.39,7939.5102,2025-09-15,Pending
INV02355,S012281,C00320,2025-05-26,17762.920000000002,3197.3256,2025-05-26,Overdue
INV02356,S057587,C00942,2026-04-13,30086.3,5415.534,2026-04-13,Paid
INV02357,S082681,C00070,2024-10-17,54092.24,9736.6032,2024-10-17,Disputed
INV02358,S037206,C00429,2025-08-10,49688.700000000004,8943.966,2025-08-10,Paid
INV02359,S022961,C00772,2024-11-01,28748.52,5174.7336,2024-11-01,Disputed
INV02360,S035011,C00555,2025-12-03,43057.62,7750.3716,2025-12-03,Pending
INV02361,S094379,C00190,2025-10-03,39822.47,7168.0446,2025-10-03,Overdue
INV02362,S028502,C00314,2025-01-17,36008.29,6481.4922,2025-01-17,Pending
INV02363,S051382,C00766,2026-01-14,51841.35,9331.443,2026-01-14,Disputed
INV02364,S067421,C00471,2025-11-08,38061.14,6851.0052,2025-11-08,Overdue
INV02365,S024783,C00136,2024-06-21,50252.47,9045.4446,2024-06-21,Pending
INV02366,S008951,C00112,2026-01-15,58046.020000000004,10448.2836,2026-01-15,Pending
INV02367,S043930,C00237,2024-10-20,9335.9,1680.4619999999998,2024-10-20,Overdue
INV02368,S058541,C00208,2025-06-05,42207.25,7597.304999999999,2025-06-05,Pending
INV02369,S087840,C00443,2026-04-05,50277.71000000001,9049.9878,2026-04-05,Overdue
INV02370,S043012,C00777,2026-01-02,48517.03,8733.0654,2026-01-02,Pending
INV02371,S055197,C00147,2026-03-30,19222.88,3460.1184,2026-03-30,Disputed
INV02372,S039233,C00103,2024-12-05,51087.48,9195.7464,2024-12-05,Overdue
INV02373,S089833,C00035,2025-10-14,11306.65,2035.197,2025-10-14,Pending
INV02374,S080517,C00756,2025-09-10,51126.619999999995,9202.791599999999,2025-09-10,Pending
INV02375,S008426,C00471,2024-09-03,24659.98,4438.7964,2024-09-03,Disputed
INV02376,S085379,C00180,2025-01-31,55323.58,9958.2444,2025-01-31,Paid
INV02377,S026016,C00250,2026-02-18,12487.92,2247.8256,2026-02-18,Pending
INV02378,S027424,C00719,2026-03-24,32255.78,5806.0404,2026-03-24,Overdue
INV02379,S052650,C00092,2026-04-17,8511.27,1532.0286,2026-04-17,Overdue
INV02380,S006538,C00110,2025-05-27,41882.409999999996,7538.833799999999,2025-05-27,Pending
INV02381,S056094,C00128,2026-02-25,15662.27,2819.2086,2026-02-25,Overdue
INV02382,S015749,C00231,2025-12-15,17363.25,3125.3849999999998,2025-12-15,Pending
INV02383,S013676,C00280,2026-02-13,17076.22,3073.7196,2026-02-13,Pending
INV02384,S090053,C00066,2025-05-31,55994.08,10078.9344,2025-05-31,Overdue
INV02385,S067425,C00611,2024-11-06,58857.94,10594.4292,2024-11-06,Pending
INV02386,S064877,C00506,2024-06-14,29859.329999999998,5374.679399999999,2024-06-14,Paid
INV02387,S063778,C00704,2024-10-25,10819.61,1947.5298,2024-10-25,Disputed
INV02388,S062277,C00531,2024-06-20,53729.51,9671.3118,2024-06-20,Overdue
INV02389,S001330,C00566,2025-11-15,38599.65,6947.937,2025-11-15,Pending
INV02390,S001487,C00217,2024-10-20,21783.63,3921.0534000000002,2024-10-20,Paid
INV02391,S095450,C00498,2024-12-26,8356.54,1504.1772,2024-12-26,Overdue
INV02392,S003537,C00094,2025-05-20,25597.239999999998,4607.503199999999,2025-05-20,Paid
INV02393,S085868,C00546,2025-03-01,45455.979999999996,8182.076399999999,2025-03-01,Overdue
INV02394,S054932,C00792,2024-12-29,7980.8099999999995,1436.5457999999999,2024-12-29,Disputed
INV02395,S020279,C00399,2025-05-17,26750.489999999998,4815.088199999999,2025-05-17,Disputed
INV02396,S022501,C00390,2025-02-09,37377.09,6727.876199999999,2025-02-09,Overdue
INV02397,S029678,C00894,2024-08-09,49931.89,8987.7402,2024-08-09,Paid
INV02398,S096637,C00778,2026-01-29,23925.9,4306.662,2026-01-29,Disputed
INV02399,S006143,C00179,2024-07-10,56248.56,10124.7408,2024-07-10,Paid
INV02400,S026285,C00526,2025-09-27,34718.729999999996,6249.371399999999,2025-09-27,Disputed
INV02401,S045427,C00236,2026-02-19,38344.17,6901.950599999999,2026-02-19,Overdue
INV02402,S086762,C00280,2025-11-15,26308.98,4735.6164,2025-11-15,Overdue
INV02403,S012086,C00861,2024-10-19,15789.61,2842.1298,2024-10-19,Overdue
INV02404,S030086,C00805,2025-02-10,24663.9,4439.502,2025-02-10,Overdue
INV02405,S096714,C00803,2025-02-23,33771.43,6078.8574,2025-02-23,Overdue
INV02406,S098618,C00108,2024-12-04,45727.58,8230.9644,2024-12-04,Disputed
INV02407,S043471,C00703,2025-12-15,43897.740000000005,7901.5932,2025-12-15,Pending
INV02408,S031459,C00584,2025-02-19,29601.08,5328.1944,2025-02-19,Pending
INV02409,S087301,C00351,2025-01-05,14326.220000000001,2578.7196,2025-01-05,Disputed
INV02410,S037673,C00756,2024-10-01,26529.28,4775.270399999999,2024-10-01,Pending
INV02411,S049242,C00261,2025-01-30,16898.54,3041.7372,2025-01-30,Paid
INV02412,S007230,C00186,2025-08-22,46176.73,8311.8114,2025-08-22,Paid
INV02413,S007565,C00476,2026-01-18,14573.48,2623.2264,2026-01-18,Overdue
INV02414,S072268,C00880,2026-03-02,51843.369999999995,9331.806599999998,2026-03-02,Disputed
INV02415,S017429,C00949,2024-11-13,19078.14,3434.0651999999995,2024-11-13,Pending
INV02416,S078731,C00875,2024-09-10,42983.32,7736.9976,2024-09-10,Paid
INV02417,S017559,C00176,2025-07-12,27386.75,4929.615,2025-07-12,Overdue
INV02418,S051181,C00537,2024-10-30,23550.45,4239.081,2024-10-30,Disputed
INV02419,S022644,C00836,2025-09-07,12489.53,2248.1154,2025-09-07,Overdue
INV02420,S085648,C00911,2025-09-16,14332.849999999999,2579.9129999999996,2025-09-16,Disputed
INV02421,S060054,C00868,2025-12-15,22181.600000000002,3992.688,2025-12-15,Overdue
INV02422,S097302,C00583,2025-05-03,24539.449999999997,4417.101,2025-05-03,Pending
INV02423,S099861,C00436,2025-09-08,49840.13,8971.223399999999,2025-09-08,Pending
INV02424,S099333,C00135,2025-04-29,19469.27,3504.4686,2025-04-29,Overdue
INV02425,S058787,C00111,2025-07-04,19384.99,3489.2982,2025-07-04,Paid
INV02426,S047980,C00308,2026-05-01,25107.81,4519.4058,2026-05-01,Pending
INV02427,S080378,C00810,2024-12-06,38329.41,6899.2938,2024-12-06,Disputed
INV02428,S041625,C00275,2025-10-15,12789.810000000001,2302.1658,2025-10-15,Pending
INV02429,S053496,C00411,2026-02-22,52537.82,9456.8076,2026-02-22,Overdue
INV02430,S011843,C00442,2025-09-06,43132.8,7763.904,2025-09-06,Paid
INV02431,S059468,C00863,2025-12-16,11569.85,2082.573,2025-12-16,Paid
INV02432,S014733,C00290,2025-10-08,31961.14,5753.0052,2025-10-08,Paid
INV02433,S048247,C00163,2024-12-27,20843.39,3751.8102,2024-12-27,Paid
INV02434,S091359,C00758,2025-11-19,51269.64,9228.5352,2025-11-19,Disputed
INV02435,S061316,C00705,2025-09-20,14504.130000000001,2610.7434000000003,2025-09-20,Overdue
INV02436,S006546,C00639,2025-06-25,21884.18,3939.1524,2025-06-25,Pending
INV02437,S053746,C00330,2026-02-05,51241.6,9223.488,2026-02-05,Paid
INV02438,S075780,C00415,2025-12-04,30616.82,5511.027599999999,2025-12-04,Paid
INV02439,S022233,C00612,2025-10-17,44631.08,8033.5944,2025-10-17,Disputed
INV02440,S088297,C00044,2024-06-23,50407.6,9073.367999999999,2024-06-23,Disputed
INV02441,S098803,C00215,2025-08-23,17416.34,3134.9411999999998,2025-08-23,Overdue
INV02442,S019505,C00610,2024-09-22,46701.659999999996,8406.298799999999,2024-09-22,Pending
INV02443,S096683,C00366,2025-02-21,10685.43,1923.3774,2025-02-21,Disputed
INV02444,S090551,C00276,2025-06-25,37856.18,6814.1124,2025-06-25,Overdue
INV02445,S050938,C00042,2026-05-17,45475.03,8185.505399999999,2026-05-17,Overdue
INV02446,S069715,C00275,2024-09-06,33444.399999999994,6019.991999999998,2024-09-06,Disputed
INV02447,S093977,C00722,2025-08-03,41729.29,7511.272199999999,2025-08-03,Paid
INV02448,S068022,C00598,2025-06-01,11338.82,2040.9876,2025-06-01,Pending
INV02449,S070162,C00446,2026-05-28,30256.489999999998,5446.168199999999,2026-05-28,Paid
INV02450,S054348,C00302,2025-07-27,14202.39,2556.4302,2025-07-27,Disputed
INV02451,S078713,C00235,2025-01-10,49127.21,8842.897799999999,2025-01-10,Pending
INV02452,S055196,C00505,2025-04-15,13581.99,2444.7581999999998,2025-04-15,Overdue
INV02453,S067897,C00505,2025-05-26,27799.82,5003.9676,2025-05-26,Overdue
INV02454,S011908,C00232,2025-11-24,33179.17,5972.250599999999,2025-11-24,Pending
INV02455,S079738,C00074,2025-07-24,9272.29,1669.0122000000001,2025-07-24,Disputed
INV02456,S057369,C00705,2025-08-26,49742.02,8953.5636,2025-08-26,Pending
INV02457,S003470,C00682,2025-12-13,18366.68,3306.0024,2025-12-13,Overdue
INV02458,S065416,C00214,2025-11-14,47644.82,8576.0676,2025-11-14,Pending
INV02459,S042707,C00804,2026-01-16,32649.74,5876.9532,2026-01-16,Paid
INV02460,S080226,C00852,2026-05-30,31596.75,5687.415,2026-05-30,Pending
INV02461,S037253,C00981,2026-04-08,45410.869999999995,8173.956599999999,2026-04-08,Paid
INV02462,S009622,C00682,2025-04-03,45410.54,8173.897199999999,2025-04-03,Overdue
INV02463,S047431,C00448,2025-03-22,21883.260000000002,3938.9868,2025-03-22,Overdue
INV02464,S080913,C00017,2025-11-17,12343.41,2221.8138,2025-11-17,Pending
INV02465,S044015,C00146,2026-05-21,56318.85,10137.393,2026-05-21,Pending
INV02466,S088680,C00792,2025-10-12,41464.11,7463.5398,2025-10-12,Disputed
INV02467,S049381,C00616,2024-12-27,27482.24,4946.8032,2024-12-27,Disputed
INV02468,S090618,C00734,2024-09-09,25469.92,4584.585599999999,2024-09-09,Disputed
INV02469,S072450,C00165,2025-04-01,37737.04,6792.6672,2025-04-01,Paid
INV02470,S046250,C00017,2024-12-09,48379.22,8708.2596,2024-12-09,Overdue
INV02471,S050506,C00939,2025-07-06,14827.1,2668.878,2025-07-06,Overdue
INV02472,S052037,C00310,2025-03-26,21196.11,3815.2998,2025-03-26,Paid
INV02473,S077246,C00976,2025-11-07,42654.16,7677.7488,2025-11-07,Overdue
INV02474,S079717,C00205,2025-02-01,37787.54,6801.7572,2025-02-01,Disputed
INV02475,S020261,C00645,2024-11-28,30304.3,5454.773999999999,2024-11-28,Paid
INV02476,S048270,C00944,2025-07-18,44062.27,7931.208599999999,2025-07-18,Pending
INV02477,S009630,C00693,2025-02-12,38048.57,6848.7426,2025-02-12,Overdue
INV02478,S096636,C00531,2024-11-20,10723.89,1930.3002,2024-11-20,Paid
INV02479,S065384,C00260,2024-11-28,48162.689999999995,8669.284199999998,2024-11-28,Pending
INV02480,S063542,C00431,2025-05-27,49730.229999999996,8951.4414,2025-05-27,Overdue
INV02481,S057782,C00346,2025-01-16,42253.66,7605.6588,2025-01-16,Overdue
INV02482,S064990,C00090,2026-05-01,19950.8,3591.144,2026-05-01,Pending
INV02483,S053203,C00859,2026-04-25,33428.3,6017.094,2026-04-25,Paid
INV02484,S062775,C00978,2025-08-14,47650.009999999995,8577.001799999998,2025-08-14,Pending
INV02485,S079555,C00016,2025-01-14,45313.28,8156.390399999999,2025-01-14,Overdue
INV02486,S075855,C00294,2025-08-23,46627.71,8392.987799999999,2025-08-23,Pending
INV02487,S009320,C00515,2026-01-24,49008.880000000005,8821.5984,2026-01-24,Disputed
INV02488,S092112,C00775,2025-03-10,54713.14,9848.3652,2025-03-10,Overdue
INV02489,S094216,C00397,2024-10-05,21905.84,3943.0512,2024-10-05,Overdue
INV02490,S085621,C00123,2024-10-15,10069.57,1812.5225999999998,2024-10-15,Overdue
INV02491,S026275,C00375,2026-03-27,36143.41,6505.813800000001,2026-03-27,Disputed
INV02492,S060758,C00761,2025-05-15,33195.020000000004,5975.1036,2025-05-15,Pending
INV02493,S057618,C00198,2026-05-09,56462.74,10163.2932,2026-05-09,Pending
INV02494,S058944,C00217,2025-06-16,53830.6,9689.508,2025-06-16,Pending
INV02495,S004934,C00494,2025-11-01,43435.229999999996,7818.341399999999,2025-11-01,Paid
INV02496,S095004,C00629,2026-01-20,39396.75,7091.415,2026-01-20,Overdue
INV02497,S005207,C00132,2025-03-16,51537.56,9276.7608,2025-03-16,Paid
INV02498,S024607,C00585,2025-09-25,31106.08,5599.0944,2025-09-25,Paid
INV02499,S070809,C00787,2025-08-05,37496.02,6749.283599999999,2025-08-05,Overdue
INV02500,S020638,C00055,2025-05-25,38645.11,6956.1197999999995,2025-05-25,Overdue
INV02501,S082397,C00672,2025-10-15,13849.82,2492.9676,2025-10-15,Overdue
INV02502,S000038,C00339,2024-12-09,10946.7,1970.406,2024-12-09,Paid
INV02503,S054762,C00246,2024-09-14,42258.82,7606.5876,2024-09-14,Overdue
INV02504,S098762,C00987,2025-09-09,48517.18,8733.0924,2025-09-09,Overdue
INV02505,S081860,C00370,2025-02-08,29714.56,5348.6208,2025-02-08,Paid
INV02506,S018028,C00688,2024-09-08,58570.06999999999,10542.612599999999,2024-09-08,Disputed
INV02507,S074252,C00432,2026-04-01,45150.65,8127.117,2026-04-01,Paid
INV02508,S084984,C00673,2024-06-09,59641.2,10735.416,2024-06-09,Overdue
INV02509,S065588,C00554,2024-09-15,13322.3,2398.0139999999997,2024-09-15,Pending
INV02510,S086175,C00479,2024-08-28,30963.42,5573.415599999999,2024-08-28,Disputed
INV02511,S007170,C00882,2024-07-25,38728.35,6971.102999999999,2024-07-25,Disputed
INV02512,S095995,C00799,2026-01-11,35741.9,6433.542,2026-01-11,Disputed
INV02513,S027090,C00544,2025-10-13,52972.590000000004,9535.066200000001,2025-10-13,Paid
INV02514,S089384,C00782,2024-11-02,46700.54,8406.0972,2024-11-02,Pending
INV02515,S064526,C00147,2026-02-22,51841.96,9331.5528,2026-02-22,Overdue
INV02516,S001382,C00879,2024-08-23,59471.64,10704.895199999999,2024-08-23,Overdue
INV02517,S009485,C00401,2025-08-13,5767.17,1038.0906,2025-08-13,Pending
INV02518,S034927,C00821,2024-10-27,33504.56,6030.8207999999995,2024-10-27,Pending
INV02519,S006694,C00724,2024-08-21,57657.94,10378.4292,2024-08-21,Pending
INV02520,S099224,C00462,2024-11-08,39739.5,7153.11,2024-11-08,Paid
INV02521,S086026,C00742,2025-07-25,8320.3,1497.6539999999998,2025-07-25,Disputed
INV02522,S016747,C00967,2026-06-02,17425.65,3136.617,2026-06-02,Paid
INV02523,S083964,C00554,2026-03-28,50819.619999999995,9147.531599999998,2026-03-28,Paid
INV02524,S089994,C00401,2025-06-06,25272.06,4548.9708,2025-06-06,Paid
INV02525,S099425,C00090,2024-07-09,30570.1,5502.6179999999995,2024-07-09,Pending
INV02526,S064978,C00030,2024-12-06,31409.48,5653.7064,2024-12-06,Disputed
INV02527,S038685,C00389,2024-09-17,47743.36,8593.8048,2024-09-17,Disputed
INV02528,S016714,C00976,2024-09-28,56851.47,10233.2646,2024-09-28,Pending
INV02529,S053833,C00621,2025-01-28,50856.17,9154.1106,2025-01-28,Disputed
INV02530,S068547,C00969,2024-07-20,12897.6,2321.5679999999998,2024-07-20,Paid
INV02531,S086237,C00979,2026-02-12,54361.58,9785.0844,2026-02-12,Overdue
INV02532,S018505,C00733,2025-02-27,20529.71,3695.3477999999996,2025-02-27,Paid
INV02533,S016056,C00324,2025-06-27,17459.94,3142.7891999999997,2025-06-27,Disputed
INV02534,S002034,C00958,2025-10-31,53657.35,9658.322999999999,2025-10-31,Pending
INV02535,S098809,C00364,2025-01-26,18747.48,3374.5463999999997,2025-01-26,Paid
INV02536,S072364,C00782,2024-09-06,57421.200000000004,10335.816,2024-09-06,Paid
INV02537,S033177,C00030,2025-12-23,16771.1,3018.798,2025-12-23,Paid
INV02538,S092969,C00011,2025-11-14,10061.83,1811.1294,2025-11-14,Paid
INV02539,S010512,C00823,2025-08-19,27577.34,4963.9212,2025-08-19,Pending
INV02540,S036002,C00326,2024-09-20,55300.6,9954.108,2024-09-20,Disputed
INV02541,S059847,C00126,2026-05-31,51739.61,9313.1298,2026-05-31,Overdue
INV02542,S010311,C00634,2025-06-02,55418.439999999995,9975.319199999998,2025-06-02,Pending
INV02543,S015684,C00183,2024-09-24,15717.119999999999,2829.0815999999995,2024-09-24,Pending
INV02544,S096692,C00777,2025-05-21,39701.99,7146.3582,2025-05-21,Overdue
INV02545,S037317,C00776,2025-04-27,23502.83,4230.5094,2025-04-27,Paid
INV02546,S006068,C00827,2024-11-08,8740.43,1573.2774,2024-11-08,Paid
INV02547,S090213,C00200,2026-03-13,20121.37,3621.8466,2026-03-13,Pending
INV02548,S060009,C00908,2024-06-30,21716.16,3908.9087999999997,2024-06-30,Overdue
INV02549,S092910,C00360,2025-02-15,27832.14,5009.785199999999,2025-02-15,Disputed
INV02550,S079199,C00610,2024-07-27,33437.59,6018.766199999999,2024-07-27,Overdue
INV02551,S073612,C00736,2024-11-06,11891.14,2140.4051999999997,2024-11-06,Paid
INV02552,S086333,C00939,2026-05-26,59887.600000000006,10779.768,2026-05-26,Pending
INV02553,S066171,C00016,2024-10-25,26315.59,4736.8062,2024-10-25,Paid
INV02554,S047374,C00854,2026-01-26,51266.53,9227.9754,2026-01-26,Disputed
INV02555,S075045,C00490,2024-12-01,19085.550000000003,3435.3990000000003,2024-12-01,Disputed
INV02556,S024217,C00954,2024-11-28,25385.68,4569.4223999999995,2024-11-28,Paid
INV02557,S055211,C00025,2025-03-26,17154.66,3087.8388,2025-03-26,Paid
INV02558,S026736,C00068,2025-10-20,46852.479999999996,8433.446399999999,2025-10-20,Disputed
INV02559,S043188,C00575,2025-06-30,13408.96,2413.6128,2025-06-30,Paid
INV02560,S082792,C00337,2024-06-25,14735.97,2652.4746,2024-06-25,Pending
INV02561,S026082,C00668,2024-07-20,12021.86,2163.9348,2024-07-20,Pending
INV02562,S072679,C00046,2026-02-05,29485.87,5307.4565999999995,2026-02-05,Disputed
INV02563,S059335,C00323,2025-02-16,29108.059999999998,5239.4508,2025-02-16,Disputed
INV02564,S086425,C00062,2026-04-03,28007.18,5041.2924,2026-04-03,Pending
INV02565,S068092,C00857,2025-11-16,25642.69,4615.6842,2025-11-16,Disputed
INV02566,S076680,C00408,2025-04-28,10020.08,1803.6144,2025-04-28,Overdue
INV02567,S051129,C00657,2026-01-17,22192.089999999997,3994.576199999999,2026-01-17,Disputed
INV02568,S003212,C00249,2024-12-02,24560.22,4420.8396,2024-12-02,Disputed
INV02569,S075064,C00024,2025-08-30,41304.0,7434.719999999999,2025-08-30,Disputed
INV02570,S089206,C00713,2025-08-07,48907.299999999996,8803.313999999998,2025-08-07,Disputed
INV02571,S086001,C00829,2025-05-22,53002.39,9540.430199999999,2025-05-22,Paid
INV02572,S006317,C00734,2025-08-25,40539.44,7297.099200000001,2025-08-25,Paid
INV02573,S006979,C00135,2024-10-12,31735.29,5712.3522,2024-10-12,Disputed
INV02574,S060016,C00228,2025-08-17,33625.07,6052.5126,2025-08-17,Pending
INV02575,S069096,C00658,2025-04-10,28848.660000000003,5192.7588000000005,2025-04-10,Overdue
INV02576,S036209,C00879,2026-01-25,47526.54,8554.7772,2026-01-25,Paid
INV02577,S003461,C00762,2025-12-09,53846.73,9692.4114,2025-12-09,Paid
INV02578,S079364,C00076,2025-12-19,41192.01,7414.5618,2025-12-19,Pending
INV02579,S079050,C00026,2025-12-29,52306.4,9415.152,2025-12-29,Pending
INV02580,S031176,C00454,2024-12-10,57998.39,10439.7102,2024-12-10,Overdue
INV02581,S071947,C00490,2024-06-06,53195.87,9575.2566,2024-06-06,Overdue
INV02582,S008823,C00066,2025-09-02,48575.5,8743.59,2025-09-02,Pending
INV02583,S089062,C00586,2024-07-25,36477.75,6565.995,2024-07-25,Disputed
INV02584,S039756,C00885,2025-04-08,45354.729999999996,8163.851399999999,2025-04-08,Paid
INV02585,S076904,C00758,2024-08-10,29659.72,5338.7496,2024-08-10,Disputed
INV02586,S039273,C00949,2025-11-26,8761.22,1577.0195999999999,2025-11-26,Overdue
INV02587,S064054,C00280,2025-07-04,32300.4,5814.072,2025-07-04,Disputed
INV02588,S053381,C00577,2024-12-16,36089.8,6496.164000000001,2024-12-16,Pending
INV02589,S037414,C00025,2025-05-09,29185.36,5253.3648,2025-05-09,Paid
INV02590,S028689,C00714,2024-09-17,42281.11,7610.5998,2024-09-17,Overdue
INV02591,S082922,C00036,2025-08-21,13553.6,2439.648,2025-08-21,Pending
INV02592,S016369,C00505,2026-05-21,18721.97,3369.9546,2026-05-21,Pending
INV02593,S087552,C00227,2025-09-17,45954.89,8271.8802,2025-09-17,Disputed
INV02594,S010208,C00151,2024-11-20,25465.05,4583.709,2024-11-20,Pending
INV02595,S022175,C00888,2026-01-19,46853.31,8433.5958,2026-01-19,Overdue
INV02596,S016008,C00699,2026-01-24,7365.6900000000005,1325.8242,2026-01-24,Pending
INV02597,S047841,C00680,2025-01-13,44854.15,8073.747,2025-01-13,Overdue
INV02598,S092177,C00159,2024-11-18,24116.98,4341.0563999999995,2024-11-18,Disputed
INV02599,S086720,C00926,2025-01-17,35514.229999999996,6392.561399999999,2025-01-17,Pending
INV02600,S095116,C00015,2024-06-07,53054.53999999999,9549.817199999998,2024-06-07,Pending
INV02601,S038941,C00509,2024-06-28,32072.55,5773.058999999999,2024-06-28,Paid
INV02602,S037265,C00143,2026-01-04,53629.61,9653.3298,2026-01-04,Paid
INV02603,S015566,C00261,2026-03-04,7511.76,1352.1168,2026-03-04,Pending
INV02604,S031911,C00601,2025-07-18,7928.43,1427.1174,2025-07-18,Disputed
INV02605,S035805,C00978,2025-01-11,19609.449999999997,3529.7009999999996,2025-01-11,Disputed
INV02606,S003177,C00372,2024-11-21,50620.7,9111.725999999999,2024-11-21,Pending
INV02607,S077087,C00187,2025-12-03,46809.18,8425.652399999999,2025-12-03,Pending
INV02608,S023087,C00979,2025-09-07,40914.85,7364.673,2025-09-07,Paid
INV02609,S011731,C00815,2025-01-19,59792.56,10762.6608,2025-01-19,Paid
INV02610,S057890,C00234,2024-09-26,39777.5,7159.95,2024-09-26,Disputed
INV02611,S057685,C00240,2025-09-07,22904.95,4122.891,2025-09-07,Disputed
INV02612,S060030,C00810,2025-11-24,52561.43,9461.0574,2025-11-24,Pending
INV02613,S034120,C00888,2026-03-24,14763.57,2657.4426,2026-03-24,Paid
INV02614,S075465,C00335,2026-04-23,5840.25,1051.245,2026-04-23,Paid
INV02615,S012004,C00185,2024-10-27,40885.37,7359.3666,2024-10-27,Overdue
INV02616,S001101,C00466,2025-03-14,55694.11,10024.9398,2025-03-14,Overdue
INV02617,S088365,C00683,2024-06-12,47347.04,8522.4672,2024-06-12,Paid
INV02618,S016313,C00976,2026-02-15,25626.01,4612.681799999999,2026-02-15,Overdue
INV02619,S089905,C00547,2024-09-18,41726.79,7510.8222,2024-09-18,Disputed
INV02620,S047303,C00188,2026-05-31,10448.189999999999,1880.6741999999997,2026-05-31,Paid
INV02621,S043198,C00051,2025-04-20,26294.48,4733.006399999999,2025-04-20,Pending
INV02622,S094469,C00581,2025-07-29,51432.85,9257.912999999999,2025-07-29,Paid
INV02623,S075101,C00640,2026-05-29,9136.88,1644.6383999999998,2026-05-29,Paid
INV02624,S063812,C00276,2025-04-08,47445.130000000005,8540.1234,2025-04-08,Disputed
INV02625,S054679,C00714,2025-10-27,14156.47,2548.1645999999996,2025-10-27,Disputed
INV02626,S035779,C00359,2025-10-09,53619.03,9651.4254,2025-10-09,Pending
INV02627,S065091,C00928,2024-10-01,23550.21,4239.0378,2024-10-01,Pending
INV02628,S093416,C00467,2025-01-27,47953.850000000006,8631.693000000001,2025-01-27,Paid
INV02629,S083127,C00938,2026-05-24,56972.83,10255.1094,2026-05-24,Pending
INV02630,S076454,C00387,2025-02-24,15077.24,2713.9031999999997,2025-02-24,Paid
INV02631,S082162,C00386,2025-07-17,10117.95,1821.231,2025-07-17,Overdue
INV02632,S057769,C00338,2025-07-23,31118.33,5601.2994,2025-07-23,Disputed
INV02633,S052861,C00521,2025-01-26,43280.009999999995,7790.401799999999,2025-01-26,Paid
INV02634,S000703,C00211,2026-05-20,36015.38,6482.768399999999,2026-05-20,Disputed
INV02635,S024424,C00673,2026-05-07,26091.99,4696.5582,2026-05-07,Overdue
INV02636,S020933,C00210,2025-05-31,27941.82,5029.527599999999,2025-05-31,Disputed
INV02637,S069330,C00631,2025-06-13,20889.36,3760.0848,2025-06-13,Disputed
INV02638,S070832,C00571,2025-03-10,38780.63,6980.513399999999,2025-03-10,Paid
INV02639,S016665,C00688,2024-06-20,15293.0,2752.74,2024-06-20,Pending
INV02640,S027895,C00190,2026-01-20,41011.1,7381.998,2026-01-20,Paid
INV02641,S086247,C00462,2025-02-13,47343.53,8521.8354,2025-02-13,Paid
INV02642,S055182,C00501,2026-03-03,25198.05,4535.648999999999,2026-03-03,Overdue
INV02643,S010784,C00942,2024-10-06,53060.83,9550.9494,2024-10-06,Pending
INV02644,S076903,C00621,2025-07-24,53942.21,9709.5978,2025-07-24,Pending
INV02645,S017344,C00902,2025-04-12,17532.4,3155.8320000000003,2025-04-12,Pending
INV02646,S052786,C00865,2025-04-29,25297.989999999998,4553.638199999999,2025-04-29,Paid
INV02647,S056191,C00011,2025-09-09,61562.81,11081.305799999998,2025-09-09,Pending
INV02648,S081703,C00870,2025-08-07,50846.64,9152.395199999999,2025-08-07,Disputed
INV02649,S000109,C00191,2025-04-17,26988.94,4858.0091999999995,2025-04-17,Overdue
INV02650,S088530,C00648,2025-10-03,21318.91,3837.4038,2025-10-03,Paid
INV02651,S056742,C00076,2024-11-20,37613.97,6770.5145999999995,2024-11-20,Disputed
INV02652,S047008,C00449,2026-03-23,39145.71,7046.2278,2026-03-23,Overdue
INV02653,S063840,C00285,2025-05-15,14339.64,2581.1351999999997,2025-05-15,Disputed
INV02654,S059357,C00599,2024-10-09,36478.67,6566.160599999999,2024-10-09,Overdue
INV02655,S028562,C00330,2026-01-10,31977.51,5755.9518,2026-01-10,Overdue
INV02656,S083394,C00867,2025-04-10,17647.98,3176.6364,2025-04-10,Overdue
INV02657,S024353,C00442,2024-12-16,30347.480000000003,5462.5464,2024-12-16,Paid
INV02658,S038214,C00883,2025-07-30,45899.91,8261.9838,2025-07-30,Disputed
INV02659,S089390,C00373,2025-03-28,53311.96000000001,9596.152800000002,2025-03-28,Paid
INV02660,S090044,C00631,2024-07-09,17482.55,3146.859,2024-07-09,Paid
INV02661,S074181,C00406,2025-01-18,9902.93,1782.5274,2025-01-18,Overdue
INV02662,S016066,C00546,2025-06-25,36241.3,6523.434,2025-06-25,Disputed
INV02663,S019096,C00351,2026-02-03,34154.229999999996,6147.761399999999,2026-02-03,Pending
INV02664,S046725,C00549,2025-06-28,29834.14,5370.1452,2025-06-28,Disputed
INV02665,S005657,C00474,2025-02-13,32211.68,5798.1024,2025-02-13,Disputed
INV02666,S026872,C00072,2026-04-10,42788.06,7701.850799999999,2026-04-10,Paid
INV02667,S018052,C00999,2024-12-19,27727.97,4991.0346,2024-12-19,Pending
INV02668,S066755,C00473,2024-12-19,22226.26,4000.7267999999995,2024-12-19,Overdue
INV02669,S072857,C00002,2024-06-07,44437.34,7998.721199999999,2024-06-07,Paid
INV02670,S001230,C00617,2025-10-19,36802.56,6624.460799999999,2025-10-19,Overdue
INV02671,S041673,C00910,2024-09-03,41032.51,7385.8518,2024-09-03,Pending
INV02672,S085902,C00710,2026-03-03,51710.200000000004,9307.836000000001,2026-03-03,Pending
INV02673,S039528,C00776,2025-10-15,29388.18,5289.8724,2025-10-15,Paid
INV02674,S048563,C00199,2026-05-03,4988.55,897.939,2026-05-03,Pending
INV02675,S055283,C00582,2025-03-21,34426.97,6196.8546,2025-03-21,Overdue
INV02676,S023679,C00444,2025-01-22,31661.78,5699.1204,2025-01-22,Paid
INV02677,S074983,C00753,2025-07-13,42149.74,7586.953199999999,2025-07-13,Paid
INV02678,S061745,C00915,2025-12-27,12213.27,2198.3886,2025-12-27,Pending
INV02679,S034249,C00346,2025-11-22,46435.659999999996,8358.4188,2025-11-22,Paid
INV02680,S037138,C00424,2025-06-16,49412.340000000004,8894.2212,2025-06-16,Disputed
INV02681,S056509,C00692,2025-03-10,55133.04,9923.9472,2025-03-10,Paid
INV02682,S096011,C00331,2024-11-13,25492.85,4588.713,2024-11-13,Disputed
INV02683,S019716,C00741,2026-04-01,52246.979999999996,9404.4564,2026-04-01,Pending
INV02684,S081448,C00661,2024-07-24,31261.22,5627.0196,2024-07-24,Pending
INV02685,S068656,C00232,2025-01-07,9779.240000000002,1760.2632000000003,2025-01-07,Overdue
INV02686,S066897,C00713,2025-12-05,51869.51,9336.5118,2025-12-05,Pending
INV02687,S015481,C00597,2025-01-25,52157.490000000005,9388.3482,2025-01-25,Overdue
INV02688,S095210,C00042,2026-04-27,50620.86,9111.7548,2026-04-27,Paid
INV02689,S094062,C00557,2025-09-13,29406.84,5293.2312,2025-09-13,Pending
INV02690,S036996,C00158,2024-07-20,10724.95,1930.491,2024-07-20,Overdue
INV02691,S029744,C00903,2024-11-01,10129.02,1823.2236,2024-11-01,Pending
INV02692,S033939,C00280,2025-07-26,60215.82,10838.8476,2025-07-26,Pending
INV02693,S096628,C00658,2025-09-16,31782.589999999997,5720.8661999999995,2025-09-16,Paid
INV02694,S049505,C00446,2025-09-07,54678.33,9842.0994,2025-09-07,Pending
INV02695,S025352,C00310,2024-12-30,15066.74,2712.0132,2024-12-30,Overdue
INV02696,S030361,C00109,2025-07-08,19673.96,3541.3127999999997,2025-07-08,Overdue
INV02697,S042872,C00160,2024-12-23,53275.310000000005,9589.5558,2024-12-23,Overdue
INV02698,S049892,C00936,2026-05-20,34667.65,6240.177,2026-05-20,Paid
INV02699,S065743,C00873,2026-05-08,40867.89,7356.2202,2026-05-08,Disputed
INV02700,S082065,C00734,2025-08-13,13365.25,2405.745,2025-08-13,Paid
INV02701,S018497,C00675,2024-06-04,23193.629999999997,4174.853399999999,2024-06-04,Disputed
INV02702,S062994,C00698,2025-10-21,12018.61,2163.3498,2025-10-21,Pending
INV02703,S074364,C00173,2025-10-15,50271.740000000005,9048.9132,2025-10-15,Pending
INV02704,S073647,C00543,2025-07-16,14658.07,2638.4526,2025-07-16,Pending
INV02705,S054857,C00885,2025-01-27,52696.65,9485.396999999999,2025-01-27,Paid
INV02706,S046822,C00417,2026-04-18,45849.18,8252.8524,2026-04-18,Paid
INV02707,S010765,C00375,2025-08-18,32994.61,5939.0298,2025-08-18,Overdue
INV02708,S016118,C00139,2025-11-27,57795.58,10403.2044,2025-11-27,Paid
INV02709,S032743,C00934,2026-04-16,19942.43,3589.6374,2026-04-16,Paid
INV02710,S053983,C00603,2024-12-24,34872.34,6277.021199999999,2024-12-24,Overdue
INV02711,S099090,C00903,2024-08-30,44448.37,8000.7066,2024-08-30,Overdue
INV02712,S042129,C00289,2025-09-14,25431.08,4577.5944,2025-09-14,Pending
INV02713,S093074,C00127,2024-09-07,7859.4400000000005,1414.6992,2024-09-07,Disputed
INV02714,S002020,C00275,2024-12-18,22360.120000000003,4024.8216,2024-12-18,Disputed
INV02715,S007940,C00654,2024-06-21,17760.56,3196.9008,2024-06-21,Disputed
INV02716,S082251,C00573,2024-08-29,39032.69,7025.8842,2024-08-29,Disputed
INV02717,S004941,C00805,2025-02-18,38793.100000000006,6982.758000000001,2025-02-18,Paid
INV02718,S042174,C00857,2024-07-18,10513.9,1892.502,2024-07-18,Disputed
INV02719,S030821,C00202,2025-05-19,13849.91,2492.9838,2025-05-19,Paid
INV02720,S022079,C00029,2026-02-09,35226.38,6340.7483999999995,2026-02-09,Paid
INV02721,S031356,C00081,2024-07-09,56378.99,10148.2182,2024-07-09,Overdue
INV02722,S030574,C00676,2025-01-02,26294.219999999998,4732.959599999999,2025-01-02,Overdue
INV02723,S029806,C00290,2025-07-21,15285.33,2751.3594,2025-07-21,Overdue
INV02724,S059180,C00787,2025-09-16,39518.29,7113.2922,2025-09-16,Disputed
INV02725,S088213,C00164,2026-03-28,19038.559999999998,3426.9407999999994,2026-03-28,Disputed
INV02726,S099262,C00675,2024-12-14,35227.600000000006,6340.968000000001,2024-12-14,Pending
INV02727,S009705,C00081,2024-10-29,47364.75,8525.654999999999,2024-10-29,Overdue
INV02728,S085667,C00119,2024-10-18,47375.979999999996,8527.676399999998,2024-10-18,Pending
INV02729,S080052,C00252,2025-06-27,30525.63,5494.6134,2025-06-27,Overdue
INV02730,S046530,C00030,2024-06-14,6360.01,1144.8018,2024-06-14,Overdue
INV02731,S072446,C00947,2026-03-22,33675.22,6061.5396,2026-03-22,Disputed
INV02732,S068167,C00770,2024-08-05,45984.58,8277.2244,2024-08-05,Disputed
INV02733,S073115,C00426,2025-07-08,41242.47,7423.6446,2025-07-08,Overdue
INV02734,S094034,C00310,2025-10-06,53082.03,9554.7654,2025-10-06,Disputed
INV02735,S030046,C00013,2025-10-17,14555.08,2619.9144,2025-10-17,Pending
INV02736,S065543,C00863,2025-05-09,26838.93,4831.0073999999995,2025-05-09,Disputed
INV02737,S075166,C00002,2024-06-12,60528.12,10895.0616,2024-06-12,Disputed
INV02738,S042294,C00238,2025-03-06,11168.89,2010.4001999999998,2025-03-06,Disputed
INV02739,S050619,C00793,2025-04-22,12817.630000000001,2307.1734,2025-04-22,Overdue
INV02740,S080538,C00513,2024-06-24,40230.159999999996,7241.428799999999,2024-06-24,Paid
INV02741,S041542,C00395,2026-02-01,19908.239999999998,3583.4831999999997,2026-02-01,Overdue
INV02742,S037525,C00591,2024-08-24,54199.32,9755.8776,2024-08-24,Overdue
INV02743,S097280,C00173,2025-11-19,48734.59,8772.2262,2025-11-19,Pending
INV02744,S028632,C00970,2026-04-28,8450.18,1521.0324,2026-04-28,Paid
INV02745,S048585,C00072,2025-09-09,37012.67,6662.280599999999,2025-09-09,Overdue
INV02746,S003518,C00427,2024-08-24,43493.78,7828.880399999999,2024-08-24,Pending
INV02747,S079246,C00452,2025-05-13,36081.61,6494.6898,2025-05-13,Paid
INV02748,S015707,C00125,2024-06-08,19139.81,3445.1658,2024-06-08,Disputed
INV02749,S041002,C00223,2024-10-11,56977.81,10256.005799999999,2024-10-11,Disputed
INV02750,S090090,C00486,2025-04-22,43768.08,7878.2544,2025-04-22,Disputed
INV02751,S075116,C00883,2024-12-13,62325.04,11218.5072,2024-12-13,Overdue
INV02752,S033346,C00860,2024-11-20,47120.68,8481.7224,2024-11-20,Disputed
INV02753,S011542,C00347,2024-11-01,46599.44,8387.8992,2024-11-01,Pending
INV02754,S005521,C00987,2024-10-16,18262.870000000003,3287.3166000000006,2024-10-16,Pending
INV02755,S018048,C00612,2025-08-04,27249.29,4904.8722,2025-08-04,Overdue
INV02756,S033965,C00128,2025-04-03,17065.7,3071.826,2025-04-03,Disputed
INV02757,S034827,C00117,2025-08-11,52990.56,9538.300799999999,2025-08-11,Pending
INV02758,S029890,C00754,2024-08-10,33941.94,6109.5492,2024-08-10,Disputed
INV02759,S027530,C00017,2024-08-27,18305.129999999997,3294.923399999999,2024-08-27,Pending
INV02760,S043932,C00969,2025-01-22,16908.75,3043.575,2025-01-22,Paid
INV02761,S093641,C00067,2024-10-30,26431.800000000003,4757.724,2024-10-30,Disputed
INV02762,S068353,C00875,2026-05-22,32455.11,5841.9198,2026-05-22,Disputed
INV02763,S053817,C00078,2024-06-20,36097.54,6497.5572,2024-06-20,Disputed
INV02764,S056229,C00304,2024-12-08,15590.76,2806.3368,2024-12-08,Disputed
INV02765,S079917,C00919,2024-07-28,28281.149999999998,5090.606999999999,2024-07-28,Pending
INV02766,S072238,C00634,2025-08-15,52777.53,9499.955399999999,2025-08-15,Paid
INV02767,S080067,C00395,2024-09-20,42407.44,7633.3392,2024-09-20,Paid
INV02768,S009838,C00098,2025-02-17,31765.59,5717.8062,2025-02-17,Pending
INV02769,S050641,C00177,2025-09-03,31814.26,5726.5668,2025-09-03,Disputed
INV02770,S092285,C00776,2025-06-20,48058.700000000004,8650.566,2025-06-20,Disputed
INV02771,S029589,C00140,2025-10-25,9854.91,1773.8837999999998,2025-10-25,Pending
INV02772,S010949,C00170,2026-05-05,11985.89,2157.4602,2026-05-05,Pending
INV02773,S064882,C00839,2025-08-08,45800.94,8244.1692,2025-08-08,Overdue
INV02774,S046378,C00778,2025-09-07,50651.1,9117.197999999999,2025-09-07,Pending
INV02775,S086642,C00214,2025-08-15,31471.33,5664.8394,2025-08-15,Overdue
INV02776,S006722,C00430,2025-01-21,25519.6,4593.527999999999,2025-01-21,Paid
INV02777,S099682,C00633,2025-04-06,52588.97,9466.0146,2025-04-06,Paid
INV02778,S087382,C00204,2025-05-03,50261.14,9047.0052,2025-05-03,Disputed
INV02779,S049425,C00924,2024-06-16,15282.800000000001,2750.904,2024-06-16,Overdue
INV02780,S096320,C00503,2026-05-09,20058.68,3610.5624,2026-05-09,Overdue
INV02781,S037572,C00124,2025-08-23,31435.11,5658.3198,2025-08-23,Overdue
INV02782,S010887,C00078,2026-05-16,8368.01,1506.2418,2026-05-16,Pending
INV02783,S060637,C00719,2026-03-29,11477.47,2065.9446,2026-03-29,Disputed
INV02784,S099083,C00117,2025-01-12,45631.92,8213.7456,2025-01-12,Disputed
INV02785,S018547,C00947,2024-12-17,35101.11,6318.1998,2024-12-17,Overdue
INV02786,S097645,C00185,2025-11-25,23601.120000000003,4248.2016,2025-11-25,Overdue
INV02787,S019574,C00984,2026-04-05,52998.74,9539.7732,2026-04-05,Paid
INV02788,S044884,C00654,2024-09-21,26103.08,4698.5544,2024-09-21,Pending
INV02789,S037560,C00380,2025-04-17,29636.97,5334.6546,2025-04-17,Paid
INV02790,S085042,C00487,2025-08-18,53122.42,9562.0356,2025-08-18,Pending
INV02791,S071304,C00399,2026-05-24,34542.73,6217.691400000001,2026-05-24,Pending
INV02792,S039242,C00225,2025-09-20,18770.04,3378.6072,2025-09-20,Overdue
INV02793,S042539,C00814,2025-02-06,37702.659999999996,6786.478799999999,2025-02-06,Pending
INV02794,S049421,C00796,2025-02-08,22205.94,3997.0691999999995,2025-02-08,Overdue
INV02795,S069363,C00465,2024-10-22,15068.380000000001,2712.3084,2024-10-22,Paid
INV02796,S030815,C00713,2026-05-07,52937.28,9528.7104,2026-05-07,Paid
INV02797,S038763,C00476,2024-11-29,23386.170000000002,4209.5106000000005,2024-11-29,Paid
INV02798,S089395,C00493,2025-05-12,21785.18,3921.3324,2025-05-12,Pending
INV02799,S054068,C00948,2026-05-17,23487.34,4227.7212,2026-05-17,Overdue
INV02800,S010020,C00609,2024-06-26,9459.61,1702.7298,2024-06-26,Paid
INV02801,S080488,C00432,2026-02-15,55455.7,9982.026,2026-02-15,Pending
INV02802,S084152,C00509,2025-03-16,19930.23,3587.4413999999997,2025-03-16,Overdue
INV02803,S059987,C00257,2024-12-15,63064.08,11351.5344,2024-12-15,Paid
INV02804,S012578,C00516,2025-02-10,20292.89,3652.7201999999997,2025-02-10,Overdue
INV02805,S070968,C00470,2024-06-22,28459.78,5122.760399999999,2024-06-22,Paid
INV02806,S035257,C00952,2025-06-28,8413.63,1514.4533999999999,2025-06-28,Paid
INV02807,S077600,C00108,2024-08-14,32716.24,5888.9232,2024-08-14,Disputed
INV02808,S033911,C00073,2025-10-08,17282.77,3110.8986,2025-10-08,Disputed
INV02809,S067940,C00514,2024-07-28,40248.79,7244.7822,2024-07-28,Overdue
INV02810,S017422,C00155,2025-06-22,49268.159999999996,8868.2688,2025-06-22,Disputed
INV02811,S090266,C00377,2024-11-07,49002.61,8820.469799999999,2024-11-07,Paid
INV02812,S075863,C00724,2025-06-04,55637.1,10014.678,2025-06-04,Overdue
INV02813,S023042,C00817,2025-03-20,47463.64,8543.4552,2025-03-20,Disputed
INV02814,S055548,C00491,2024-07-31,18261.39,3287.0501999999997,2024-07-31,Paid
INV02815,S073119,C00514,2025-03-30,32060.5,5770.889999999999,2025-03-30,Overdue
INV02816,S073573,C00996,2025-04-17,45526.350000000006,8194.743,2025-04-17,Overdue
INV02817,S022290,C00431,2026-05-11,56140.03,10105.205399999999,2026-05-11,Disputed
INV02818,S009578,C00249,2024-07-01,28020.72,5043.7296,2024-07-01,Paid
INV02819,S030521,C00604,2026-02-09,39612.35,7130.222999999999,2026-02-09,Pending
INV02820,S009760,C00241,2025-07-02,6014.36,1082.5847999999999,2025-07-02,Overdue
INV02821,S006236,C00888,2026-02-16,24696.6,4445.388,2026-02-16,Pending
INV02822,S012825,C00104,2024-08-31,38944.159999999996,7009.948799999999,2024-08-31,Overdue
INV02823,S096417,C00871,2024-11-08,32736.769999999997,5892.618599999999,2024-11-08,Disputed
INV02824,S084100,C00712,2025-05-07,51212.71,9218.2878,2025-05-07,Overdue
INV02825,S072713,C00214,2025-06-16,23543.940000000002,4237.9092,2025-06-16,Disputed
INV02826,S078864,C00673,2024-06-25,51333.0,9239.94,2024-06-25,Disputed
INV02827,S054760,C00417,2026-04-30,45807.39,8245.3302,2026-04-30,Pending
INV02828,S055673,C00457,2025-07-21,33988.4,6117.912,2025-07-21,Paid
INV02829,S095656,C00522,2024-12-31,36793.4,6622.812,2024-12-31,Overdue
INV02830,S013717,C00762,2025-10-03,47175.869999999995,8491.656599999998,2025-10-03,Disputed
INV02831,S009234,C00263,2026-05-06,45278.619999999995,8150.151599999999,2026-05-06,Disputed
INV02832,S038259,C00037,2025-01-25,48260.090000000004,8686.816200000001,2025-01-25,Paid
INV02833,S017939,C00099,2026-05-27,59831.299999999996,10769.633999999998,2026-05-27,Overdue
INV02834,S093627,C00034,2026-05-10,55140.11,9925.219799999999,2026-05-10,Pending
INV02835,S042956,C00446,2025-12-24,36084.56,6495.220799999999,2025-12-24,Disputed
INV02836,S041810,C00885,2025-03-08,24413.81,4394.4858,2025-03-08,Overdue
INV02837,S035383,C00552,2026-05-06,19463.48,3503.4264,2026-05-06,Overdue
INV02838,S018546,C00942,2025-06-29,15754.439999999999,2835.7991999999995,2025-06-29,Overdue
INV02839,S080279,C00462,2025-07-19,18512.58,3332.2644,2025-07-19,Overdue
INV02840,S087692,C00509,2024-11-18,53730.56,9671.5008,2024-11-18,Pending
INV02841,S090982,C00539,2026-02-26,19046.71,3428.4077999999995,2026-02-26,Disputed
INV02842,S053716,C00914,2026-01-11,46414.68,8354.6424,2026-01-11,Pending
INV02843,S081272,C00367,2024-10-14,51294.53,9233.0154,2024-10-14,Overdue
INV02844,S065250,C00754,2024-11-27,50532.38,9095.828399999999,2024-11-27,Disputed
INV02845,S003021,C00423,2025-03-06,8756.62,1576.1916,2025-03-06,Overdue
INV02846,S068086,C00197,2025-11-13,14237.060000000001,2562.6708000000003,2025-11-13,Overdue
INV02847,S047639,C00440,2026-05-19,12806.279999999999,2305.1303999999996,2026-05-19,Paid
INV02848,S028590,C00584,2025-06-19,32825.56,5908.600799999999,2025-06-19,Pending
INV02849,S029865,C00471,2025-03-26,50039.28,9007.070399999999,2025-03-26,Pending
INV02850,S096273,C00011,2025-12-18,19076.820000000003,3433.8276000000005,2025-12-18,Pending
INV02851,S002030,C00107,2025-09-13,24855.449999999997,4473.980999999999,2025-09-13,Disputed
INV02852,S057512,C00407,2025-03-20,49593.83,8926.8894,2025-03-20,Paid
INV02853,S033448,C00500,2026-04-29,41849.79,7532.9622,2026-04-29,Disputed
INV02854,S099974,C00030,2025-10-06,17891.97,3220.5546,2025-10-06,Overdue
INV02855,S042142,C00704,2025-07-09,11866.89,2136.0402,2025-07-09,Disputed
INV02856,S033928,C00833,2024-08-11,26022.17,4683.990599999999,2024-08-11,Disputed
INV02857,S088032,C00130,2025-05-09,41194.03999999999,7414.927199999998,2025-05-09,Paid
INV02858,S044169,C00026,2024-11-27,31069.15,5592.447,2024-11-27,Pending
INV02859,S018859,C00267,2024-10-25,45568.32,8202.2976,2024-10-25,Overdue
INV02860,S061375,C00472,2026-02-02,30087.120000000003,5415.6816,2026-02-02,Pending
INV02861,S040462,C00917,2024-11-30,57974.31,10435.3758,2024-11-30,Disputed
INV02862,S073802,C00212,2025-09-22,55380.259999999995,9968.446799999998,2025-09-22,Disputed
INV02863,S087250,C00697,2025-03-30,22210.09,3997.8161999999998,2025-03-30,Pending
INV02864,S073921,C00374,2024-12-26,32143.12,5785.7616,2024-12-26,Disputed
INV02865,S024431,C00780,2024-09-11,45538.14,8196.8652,2024-09-11,Paid
INV02866,S038185,C00844,2025-02-17,13587.710000000001,2445.7878,2025-02-17,Paid
INV02867,S067663,C00921,2025-11-05,6181.91,1112.7438,2025-11-05,Disputed
INV02868,S058499,C00788,2025-03-11,20785.93,3741.4674,2025-03-11,Paid
INV02869,S015305,C00928,2024-10-07,29649.32,5336.8776,2024-10-07,Pending
INV02870,S034193,C00024,2025-02-13,19962.85,3593.3129999999996,2025-02-13,Overdue
INV02871,S072602,C00433,2026-04-03,35398.94,6371.809200000001,2026-04-03,Paid
INV02872,S095933,C00237,2024-06-12,22555.2,4059.936,2024-06-12,Disputed
INV02873,S079848,C00160,2026-02-07,15407.53,2773.3554,2026-02-07,Disputed
INV02874,S052033,C00112,2025-11-08,32468.480000000003,5844.3264,2025-11-08,Pending
INV02875,S020789,C00759,2024-08-14,18497.239999999998,3329.5031999999997,2024-08-14,Pending
INV02876,S054494,C00968,2024-09-16,54170.28,9750.650399999999,2024-09-16,Overdue
INV02877,S082094,C00372,2025-03-15,37584.659999999996,6765.238799999999,2025-03-15,Overdue
INV02878,S064603,C00761,2024-12-30,34985.16,6297.3288,2024-12-30,Disputed
INV02879,S095012,C00425,2024-09-24,19301.54,3474.2772,2024-09-24,Pending
INV02880,S009121,C00097,2025-07-19,30488.760000000002,5487.9768,2025-07-19,Paid
INV02881,S055439,C00427,2024-06-10,35510.31,6391.855799999999,2024-06-10,Pending
INV02882,S018126,C00445,2025-11-01,30786.73,5541.6114,2025-11-01,Paid
INV02883,S032624,C00168,2025-07-30,23479.02,4226.2236,2025-07-30,Pending
INV02884,S092158,C00345,2024-06-10,7410.959999999999,1333.9727999999998,2024-06-10,Pending
INV02885,S062671,C00889,2026-05-16,18949.33,3410.8794000000003,2026-05-16,Pending
INV02886,S038721,C00827,2025-07-22,36985.25,6657.344999999999,2025-07-22,Disputed
INV02887,S036013,C00282,2025-02-19,31649.01,5696.8218,2025-02-19,Paid
INV02888,S011780,C00501,2025-10-29,43433.99,7818.118199999999,2025-10-29,Overdue
INV02889,S089917,C00347,2025-09-12,18855.9,3394.0620000000004,2025-09-12,Overdue
INV02890,S033667,C00359,2025-10-26,23012.309999999998,4142.215799999999,2025-10-26,Overdue
INV02891,S044187,C00511,2025-05-06,58772.060000000005,10578.970800000001,2025-05-06,Pending
INV02892,S094553,C00923,2026-02-14,11906.36,2143.1448,2026-02-14,Paid
INV02893,S024933,C00106,2024-10-14,16368.15,2946.267,2024-10-14,Pending
INV02894,S017090,C00902,2024-08-22,19928.1,3587.0579999999995,2024-08-22,Pending
INV02895,S047457,C00434,2025-11-09,21933.519999999997,3948.0335999999993,2025-11-09,Overdue
INV02896,S064191,C00708,2025-08-08,31209.7,5617.746,2025-08-08,Pending
INV02897,S037637,C00456,2025-02-25,41509.399999999994,7471.691999999999,2025-02-25,Overdue
INV02898,S040083,C00199,2024-09-09,49372.37,8887.0266,2024-09-09,Overdue
INV02899,S017126,C00648,2026-05-05,59756.07,10756.0926,2026-05-05,Pending
INV02900,S079730,C00968,2025-05-14,23663.16,4259.3688,2025-05-14,Paid
INV02901,S011104,C00057,2025-02-11,38369.06,6906.430799999999,2025-02-11,Pending
INV02902,S069191,C00386,2026-01-16,31221.47,5619.8646,2026-01-16,Pending
INV02903,S097467,C00785,2025-10-30,31931.760000000002,5747.7168,2025-10-30,Paid
INV02904,S061878,C00576,2024-08-25,13288.599999999999,2391.948,2024-08-25,Overdue
INV02905,S004673,C00118,2025-09-07,42515.15,7652.727,2025-09-07,Pending
INV02906,S034791,C00320,2025-09-23,37002.57,6660.4626,2025-09-23,Pending
INV02907,S077488,C00507,2026-05-06,45042.9,8107.722,2026-05-06,Overdue
INV02908,S038745,C00627,2025-10-12,12359.400000000001,2224.692,2025-10-12,Pending
INV02909,S029069,C00132,2026-01-28,19041.56,3427.4808000000003,2026-01-28,Paid
INV02910,S095763,C00040,2025-02-09,60462.15,10883.187,2025-02-09,Paid
INV02911,S068081,C00722,2025-04-27,18864.68,3395.6423999999997,2025-04-27,Paid
INV02912,S047379,C00409,2026-05-27,40795.06,7343.1107999999995,2026-05-27,Disputed
INV02913,S043960,C00127,2024-07-09,24968.97,4494.4146,2024-07-09,Paid
INV02914,S034740,C00299,2025-10-01,57962.020000000004,10433.1636,2025-10-01,Disputed
INV02915,S081875,C00506,2026-01-10,31241.0,5623.38,2026-01-10,Disputed
INV02916,S067986,C00916,2026-04-09,25168.28,4530.2904,2026-04-09,Pending
INV02917,S094036,C00783,2025-07-14,16123.51,2902.2318,2025-07-14,Paid
INV02918,S061172,C00862,2025-02-19,49719.22,8949.4596,2025-02-19,Pending
INV02919,S099801,C00385,2026-04-06,46616.27,8390.9286,2026-04-06,Pending
INV02920,S015530,C00064,2024-07-17,21192.47,3814.6446,2024-07-17,Pending
INV02921,S022307,C00857,2025-05-14,27130.5,4883.49,2025-05-14,Pending
INV02922,S025613,C00749,2025-02-04,52175.13,9391.5234,2025-02-04,Paid
INV02923,S098125,C00585,2025-10-29,38387.49,6909.748199999999,2025-10-29,Paid
INV02924,S027161,C00710,2025-07-06,42813.35,7706.402999999999,2025-07-06,Paid
INV02925,S066596,C00168,2025-08-21,44740.880000000005,8053.358400000001,2025-08-21,Paid
INV02926,S089581,C00303,2026-01-05,35217.61,6339.1698,2026-01-05,Pending
INV02927,S094328,C00477,2024-10-02,19221.75,3459.915,2024-10-02,Overdue
INV02928,S050631,C00752,2025-11-18,18954.65,3411.837,2025-11-18,Paid
INV02929,S051406,C00068,2024-07-22,38850.91,6993.1638,2024-07-22,Disputed
INV02930,S004004,C00462,2025-11-30,47414.29,8534.5722,2025-11-30,Overdue
INV02931,S088808,C00556,2025-07-27,39628.55,7133.139,2025-07-27,Pending
INV02932,S041712,C00631,2026-04-06,14799.990000000002,2663.9982,2026-04-06,Disputed
INV02933,S012424,C00000,2025-05-24,12585.95,2265.471,2025-05-24,Paid
INV02934,S056314,C00241,2025-08-24,55682.57,10022.8626,2025-08-24,Overdue
INV02935,S016281,C00892,2024-10-22,13621.73,2451.9114,2024-10-22,Overdue
INV02936,S012055,C00548,2025-06-27,20360.14,3664.8251999999998,2025-06-27,Overdue
INV02937,S036701,C00816,2025-12-23,19735.15,3552.327,2025-12-23,Paid
INV02938,S009421,C00124,2025-05-21,25389.89,4570.1802,2025-05-21,Paid
INV02939,S012472,C00280,2026-04-22,46909.350000000006,8443.683,2026-04-22,Pending
INV02940,S025918,C00219,2025-07-03,35735.46,6432.382799999999,2025-07-03,Disputed
INV02941,S053165,C00232,2025-08-14,23520.9,4233.762,2025-08-14,Overdue
INV02942,S022656,C00055,2024-10-06,35573.31,6403.1957999999995,2024-10-06,Overdue
INV02943,S052733,C00817,2025-11-22,34687.02,6243.663599999999,2025-11-22,Overdue
INV02944,S040250,C00028,2024-06-08,43283.01,7790.9418000000005,2024-06-08,Disputed
INV02945,S017510,C00525,2025-06-11,40765.29,7337.7522,2025-06-11,Overdue
INV02946,S067624,C00693,2024-08-05,53162.049999999996,9569.168999999998,2024-08-05,Paid
INV02947,S057983,C00217,2025-03-25,43681.51,7862.6718,2025-03-25,Disputed
INV02948,S024850,C00988,2026-01-13,42019.5,7563.509999999999,2026-01-13,Overdue
INV02949,S014289,C00401,2024-06-19,29007.81,5221.4058,2024-06-19,Disputed
INV02950,S000031,C00907,2025-10-04,26671.949999999997,4800.950999999999,2025-10-04,Overdue
INV02951,S055105,C00498,2024-08-29,13584.76,2445.2568,2024-08-29,Pending
INV02952,S032779,C00128,2026-04-16,11890.189999999999,2140.2342,2026-04-16,Disputed
INV02953,S004141,C00933,2026-03-12,48966.61,8813.9898,2026-03-12,Paid
INV02954,S020333,C00565,2025-11-13,56630.259999999995,10193.446799999998,2025-11-13,Overdue
INV02955,S095942,C00519,2024-08-21,46399.55,8351.919,2024-08-21,Overdue
INV02956,S056057,C00696,2025-11-30,34326.130000000005,6178.7034,2025-11-30,Pending
INV02957,S078443,C00544,2025-10-08,27295.13,4913.1234,2025-10-08,Disputed
INV02958,S048416,C00197,2025-02-23,24358.25,4384.485,2025-02-23,Overdue
INV02959,S029551,C00098,2026-04-05,18563.739999999998,3341.4731999999995,2026-04-05,Paid
INV02960,S076523,C00907,2025-06-21,29642.82,5335.7076,2025-06-21,Overdue
INV02961,S059942,C00158,2025-10-14,25202.94,4536.5292,2025-10-14,Disputed
INV02962,S091452,C00951,2025-07-07,42262.61,7607.2698,2025-07-07,Disputed
INV02963,S033402,C00254,2025-01-31,16851.559999999998,3033.2807999999995,2025-01-31,Overdue
INV02964,S025113,C00840,2026-05-26,20042.809999999998,3607.7057999999993,2026-05-26,Pending
INV02965,S014890,C00580,2024-08-13,45844.350000000006,8251.983,2024-08-13,Overdue
INV02966,S049763,C00206,2026-05-15,35181.88,6332.738399999999,2026-05-15,Disputed
INV02967,S062263,C00743,2025-03-19,39734.8,7152.264,2025-03-19,Disputed
INV02968,S017599,C00863,2024-07-24,40248.810000000005,7244.785800000001,2024-07-24,Disputed
INV02969,S035597,C00713,2024-11-08,55979.05,10076.229,2024-11-08,Overdue
INV02970,S085949,C00108,2025-06-20,34234.32,6162.1776,2025-06-20,Paid
INV02971,S069919,C00252,2024-06-23,29353.29,5283.5922,2024-06-23,Paid
INV02972,S025010,C00642,2024-11-07,56488.03999999999,10167.847199999998,2024-11-07,Disputed
INV02973,S030853,C00140,2025-01-13,27706.93,4987.2474,2025-01-13,Disputed
INV02974,S044968,C00933,2025-03-26,45758.829999999994,8236.589399999999,2025-03-26,Disputed
INV02975,S079359,C00278,2025-02-17,28265.63,5087.8134,2025-02-17,Disputed
INV02976,S022312,C00680,2024-11-05,17544.8,3158.064,2024-11-05,Disputed
INV02977,S058415,C00160,2025-09-09,50817.17,9147.0906,2025-09-09,Paid
INV02978,S005466,C00168,2025-10-30,10125.0,1822.5,2025-10-30,Paid
INV02979,S054072,C00417,2024-10-07,58359.36,10504.684799999999,2024-10-07,Disputed
INV02980,S032091,C00765,2025-06-18,30080.41,5414.4738,2025-06-18,Overdue
INV02981,S021944,C00268,2024-09-24,45543.22,8197.7796,2024-09-24,Disputed
INV02982,S015330,C00766,2024-11-17,34152.94,6147.5292,2024-11-17,Pending
INV02983,S034663,C00474,2025-04-25,16633.53,2994.0353999999998,2025-04-25,Disputed
INV02984,S000928,C00706,2024-07-25,53955.36,9711.9648,2024-07-25,Disputed
INV02985,S091306,C00227,2024-10-11,30716.78,5529.020399999999,2024-10-11,Paid
INV02986,S033024,C00508,2025-11-14,40078.42,7214.115599999999,2025-11-14,Overdue
INV02987,S000309,C00148,2025-01-02,36508.64,6571.5552,2025-01-02,Disputed
INV02988,S014774,C00076,2025-09-27,58582.92,10544.925599999999,2025-09-27,Pending
INV02989,S018841,C00191,2025-06-03,33426.64,6016.7952,2025-06-03,Paid
INV02990,S057842,C00219,2025-02-05,26190.13,4714.2234,2025-02-05,Paid
INV02991,S012778,C00788,2025-06-20,51562.68,9281.2824,2025-06-20,Paid
INV02992,S078493,C00910,2026-02-07,42596.34,7667.341199999999,2026-02-07,Paid
INV02993,S094602,C00410,2026-04-19,42958.91,7732.603800000001,2026-04-19,Paid
INV02994,S080947,C00929,2025-07-05,54486.77,9807.6186,2025-07-05,Overdue
INV02995,S083641,C00988,2024-09-14,23618.41,4251.3138,2024-09-14,Overdue
INV02996,S073695,C00202,2025-02-06,12527.3,2254.9139999999998,2025-02-06,Pending
INV02997,S041934,C00172,2025-01-07,56870.59,10236.706199999999,2025-01-07,Disputed
INV02998,S035456,C00713,2024-08-20,13030.42,2345.4755999999998,2024-08-20,Paid
INV02999,S098361,C00268,2025-03-18,22827.73,4108.9914,2025-03-18,Paid
INV03000,S087173,C00513,2024-12-13,58889.41,10600.0938,2024-12-13,Disputed
INV03001,S059593,C00570,2025-09-02,28894.620000000003,5201.0316,2025-09-02,Pending
INV03002,S089120,C00413,2025-07-26,46214.200000000004,8318.556,2025-07-26,Pending
INV03003,S063836,C00553,2025-04-23,50364.520000000004,9065.6136,2025-04-23,Paid
INV03004,S083963,C00591,2025-12-11,58137.44,10464.7392,2025-12-11,Disputed
INV03005,S037835,C00390,2025-08-24,41211.48,7418.066400000001,2025-08-24,Overdue
INV03006,S097204,C00014,2024-09-28,42285.45,7611.380999999999,2024-09-28,Paid
INV03007,S097959,C00576,2024-12-31,38105.08,6858.9144,2024-12-31,Paid
INV03008,S045492,C00115,2025-07-16,27522.21,4953.9978,2025-07-16,Disputed
INV03009,S053390,C00796,2025-03-17,43831.51,7889.6718,2025-03-17,Paid
INV03010,S037638,C00390,2024-11-07,28676.6,5161.788,2024-11-07,Pending
INV03011,S088341,C00415,2026-01-09,27928.82,5027.1876,2026-01-09,Overdue
INV03012,S084503,C00990,2025-05-20,19894.309999999998,3580.9757999999993,2025-05-20,Paid
INV03013,S083937,C00622,2026-02-23,44069.560000000005,7932.5208,2026-02-23,Paid
INV03014,S036187,C00410,2026-05-09,38641.01,6955.3818,2026-05-09,Overdue
INV03015,S092583,C00796,2025-01-04,47891.67,8620.5006,2025-01-04,Disputed
INV03016,S015790,C00831,2025-07-15,13120.26,2361.6468,2025-07-15,Pending
INV03017,S095126,C00383,2024-10-01,49776.310000000005,8959.7358,2024-10-01,Overdue
INV03018,S092044,C00323,2025-08-24,22724.379999999997,4090.3883999999994,2025-08-24,Overdue
INV03019,S047333,C00257,2026-03-15,48871.75,8796.914999999999,2026-03-15,Overdue
INV03020,S023496,C00223,2024-12-08,48016.740000000005,8643.013200000001,2024-12-08,Pending
INV03021,S063505,C00150,2024-12-20,39829.35,7169.282999999999,2024-12-20,Disputed
INV03022,S074462,C00558,2024-11-02,53899.46000000001,9701.902800000002,2024-11-02,Overdue
INV03023,S064666,C00929,2024-09-01,41226.24,7420.723199999999,2024-09-01,Disputed
INV03024,S042893,C00648,2024-11-23,31081.82,5594.7276,2024-11-23,Overdue
INV03025,S014405,C00879,2024-09-20,24181.71,4352.7078,2024-09-20,Overdue
INV03026,S043293,C00750,2025-10-18,50447.24,9080.5032,2025-10-18,Pending
INV03027,S092134,C00744,2025-03-29,20382.57,3668.8626,2025-03-29,Pending
INV03028,S087929,C00450,2025-09-03,59443.9,10699.902,2025-09-03,Paid
INV03029,S056274,C00015,2025-02-18,52418.26,9435.2868,2025-02-18,Overdue
INV03030,S055142,C00657,2025-04-15,40126.0,7222.679999999999,2025-04-15,Disputed
INV03031,S090403,C00843,2024-12-31,46213.21,8318.3778,2024-12-31,Disputed
INV03032,S096295,C00655,2024-12-03,46404.22,8352.7596,2024-12-03,Paid
INV03033,S063731,C00981,2024-07-02,56162.850000000006,10109.313,2024-07-02,Disputed
INV03034,S087766,C00157,2024-08-16,30767.15,5538.087,2024-08-16,Disputed
INV03035,S060627,C00304,2024-08-15,52300.82,9414.1476,2024-08-15,Pending
INV03036,S056388,C00497,2025-07-18,53696.17,9665.310599999999,2025-07-18,Disputed
INV03037,S005053,C00790,2025-09-14,30588.26,5505.886799999999,2025-09-14,Pending
INV03038,S074924,C00213,2026-06-01,6365.95,1145.8709999999999,2026-06-01,Pending
INV03039,S009779,C00587,2025-12-27,56043.479999999996,10087.826399999998,2025-12-27,Overdue
INV03040,S074312,C00890,2026-03-22,18380.65,3308.5170000000003,2026-03-22,Paid
INV03041,S017513,C00398,2024-09-29,33143.56,5965.840799999999,2024-09-29,Pending
INV03042,S032113,C00065,2025-04-01,36699.270000000004,6605.868600000001,2025-04-01,Overdue
INV03043,S068176,C00264,2024-06-09,19123.32,3442.1976,2024-06-09,Disputed
INV03044,S098454,C00001,2025-08-25,20065.989999999998,3611.8781999999997,2025-08-25,Overdue
INV03045,S022142,C00020,2025-07-21,36153.38,6507.608399999999,2025-07-21,Paid
INV03046,S078886,C00707,2025-11-03,25166.96,4530.0527999999995,2025-11-03,Disputed
INV03047,S094334,C00691,2026-01-30,37680.520000000004,6782.493600000001,2026-01-30,Disputed
INV03048,S043642,C00655,2025-07-04,45191.659999999996,8134.498799999999,2025-07-04,Overdue
INV03049,S079446,C00048,2024-07-13,26485.74,4767.4332,2024-07-13,Overdue
INV03050,S097287,C00251,2025-04-11,27957.559999999998,5032.3607999999995,2025-04-11,Paid
INV03051,S034935,C00037,2025-07-02,26584.559999999998,4785.220799999999,2025-07-02,Pending
INV03052,S095898,C00351,2026-03-01,16306.25,2935.125,2026-03-01,Overdue
INV03053,S018325,C00473,2025-08-30,51355.11,9243.9198,2025-08-30,Overdue
INV03054,S056667,C00385,2026-04-26,46950.72,8451.1296,2026-04-26,Disputed
INV03055,S035732,C00103,2024-06-18,34148.84,6146.791199999999,2024-06-18,Overdue
INV03056,S007973,C00383,2025-10-03,42872.759999999995,7717.096799999998,2025-10-03,Overdue
INV03057,S034391,C00396,2025-02-15,37427.65,6736.977,2025-02-15,Paid
INV03058,S081692,C00887,2026-02-22,16995.17,3059.1305999999995,2026-02-22,Pending
INV03059,S056616,C00901,2024-07-28,32872.770000000004,5917.0986,2024-07-28,Pending
INV03060,S011035,C00409,2025-11-15,38815.0,6986.7,2025-11-15,Overdue
INV03061,S082050,C00119,2025-05-10,36470.54,6564.6972,2025-05-10,Paid
INV03062,S084380,C00567,2024-06-30,50954.44,9171.7992,2024-06-30,Pending
INV03063,S077290,C00382,2025-08-05,30072.47,5413.0446,2025-08-05,Overdue
INV03064,S092339,C00584,2025-04-21,33267.84,5988.211199999999,2025-04-21,Disputed
INV03065,S015606,C00614,2026-06-03,23517.64,4233.1752,2026-06-03,Disputed
INV03066,S023142,C00092,2024-08-04,34944.86,6290.0748,2024-08-04,Overdue
INV03067,S073419,C00025,2024-06-14,52173.59,9391.2462,2024-06-14,Pending
INV03068,S085747,C00052,2025-12-19,16704.809999999998,3006.8657999999996,2025-12-19,Paid
INV03069,S097875,C00788,2025-12-20,46886.6,8439.588,2025-12-20,Disputed
INV03070,S059200,C00267,2025-01-25,17051.14,3069.2052,2025-01-25,Overdue
INV03071,S060268,C00567,2026-02-27,29591.96,5326.5527999999995,2026-02-27,Paid
INV03072,S064751,C00495,2024-07-02,29293.47,5272.8246,2024-07-02,Pending
INV03073,S071674,C00366,2025-09-09,52550.270000000004,9459.0486,2025-09-09,Disputed
INV03074,S047429,C00627,2024-06-04,58690.98,10564.376400000001,2024-06-04,Pending
INV03075,S065700,C00424,2025-05-02,52598.58,9467.7444,2025-05-02,Overdue
INV03076,S097485,C00392,2026-05-31,24624.21,4432.3578,2026-05-31,Paid
INV03077,S000254,C00129,2025-09-09,23666.61,4259.9898,2025-09-09,Disputed
INV03078,S054289,C00431,2024-09-28,43168.86,7770.3948,2024-09-28,Disputed
INV03079,S005729,C00964,2025-03-08,48868.38,8796.3084,2025-03-08,Overdue
INV03080,S039859,C00380,2024-09-10,32753.64,5895.655199999999,2024-09-10,Overdue
INV03081,S094903,C00924,2026-03-24,12384.98,2229.2963999999997,2026-03-24,Paid
INV03082,S073694,C00608,2025-10-24,53957.05,9712.269,2025-10-24,Disputed
INV03083,S088225,C00073,2025-02-24,14140.029999999999,2545.2054,2025-02-24,Paid
INV03084,S046691,C00011,2024-12-05,18083.93,3255.1074,2024-12-05,Overdue
INV03085,S098650,C00975,2026-01-19,27980.469999999998,5036.4846,2026-01-19,Paid
INV03086,S004153,C00263,2025-03-01,58025.09,10444.516199999998,2025-03-01,Disputed
INV03087,S022151,C00464,2024-06-17,17481.02,3146.5836,2024-06-17,Disputed
INV03088,S046075,C00660,2026-01-01,23112.83,4160.3094,2026-01-01,Paid
INV03089,S098648,C00904,2025-06-29,30374.17,5467.3506,2025-06-29,Overdue
INV03090,S011784,C00960,2025-06-27,20003.7,3600.666,2025-06-27,Pending
INV03091,S068875,C00973,2024-11-25,34077.32,6133.9176,2024-11-25,Overdue
INV03092,S096594,C00475,2025-02-18,34358.17,6184.4706,2025-02-18,Paid
INV03093,S061899,C00570,2025-01-03,36754.3,6615.774,2025-01-03,Paid
INV03094,S060926,C00485,2026-02-21,38873.229999999996,6997.181399999999,2026-02-21,Overdue
INV03095,S000860,C00566,2024-09-11,15667.98,2820.2364,2024-09-11,Disputed
INV03096,S009360,C00262,2025-05-02,31266.94,5628.0491999999995,2025-05-02,Overdue
INV03097,S013983,C00225,2025-09-03,12322.88,2218.1184,2025-09-03,Disputed
INV03098,S000028,C00375,2025-02-24,33152.2,5967.395999999999,2025-02-24,Disputed
INV03099,S076992,C00107,2025-02-26,51449.97,9260.9946,2025-02-26,Overdue
INV03100,S021656,C00276,2025-07-18,40636.77,7314.618599999999,2025-07-18,Paid
INV03101,S007555,C00434,2025-02-27,55188.770000000004,9933.9786,2025-02-27,Pending
INV03102,S095950,C00683,2025-06-27,30690.09,5524.2162,2025-06-27,Overdue
INV03103,S078162,C00146,2025-05-24,55098.39,9917.7102,2025-05-24,Overdue
INV03104,S036505,C00704,2025-01-11,28495.3,5129.1539999999995,2025-01-11,Pending
INV03105,S051706,C00090,2025-01-01,45686.53,8223.5754,2025-01-01,Disputed
INV03106,S089698,C00051,2025-07-02,49448.31,8900.6958,2025-07-02,Disputed
INV03107,S015084,C00332,2025-04-26,41104.880000000005,7398.8784000000005,2025-04-26,Disputed
INV03108,S076169,C00028,2024-12-10,38592.48,6946.6464000000005,2024-12-10,Overdue
INV03109,S084996,C00046,2026-01-11,25225.01,4540.501799999999,2026-01-11,Paid
INV03110,S057192,C00918,2025-10-21,32534.71,5856.247799999999,2025-10-21,Overdue
INV03111,S039866,C00654,2026-04-07,53963.909999999996,9713.503799999999,2026-04-07,Paid
INV03112,S055043,C00766,2026-03-11,44183.01,7952.9418000000005,2026-03-11,Paid
INV03113,S052714,C00107,2024-08-24,37491.14,6748.405199999999,2024-08-24,Pending
INV03114,S096590,C00456,2025-01-27,50862.72,9155.2896,2025-01-27,Paid
INV03115,S091443,C00593,2024-12-29,38256.92,6886.245599999999,2024-12-29,Disputed
INV03116,S012574,C00892,2026-02-23,34226.58,6160.7844000000005,2026-02-23,Overdue
INV03117,S002256,C00817,2024-09-04,50559.98,9100.796400000001,2024-09-04,Paid
INV03118,S015990,C00497,2024-06-07,27549.079999999998,4958.8344,2024-06-07,Disputed
INV03119,S009119,C00832,2025-09-26,42933.3,7727.994000000001,2025-09-26,Pending
INV03120,S018842,C00661,2025-01-07,36528.8,6575.184,2025-01-07,Overdue
INV03121,S017657,C00665,2025-07-12,9266.52,1667.9736,2025-07-12,Pending
INV03122,S019334,C00224,2025-05-31,27032.89,4865.9202,2025-05-31,Paid
INV03123,S028602,C00578,2024-08-04,52823.22,9508.1796,2024-08-04,Overdue
INV03124,S073628,C00134,2024-11-15,33725.64,6070.615199999999,2024-11-15,Pending
INV03125,S083687,C00410,2025-03-12,9309.55,1675.7189999999998,2025-03-12,Disputed
INV03126,S043957,C00415,2025-11-17,50669.63,9120.533399999998,2025-11-17,Overdue
INV03127,S096823,C00045,2025-06-21,38594.91,6947.0838,2025-06-21,Disputed
INV03128,S011105,C00009,2025-03-27,28942.96,5209.7328,2025-03-27,Paid
INV03129,S033604,C00652,2025-07-15,31611.29,5690.0322,2025-07-15,Overdue
INV03130,S003566,C00102,2025-12-28,52138.4,9384.912,2025-12-28,Overdue
INV03131,S041631,C00605,2025-12-09,47695.689999999995,8585.224199999999,2025-12-09,Disputed
INV03132,S088757,C00017,2025-02-04,5825.68,1048.6224,2025-02-04,Overdue
INV03133,S004054,C00484,2024-11-12,49184.88,8853.2784,2024-11-12,Overdue
INV03134,S054935,C00249,2025-03-01,26117.300000000003,4701.1140000000005,2025-03-01,Disputed
INV03135,S041114,C00514,2026-01-15,8810.59,1585.9062,2026-01-15,Disputed
INV03136,S069501,C00432,2026-02-22,57889.119999999995,10420.041599999999,2026-02-22,Overdue
INV03137,S092771,C00052,2025-09-05,45874.990000000005,8257.4982,2025-09-05,Paid
INV03138,S072334,C00107,2026-02-12,56849.090000000004,10232.8362,2026-02-12,Pending
INV03139,S097486,C00708,2025-04-07,34506.91,6211.2438,2025-04-07,Disputed
INV03140,S007431,C00582,2024-10-16,39776.56,7159.7807999999995,2024-10-16,Pending
INV03141,S037383,C00534,2026-02-25,25857.06,4654.2708,2026-02-25,Pending
INV03142,S057599,C00355,2024-12-31,52572.46,9463.0428,2024-12-31,Paid
INV03143,S041351,C00967,2024-08-18,52680.53,9482.4954,2024-08-18,Overdue
INV03144,S051738,C00870,2025-03-05,20504.51,3690.8117999999995,2025-03-05,Overdue
INV03145,S094191,C00364,2024-08-14,9542.78,1717.7004,2024-08-14,Disputed
INV03146,S006746,C00174,2026-01-19,9628.9,1733.2019999999998,2026-01-19,Pending
INV03147,S039893,C00459,2025-07-09,49346.009999999995,8882.281799999999,2025-07-09,Pending
INV03148,S098072,C00377,2026-05-29,54919.35,9885.483,2026-05-29,Paid
INV03149,S069488,C00158,2026-01-30,59004.21,10620.7578,2026-01-30,Overdue
INV03150,S069461,C00369,2026-04-01,41590.62,7486.3116,2026-04-01,Disputed
INV03151,S088902,C00425,2025-12-07,26849.340000000004,4832.881200000001,2025-12-07,Pending
INV03152,S034274,C00011,2026-04-26,34871.75,6276.915,2026-04-26,Paid
INV03153,S029295,C00305,2025-09-06,42055.02,7569.903599999999,2025-09-06,Overdue
INV03154,S016817,C00397,2025-04-26,55165.2,9929.735999999999,2025-04-26,Paid
INV03155,S023229,C00169,2026-02-06,58245.19,10484.1342,2026-02-06,Pending
INV03156,S007580,C00204,2025-03-21,21354.7,3843.846,2025-03-21,Paid
INV03157,S016083,C00892,2025-06-01,17069.86,3072.5748,2025-06-01,Disputed
INV03158,S099992,C00509,2026-05-13,56678.42,10202.1156,2026-05-13,Disputed
INV03159,S061207,C00877,2025-11-07,54538.659999999996,9816.958799999999,2025-11-07,Pending
INV03160,S022561,C00571,2024-08-10,42665.090000000004,7679.716200000001,2024-08-10,Overdue
INV03161,S064667,C00801,2025-09-14,50885.42,9159.3756,2025-09-14,Paid
INV03162,S074249,C00979,2025-03-10,38530.68,6935.5224,2025-03-10,Paid
INV03163,S076230,C00710,2024-07-08,22796.54,4103.3772,2024-07-08,Overdue
INV03164,S014043,C00309,2026-02-25,55988.310000000005,10077.8958,2026-02-25,Disputed
INV03165,S012761,C00344,2026-03-15,39725.86,7150.6548,2026-03-15,Pending
INV03166,S074086,C00156,2024-09-19,27707.88,4987.4184,2024-09-19,Paid
INV03167,S099121,C00119,2025-04-01,27084.36,4875.1848,2025-04-01,Paid
INV03168,S075490,C00653,2026-02-02,17614.79,3170.6622,2026-02-02,Paid
INV03169,S079558,C00052,2024-09-28,20141.35,3625.4429999999998,2024-09-28,Disputed
INV03170,S034268,C00676,2026-03-08,17717.989999999998,3189.2381999999993,2026-03-08,Overdue
INV03171,S026484,C00923,2025-11-13,32759.34,5896.6812,2025-11-13,Pending
INV03172,S060893,C00886,2024-08-23,24531.16,4415.6088,2024-08-23,Pending
INV03173,S029735,C00427,2024-12-26,43744.57,7874.022599999999,2024-12-26,Overdue
INV03174,S026965,C00450,2024-11-28,47974.9,8635.482,2024-11-28,Overdue
INV03175,S029863,C00646,2025-07-05,14977.44,2695.9392,2025-07-05,Paid
INV03176,S079316,C00498,2024-06-03,34143.259999999995,6145.786799999999,2024-06-03,Pending
INV03177,S072085,C00108,2025-03-10,7300.77,1314.1386,2025-03-10,Paid
INV03178,S083225,C00329,2024-06-28,19286.07,3471.4926,2024-06-28,Pending
INV03179,S059711,C00019,2025-12-26,19737.010000000002,3552.6618000000003,2025-12-26,Paid
INV03180,S044744,C00604,2024-10-01,33339.47,6001.1046,2024-10-01,Disputed
INV03181,S013851,C00193,2025-07-25,16137.810000000001,2904.8058,2025-07-25,Disputed
INV03182,S061678,C00166,2024-11-12,52891.92,9520.5456,2024-11-12,Paid
INV03183,S010891,C00625,2024-11-30,17335.15,3120.327,2024-11-30,Paid
INV03184,S067858,C00102,2025-03-27,31086.260000000002,5595.526800000001,2025-03-27,Paid
INV03185,S097176,C00465,2025-10-14,31710.86,5707.9547999999995,2025-10-14,Pending
INV03186,S081547,C00713,2025-07-20,17469.86,3144.5748,2025-07-20,Paid
INV03187,S037742,C00639,2025-05-29,20561.52,3701.0735999999997,2025-05-29,Overdue
INV03188,S097029,C00530,2025-03-04,38262.72,6887.2896,2025-03-04,Pending
INV03189,S043981,C00756,2025-10-15,35799.92,6443.985599999999,2025-10-15,Pending
INV03190,S076666,C00806,2024-09-27,30888.96,5560.0127999999995,2024-09-27,Paid
INV03191,S066446,C00544,2026-02-21,46937.19,8448.6942,2026-02-21,Paid
INV03192,S040434,C00745,2026-01-13,9143.49,1645.8282,2026-01-13,Disputed
INV03193,S058102,C00944,2024-11-12,26399.989999999998,4751.998199999999,2024-11-12,Pending
INV03194,S014217,C00438,2026-04-29,28231.22,5081.6196,2026-04-29,Overdue
INV03195,S053565,C00554,2024-10-26,15486.92,2787.6456,2024-10-26,Paid
INV03196,S005741,C00730,2024-07-04,51457.28999999999,9262.312199999998,2024-07-04,Pending
INV03197,S068196,C00762,2025-01-08,52628.22,9473.0796,2025-01-08,Overdue
INV03198,S071666,C00757,2024-07-26,32135.54,5784.3972,2024-07-26,Disputed
INV03199,S051154,C00712,2026-01-19,22772.969999999998,4099.134599999999,2026-01-19,Disputed
INV03200,S083007,C00783,2025-02-02,47553.07,8559.552599999999,2025-02-02,Paid
INV03201,S076561,C00544,2025-10-28,20675.04,3721.5072,2025-10-28,Disputed
INV03202,S044362,C00943,2025-12-23,56196.130000000005,10115.3034,2025-12-23,Pending
INV03203,S054279,C00296,2025-08-21,6920.7,1245.7259999999999,2025-08-21,Paid
INV03204,S008755,C00559,2025-02-16,43924.33,7906.3794,2025-02-16,Overdue
INV03205,S087870,C00479,2025-10-17,21998.75,3959.7749999999996,2025-10-17,Pending
INV03206,S045202,C00004,2024-06-11,22536.829999999998,4056.6293999999994,2024-06-11,Paid
INV03207,S018642,C00822,2026-02-21,32969.19,5934.4542,2026-02-21,Paid
INV03208,S015187,C00176,2025-12-11,35994.86,6479.074799999999,2025-12-11,Disputed
INV03209,S097377,C00559,2025-05-02,40311.62,7256.091600000001,2025-05-02,Pending
INV03210,S001864,C00114,2026-02-08,44246.92999999999,7964.447399999998,2026-02-08,Paid
INV03211,S056690,C00535,2024-10-11,39316.619999999995,7076.9915999999985,2024-10-11,Paid
INV03212,S070052,C00627,2026-02-02,40239.87,7243.1766,2026-02-02,Overdue
INV03213,S020825,C00665,2025-07-14,56809.84,10225.7712,2025-07-14,Pending
INV03214,S022914,C00383,2025-01-22,27445.82,4940.2476,2025-01-22,Overdue
INV03215,S055191,C00404,2024-08-03,49045.86,8828.2548,2024-08-03,Paid
INV03216,S062207,C00720,2025-07-07,20316.39,3656.9501999999998,2025-07-07,Disputed
INV03217,S071155,C00510,2025-04-06,24862.05,4475.169,2025-04-06,Overdue
INV03218,S013240,C00962,2024-06-16,14702.64,2646.4752,2024-06-16,Pending
INV03219,S095863,C00044,2025-04-26,36745.509999999995,6614.191799999999,2025-04-26,Overdue
INV03220,S074136,C00950,2025-05-14,54072.76,9733.0968,2025-05-14,Pending
INV03221,S018098,C00477,2025-06-25,39127.25,7042.905,2025-06-25,Overdue
INV03222,S074399,C00099,2024-07-17,18162.46,3269.2427999999995,2024-07-17,Overdue
INV03223,S001183,C00225,2025-06-30,52290.58,9412.304399999999,2025-06-30,Disputed
INV03224,S084228,C00035,2024-08-13,35173.72,6331.2696,2024-08-13,Disputed
INV03225,S026548,C00237,2026-05-24,46381.27,8348.6286,2026-05-24,Paid
INV03226,S047372,C00778,2024-09-27,15076.359999999999,2713.7447999999995,2024-09-27,Overdue
INV03227,S052997,C00920,2025-08-14,57042.63,10267.6734,2025-08-14,Paid
INV03228,S050038,C00269,2024-12-05,50565.13,9101.723399999999,2024-12-05,Disputed
INV03229,S047614,C00580,2025-05-08,20883.53,3759.0353999999998,2025-05-08,Disputed
INV03230,S033729,C00279,2025-06-21,18978.28,3416.0903999999996,2025-06-21,Overdue
INV03231,S083462,C00516,2025-06-17,27707.07,4987.272599999999,2025-06-17,Paid
INV03232,S092393,C00804,2025-12-26,34202.53,6156.4554,2025-12-26,Overdue
INV03233,S015571,C00443,2025-05-27,49648.0,8936.64,2025-05-27,Pending
INV03234,S086225,C00184,2025-11-05,22170.25,3990.645,2025-11-05,Disputed
INV03235,S092676,C00876,2026-05-07,7423.65,1336.2569999999998,2026-05-07,Pending
INV03236,S001237,C00722,2026-03-05,16745.71,3014.2277999999997,2026-03-05,Paid
INV03237,S083734,C00938,2026-01-10,49493.32,8908.7976,2026-01-10,Pending
INV03238,S075486,C00721,2025-05-15,6994.09,1258.9361999999999,2025-05-15,Paid
INV03239,S066048,C00982,2025-04-29,11319.35,2037.483,2025-04-29,Pending
INV03240,S021199,C00237,2025-07-21,14588.980000000001,2626.0164,2025-07-21,Paid
INV03241,S077454,C00447,2025-03-04,19817.260000000002,3567.1068,2025-03-04,Pending
INV03242,S019887,C00340,2024-12-03,20793.57,3742.8426,2024-12-03,Pending
INV03243,S040187,C00408,2026-04-25,34206.39,6157.1502,2026-04-25,Overdue
INV03244,S067556,C00043,2025-07-12,49242.41,8863.6338,2025-07-12,Disputed
INV03245,S051754,C00550,2025-12-08,35234.3,6342.174,2025-12-08,Overdue
INV03246,S094902,C00096,2025-12-29,17618.1,3171.258,2025-12-29,Paid
INV03247,S045164,C00592,2024-12-10,17751.47,3195.2646,2024-12-10,Overdue
INV03248,S079245,C00103,2026-06-02,46095.03999999999,8297.107199999999,2026-06-02,Paid
INV03249,S042525,C00122,2025-11-08,5357.79,964.4022,2025-11-08,Overdue
INV03250,S040604,C00331,2025-08-03,43228.86,7781.1948,2025-08-03,Paid
INV03251,S077776,C00436,2025-03-05,25612.78,4610.300399999999,2025-03-05,Paid
INV03252,S018906,C00086,2024-12-28,5763.33,1037.3994,2024-12-28,Overdue
INV03253,S052350,C00305,2025-06-28,19538.89,3517.0002,2025-06-28,Paid
INV03254,S045503,C00966,2024-12-23,40414.68,7274.6424,2024-12-23,Overdue
INV03255,S036012,C00285,2025-08-06,12710.51,2287.8918,2025-08-06,Pending
INV03256,S068493,C00347,2025-04-14,9979.27,1796.2686,2025-04-14,Disputed
INV03257,S040495,C00889,2025-07-22,43703.63,7866.653399999999,2025-07-22,Pending
INV03258,S083178,C00761,2025-02-11,54202.409999999996,9756.433799999999,2025-02-11,Pending
INV03259,S065030,C00958,2026-06-03,47462.76,8543.2968,2026-06-03,Disputed
INV03260,S094680,C00044,2025-12-02,39006.340000000004,7021.1412,2025-12-02,Overdue
INV03261,S015157,C00948,2024-09-26,56449.49,10160.9082,2024-09-26,Disputed
INV03262,S038814,C00396,2026-04-16,41472.68,7465.082399999999,2026-04-16,Disputed
INV03263,S063799,C00335,2024-09-05,23587.08,4245.6744,2024-09-05,Pending
INV03264,S005878,C00449,2025-01-08,24156.61,4348.1898,2025-01-08,Disputed
INV03265,S036051,C00750,2024-08-28,30761.01,5536.9818,2024-08-28,Disputed
INV03266,S014958,C00545,2026-04-23,12999.619999999999,2339.9316,2026-04-23,Disputed
INV03267,S031484,C00183,2025-02-02,46132.29,8303.8122,2025-02-02,Overdue
INV03268,S064812,C00290,2024-09-10,18376.04,3307.6872,2024-09-10,Disputed
INV03269,S029995,C00100,2025-10-17,15796.960000000001,2843.4528,2025-10-17,Pending
INV03270,S031688,C00825,2025-02-01,36238.78,6522.9803999999995,2025-02-01,Pending
INV03271,S047917,C00692,2026-01-22,19775.86,3559.6548,2026-01-22,Overdue
INV03272,S079248,C00542,2026-05-11,43486.810000000005,7827.625800000001,2026-05-11,Pending
INV03273,S051069,C00741,2026-03-02,57001.829999999994,10260.329399999999,2026-03-02,Paid
INV03274,S058137,C00916,2026-03-13,11788.869999999999,2121.9966,2026-03-13,Pending
INV03275,S075220,C00051,2024-11-04,23396.11,4211.2998,2024-11-04,Disputed
INV03276,S060591,C00304,2026-01-18,32741.42,5893.455599999999,2026-01-18,Overdue
INV03277,S099625,C00497,2024-08-13,51345.4,9242.172,2024-08-13,Paid
INV03278,S093202,C00207,2025-11-26,19629.6,3533.3279999999995,2025-11-26,Paid
INV03279,S019360,C00109,2025-06-17,48499.479999999996,8729.9064,2025-06-17,Overdue
INV03280,S086249,C00402,2025-12-12,35331.34,6359.641199999999,2025-12-12,Overdue
INV03281,S007302,C00492,2025-09-26,46519.53,8373.5154,2025-09-26,Paid
INV03282,S044070,C00651,2024-07-28,44880.41,8078.473800000001,2024-07-28,Pending
INV03283,S049310,C00632,2025-03-29,47382.53999999999,8528.857199999999,2025-03-29,Overdue
INV03284,S025665,C00038,2024-12-04,32233.719999999998,5802.069599999999,2024-12-04,Pending
INV03285,S096614,C00344,2025-11-19,32288.600000000002,5811.948,2025-11-19,Disputed
INV03286,S034635,C00778,2025-07-20,24297.230000000003,4373.5014,2025-07-20,Pending
INV03287,S057625,C00626,2024-09-05,25156.86,4528.2348,2024-09-05,Paid
INV03288,S093397,C00831,2024-11-15,52846.74,9512.413199999999,2024-11-15,Overdue
INV03289,S092169,C00318,2025-10-09,45254.03,8145.725399999999,2025-10-09,Paid
INV03290,S013767,C00892,2024-09-20,35501.61,6390.2898,2024-09-20,Disputed
INV03291,S087663,C00750,2026-04-29,33375.880000000005,6007.6584,2026-04-29,Disputed
INV03292,S004785,C00853,2025-03-14,14770.0,2658.6,2025-03-14,Disputed
INV03293,S059948,C00279,2025-08-25,40445.0,7280.099999999999,2025-08-25,Disputed
INV03294,S066045,C00657,2025-05-06,30726.44,5530.7591999999995,2025-05-06,Overdue
INV03295,S031097,C00431,2024-08-22,27468.54,4944.3372,2024-08-22,Paid
INV03296,S085252,C00840,2024-10-13,47697.090000000004,8585.476200000001,2024-10-13,Overdue
INV03297,S033344,C00427,2026-03-31,39761.46,7157.0628,2026-03-31,Pending
INV03298,S098621,C00209,2025-11-20,48114.159999999996,8660.548799999999,2025-11-20,Pending
INV03299,S031695,C00156,2025-05-04,37763.57,6797.442599999999,2025-05-04,Disputed
INV03300,S013141,C00898,2024-09-02,4225.35,760.563,2024-09-02,Disputed
INV03301,S062656,C00366,2026-03-08,10624.3,1912.3739999999998,2026-03-08,Overdue
INV03302,S022131,C00382,2024-09-16,55991.85,10078.533,2024-09-16,Pending
INV03303,S072549,C00794,2024-08-03,20404.710000000003,3672.8478000000005,2024-08-03,Disputed
INV03304,S052124,C00899,2026-01-09,27504.14,4950.745199999999,2026-01-09,Overdue
INV03305,S087120,C00352,2024-10-16,24704.440000000002,4446.7992,2024-10-16,Pending
INV03306,S053389,C00963,2024-09-09,23278.739999999998,4190.173199999999,2024-09-09,Overdue
INV03307,S070747,C00343,2024-07-19,21746.73,3914.4114,2024-07-19,Pending
INV03308,S085682,C00369,2025-03-01,39742.21,7153.5978,2025-03-01,Overdue
INV03309,S049684,C00990,2025-05-01,30774.100000000002,5539.338,2025-05-01,Disputed
INV03310,S001056,C00644,2024-09-08,25288.03,4551.845399999999,2024-09-08,Overdue
INV03311,S087045,C00707,2025-08-20,29426.09,5296.696199999999,2025-08-20,Disputed
INV03312,S024172,C00547,2024-06-15,53749.469999999994,9674.904599999998,2024-06-15,Disputed
INV03313,S082311,C00849,2025-01-05,38462.08,6923.1744,2025-01-05,Pending
INV03314,S019485,C00970,2025-11-10,44106.26,7939.1268,2025-11-10,Paid
INV03315,S020972,C00808,2025-01-09,18046.38,3248.3484,2025-01-09,Disputed
INV03316,S094089,C00891,2025-07-10,17778.27,3200.0886,2025-07-10,Disputed
INV03317,S050751,C00829,2024-09-03,34857.259999999995,6274.3067999999985,2024-09-03,Overdue
INV03318,S033015,C00195,2026-03-19,55115.19,9920.7342,2026-03-19,Overdue
INV03319,S020076,C00554,2025-10-08,57413.32,10334.3976,2025-10-08,Pending
INV03320,S089697,C00522,2026-02-25,41663.34,7499.401199999999,2026-02-25,Paid
INV03321,S023894,C00123,2025-12-31,25237.41,4542.7338,2025-12-31,Disputed
INV03322,S093754,C00454,2025-07-07,19634.56,3534.2208,2025-07-07,Paid
INV03323,S084364,C00679,2025-08-06,26349.1,4742.838,2025-08-06,Overdue
INV03324,S010097,C00646,2024-06-19,33062.85,5951.312999999999,2024-06-19,Paid
INV03325,S023350,C00862,2024-08-27,33496.63,6029.393399999999,2024-08-27,Overdue
INV03326,S018617,C00375,2024-08-21,28298.730000000003,5093.7714000000005,2024-08-21,Paid
INV03327,S055453,C00734,2025-03-25,51877.310000000005,9337.9158,2025-03-25,Disputed
INV03328,S032408,C00953,2026-02-11,6723.6,1210.248,2026-02-11,Overdue
INV03329,S074447,C00808,2024-11-29,38033.31,6845.9958,2024-11-29,Disputed
INV03330,S063622,C00793,2025-05-19,19128.59,3443.1461999999997,2025-05-19,Paid
INV03331,S046372,C00253,2025-04-09,20091.08,3616.3944,2025-04-09,Pending
INV03332,S018728,C00793,2025-07-21,23807.07,4285.2726,2025-07-21,Pending
INV03333,S054626,C00967,2024-12-09,14855.789999999999,2674.0422,2024-12-09,Overdue
INV03334,S024930,C00475,2025-05-22,51879.43,9338.2974,2025-05-22,Pending
INV03335,S059021,C00047,2025-10-31,19037.46,3426.7427999999995,2025-10-31,Overdue
INV03336,S047790,C00711,2024-10-08,45522.47,8194.0446,2024-10-08,Pending
INV03337,S040445,C00073,2025-09-10,18591.120000000003,3346.4016,2025-09-10,Paid
INV03338,S031188,C00329,2024-06-05,11972.869999999999,2155.1166,2024-06-05,Pending
INV03339,S000279,C00331,2026-02-14,11739.09,2113.0362,2026-02-14,Paid
INV03340,S008967,C00775,2024-12-19,55921.57,10065.882599999999,2024-12-19,Pending
INV03341,S099760,C00702,2025-04-01,26880.18,4838.4324,2025-04-01,Disputed
INV03342,S028709,C00269,2026-05-15,36539.77,6577.158599999999,2026-05-15,Paid
INV03343,S070534,C00636,2025-03-20,40058.96,7210.6128,2025-03-20,Overdue
INV03344,S084190,C00078,2026-03-22,40731.13,7331.603399999999,2026-03-22,Pending
INV03345,S081576,C00685,2025-12-30,28235.41,5082.373799999999,2025-12-30,Paid
INV03346,S065753,C00319,2026-02-01,10084.619999999999,1815.2315999999998,2026-02-01,Overdue
INV03347,S029590,C00525,2025-06-14,45637.74,8214.7932,2025-06-14,Disputed
INV03348,S081994,C00595,2025-04-29,26996.7,4859.406,2025-04-29,Disputed
INV03349,S020774,C00712,2024-07-23,52818.44,9507.3192,2024-07-23,Overdue
INV03350,S064312,C00319,2025-03-23,43914.979999999996,7904.696399999999,2025-03-23,Pending
INV03351,S007477,C00677,2025-01-21,44123.49,7942.2282,2025-01-21,Pending
INV03352,S079877,C00348,2025-09-01,53270.64,9588.715199999999,2025-09-01,Paid
INV03353,S007407,C00945,2024-12-04,27030.23,4865.4414,2024-12-04,Disputed
INV03354,S000710,C00580,2025-12-13,21776.59,3919.7862,2025-12-13,Disputed
INV03355,S084655,C00217,2026-02-08,49439.020000000004,8899.0236,2026-02-08,Paid
INV03356,S092813,C00994,2026-04-29,21066.06,3791.8908,2026-04-29,Overdue
INV03357,S094008,C00362,2025-04-16,37662.35,6779.222999999999,2025-04-16,Pending
INV03358,S066906,C00725,2026-05-08,12686.93,2283.6474,2026-05-08,Pending
INV03359,S099122,C00428,2025-04-20,57056.11,10270.0998,2025-04-20,Paid
INV03360,S017176,C00885,2025-02-21,21725.68,3910.6223999999997,2025-02-21,Paid
INV03361,S034825,C00112,2026-03-05,49326.47,8878.7646,2026-03-05,Paid
INV03362,S046662,C00370,2025-02-17,49018.48,8823.3264,2025-02-17,Disputed
INV03363,S042279,C00414,2024-11-09,49176.51,8851.7718,2024-11-09,Overdue
INV03364,S009012,C00260,2024-07-27,45289.94,8152.1892,2024-07-27,Paid
INV03365,S029586,C00963,2025-08-01,20516.41,3692.9538,2025-08-01,Overdue
INV03366,S033457,C00591,2024-06-27,46268.619999999995,8328.351599999998,2024-06-27,Paid
INV03367,S061997,C00749,2026-05-19,34059.72,6130.7496,2026-05-19,Disputed
INV03368,S032786,C00486,2026-02-04,31958.28,5752.4904,2026-02-04,Paid
INV03369,S093156,C00136,2025-04-25,34163.19,6149.3742,2025-04-25,Disputed
INV03370,S097554,C00172,2026-01-15,45415.78,8174.840399999999,2026-01-15,Overdue
INV03371,S084111,C00008,2025-12-08,17961.9,3233.1420000000003,2025-12-08,Overdue
INV03372,S029612,C00927,2024-08-22,19191.64,3454.4952,2024-08-22,Disputed
INV03373,S060840,C00920,2025-02-06,38067.65,6852.177,2025-02-06,Overdue
INV03374,S096624,C00246,2024-12-16,22862.12,4115.1816,2024-12-16,Paid
INV03375,S000640,C00348,2024-10-07,26318.760000000002,4737.3768,2024-10-07,Overdue
INV03376,S092414,C00698,2024-06-23,12806.18,2305.1124,2024-06-23,Paid
INV03377,S085755,C00257,2024-09-15,7560.28,1360.8503999999998,2024-09-15,Pending
INV03378,S061768,C00827,2024-07-02,5813.09,1046.3562,2024-07-02,Overdue
INV03379,S010467,C00462,2025-02-19,35084.14,6315.1452,2025-02-19,Pending
INV03380,S049636,C00649,2024-11-24,44494.21,8008.957799999999,2024-11-24,Pending
INV03381,S002639,C00780,2026-02-20,28425.839999999997,5116.651199999999,2026-02-20,Overdue
INV03382,S033720,C00911,2025-11-07,53726.36,9670.7448,2025-11-07,Paid
INV03383,S069925,C00642,2025-06-23,53336.310000000005,9600.5358,2025-06-23,Disputed
INV03384,S014286,C00318,2025-04-17,59438.47,10698.9246,2025-04-17,Overdue
INV03385,S045433,C00998,2024-10-09,59413.67,10694.460599999999,2024-10-09,Paid
INV03386,S019783,C00301,2024-10-23,36777.31,6619.9158,2024-10-23,Pending
INV03387,S080009,C00022,2025-07-19,16768.37,3018.3066,2025-07-19,Pending
INV03388,S088618,C00741,2025-04-29,48122.700000000004,8662.086000000001,2025-04-29,Paid
INV03389,S098805,C00788,2025-06-03,11852.99,2133.5382,2025-06-03,Overdue
INV03390,S072609,C00455,2024-12-09,52899.899999999994,9521.981999999998,2024-12-09,Disputed
INV03391,S035337,C00459,2026-01-16,34176.82,6151.8276,2026-01-16,Pending
INV03392,S010292,C00364,2024-10-16,41666.5,7499.969999999999,2024-10-16,Pending
INV03393,S049384,C00840,2026-05-28,20617.99,3711.2382000000002,2026-05-28,Paid
INV03394,S028540,C00304,2025-12-30,10353.76,1863.6768,2025-12-30,Paid
INV03395,S081464,C00486,2026-03-12,23472.739999999998,4225.093199999999,2026-03-12,Pending
INV03396,S095599,C00019,2026-04-20,42267.11,7608.0797999999995,2026-04-20,Paid
INV03397,S064692,C00710,2026-01-09,38071.11,6852.7998,2026-01-09,Overdue
INV03398,S061047,C00429,2026-02-20,15478.68,2786.1624,2026-02-20,Disputed
INV03399,S016530,C00454,2025-04-27,47372.3,8527.014000000001,2025-04-27,Paid
INV03400,S046094,C00692,2024-11-06,24201.65,4356.2970000000005,2024-11-06,Paid
INV03401,S016311,C00312,2025-08-18,26889.23,4840.0614,2025-08-18,Overdue
INV03402,S014752,C00454,2025-10-01,37853.81,6813.685799999999,2025-10-01,Disputed
INV03403,S007552,C00982,2024-09-03,22506.21,4051.1177999999995,2024-09-03,Paid
INV03404,S024780,C00426,2025-04-16,24948.39,4490.7101999999995,2025-04-16,Pending
INV03405,S076395,C00111,2025-06-12,39887.76,7179.7968,2025-06-12,Paid
INV03406,S058042,C00214,2025-05-12,23354.78,4203.8604,2025-05-12,Pending
INV03407,S047995,C00194,2026-02-05,24276.35,4369.7429999999995,2026-02-05,Overdue
INV03408,S026178,C00453,2025-07-06,17425.3,3136.5539999999996,2025-07-06,Paid
INV03409,S038612,C00420,2025-04-29,21294.260000000002,3832.9668,2025-04-29,Overdue
INV03410,S020975,C00955,2024-06-11,19480.12,3506.4215999999997,2024-06-11,Overdue
INV03411,S098883,C00854,2024-09-02,21024.53,3784.4154,2024-09-02,Pending
INV03412,S092501,C00155,2025-11-05,49176.38,8851.748399999999,2025-11-05,Overdue
INV03413,S082039,C00422,2025-02-04,57663.42,10379.415599999998,2025-02-04,Pending
INV03414,S021114,C00746,2025-01-29,16505.08,2970.9144,2025-01-29,Pending
INV03415,S039754,C00234,2024-08-04,57845.270000000004,10412.1486,2024-08-04,Overdue
INV03416,S030019,C00718,2024-11-04,50883.04,9158.9472,2024-11-04,Overdue
INV03417,S055696,C00112,2025-04-26,57635.65,10374.417,2025-04-26,Paid
INV03418,S074712,C00591,2025-04-09,29378.72,5288.1696,2025-04-09,Overdue
INV03419,S015965,C00441,2025-07-14,14674.49,2641.4082,2025-07-14,Paid
INV03420,S020093,C00422,2025-02-07,56468.41,10164.3138,2025-02-07,Paid
INV03421,S090423,C00558,2024-07-07,13525.029999999999,2434.5053999999996,2024-07-07,Paid
INV03422,S023200,C00226,2024-07-23,55744.840000000004,10034.0712,2024-07-23,Disputed
INV03423,S034331,C00597,2025-02-28,31644.45,5696.001,2025-02-28,Paid
INV03424,S033023,C00646,2024-12-22,26948.410000000003,4850.7138,2024-12-22,Paid
INV03425,S021100,C00389,2025-09-02,39443.04,7099.7472,2025-09-02,Pending
INV03426,S005037,C00603,2024-07-10,26965.120000000003,4853.7216,2024-07-10,Pending
INV03427,S015813,C00301,2025-08-03,51007.67,9181.380599999999,2025-08-03,Disputed
INV03428,S086824,C00151,2024-06-10,6664.51,1199.6118,2024-06-10,Disputed
INV03429,S049759,C00029,2025-12-26,24528.239999999998,4415.083199999999,2025-12-26,Pending
INV03430,S004685,C00342,2025-11-04,20967.77,3774.1985999999997,2025-11-04,Paid
INV03431,S048830,C00302,2025-12-21,52746.91,9494.443800000001,2025-12-21,Pending
INV03432,S055985,C00213,2025-06-21,24788.82,4461.9875999999995,2025-06-21,Paid
INV03433,S017041,C00478,2025-03-07,44192.39,7954.6302,2025-03-07,Overdue
INV03434,S003892,C00020,2025-05-26,58142.16,10465.5888,2025-05-26,Pending
INV03435,S068516,C00320,2025-06-04,42576.54,7663.7771999999995,2025-06-04,Overdue
INV03436,S046500,C00736,2025-07-25,16696.050000000003,3005.289,2025-07-25,Overdue
INV03437,S030115,C00554,2025-05-30,35394.55,6371.019,2025-05-30,Pending
INV03438,S080415,C00829,2024-06-12,14951.09,2691.1962,2024-06-12,Overdue
INV03439,S041375,C00192,2024-09-23,41599.31,7487.875799999999,2024-09-23,Disputed
INV03440,S020609,C00141,2025-07-31,43296.509999999995,7793.371799999999,2025-07-31,Disputed
INV03441,S048104,C00725,2024-08-11,21716.28,3908.9303999999997,2024-08-11,Paid
INV03442,S062903,C00662,2025-09-03,47483.65,8547.057,2025-09-03,Overdue
INV03443,S022933,C00849,2025-03-05,22190.03,3994.2054,2025-03-05,Pending
INV03444,S052327,C00808,2025-04-12,49477.009999999995,8905.861799999999,2025-04-12,Pending
INV03445,S022024,C00693,2025-07-16,19948.190000000002,3590.6742000000004,2025-07-16,Overdue
INV03446,S029896,C00833,2025-01-24,50135.189999999995,9024.3342,2025-01-24,Disputed
INV03447,S080884,C00308,2026-02-02,52725.71,9490.6278,2026-02-02,Disputed
INV03448,S005562,C00320,2025-12-14,16512.4,2972.232,2025-12-14,Overdue
INV03449,S062061,C00412,2024-12-04,33602.770000000004,6048.498600000001,2024-12-04,Disputed
INV03450,S060771,C00224,2024-12-13,52559.73,9460.751400000001,2024-12-13,Disputed
INV03451,S083212,C00737,2025-08-29,27592.17,4966.5905999999995,2025-08-29,Overdue
INV03452,S084225,C00539,2025-02-27,9233.05,1661.9489999999998,2025-02-27,Overdue
INV03453,S041807,C00655,2026-04-04,30889.5,5560.11,2026-04-04,Pending
INV03454,S048635,C00028,2025-01-04,15073.14,2713.1652,2025-01-04,Disputed
INV03455,S013511,C00323,2025-09-21,16872.87,3037.1166,2025-09-21,Pending
INV03456,S092794,C00195,2025-03-29,16468.88,2964.3984,2025-03-29,Overdue
INV03457,S035727,C00070,2024-08-02,43681.45,7862.660999999999,2024-08-02,Disputed
INV03458,S008797,C00224,2025-04-29,38038.469999999994,6846.9245999999985,2025-04-29,Paid
INV03459,S026323,C00413,2026-01-05,42147.43,7586.5374,2026-01-05,Disputed
INV03460,S036365,C00957,2026-01-26,50184.99,9033.2982,2026-01-26,Disputed
INV03461,S078970,C00421,2025-07-23,17525.98,3154.6764,2025-07-23,Pending
INV03462,S025986,C00796,2024-09-27,41085.79,7395.4421999999995,2024-09-27,Paid
INV03463,S025775,C00646,2025-09-05,51597.04,9287.4672,2025-09-05,Overdue
INV03464,S073212,C00159,2025-07-27,26208.64,4717.5552,2025-07-27,Overdue
INV03465,S091656,C00468,2025-04-25,49563.87,8921.4966,2025-04-25,Overdue
INV03466,S005228,C00554,2024-08-04,19159.829999999998,3448.7693999999997,2024-08-04,Disputed
INV03467,S026032,C00356,2024-07-12,36628.14,6593.0652,2024-07-12,Paid
INV03468,S029080,C00059,2024-12-30,21671.41,3900.8538,2024-12-30,Paid
INV03469,S079972,C00074,2025-08-19,52235.08,9402.3144,2025-08-19,Overdue
INV03470,S033862,C00152,2025-01-19,12692.35,2284.623,2025-01-19,Disputed
INV03471,S028209,C00679,2025-09-25,27121.260000000002,4881.8268,2025-09-25,Overdue
INV03472,S068639,C00428,2025-07-09,29039.59,5227.1262,2025-07-09,Overdue
INV03473,S003550,C00624,2024-07-16,51570.17,9282.630599999999,2024-07-16,Overdue
INV03474,S005278,C00447,2025-10-24,45054.920000000006,8109.8856000000005,2025-10-24,Paid
INV03475,S010269,C00067,2025-12-04,38609.92,6949.785599999999,2025-12-04,Pending
INV03476,S006782,C00134,2025-07-07,31134.62,5604.231599999999,2025-07-07,Overdue
INV03477,S016193,C00967,2024-06-20,36623.3,6592.194,2024-06-20,Paid
INV03478,S028400,C00428,2024-09-12,25621.280000000002,4611.8304,2024-09-12,Disputed
INV03479,S048414,C00270,2026-05-20,5908.41,1063.5138,2026-05-20,Pending
INV03480,S008181,C00480,2024-08-04,22878.28,4118.0904,2024-08-04,Paid
INV03481,S041370,C00181,2024-10-19,52440.26,9439.2468,2024-10-19,Overdue
INV03482,S024415,C00082,2025-12-27,29002.14,5220.3852,2025-12-27,Paid
INV03483,S089153,C00720,2024-07-19,40052.12,7209.381600000001,2024-07-19,Overdue
INV03484,S012747,C00647,2025-12-26,9600.11,1728.0198,2025-12-26,Paid
INV03485,S092376,C00953,2024-11-07,44433.26,7997.9868,2024-11-07,Disputed
INV03486,S094002,C00436,2024-08-29,46985.03999999999,8457.3072,2024-08-29,Pending
INV03487,S099768,C00262,2025-03-13,19010.72,3421.9296,2025-03-13,Pending
INV03488,S017224,C00177,2024-09-08,41661.93,7499.1474,2024-09-08,Paid
INV03489,S088995,C00465,2026-04-28,15735.42,2832.3756,2026-04-28,Overdue
INV03490,S018462,C00382,2025-09-16,45674.48,8221.4064,2025-09-16,Overdue
INV03491,S071359,C00163,2026-03-10,6535.05,1176.309,2026-03-10,Overdue
INV03492,S089075,C00324,2025-06-25,28332.23,5099.801399999999,2025-06-25,Disputed
INV03493,S039085,C00273,2025-10-21,30720.36,5529.6648,2025-10-21,Paid
INV03494,S050908,C00289,2025-12-05,37674.98,6781.4964,2025-12-05,Overdue
INV03495,S043179,C00640,2025-02-13,12100.61,2178.1098,2025-02-13,Disputed
INV03496,S082177,C00231,2025-04-09,23047.719999999998,4148.589599999999,2025-04-09,Pending
INV03497,S095105,C00647,2025-08-02,29912.190000000002,5384.1942,2025-08-02,Pending
INV03498,S041352,C00139,2025-07-11,28210.15,5077.827,2025-07-11,Overdue
INV03499,S024002,C00737,2026-01-17,16889.83,3040.1694,2026-01-17,Overdue
INV03500,S032510,C00198,2024-08-20,45618.58,8211.3444,2024-08-20,Paid
INV03501,S055113,C00936,2026-05-17,24283.98,4371.1164,2026-05-17,Pending
INV03502,S017050,C00374,2026-05-13,10898.68,1961.7624,2026-05-13,Disputed
INV03503,S061718,C00705,2025-06-08,45412.03,8174.1654,2025-06-08,Paid
INV03504,S041945,C00418,2025-07-07,20055.46,3609.9827999999998,2025-07-07,Disputed
INV03505,S093252,C00510,2025-10-01,25229.22,4541.2596,2025-10-01,Overdue
INV03506,S046972,C00268,2025-06-14,10465.68,1883.8224,2025-06-14,Pending
INV03507,S039412,C00482,2026-01-05,26441.39,4759.450199999999,2026-01-05,Disputed
INV03508,S042107,C00096,2025-05-31,22900.52,4122.0936,2025-05-31,Overdue
INV03509,S070159,C00304,2025-05-17,3808.91,685.6038,2025-05-17,Disputed
INV03510,S002931,C00261,2026-05-30,48348.41,8702.7138,2026-05-30,Pending
INV03511,S002635,C00845,2025-03-07,27019.079999999998,4863.434399999999,2025-03-07,Disputed
INV03512,S071357,C00602,2024-10-12,19591.39,3526.4501999999998,2024-10-12,Overdue
INV03513,S053191,C00923,2026-03-14,38398.78,6911.7804,2026-03-14,Overdue
INV03514,S016961,C00688,2024-10-07,32805.11,5904.9198,2024-10-07,Disputed
INV03515,S078428,C00953,2024-08-30,7708.12,1387.4615999999999,2024-08-30,Paid
INV03516,S038847,C00954,2025-10-20,21073.49,3793.2282,2025-10-20,Disputed
INV03517,S063249,C00404,2025-11-08,47200.270000000004,8496.0486,2025-11-08,Disputed
INV03518,S055515,C00266,2024-09-07,50248.33,9044.6994,2024-09-07,Paid
INV03519,S041495,C00678,2025-04-10,9211.279999999999,1658.0303999999996,2025-04-10,Disputed
INV03520,S058341,C00129,2026-02-21,61683.26,11102.9868,2026-02-21,Overdue
INV03521,S040370,C00036,2025-11-21,24475.01,4405.5018,2025-11-21,Pending
INV03522,S086161,C00841,2026-01-27,54008.94,9721.6092,2026-01-27,Overdue
INV03523,S067079,C00618,2025-07-10,57790.51,10402.2918,2025-07-10,Pending
INV03524,S095827,C00989,2025-11-01,44034.9,7926.282,2025-11-01,Disputed
INV03525,S025572,C00114,2026-05-06,8518.65,1533.357,2026-05-06,Pending
INV03526,S015817,C00431,2026-05-02,10262.85,1847.313,2026-05-02,Pending
INV03527,S050195,C00423,2025-05-13,23618.84,4251.3912,2025-05-13,Disputed
INV03528,S050766,C00512,2024-07-03,48313.49,8696.428199999998,2024-07-03,Overdue
INV03529,S029936,C00141,2024-10-16,52776.63,9499.793399999999,2024-10-16,Pending
INV03530,S007464,C00524,2025-02-06,19143.260000000002,3445.7868000000003,2025-02-06,Pending
INV03531,S069474,C00513,2025-09-10,42053.47,7569.6246,2025-09-10,Disputed
INV03532,S007943,C00010,2025-12-23,41397.05,7451.469,2025-12-23,Pending
INV03533,S027865,C00024,2024-12-10,50711.850000000006,9128.133,2024-12-10,Paid
INV03534,S048186,C00048,2025-10-19,26041.43,4687.4574,2025-10-19,Paid
INV03535,S004016,C00293,2024-10-04,32198.01,5795.641799999999,2024-10-04,Paid
INV03536,S001768,C00992,2026-01-29,41916.299999999996,7544.933999999999,2026-01-29,Pending
INV03537,S007326,C00789,2025-01-21,53539.61,9637.1298,2025-01-21,Disputed
INV03538,S032533,C00788,2025-11-17,30951.29,5571.2322,2025-11-17,Paid
INV03539,S062371,C00291,2025-10-06,12092.11,2176.5798,2025-10-06,Paid
INV03540,S049726,C00190,2024-12-11,55253.0,9945.539999999999,2024-12-11,Disputed
INV03541,S001980,C00737,2024-09-01,54700.9,9846.162,2024-09-01,Disputed
INV03542,S097250,C00891,2025-11-26,8271.74,1488.9132,2025-11-26,Paid
INV03543,S017591,C00340,2025-09-12,19262.93,3467.3274,2025-09-12,Disputed
INV03544,S031840,C00435,2025-09-24,39814.76,7166.6568,2025-09-24,Paid
INV03545,S084024,C00919,2025-03-21,21005.58,3781.0044000000003,2025-03-21,Paid
INV03546,S094038,C00681,2024-09-28,52491.74,9448.5132,2024-09-28,Overdue
INV03547,S050107,C00901,2025-04-01,31631.59,5693.6862,2025-04-01,Paid
INV03548,S046651,C00688,2025-01-06,38204.69,6876.8442000000005,2025-01-06,Overdue
INV03549,S033094,C00815,2025-09-21,41563.38,7481.408399999999,2025-09-21,Disputed
INV03550,S024603,C00235,2025-06-07,40143.55,7225.839,2025-06-07,Pending
INV03551,S031430,C00461,2025-12-28,31848.89,5732.8002,2025-12-28,Overdue
INV03552,S041698,C00183,2026-04-29,22102.739999999998,3978.4931999999994,2026-04-29,Disputed
INV03553,S083395,C00617,2025-01-06,23996.66,4319.3988,2025-01-06,Pending
INV03554,S041254,C00135,2026-02-10,36415.090000000004,6554.716200000001,2026-02-10,Pending
INV03555,S012150,C00310,2024-06-04,51954.380000000005,9351.788400000001,2024-06-04,Overdue
INV03556,S089728,C00165,2024-06-26,46345.29,8342.1522,2024-06-26,Disputed
INV03557,S076820,C00552,2026-02-22,56782.89,10220.920199999999,2026-02-22,Paid
INV03558,S096477,C00110,2025-10-13,20300.43,3654.0774,2025-10-13,Pending
INV03559,S086894,C00786,2025-11-19,41891.17,7540.410599999999,2025-11-19,Disputed
INV03560,S032511,C00609,2024-10-09,39112.1,7040.178,2024-10-09,Overdue
INV03561,S023088,C00418,2026-01-30,21562.81,3881.3058,2026-01-30,Pending
INV03562,S067137,C00559,2025-04-03,25573.86,4603.2948,2025-04-03,Paid
INV03563,S056220,C00430,2025-07-13,16682.51,3002.8517999999995,2025-07-13,Pending
INV03564,S046227,C00514,2025-04-17,39982.63,7196.8733999999995,2025-04-17,Disputed
INV03565,S081240,C00856,2024-06-27,4415.9,794.8619999999999,2024-06-27,Disputed
INV03566,S035277,C00743,2025-01-05,22433.530000000002,4038.0354,2025-01-05,Paid
INV03567,S052497,C00544,2025-08-16,19707.23,3547.3014,2025-08-16,Disputed
INV03568,S064707,C00604,2025-12-27,13641.77,2455.5186,2025-12-27,Disputed
INV03569,S027749,C00587,2026-04-28,24935.68,4488.4223999999995,2026-04-28,Pending
INV03570,S079548,C00296,2025-05-19,11673.59,2101.2462,2025-05-19,Pending
INV03571,S096786,C00763,2025-09-21,17762.93,3197.3274,2025-09-21,Paid
INV03572,S070937,C00928,2024-08-11,18400.97,3312.1746000000003,2024-08-11,Paid
INV03573,S044054,C00848,2025-10-13,30958.1,5572.458,2025-10-13,Pending
INV03574,S063591,C00363,2025-10-15,48046.72,8648.409599999999,2025-10-15,Overdue
INV03575,S094377,C00228,2025-05-01,36218.57,6519.3426,2025-05-01,Disputed
INV03576,S027742,C00076,2025-04-12,46583.729999999996,8385.071399999999,2025-04-12,Pending
INV03577,S050757,C00664,2025-02-17,12569.4,2262.4919999999997,2025-02-17,Paid
INV03578,S019094,C00724,2025-04-08,31931.5,5747.67,2025-04-08,Disputed
INV03579,S098600,C00727,2025-06-19,51449.12,9260.8416,2025-06-19,Paid
INV03580,S009491,C00930,2025-03-24,37899.68,6821.9424,2025-03-24,Overdue
INV03581,S004341,C00283,2025-12-15,24344.85,4382.072999999999,2025-12-15,Disputed
INV03582,S056732,C00558,2024-10-14,52726.3,9490.734,2024-10-14,Disputed
INV03583,S062289,C00822,2025-06-14,47516.509999999995,8552.9718,2025-06-14,Disputed
INV03584,S055480,C00427,2025-02-12,55653.130000000005,10017.563400000001,2025-02-12,Paid
INV03585,S060076,C00160,2026-01-18,30682.82,5522.9076,2026-01-18,Overdue
INV03586,S088244,C00294,2025-11-13,6069.18,1092.4524000000001,2025-11-13,Paid
INV03587,S049199,C00322,2025-08-25,51476.24,9265.723199999999,2025-08-25,Overdue
INV03588,S065093,C00065,2026-02-26,39225.7,7060.625999999999,2026-02-26,Disputed
INV03589,S027249,C00009,2025-12-04,15401.09,2772.1962,2025-12-04,Paid
INV03590,S004363,C00641,2025-10-30,27103.629999999997,4878.653399999999,2025-10-30,Pending
INV03591,S023400,C00952,2024-10-31,46983.82,8457.087599999999,2024-10-31,Pending
INV03592,S002758,C00169,2026-03-20,19354.61,3483.8298,2026-03-20,Disputed
INV03593,S065834,C00876,2025-08-26,27182.59,4892.8661999999995,2025-08-26,Pending
INV03594,S070783,C00265,2024-06-26,49000.23,8820.0414,2024-06-26,Pending
INV03595,S040262,C00962,2024-10-25,16599.949999999997,2987.9909999999995,2024-10-25,Overdue
INV03596,S082230,C00589,2026-05-07,34239.39,6163.0902,2026-05-07,Paid
INV03597,S026998,C00392,2025-10-26,53817.73,9687.1914,2025-10-26,Overdue
INV03598,S098860,C00240,2024-11-03,36373.520000000004,6547.2336000000005,2024-11-03,Pending
INV03599,S061787,C00287,2025-06-16,52400.600000000006,9432.108,2025-06-16,Disputed
INV03600,S077728,C00072,2025-04-24,42063.17,7571.370599999999,2025-04-24,Paid
INV03601,S033803,C00552,2025-11-21,14496.550000000001,2609.379,2025-11-21,Overdue
INV03602,S022451,C00870,2024-07-26,43192.04,7774.5671999999995,2024-07-26,Disputed
INV03603,S034456,C00025,2025-01-17,55802.08,10044.3744,2025-01-17,Overdue
INV03604,S042736,C00432,2025-09-21,59588.43,10725.9174,2025-09-21,Overdue
INV03605,S098995,C00442,2026-04-10,14858.44,2674.5192,2026-04-10,Pending
INV03606,S071756,C00417,2026-03-26,23572.97,4243.1346,2026-03-26,Disputed
INV03607,S014951,C00429,2025-03-01,21907.56,3943.3608,2025-03-01,Disputed
INV03608,S044610,C00101,2026-05-01,45875.08,8257.5144,2026-05-01,Disputed
INV03609,S077273,C00863,2025-02-21,53252.2,9585.395999999999,2025-02-21,Overdue
INV03610,S095872,C00402,2026-06-01,47943.85,8629.893,2026-06-01,Overdue
INV03611,S085145,C00719,2025-10-13,35437.81,6378.805799999999,2025-10-13,Pending
INV03612,S044275,C00750,2026-02-09,33221.45,5979.860999999999,2026-02-09,Overdue
INV03613,S052632,C00645,2025-12-18,47904.08,8622.7344,2025-12-18,Overdue
INV03614,S031578,C00359,2026-04-29,43335.32,7800.357599999999,2026-04-29,Disputed
INV03615,S083049,C00162,2024-07-22,14933.529999999999,2688.0353999999998,2024-07-22,Paid
INV03616,S039482,C00695,2026-01-06,15427.859999999999,2777.0147999999995,2026-01-06,Paid
INV03617,S047124,C00373,2025-11-25,25086.129999999997,4515.5034,2025-11-25,Pending
INV03618,S075840,C00350,2025-08-07,9078.880000000001,1634.1984000000002,2025-08-07,Disputed
INV03619,S042847,C00092,2025-06-22,23681.18,4262.6124,2025-06-22,Pending
INV03620,S049900,C00464,2025-06-05,46329.14,8339.2452,2025-06-05,Pending
INV03621,S079540,C00342,2025-05-02,16189.39,2914.0901999999996,2025-05-02,Disputed
INV03622,S005991,C00226,2025-11-11,34836.8,6270.624000000001,2025-11-11,Overdue
INV03623,S013522,C00437,2024-10-18,19226.12,3460.7016,2024-10-18,Disputed
INV03624,S037573,C00562,2025-05-18,37816.89,6807.0401999999995,2025-05-18,Disputed
INV03625,S082565,C00601,2024-07-19,34664.74,6239.6532,2024-07-19,Pending
INV03626,S052976,C00647,2025-12-21,23038.010000000002,4146.8418,2025-12-21,Pending
INV03627,S024358,C00795,2026-04-29,39210.1,7057.817999999999,2026-04-29,Pending
INV03628,S076231,C00890,2024-06-23,28089.79,5056.1622,2024-06-23,Overdue
INV03629,S035978,C00820,2024-12-15,15893.279999999999,2860.7904,2024-12-15,Disputed
INV03630,S081350,C00859,2025-09-11,50506.1,9091.098,2025-09-11,Paid
INV03631,S061915,C00884,2024-12-11,4985.67,897.4206,2024-12-11,Overdue
INV03632,S081545,C00945,2026-05-24,19465.329999999998,3503.7593999999995,2026-05-24,Pending
INV03633,S042988,C00089,2025-09-18,29724.4,5350.392,2025-09-18,Paid
INV03634,S019755,C00890,2025-04-20,39146.5,7046.37,2025-04-20,Paid
INV03635,S094724,C00682,2025-09-22,27151.37,4887.2465999999995,2025-09-22,Paid
INV03636,S033700,C00945,2025-03-19,15787.150000000001,2841.6870000000004,2025-03-19,Paid
INV03637,S002611,C00434,2026-02-20,55763.130000000005,10037.3634,2026-02-20,Disputed
INV03638,S083705,C00671,2024-08-11,35011.259999999995,6302.026799999999,2024-08-11,Paid
INV03639,S073204,C00581,2025-06-29,39826.69,7168.8042000000005,2025-06-29,Disputed
INV03640,S062998,C00777,2026-03-31,21595.350000000002,3887.1630000000005,2026-03-31,Pending
INV03641,S072215,C00612,2025-05-13,7257.52,1306.3536000000001,2025-05-13,Paid
INV03642,S053095,C00113,2025-07-31,54322.64,9778.0752,2025-07-31,Pending
INV03643,S008619,C00571,2024-12-05,10989.09,1978.0362,2024-12-05,Disputed
INV03644,S048071,C00351,2024-06-27,35807.47,6445.3446,2024-06-27,Paid
INV03645,S067184,C00767,2024-12-08,26758.04,4816.4472,2024-12-08,Paid
INV03646,S024552,C00046,2025-04-26,11605.44,2088.9792,2025-04-26,Pending
INV03647,S031030,C00400,2024-08-26,21107.18,3799.2924,2024-08-26,Paid
INV03648,S039012,C00643,2026-03-20,14559.64,2620.7351999999996,2026-03-20,Overdue
INV03649,S044630,C00184,2024-10-26,45679.3,8222.274,2024-10-26,Paid
INV03650,S053282,C00406,2024-11-10,55176.81,9931.825799999999,2024-11-10,Disputed
INV03651,S078723,C00131,2025-06-27,21622.91,3892.1238,2025-06-27,Pending
INV03652,S007726,C00037,2026-05-03,34894.44,6280.9992,2026-05-03,Disputed
INV03653,S098350,C00095,2024-06-10,10051.44,1809.2592,2024-06-10,Disputed
INV03654,S021979,C00042,2025-09-08,14854.0,2673.72,2025-09-08,Paid
INV03655,S094453,C00229,2025-10-28,10471.17,1884.8106,2025-10-28,Paid
INV03656,S073421,C00407,2025-10-09,37549.06,6758.8308,2025-10-09,Overdue
INV03657,S035010,C00032,2024-10-06,57239.96,10303.192799999999,2024-10-06,Pending
INV03658,S080508,C00425,2024-10-24,51974.35,9355.383,2024-10-24,Disputed
INV03659,S050327,C00867,2025-03-08,51142.520000000004,9205.6536,2025-03-08,Paid
INV03660,S047898,C00383,2024-11-27,18091.199999999997,3256.4159999999993,2024-11-27,Pending
INV03661,S056326,C00483,2025-10-31,20889.629999999997,3760.1333999999993,2025-10-31,Pending
INV03662,S016694,C00831,2024-07-04,42413.96,7634.5127999999995,2024-07-04,Overdue
INV03663,S093129,C00988,2025-06-20,17875.68,3217.6223999999997,2025-06-20,Pending
INV03664,S086188,C00281,2024-07-31,52425.36,9436.5648,2024-07-31,Overdue
INV03665,S037728,C00085,2025-06-19,44409.219999999994,7993.659599999999,2025-06-19,Pending
INV03666,S078509,C00388,2025-10-23,31815.879999999997,5726.858399999999,2025-10-23,Overdue
INV03667,S001474,C00917,2025-02-11,38546.01,6938.2818,2025-02-11,Pending
INV03668,S065681,C00671,2026-02-10,10097.720000000001,1817.5896000000002,2026-02-10,Disputed
INV03669,S091279,C00341,2024-08-11,12911.150000000001,2324.007,2024-08-11,Overdue
INV03670,S078918,C00525,2025-04-20,34407.05,6193.269,2025-04-20,Pending
INV03671,S083795,C00691,2024-07-31,51759.02,9316.623599999999,2024-07-31,Paid
INV03672,S035364,C00035,2024-07-15,36026.84,6484.831199999999,2024-07-15,Overdue
INV03673,S011290,C00912,2024-12-19,38267.83,6888.2094,2024-12-19,Paid
INV03674,S057507,C00684,2025-03-14,45947.979999999996,8270.6364,2025-03-14,Overdue
INV03675,S092505,C00833,2026-04-29,46311.759999999995,8336.116799999998,2026-04-29,Paid
INV03676,S052593,C00555,2025-03-04,17044.15,3067.947,2025-03-04,Paid
INV03677,S008143,C00356,2025-01-18,45322.520000000004,8158.0536,2025-01-18,Overdue
INV03678,S058306,C00180,2026-04-01,34694.2,6244.955999999999,2026-04-01,Disputed
INV03679,S008224,C00573,2025-06-20,15764.98,2837.6964,2025-06-20,Disputed
INV03680,S071548,C00442,2025-05-02,17988.8,3237.984,2025-05-02,Paid
INV03681,S067774,C00169,2026-04-13,18894.82,3401.0676,2026-04-13,Paid
INV03682,S056073,C00238,2025-05-27,45686.42,8223.5556,2025-05-27,Disputed
INV03683,S047880,C00837,2025-02-18,39234.54,7062.2172,2025-02-18,Pending
INV03684,S089800,C00204,2026-04-11,26645.100000000002,4796.118,2026-04-11,Disputed
INV03685,S033539,C00425,2025-12-27,30723.68,5530.2624,2025-12-27,Disputed
INV03686,S012924,C00504,2024-09-13,61736.48,11112.5664,2024-09-13,Pending
INV03687,S089455,C00932,2026-03-16,24983.75,4497.075,2026-03-16,Overdue
INV03688,S008297,C00050,2025-07-15,36829.200000000004,6629.256,2025-07-15,Paid
INV03689,S093230,C00798,2025-04-28,30290.079999999998,5452.2144,2025-04-28,Disputed
INV03690,S016686,C00749,2025-09-28,37225.59,6700.606199999999,2025-09-28,Paid
INV03691,S019628,C00618,2026-04-17,9413.27,1694.3886,2026-04-17,Overdue
INV03692,S039373,C00642,2026-05-25,53048.020000000004,9548.643600000001,2026-05-25,Disputed
INV03693,S051708,C00498,2025-01-30,46617.740000000005,8391.193200000002,2025-01-30,Disputed
INV03694,S046583,C00340,2026-01-06,22579.34,4064.2812,2026-01-06,Overdue
INV03695,S054046,C00772,2025-05-13,43531.82,7835.727599999999,2025-05-13,Overdue
INV03696,S083338,C00690,2024-08-04,30547.199999999997,5498.495999999999,2024-08-04,Paid
INV03697,S047295,C00685,2026-01-15,58049.01,10448.8218,2026-01-15,Overdue
INV03698,S046175,C00683,2024-10-15,39088.37,7035.9066,2024-10-15,Overdue
INV03699,S004291,C00293,2024-11-16,58131.14,10463.6052,2024-11-16,Disputed
INV03700,S009601,C00530,2025-10-16,26884.9,4839.282,2025-10-16,Pending
INV03701,S017072,C00800,2026-03-19,10495.77,1889.2386,2026-03-19,Pending
INV03702,S019417,C00271,2026-03-11,53840.78,9691.3404,2026-03-11,Overdue
INV03703,S079040,C00692,2026-01-06,49837.1,8970.678,2026-01-06,Disputed
INV03704,S082923,C00049,2024-11-07,28950.26,5211.046799999999,2024-11-07,Overdue
INV03705,S055282,C00717,2024-09-20,5897.96,1061.6327999999999,2024-09-20,Overdue
INV03706,S021860,C00529,2025-09-01,26062.969999999998,4691.334599999999,2025-09-01,Paid
INV03707,S052913,C00705,2025-10-01,55174.090000000004,9931.3362,2025-10-01,Pending
INV03708,S076031,C00510,2024-06-08,11335.87,2040.4566,2024-06-08,Overdue
INV03709,S066480,C00096,2026-04-06,11765.51,2117.7918,2026-04-06,Overdue
INV03710,S063597,C00672,2024-08-30,24222.97,4360.1346,2024-08-30,Paid
INV03711,S082062,C00602,2025-04-29,18691.62,3364.4916,2025-04-29,Paid
INV03712,S026809,C00633,2024-10-16,22852.63,4113.4734,2024-10-16,Disputed
INV03713,S037745,C00176,2025-02-19,53422.1,9615.978,2025-02-19,Overdue
INV03714,S071949,C00643,2025-06-27,30769.489999999998,5538.508199999999,2025-06-27,Disputed
INV03715,S037766,C00419,2026-01-14,15352.52,2763.4536,2026-01-14,Disputed
INV03716,S065363,C00725,2025-10-02,51378.2,9248.076,2025-10-02,Paid
INV03717,S028732,C00552,2024-08-07,42802.32,7704.4176,2024-08-07,Pending
INV03718,S004516,C00653,2025-09-15,23855.629999999997,4294.0134,2025-09-15,Paid
INV03719,S049340,C00563,2025-05-12,44638.090000000004,8034.8562,2025-05-12,Pending
INV03720,S057469,C00341,2024-10-20,54635.590000000004,9834.4062,2024-10-20,Disputed
INV03721,S094097,C00172,2024-12-25,21460.95,3862.971,2024-12-25,Paid
INV03722,S018335,C00517,2024-11-10,45240.329999999994,8143.259399999999,2024-11-10,Disputed
INV03723,S016380,C00586,2024-06-24,53709.69,9667.7442,2024-06-24,Disputed
INV03724,S086925,C00228,2025-12-23,40676.76,7321.8168000000005,2025-12-23,Paid
INV03725,S030306,C00729,2025-09-22,52868.09,9516.2562,2025-09-22,Disputed
INV03726,S089943,C00302,2025-05-31,19133.64,3444.0552,2025-05-31,Disputed
INV03727,S003247,C00692,2024-08-17,40798.07,7343.652599999999,2024-08-17,Pending
INV03728,S031800,C00966,2026-03-08,23706.870000000003,4267.2366,2026-03-08,Pending
INV03729,S062459,C00276,2025-11-10,21084.230000000003,3795.1614000000004,2025-11-10,Paid
INV03730,S067467,C00628,2025-11-30,25160.170000000002,4528.8306,2025-11-30,Paid
INV03731,S033236,C00221,2026-05-30,58973.189999999995,10615.1742,2026-05-30,Paid
INV03732,S051004,C00811,2024-06-13,34137.88,6144.818399999999,2024-06-13,Disputed
INV03733,S078607,C00102,2025-12-17,37155.65,6688.017,2025-12-17,Disputed
INV03734,S053932,C00836,2025-07-31,46262.65,8327.277,2025-07-31,Paid
INV03735,S084512,C00378,2025-07-20,29565.73,5321.8314,2025-07-20,Overdue
INV03736,S053229,C00275,2026-04-21,53439.45,9619.100999999999,2026-04-21,Pending
INV03737,S050694,C00244,2024-11-26,39197.23,7055.5014,2024-11-26,Disputed
INV03738,S068586,C00469,2026-02-13,6676.469999999999,1201.7645999999997,2026-02-13,Overdue
INV03739,S076698,C00687,2024-11-07,55179.93,9932.3874,2024-11-07,Overdue
INV03740,S056564,C00933,2026-02-21,51417.909999999996,9255.2238,2026-02-21,Pending
INV03741,S042933,C00995,2026-03-13,32780.71,5900.5278,2026-03-13,Disputed
INV03742,S053108,C00155,2025-08-05,23970.33,4314.6594000000005,2025-08-05,Disputed
INV03743,S070615,C00425,2025-07-07,24585.43,4425.3774,2025-07-07,Pending
INV03744,S053068,C00817,2025-06-02,35934.76,6468.2568,2025-06-02,Overdue
INV03745,S085873,C00227,2024-08-03,15037.5,2706.75,2024-08-03,Overdue
INV03746,S035076,C00012,2024-11-07,34969.26,6294.4668,2024-11-07,Overdue
INV03747,S060513,C00693,2024-08-02,39816.29,7166.9322,2024-08-02,Pending
INV03748,S026035,C00108,2026-04-24,9688.720000000001,1743.9696000000001,2026-04-24,Disputed
INV03749,S069484,C00098,2026-05-11,10516.91,1893.0438,2026-05-11,Paid
INV03750,S087417,C00818,2025-07-19,43197.88,7775.618399999999,2025-07-19,Overdue
INV03751,S022716,C00893,2025-06-26,18091.58,3256.4844000000003,2025-06-26,Overdue
INV03752,S081333,C00713,2026-03-19,22856.99,4114.2582,2026-03-19,Paid
INV03753,S087200,C00853,2025-07-21,26743.1,4813.758,2025-07-21,Paid
INV03754,S086650,C00525,2024-08-02,24514.22,4412.5596000000005,2024-08-02,Disputed
INV03755,S040606,C00418,2024-08-17,43870.68,7896.7224,2024-08-17,Pending
INV03756,S054519,C00040,2025-02-25,53281.68,9590.7024,2025-02-25,Paid
INV03757,S023166,C00369,2025-10-20,7592.32,1366.6175999999998,2025-10-20,Overdue
INV03758,S016563,C00165,2025-04-26,37307.34,6715.321199999999,2025-04-26,Overdue
INV03759,S065292,C00414,2026-04-18,43197.479999999996,7775.546399999999,2026-04-18,Disputed
INV03760,S019089,C00463,2025-06-17,29862.15,5375.187,2025-06-17,Paid
INV03761,S003655,C00542,2026-02-06,41108.48,7399.526400000001,2026-02-06,Overdue
INV03762,S053991,C00757,2025-03-20,61809.560000000005,11125.720800000001,2025-03-20,Pending
INV03763,S072593,C00275,2024-08-04,40549.23,7298.861400000001,2024-08-04,Disputed
INV03764,S014437,C00856,2025-09-12,48763.2,8777.375999999998,2025-09-12,Paid
INV03765,S012724,C00623,2025-10-23,25561.87,4601.1366,2025-10-23,Overdue
INV03766,S020141,C00191,2025-02-04,16429.96,2957.3927999999996,2025-02-04,Disputed
INV03767,S001220,C00928,2025-04-10,49082.14,8834.7852,2025-04-10,Disputed
INV03768,S071611,C00464,2024-10-09,24202.44,4356.4392,2024-10-09,Paid
INV03769,S093971,C00046,2025-03-13,32130.09,5783.4162,2025-03-13,Pending
INV03770,S074320,C00881,2024-08-12,25472.36,4585.0248,2024-08-12,Pending
INV03771,S078618,C00361,2025-07-01,15706.61,2827.1898,2025-07-01,Overdue
INV03772,S091724,C00157,2026-03-26,59515.33,10712.7594,2026-03-26,Disputed
INV03773,S003278,C00085,2024-06-25,41018.01,7383.2418,2024-06-25,Paid
INV03774,S041540,C00682,2025-03-13,27331.379999999997,4919.648399999999,2025-03-13,Disputed
INV03775,S088764,C00792,2025-09-27,22780.72,4100.5296,2025-09-27,Paid
INV03776,S053292,C00016,2024-06-09,24549.690000000002,4418.9442,2024-06-09,Paid
INV03777,S014724,C00771,2025-03-25,48255.54,8685.9972,2025-03-25,Paid
INV03778,S012584,C00032,2024-10-04,54329.0,9779.22,2024-10-04,Overdue
INV03779,S035286,C00471,2024-12-07,20686.53,3723.5753999999997,2024-12-07,Paid
INV03780,S011129,C00818,2025-05-30,51252.39,9225.430199999999,2025-05-30,Disputed
INV03781,S043038,C00697,2025-10-09,7247.75,1304.595,2025-10-09,Disputed
INV03782,S064391,C00319,2024-06-04,49524.72,8914.4496,2024-06-04,Pending
INV03783,S005263,C00482,2024-06-23,46690.73,8404.331400000001,2024-06-23,Paid
INV03784,S016700,C00086,2026-01-28,37504.93,6750.8874,2026-01-28,Pending
INV03785,S032121,C00725,2026-01-29,36090.07,6496.2126,2026-01-29,Paid
INV03786,S098400,C00106,2025-04-18,55203.86,9936.6948,2025-04-18,Paid
INV03787,S001498,C00672,2025-03-19,14483.869999999999,2607.0966,2025-03-19,Pending
INV03788,S049718,C00688,2025-05-24,49588.729999999996,8925.971399999999,2025-05-24,Pending
INV03789,S077893,C00674,2026-05-21,34582.29,6224.8122,2026-05-21,Pending
INV03790,S010114,C00715,2024-11-06,29701.059999999998,5346.190799999999,2024-11-06,Pending
INV03791,S054325,C00256,2024-10-20,48044.41,8647.9938,2024-10-20,Paid
INV03792,S009087,C00016,2025-05-20,51241.159999999996,9223.4088,2025-05-20,Pending
INV03793,S085319,C00552,2025-05-28,43414.2,7814.556,2025-05-28,Disputed
INV03794,S027986,C00556,2024-12-21,39792.05,7162.569,2024-12-21,Paid
INV03795,S069068,C00996,2024-10-16,54304.03,9774.7254,2024-10-16,Paid
INV03796,S066473,C00698,2026-04-26,18017.25,3243.105,2026-04-26,Pending
INV03797,S095017,C00851,2025-10-21,28549.879999999997,5138.978399999999,2025-10-21,Paid
INV03798,S046582,C00932,2024-10-20,12870.75,2316.735,2024-10-20,Overdue
INV03799,S058457,C00997,2026-01-23,42521.2,7653.815999999999,2026-01-23,Pending
INV03800,S048179,C00360,2025-12-26,49011.65,8822.097,2025-12-26,Pending
INV03801,S064881,C00754,2025-08-25,36277.47,6529.9446,2025-08-25,Pending
INV03802,S073823,C00780,2024-12-14,46709.56,8407.7208,2024-12-14,Paid
INV03803,S040190,C00248,2025-01-27,20568.17,3702.2705999999994,2025-01-27,Disputed
INV03804,S094529,C00485,2025-06-29,17653.050000000003,3177.5490000000004,2025-06-29,Pending
INV03805,S041159,C00271,2024-12-22,12375.869999999999,2227.6566,2024-12-22,Disputed
INV03806,S035933,C00038,2024-10-11,36140.5,6505.29,2024-10-11,Disputed
INV03807,S092024,C00088,2024-12-19,18439.82,3319.1675999999998,2024-12-19,Paid
INV03808,S035641,C00984,2026-01-21,61574.66,11083.4388,2026-01-21,Disputed
INV03809,S098576,C00760,2025-08-22,31440.84,5659.3512,2025-08-22,Pending
INV03810,S061451,C00693,2026-04-08,52792.07,9502.5726,2026-04-08,Overdue
INV03811,S057347,C00286,2024-10-03,44834.43000000001,8070.197400000001,2024-10-03,Disputed
INV03812,S082572,C00317,2024-12-02,27369.06,4926.4308,2024-12-02,Pending
INV03813,S067647,C00011,2025-09-23,44617.76,8031.1968,2025-09-23,Disputed
INV03814,S080317,C00544,2026-04-26,15800.029999999999,2844.0053999999996,2026-04-26,Disputed
INV03815,S062192,C00620,2026-05-18,18020.57,3243.7025999999996,2026-05-18,Overdue
INV03816,S077955,C00770,2026-05-01,46609.630000000005,8389.733400000001,2026-05-01,Paid
INV03817,S088975,C00688,2025-09-15,52752.67,9495.480599999999,2025-09-15,Paid
INV03818,S025581,C00559,2026-06-03,50290.74,9052.3332,2026-06-03,Pending
INV03819,S094244,C00107,2026-04-13,20387.760000000002,3669.7968,2026-04-13,Pending
INV03820,S056530,C00698,2025-06-28,28062.27,5051.2086,2025-06-28,Paid
INV03821,S041050,C00410,2025-09-19,19626.64,3532.7951999999996,2025-09-19,Paid
INV03822,S080735,C00796,2025-04-19,32947.729999999996,5930.591399999999,2025-04-19,Overdue
INV03823,S016441,C00223,2024-08-27,44107.04,7939.2672,2024-08-27,Pending
INV03824,S032496,C00140,2025-03-21,15599.64,2807.9352,2025-03-21,Paid
INV03825,S062588,C00439,2024-08-12,61156.600000000006,11008.188,2024-08-12,Pending
INV03826,S083620,C00801,2025-11-21,48285.84,8691.4512,2025-11-21,Paid
INV03827,S034841,C00226,2024-11-06,31761.420000000002,5717.0556,2024-11-06,Paid
INV03828,S057776,C00598,2024-08-18,7962.66,1433.2787999999998,2024-08-18,Overdue
INV03829,S021057,C00943,2024-10-18,28506.879999999997,5131.238399999999,2024-10-18,Disputed
INV03830,S040607,C00108,2026-04-04,19319.43,3477.4973999999997,2026-04-04,Paid
INV03831,S005059,C00028,2025-07-30,62447.22,11240.4996,2025-07-30,Paid
INV03832,S069005,C00660,2026-05-01,46895.47,8441.1846,2026-05-01,Pending
INV03833,S088717,C00737,2025-06-19,31238.35,5622.902999999999,2025-06-19,Disputed
INV03834,S089729,C00985,2026-02-27,23035.46,4146.382799999999,2026-02-27,Disputed
INV03835,S067471,C00497,2026-05-15,28618.77,5151.3786,2026-05-15,Disputed
INV03836,S088955,C00524,2024-06-10,45665.1,8219.717999999999,2024-06-10,Overdue
INV03837,S058479,C00622,2025-10-04,30596.0,5507.28,2025-10-04,Overdue
INV03838,S000515,C00833,2026-02-23,26280.02,4730.4036,2026-02-23,Paid
INV03839,S041233,C00507,2024-09-16,35235.56,6342.400799999999,2024-09-16,Overdue
INV03840,S069923,C00492,2024-08-26,19384.9,3489.282,2024-08-26,Paid
INV03841,S090158,C00560,2025-06-19,13475.74,2425.6331999999998,2025-06-19,Overdue
INV03842,S067903,C00637,2024-06-18,27831.280000000002,5009.6304,2024-06-18,Paid
INV03843,S004587,C00529,2024-12-31,42044.700000000004,7568.046,2024-12-31,Disputed
INV03844,S043809,C00689,2024-06-10,17437.93,3138.8274,2024-06-10,Pending
INV03845,S084516,C00081,2024-09-17,43536.94,7836.6492,2024-09-17,Disputed
INV03846,S081248,C00360,2025-04-14,31106.93,5599.2474,2025-04-14,Pending
INV03847,S089099,C00003,2025-12-18,35258.0,6346.44,2025-12-18,Paid
INV03848,S003925,C00855,2025-01-06,6608.469999999999,1189.5245999999997,2025-01-06,Disputed
INV03849,S080555,C00816,2025-08-02,29614.21,5330.5578,2025-08-02,Paid
INV03850,S014906,C00123,2024-09-09,53866.71000000001,9696.007800000001,2024-09-09,Paid
INV03851,S017903,C00756,2026-05-25,31465.0,5663.7,2026-05-25,Paid
INV03852,S018622,C00792,2025-09-29,19675.29,3541.5522,2025-09-29,Pending
INV03853,S072985,C00918,2025-04-28,19800.059999999998,3564.0107999999996,2025-04-28,Paid
INV03854,S026015,C00551,2024-09-22,43665.64,7859.8152,2024-09-22,Pending
INV03855,S020931,C00406,2025-11-29,23374.16,4207.3488,2025-11-29,Overdue
INV03856,S080537,C00822,2026-05-25,42975.76,7735.6368,2026-05-25,Disputed
INV03857,S019370,C00394,2024-07-05,14595.8,2627.2439999999997,2024-07-05,Paid
INV03858,S060527,C00310,2026-04-11,29740.43,5353.2774,2026-04-11,Disputed
INV03859,S070035,C00719,2025-08-31,25614.31,4610.5758,2025-08-31,Paid
INV03860,S086549,C00410,2025-01-12,27924.64,5026.4352,2025-01-12,Pending
INV03861,S017501,C00004,2026-06-01,47871.0,8616.779999999999,2026-06-01,Disputed
INV03862,S007974,C00102,2024-10-21,45213.25,8138.384999999999,2024-10-21,Disputed
INV03863,S079535,C00686,2025-02-16,49017.33,8823.1194,2025-02-16,Disputed
INV03864,S064590,C00796,2025-06-12,43280.22,7790.4396,2025-06-12,Paid
INV03865,S016506,C00415,2025-12-13,9483.1,1706.958,2025-12-13,Pending
INV03866,S048788,C00971,2024-11-21,54955.37,9891.9666,2024-11-21,Pending
INV03867,S036797,C00613,2026-01-23,15232.18,2741.7924,2026-01-23,Disputed
INV03868,S097567,C00493,2024-07-20,18593.33,3346.7994000000003,2024-07-20,Disputed
INV03869,S071181,C00746,2025-09-23,16497.21,2969.4977999999996,2025-09-23,Pending
INV03870,S016289,C00572,2026-04-02,18616.42,3350.9556,2026-04-02,Overdue
INV03871,S075185,C00583,2024-12-01,42918.45,7725.320999999999,2024-12-01,Pending
INV03872,S036344,C00677,2024-09-09,14146.92,2546.4456,2024-09-09,Overdue
INV03873,S074980,C00334,2025-07-20,41360.78,7444.9403999999995,2025-07-20,Overdue
INV03874,S029622,C00526,2025-02-27,26523.65,4774.2570000000005,2025-02-27,Overdue
INV03875,S071506,C00770,2025-01-09,38508.31,6931.4958,2025-01-09,Disputed
INV03876,S051780,C00496,2024-12-08,19585.62,3525.4116,2024-12-08,Disputed
INV03877,S084718,C00656,2025-02-05,49414.43,8894.5974,2025-02-05,Overdue
INV03878,S077780,C00022,2024-06-29,11958.71,2152.5678,2024-06-29,Pending
INV03879,S069464,C00838,2025-06-02,56100.340000000004,10098.0612,2025-06-02,Paid
INV03880,S065187,C00951,2025-03-19,38598.56,6947.7408,2025-03-19,Paid
INV03881,S066740,C00602,2025-07-01,54588.579999999994,9825.944399999998,2025-07-01,Overdue
INV03882,S037205,C00485,2024-10-20,24363.34,4385.4012,2024-10-20,Pending
INV03883,S082511,C00792,2025-03-20,40005.25,7200.945,2025-03-20,Pending
INV03884,S072034,C00157,2025-08-28,15300.980000000001,2754.1764000000003,2025-08-28,Disputed
INV03885,S017390,C00373,2026-03-27,15118.48,2721.3264,2026-03-27,Disputed
INV03886,S029958,C00221,2024-07-26,37490.73,6748.3314,2024-07-26,Paid
INV03887,S094144,C00138,2025-02-10,8107.22,1459.2996,2025-02-10,Paid
INV03888,S067856,C00768,2026-04-13,43180.51,7772.4918,2026-04-13,Overdue
INV03889,S063573,C00612,2024-09-01,43348.43,7802.7173999999995,2024-09-01,Pending
INV03890,S052585,C00629,2025-06-02,13814.630000000001,2486.6334,2025-06-02,Overdue
INV03891,S003864,C00982,2025-08-16,25143.52,4525.8336,2025-08-16,Disputed
INV03892,S064336,C00174,2024-09-15,50166.61,9029.9898,2024-09-15,Pending
INV03893,S047670,C00683,2026-04-17,21857.870000000003,3934.4166000000005,2026-04-17,Overdue
INV03894,S045688,C00736,2025-02-20,48972.799999999996,8815.104,2025-02-20,Paid
INV03895,S001680,C00023,2025-09-02,7763.25,1397.385,2025-09-02,Pending
INV03896,S072012,C00469,2025-01-20,21343.269999999997,3841.7885999999994,2025-01-20,Disputed
INV03897,S078640,C00221,2025-06-08,39140.95,7045.370999999999,2025-06-08,Pending
INV03898,S025093,C00972,2025-06-23,50713.17,9128.3706,2025-06-23,Disputed
INV03899,S064517,C00821,2025-03-14,34324.92,6178.485599999999,2025-03-14,Paid
INV03900,S075753,C00998,2025-03-09,41434.61,7458.2298,2025-03-09,Disputed
INV03901,S001428,C00996,2024-09-28,50634.22,9114.159599999999,2024-09-28,Overdue
INV03902,S020880,C00069,2025-01-07,17792.32,3202.6176,2025-01-07,Disputed
INV03903,S018420,C00235,2025-12-13,13990.210000000001,2518.2378,2025-12-13,Paid
INV03904,S079982,C00488,2025-01-25,51410.100000000006,9253.818000000001,2025-01-25,Paid
INV03905,S013525,C00868,2025-05-01,5813.09,1046.3562,2025-05-01,Disputed
INV03906,S057563,C00774,2026-03-06,44733.9,8052.102,2026-03-06,Overdue
INV03907,S042772,C00829,2026-03-27,23890.890000000003,4300.3602,2026-03-27,Paid
INV03908,S073322,C00063,2026-01-07,53229.259999999995,9581.2668,2026-01-07,Paid
INV03909,S099395,C00260,2025-12-31,32173.410000000003,5791.2138,2025-12-31,Disputed
INV03910,S044410,C00936,2025-06-19,19526.65,3514.797,2025-06-19,Pending
INV03911,S000266,C00917,2025-02-05,59021.15,10623.807,2025-02-05,Pending
INV03912,S085367,C00016,2025-08-25,23927.97,4307.0346,2025-08-25,Disputed
INV03913,S005715,C00569,2026-01-20,27435.78,4938.4403999999995,2026-01-20,Paid
INV03914,S095813,C00815,2026-05-21,57104.43000000001,10278.797400000001,2026-05-21,Overdue
INV03915,S070297,C00385,2025-03-15,50434.14,9078.145199999999,2025-03-15,Overdue
INV03916,S077913,C00258,2026-03-22,50066.77,9012.0186,2026-03-22,Pending
INV03917,S003580,C00005,2025-11-22,46931.229999999996,8447.621399999998,2025-11-22,Overdue
INV03918,S000655,C00687,2025-07-30,54626.420000000006,9832.7556,2025-07-30,Pending
INV03919,S031680,C00549,2024-11-04,24543.82,4417.8876,2024-11-04,Paid
INV03920,S058493,C00333,2025-07-04,42130.01,7583.4018,2025-07-04,Pending
INV03921,S025466,C00199,2025-12-22,37953.950000000004,6831.711,2025-12-22,Disputed
INV03922,S049509,C00725,2024-09-11,26353.739999999998,4743.673199999999,2024-09-11,Pending
INV03923,S039717,C00074,2025-04-03,22309.510000000002,4015.7118,2025-04-03,Disputed
INV03924,S095999,C00946,2025-01-20,18228.82,3281.1875999999997,2025-01-20,Overdue
INV03925,S062805,C00423,2025-10-20,7265.59,1307.8062,2025-10-20,Pending
INV03926,S015226,C00348,2026-01-13,36033.24,6485.9832,2026-01-13,Paid
INV03927,S023385,C00699,2024-11-13,28424.64,5116.4352,2024-11-13,Paid
INV03928,S026451,C00536,2025-12-28,28334.440000000002,5100.1992,2025-12-28,Pending
INV03929,S069298,C00618,2024-06-18,15530.650000000001,2795.5170000000003,2024-06-18,Pending
INV03930,S092190,C00410,2024-11-26,18400.09,3312.0162,2024-11-26,Disputed
INV03931,S048415,C00741,2024-11-24,48617.45,8751.141,2024-11-24,Overdue
INV03932,S079431,C00933,2026-03-02,25691.22,4624.4196,2026-03-02,Overdue
INV03933,S097395,C00503,2026-04-03,60790.829999999994,10942.3494,2026-04-03,Pending
INV03934,S095218,C00542,2025-02-28,51409.8,9253.764000000001,2025-02-28,Disputed
INV03935,S067325,C00691,2024-10-15,45602.119999999995,8208.381599999999,2024-10-15,Overdue
INV03936,S079326,C00810,2025-07-06,38005.51,6840.9918,2025-07-06,Disputed
INV03937,S023881,C00339,2026-01-16,33594.729999999996,6047.051399999999,2026-01-16,Paid
INV03938,S061590,C00955,2025-03-17,52756.24,9496.1232,2025-03-17,Overdue
INV03939,S056495,C00333,2025-09-11,28563.5,5141.429999999999,2025-09-11,Overdue
INV03940,S023826,C00315,2025-07-27,46920.69,8445.7242,2025-07-27,Paid
INV03941,S044537,C00277,2025-05-07,17342.82,3121.7075999999997,2025-05-07,Disputed
INV03942,S090256,C00233,2026-04-20,16594.93,2987.0874,2026-04-20,Pending
INV03943,S091162,C00054,2025-12-06,10477.189999999999,1885.8941999999997,2025-12-06,Pending
INV03944,S014347,C00355,2026-01-05,29806.800000000003,5365.224,2026-01-05,Overdue
INV03945,S021730,C00673,2026-04-29,25338.05,4560.848999999999,2026-04-29,Overdue
INV03946,S047055,C00603,2024-11-12,34290.18,6172.2324,2024-11-12,Pending
INV03947,S095865,C00447,2024-08-05,32282.56,5810.8608,2024-08-05,Pending
INV03948,S082592,C00190,2025-03-04,25678.949999999997,4622.210999999999,2025-03-04,Overdue
INV03949,S086181,C00832,2025-04-03,27257.7,4906.3859999999995,2025-04-03,Overdue
INV03950,S061391,C00592,2026-01-26,39933.78999999999,7188.082199999999,2026-01-26,Disputed
INV03951,S064072,C00303,2025-07-03,26007.02,4681.2636,2025-07-03,Disputed
INV03952,S074242,C00620,2025-12-12,41087.5,7395.75,2025-12-12,Paid
INV03953,S063342,C00237,2025-11-24,31468.64,5664.3552,2025-11-24,Disputed
INV03954,S079612,C00074,2026-04-18,22356.15,4024.107,2026-04-18,Pending
INV03955,S090236,C00638,2025-06-05,48661.07,8758.9926,2025-06-05,Paid
INV03956,S042887,C00157,2024-10-13,14242.2,2563.596,2024-10-13,Disputed
INV03957,S075351,C00139,2024-06-04,36374.12,6547.341600000001,2024-06-04,Pending
INV03958,S045117,C00179,2025-02-13,4690.63,844.3134,2025-02-13,Overdue
INV03959,S037324,C00506,2024-12-27,35124.600000000006,6322.428000000001,2024-12-27,Paid
INV03960,S050749,C00503,2024-07-08,24340.309999999998,4381.255799999999,2024-07-08,Paid
INV03961,S040345,C00106,2025-03-30,14478.65,2606.1569999999997,2025-03-30,Disputed
INV03962,S085336,C00569,2024-06-30,45784.29,8241.172199999999,2024-06-30,Overdue
INV03963,S022660,C00497,2025-11-12,33509.08,6031.6344,2025-11-12,Paid
INV03964,S023568,C00224,2026-01-27,11442.79,2059.7022,2026-01-27,Pending
INV03965,S073458,C00632,2026-01-02,29317.589999999997,5277.166199999999,2026-01-02,Overdue
INV03966,S010997,C00836,2025-01-18,21575.73,3883.6313999999998,2025-01-18,Paid
INV03967,S041316,C00869,2026-01-26,52749.25,9494.865,2026-01-26,Overdue
INV03968,S024357,C00621,2025-02-14,10812.84,1946.3111999999999,2025-02-14,Paid
INV03969,S081245,C00964,2025-11-15,47203.939999999995,8496.7092,2025-11-15,Overdue
INV03970,S076931,C00666,2026-05-28,31766.52,5717.9736,2026-05-28,Disputed
INV03971,S003601,C00612,2025-09-14,62003.799999999996,11160.684,2025-09-14,Pending
INV03972,S075870,C00462,2025-10-30,48357.61,8704.3698,2025-10-30,Paid
INV03973,S032544,C00339,2024-07-07,19892.16,3580.5888,2024-07-07,Disputed
INV03974,S094435,C00814,2026-01-20,38011.65,6842.097,2026-01-20,Disputed
INV03975,S076427,C00845,2024-09-05,23227.68,4180.9824,2024-09-05,Disputed
INV03976,S098079,C00498,2024-11-17,37298.83,6713.7894,2024-11-17,Disputed
INV03977,S059748,C00827,2024-10-05,49287.7,8871.785999999998,2024-10-05,Overdue
INV03978,S028175,C00469,2024-11-18,56827.22,10228.8996,2024-11-18,Disputed
INV03979,S036327,C00502,2025-01-22,22099.14,3977.8451999999997,2025-01-22,Paid
INV03980,S036509,C00450,2026-02-22,18452.11,3321.3798,2026-02-22,Overdue
INV03981,S091662,C00258,2026-02-28,36776.97,6619.8546,2026-02-28,Overdue
INV03982,S007325,C00630,2024-07-14,12141.39,2185.4501999999998,2024-07-14,Overdue
INV03983,S019946,C00274,2026-03-28,26525.850000000002,4774.653,2026-03-28,Paid
INV03984,S061140,C00486,2025-03-07,22772.91,4099.123799999999,2025-03-07,Pending
INV03985,S005124,C00049,2025-11-30,37042.659999999996,6667.678799999999,2025-11-30,Paid
INV03986,S032234,C00473,2026-03-12,50675.54,9121.5972,2026-03-12,Paid
INV03987,S074174,C00594,2025-09-30,18809.83,3385.7694,2025-09-30,Overdue
INV03988,S021102,C00282,2025-02-12,30534.6,5496.227999999999,2025-02-12,Disputed
INV03989,S084812,C00355,2025-10-27,54982.2,9896.795999999998,2025-10-27,Pending
INV03990,S075399,C00067,2026-04-07,28462.96,5123.332799999999,2026-04-07,Pending
INV03991,S099597,C00743,2024-07-14,46228.03,8321.045399999999,2024-07-14,Paid
INV03992,S084874,C00240,2026-03-25,45480.84,8186.551199999999,2026-03-25,Disputed
INV03993,S092186,C00262,2026-02-15,23557.73,4240.3913999999995,2026-02-15,Overdue
INV03994,S085483,C00164,2025-08-14,9600.31,1728.0557999999999,2025-08-14,Overdue
INV03995,S055338,C00674,2025-09-01,47191.96,8494.5528,2025-09-01,Paid
INV03996,S089410,C00325,2025-07-06,33738.32,6072.897599999999,2025-07-06,Disputed
INV03997,S059064,C00136,2025-10-09,40835.810000000005,7350.4458,2025-10-09,Pending
INV03998,S018216,C00696,2024-09-07,49222.31,8860.0158,2024-09-07,Disputed
INV03999,S011915,C00231,2025-02-21,17399.65,3131.9370000000004,2025-02-21,Paid
INV04000,S045570,C00543,2025-01-15,58792.270000000004,10582.6086,2025-01-15,Pending
INV04001,S019649,C00113,2025-09-30,27865.58,5015.8044,2025-09-30,Paid
INV04002,S095797,C00173,2025-08-02,23938.300000000003,4308.894,2025-08-02,Pending
INV04003,S001082,C00410,2025-01-16,36319.05,6537.429,2025-01-16,Paid
INV04004,S078503,C00209,2024-07-21,24154.239999999998,4347.763199999999,2024-07-21,Disputed
INV04005,S063195,C00821,2025-04-17,31351.34,5643.2411999999995,2025-04-17,Pending
INV04006,S099291,C00904,2024-08-28,8662.43,1559.2374,2024-08-28,Paid
INV04007,S043431,C00446,2024-08-10,23549.42,4238.8956,2024-08-10,Overdue
INV04008,S018960,C00738,2024-11-01,32224.190000000002,5800.3542,2024-11-01,Disputed
INV04009,S022565,C00232,2026-04-30,46793.33,8422.7994,2026-04-30,Disputed
INV04010,S025700,C00645,2024-06-11,52187.19,9393.6942,2024-06-11,Overdue
INV04011,S001212,C00845,2024-12-25,15377.27,2767.9085999999998,2024-12-25,Disputed
INV04012,S074385,C00407,2025-01-01,25174.550000000003,4531.419000000001,2025-01-01,Overdue
INV04013,S048793,C00192,2026-05-04,39963.78,7193.4803999999995,2026-05-04,Paid
INV04014,S031650,C00875,2025-05-21,60740.52,10933.293599999999,2025-05-21,Overdue
INV04015,S037475,C00480,2025-12-18,43400.549999999996,7812.098999999999,2025-12-18,Pending
INV04016,S052864,C00282,2026-03-08,19525.21,3514.5377999999996,2026-03-08,Paid
INV04017,S013136,C00410,2026-03-27,44690.299999999996,8044.253999999999,2026-03-27,Disputed
INV04018,S024432,C00093,2025-01-23,54314.020000000004,9776.5236,2025-01-23,Overdue
INV04019,S003050,C00237,2025-03-06,19021.5,3423.87,2025-03-06,Overdue
INV04020,S088854,C00479,2025-06-27,10423.33,1876.1994,2025-06-27,Overdue
INV04021,S085769,C00377,2025-10-23,37195.9,6695.262,2025-10-23,Overdue
INV04022,S058442,C00019,2024-09-30,55265.4,9947.771999999999,2024-09-30,Paid
INV04023,S081948,C00977,2024-09-17,16323.279999999999,2938.1903999999995,2024-09-17,Paid
INV04024,S033515,C00943,2025-10-19,38043.130000000005,6847.763400000001,2025-10-19,Disputed
INV04025,S036214,C00889,2024-06-30,49329.76,8879.3568,2024-06-30,Disputed
INV04026,S034053,C00398,2025-03-30,43569.78,7842.560399999999,2025-03-30,Overdue
INV04027,S062944,C00299,2025-10-15,39480.7,7106.525999999999,2025-10-15,Pending
INV04028,S093612,C00425,2025-07-29,38965.57,7013.8026,2025-07-29,Disputed
INV04029,S077596,C00636,2024-08-24,47442.149999999994,8539.587,2024-08-24,Overdue
INV04030,S062051,C00956,2024-07-05,37314.33,6716.5794,2024-07-05,Overdue
INV04031,S054601,C00335,2024-11-13,44969.299999999996,8094.473999999999,2024-11-13,Overdue
INV04032,S009422,C00363,2024-07-19,24696.36,4445.3448,2024-07-19,Paid
INV04033,S076618,C00527,2024-09-18,25987.52,4677.7536,2024-09-18,Pending
INV04034,S037758,C00947,2025-11-28,24681.25,4442.625,2025-11-28,Paid
INV04035,S092219,C00124,2024-10-02,54076.89,9733.840199999999,2024-10-02,Overdue
INV04036,S047319,C00465,2024-07-27,19820.19,3567.6341999999995,2024-07-27,Pending
INV04037,S060717,C00385,2025-07-27,27809.36,5005.6848,2025-07-27,Pending
INV04038,S033863,C00198,2025-05-20,40020.09,7203.6161999999995,2025-05-20,Disputed
INV04039,S034776,C00155,2026-01-03,38178.3,6872.094,2026-01-03,Overdue
INV04040,S056563,C00025,2025-03-22,17158.86,3088.5948,2025-03-22,Pending
INV04041,S074161,C00640,2024-12-05,29128.43,5243.1174,2024-12-05,Overdue
INV04042,S072168,C00749,2026-04-20,18678.19,3362.0741999999996,2026-04-20,Disputed
INV04043,S065527,C00913,2025-04-17,51305.829999999994,9235.049399999998,2025-04-17,Pending
INV04044,S059908,C00945,2024-10-06,26702.590000000004,4806.466200000001,2024-10-06,Disputed
INV04045,S077455,C00577,2025-08-22,28951.93,5211.3474,2025-08-22,Paid
INV04046,S025389,C00936,2025-10-09,25339.55,4561.119,2025-10-09,Overdue
INV04047,S071024,C00125,2025-03-22,11553.939999999999,2079.7092,2025-03-22,Paid
INV04048,S052822,C00285,2024-09-03,39201.47,7056.2645999999995,2024-09-03,Disputed
INV04049,S085439,C00466,2026-01-02,17412.84,3134.3112,2026-01-02,Paid
INV04050,S069855,C00372,2024-06-16,48505.72,8731.0296,2024-06-16,Overdue
INV04051,S032335,C00810,2025-03-21,45196.85,8135.432999999999,2025-03-21,Pending
INV04052,S056346,C00343,2025-09-21,30050.670000000002,5409.1206,2025-09-21,Pending
INV04053,S029084,C00604,2024-08-01,55397.49,9971.5482,2024-08-01,Pending
INV04054,S002414,C00903,2026-02-15,16412.02,2954.1636,2026-02-15,Paid
INV04055,S032507,C00841,2024-07-15,26897.36,4841.5248,2024-07-15,Paid
INV04056,S033714,C00688,2025-07-19,41080.52,7394.493599999999,2025-07-19,Overdue
INV04057,S018923,C00960,2025-03-01,50983.17,9176.970599999999,2025-03-01,Paid
INV04058,S075637,C00378,2025-09-21,17088.94,3076.0091999999995,2025-09-21,Disputed
INV04059,S061356,C00986,2025-11-03,19238.32,3462.8976,2025-11-03,Disputed
INV04060,S099023,C00453,2026-01-01,21819.2,3927.456,2026-01-01,Disputed
INV04061,S085588,C00347,2025-06-09,41083.93,7395.1074,2025-06-09,Overdue
INV04062,S077742,C00149,2024-11-01,18999.27,3419.8686,2024-11-01,Overdue
INV04063,S028644,C00004,2024-06-08,25585.72,4605.4296,2024-06-08,Pending
INV04064,S005595,C00697,2025-01-10,46498.96,8369.8128,2025-01-10,Overdue
INV04065,S055347,C00163,2025-04-03,57501.369999999995,10350.246599999999,2025-04-03,Pending
INV04066,S060866,C00288,2025-12-20,26304.4,4734.792,2025-12-20,Overdue
INV04067,S076755,C00041,2025-11-03,20654.7,3717.846,2025-11-03,Paid
INV04068,S005841,C00082,2026-02-06,22596.14,4067.3052,2026-02-06,Pending
INV04069,S071289,C00879,2025-11-07,50090.42,9016.275599999999,2025-11-07,Overdue
INV04070,S094086,C00040,2025-02-21,49640.81,8935.3458,2025-02-21,Pending
INV04071,S072722,C00291,2026-01-15,33295.49,5993.1882,2026-01-15,Paid
INV04072,S070041,C00731,2025-11-15,29214.85,5258.673,2025-11-15,Pending
INV04073,S011594,C00190,2025-06-23,32006.86,5761.2348,2025-06-23,Paid
INV04074,S067364,C00662,2024-12-12,20739.8,3733.1639999999998,2024-12-12,Paid
INV04075,S090170,C00122,2025-07-07,23421.3,4215.834,2025-07-07,Overdue
INV04076,S080034,C00012,2025-11-30,47177.91,8492.0238,2025-11-30,Overdue
INV04077,S062920,C00502,2024-07-19,20984.44,3777.1991999999996,2024-07-19,Paid
INV04078,S016226,C00188,2025-05-17,28747.710000000003,5174.5878,2025-05-17,Pending
INV04079,S043142,C00106,2026-01-15,41862.35,7535.222999999999,2026-01-15,Overdue
INV04080,S028243,C00580,2025-05-23,35619.619999999995,6411.531599999999,2025-05-23,Pending
INV04081,S071514,C00650,2024-12-07,61433.240000000005,11057.9832,2024-12-07,Disputed
INV04082,S065053,C00888,2025-06-26,38577.04,6943.8672,2025-06-26,Paid
INV04083,S087213,C00321,2025-02-14,17792.34,3202.6212,2025-02-14,Pending
INV04084,S016532,C00843,2024-12-15,36120.16,6501.6288,2024-12-15,Paid
INV04085,S031084,C00432,2026-02-04,18123.9,3262.302,2026-02-04,Disputed
INV04086,S038869,C00172,2024-07-23,18765.81,3377.8458,2024-07-23,Pending
INV04087,S020585,C00001,2025-11-04,33153.15,5967.567,2025-11-04,Overdue
INV04088,S036769,C00224,2024-11-15,11898.38,2141.7084,2024-11-15,Overdue
INV04089,S006283,C00465,2024-08-19,47305.280000000006,8514.950400000002,2024-08-19,Pending
INV04090,S074886,C00613,2025-10-18,51451.020000000004,9261.1836,2025-10-18,Overdue
INV04091,S063241,C00156,2024-11-30,11266.04,2027.8872000000001,2024-11-30,Paid
INV04092,S062004,C00029,2025-08-13,15718.33,2829.2994,2025-08-13,Disputed
INV04093,S041281,C00827,2025-10-08,34356.85,6184.232999999999,2025-10-08,Pending
INV04094,S071621,C00181,2026-02-15,15531.300000000001,2795.634,2026-02-15,Disputed
INV04095,S043558,C00339,2025-08-13,7926.28,1426.7304,2025-08-13,Overdue
INV04096,S055533,C00067,2025-12-22,35090.13,6316.223399999999,2025-12-22,Paid
INV04097,S043231,C00025,2026-01-05,27099.62,4877.9316,2026-01-05,Pending
INV04098,S014291,C00382,2025-12-30,43121.759999999995,7761.916799999999,2025-12-30,Disputed
INV04099,S042987,C00505,2025-08-08,39800.1,7164.017999999999,2025-08-08,Overdue
INV04100,S080847,C00204,2024-12-17,38552.89,6939.5202,2024-12-17,Paid
INV04101,S012275,C00276,2026-02-28,44561.79,8021.1222,2026-02-28,Disputed
INV04102,S004666,C00370,2025-03-30,55535.24,9996.3432,2025-03-30,Overdue
INV04103,S088525,C00985,2026-05-06,48210.65,8677.917,2026-05-06,Paid
INV04104,S011537,C00429,2025-12-28,38030.83,6845.5494,2025-12-28,Disputed
INV04105,S000949,C00494,2025-04-21,24163.37,4349.406599999999,2025-04-21,Overdue
INV04106,S013769,C00983,2025-10-20,47188.909999999996,8494.003799999999,2025-10-20,Paid
INV04107,S092135,C00419,2025-08-03,25679.62,4622.3315999999995,2025-08-03,Overdue
INV04108,S026631,C00098,2026-04-13,14319.95,2577.591,2026-04-13,Overdue
INV04109,S038876,C00177,2024-06-17,13474.72,2425.4496,2024-06-17,Paid
INV04110,S045639,C00380,2024-09-09,37078.87,6674.1966,2024-09-09,Overdue
INV04111,S047352,C00131,2024-06-03,18183.83,3273.0894000000003,2024-06-03,Pending
INV04112,S080667,C00624,2025-07-20,37730.39,6791.4702,2025-07-20,Overdue
INV04113,S036105,C00936,2024-07-24,42898.29,7721.6921999999995,2024-07-24,Pending
INV04114,S010983,C00430,2026-06-02,49963.520000000004,8993.4336,2026-06-02,Overdue
INV04115,S051497,C00318,2024-10-15,7012.24,1262.2032,2024-10-15,Overdue
INV04116,S036285,C00987,2025-01-26,12588.44,2265.9192,2025-01-26,Pending
INV04117,S082166,C00213,2025-09-09,25266.86,4548.0348,2025-09-09,Paid
INV04118,S036427,C00176,2026-03-04,24114.88,4340.6784,2026-03-04,Disputed
INV04119,S077790,C00881,2024-09-30,55565.1,10001.717999999999,2024-09-30,Pending
INV04120,S064407,C00293,2025-05-09,48562.72,8741.2896,2025-05-09,Overdue
INV04121,S017560,C00922,2025-03-23,34002.59,6120.466199999999,2025-03-23,Paid
INV04122,S050331,C00426,2024-07-08,24426.65,4396.7970000000005,2024-07-08,Disputed
INV04123,S042636,C00570,2025-10-04,39230.08,7061.4144,2025-10-04,Pending
INV04124,S053963,C00829,2025-03-24,12745.470000000001,2294.1846,2025-03-24,Overdue
INV04125,S073858,C00288,2024-11-30,49063.77,8831.478599999999,2024-11-30,Disputed
INV04126,S091074,C00648,2024-09-09,54927.75,9886.994999999999,2024-09-09,Overdue
INV04127,S027923,C00576,2024-07-19,44804.450000000004,8064.801,2024-07-19,Paid
INV04128,S099939,C00545,2024-07-27,31885.559999999998,5739.400799999999,2024-07-27,Disputed
INV04129,S003055,C00643,2025-07-20,56545.009999999995,10178.101799999999,2025-07-20,Pending
INV04130,S070391,C00459,2024-06-05,60849.53,10952.9154,2024-06-05,Overdue
INV04131,S027361,C00462,2025-06-20,25670.230000000003,4620.6414,2025-06-20,Disputed
INV04132,S096873,C00199,2025-10-06,19844.59,3572.0262,2025-10-06,Overdue
INV04133,S033941,C00854,2024-08-07,32090.7,5776.326,2024-08-07,Disputed
INV04134,S071340,C00781,2026-06-01,19456.12,3502.1015999999995,2026-06-01,Pending
INV04135,S042010,C00255,2025-12-02,32537.010000000002,5856.6618,2025-12-02,Overdue
INV04136,S040552,C00111,2026-03-08,12089.08,2176.0344,2026-03-08,Paid
INV04137,S059353,C00296,2025-12-21,60119.02,10821.423599999998,2025-12-21,Overdue
INV04138,S082675,C00942,2024-10-25,56902.840000000004,10242.5112,2024-10-25,Disputed
INV04139,S055987,C00686,2026-01-09,35572.97,6403.1346,2026-01-09,Pending
INV04140,S083224,C00406,2026-04-01,56086.12,10095.5016,2026-04-01,Disputed
INV04141,S049263,C00966,2025-09-07,55694.33,10024.9794,2025-09-07,Paid
INV04142,S037785,C00002,2025-04-20,36195.93,6515.2674,2025-04-20,Pending
INV04143,S047759,C00936,2025-12-09,37636.3,6774.534000000001,2025-12-09,Overdue
INV04144,S099352,C00520,2024-11-26,34404.07,6192.732599999999,2024-11-26,Paid
INV04145,S072728,C00137,2024-12-18,33462.91,6023.3238,2024-12-18,Paid
INV04146,S067673,C00953,2025-01-23,27855.870000000003,5014.0566,2025-01-23,Overdue
INV04147,S073468,C00683,2026-05-12,33471.96,6024.9528,2026-05-12,Overdue
INV04148,S006239,C00965,2024-10-07,49793.14,8962.7652,2024-10-07,Disputed
INV04149,S059495,C00906,2026-01-16,42440.81,7639.345799999999,2026-01-16,Paid
INV04150,S065536,C00550,2025-08-01,42481.86,7646.7348,2025-08-01,Paid
INV04151,S035462,C00103,2025-01-03,31387.07,5649.6726,2025-01-03,Paid
INV04152,S097223,C00463,2025-03-24,36525.270000000004,6574.5486,2025-03-24,Paid
INV04153,S061073,C00973,2026-01-20,16757.18,3016.2924,2026-01-20,Pending
INV04154,S094194,C00613,2024-11-22,44012.59,7922.266199999999,2024-11-22,Disputed
INV04155,S019158,C00411,2025-02-15,44496.65,8009.397,2025-02-15,Disputed
INV04156,S091366,C00918,2024-07-14,43191.88,7774.5383999999995,2024-07-14,Overdue
INV04157,S042164,C00118,2025-02-24,29876.25,5377.724999999999,2025-02-24,Paid
INV04158,S008552,C00342,2026-04-28,14745.14,2654.1252,2026-04-28,Pending
INV04159,S003801,C00353,2026-06-01,9226.689999999999,1660.8041999999998,2026-06-01,Pending
INV04160,S048540,C00348,2025-10-23,20052.16,3609.3887999999997,2025-10-23,Pending
INV04161,S095151,C00439,2025-07-14,31886.879999999997,5739.638399999999,2025-07-14,Paid
INV04162,S055711,C00299,2026-04-29,44943.71000000001,8089.867800000001,2026-04-29,Disputed
INV04163,S042928,C00372,2025-12-07,43938.850000000006,7908.993,2025-12-07,Disputed
INV04164,S092386,C00213,2024-11-15,12357.79,2224.4022,2024-11-15,Pending
INV04165,S024984,C00948,2024-12-30,28455.0,5121.9,2024-12-30,Pending
INV04166,S009808,C00541,2024-12-29,54373.99,9787.3182,2024-12-29,Disputed
INV04167,S055329,C00457,2024-07-07,23650.43,4257.0774,2024-07-07,Overdue
INV04168,S036661,C00371,2024-10-15,53739.55,9673.119,2024-10-15,Paid
INV04169,S057752,C00940,2025-09-16,36844.17,6631.950599999999,2025-09-16,Overdue
INV04170,S073102,C00038,2026-01-03,13069.87,2352.5766,2026-01-03,Paid
INV04171,S069349,C00641,2024-07-14,24268.17,4368.2706,2024-07-14,Overdue
INV04172,S072090,C00292,2025-08-04,20657.05,3718.269,2025-08-04,Disputed
INV04173,S058573,C00811,2025-01-07,50057.24,9010.303199999998,2025-01-07,Overdue
INV04174,S094021,C00673,2025-11-09,50753.71,9135.6678,2025-11-09,Paid
INV04175,S094527,C00581,2024-11-26,9844.08,1771.9343999999999,2024-11-26,Overdue
INV04176,S048789,C00390,2024-09-21,18737.84,3372.8112,2024-09-21,Pending
INV04177,S051337,C00009,2025-05-18,46478.58,8366.1444,2025-05-18,Disputed
INV04178,S073740,C00425,2024-10-31,39448.85,7100.793,2024-10-31,Pending
INV04179,S094612,C00569,2026-05-19,41163.97,7409.5145999999995,2026-05-19,Disputed
INV04180,S000625,C00124,2026-04-17,31153.44,5607.619199999999,2026-04-17,Overdue
INV04181,S047285,C00948,2025-01-23,29213.3,5258.393999999999,2025-01-23,Paid
INV04182,S082611,C00811,2025-03-24,22171.09,3990.7961999999998,2025-03-24,Disputed
INV04183,S009907,C00402,2024-11-02,14494.57,2609.0226,2024-11-02,Disputed
INV04184,S074253,C00097,2025-08-15,49427.979999999996,8897.036399999999,2025-08-15,Disputed
INV04185,S002831,C00189,2025-01-05,60010.55,10801.899,2025-01-05,Pending
INV04186,S019105,C00631,2025-11-15,32456.42,5842.155599999999,2025-11-15,Overdue
INV04187,S045846,C00933,2024-12-30,47248.5,8504.73,2024-12-30,Paid
INV04188,S004243,C00859,2025-08-11,44992.78,8098.7004,2025-08-11,Overdue
INV04189,S055354,C00724,2024-10-03,43167.86,7770.2148,2024-10-03,Paid
INV04190,S037024,C00285,2025-11-05,47220.28,8499.650399999999,2025-11-05,Pending
INV04191,S010969,C00294,2024-11-24,20653.08,3717.5544,2024-11-24,Paid
INV04192,S024426,C00813,2025-12-11,24725.56,4450.6008,2025-12-11,Paid
INV04193,S029382,C00499,2025-11-06,34411.49,6194.0682,2025-11-06,Paid
INV04194,S095581,C00983,2025-01-18,13803.599999999999,2484.6479999999997,2025-01-18,Pending
INV04195,S074566,C00594,2024-09-13,21362.12,3845.1816,2024-09-13,Disputed
INV04196,S031071,C00209,2025-08-30,30208.32,5437.4976,2025-08-30,Pending
INV04197,S083657,C00086,2024-09-03,45925.0,8266.5,2024-09-03,Paid
INV04198,S016142,C00922,2025-06-07,49273.880000000005,8869.2984,2025-06-07,Paid
INV04199,S042416,C00219,2025-01-20,51603.36,9288.6048,2025-01-20,Disputed
INV04200,S065210,C00826,2025-05-08,53122.409999999996,9562.0338,2025-05-08,Paid
INV04201,S006834,C00623,2024-08-02,49030.07,8825.4126,2024-08-02,Paid
INV04202,S076406,C00420,2025-02-08,33381.770000000004,6008.7186,2025-02-08,Pending
INV04203,S000403,C00314,2025-05-21,27081.43,4874.6574,2025-05-21,Pending
INV04204,S002529,C00829,2025-04-29,49223.32000000001,8860.197600000001,2025-04-29,Overdue
INV04205,S036922,C00554,2024-06-03,54947.53999999999,9890.5572,2024-06-03,Disputed
INV04206,S038491,C00050,2025-01-25,42504.42,7650.7955999999995,2025-01-25,Disputed
INV04207,S027256,C00693,2024-07-19,14450.47,2601.0845999999997,2024-07-19,Disputed
INV04208,S030892,C00221,2024-08-22,53427.8,9617.004,2024-08-22,Pending
INV04209,S043501,C00970,2026-04-14,51990.219999999994,9358.239599999999,2026-04-14,Overdue
INV04210,S084131,C00095,2026-04-02,5699.110000000001,1025.8398,2026-04-02,Disputed
INV04211,S090530,C00078,2026-02-11,11653.82,2097.6875999999997,2026-02-11,Pending
INV04212,S025134,C00452,2026-02-27,11115.27,2000.7486,2026-02-27,Paid
INV04213,S089814,C00486,2025-11-10,34963.479999999996,6293.426399999999,2025-11-10,Pending
INV04214,S030705,C00625,2024-07-15,14781.740000000002,2660.7132,2024-07-15,Disputed
INV04215,S032777,C00158,2025-03-12,38071.72,6852.9096,2025-03-12,Pending
INV04216,S003282,C00298,2025-08-02,16341.15,2941.4069999999997,2025-08-02,Paid
INV04217,S042360,C00758,2026-05-06,52970.86,9534.7548,2026-05-06,Pending
INV04218,S016882,C00150,2024-10-27,22341.68,4021.5024,2024-10-27,Overdue
INV04219,S055125,C00048,2025-08-09,36457.02,6562.263599999999,2025-08-09,Pending
INV04220,S046860,C00741,2024-10-12,51070.9,9192.762,2024-10-12,Paid
INV04221,S030399,C00804,2024-11-14,10869.630000000001,1956.5334,2024-11-14,Pending
INV04222,S017764,C00103,2025-06-17,20007.72,3601.3896,2025-06-17,Paid
INV04223,S009810,C00891,2025-06-11,26394.27,4750.9686,2025-06-11,Overdue
INV04224,S028792,C00813,2025-09-01,5488.41,987.9137999999999,2025-09-01,Pending
INV04225,S059118,C00916,2024-06-30,49101.05,8838.189,2024-06-30,Disputed
INV04226,S035440,C00808,2025-03-10,49445.62,8900.2116,2025-03-10,Pending
INV04227,S069548,C00502,2025-07-31,43579.62,7844.3316,2025-07-31,Disputed
INV04228,S030765,C00578,2026-01-19,44011.99,7922.158199999999,2026-01-19,Disputed
INV04229,S073295,C00283,2024-11-04,13474.36,2425.3848,2024-11-04,Paid
INV04230,S002919,C00566,2024-12-30,21875.25,3937.545,2024-12-30,Paid
INV04231,S097589,C00415,2026-01-16,26451.15,4761.207,2026-01-16,Pending
INV04232,S023947,C00297,2024-07-19,8585.4,1545.3719999999998,2024-07-19,Pending
INV04233,S031939,C00963,2024-11-25,23949.2,4310.856,2024-11-25,Paid
INV04234,S049912,C00916,2025-07-07,9980.68,1796.5224,2025-07-07,Pending
INV04235,S058165,C00279,2025-07-25,49831.75,8969.715,2025-07-25,Pending
INV04236,S000216,C00903,2024-06-20,29971.76,5394.9168,2024-06-20,Overdue
INV04237,S010335,C00387,2025-05-09,50539.46,9097.102799999999,2025-05-09,Disputed
INV04238,S036698,C00544,2024-11-25,34413.119999999995,6194.361599999999,2024-11-25,Disputed
INV04239,S073956,C00272,2026-04-02,19188.54,3453.9372,2026-04-02,Overdue
INV04240,S062895,C00892,2025-03-28,50729.19,9131.2542,2025-03-28,Pending
INV04241,S004792,C00703,2026-01-11,27200.3,4896.054,2026-01-11,Disputed
INV04242,S045343,C00845,2024-09-25,17604.57,3168.8226,2024-09-25,Pending
INV04243,S077233,C00141,2026-04-12,20534.64,3696.2351999999996,2026-04-12,Paid
INV04244,S022443,C00178,2025-11-06,53048.93,9548.8074,2025-11-06,Disputed
INV04245,S053624,C00088,2024-10-20,55327.73,9958.9914,2024-10-20,Disputed
INV04246,S075796,C00888,2025-10-24,23917.15,4305.087,2025-10-24,Overdue
INV04247,S063498,C00399,2024-08-14,5942.25,1069.605,2024-08-14,Disputed
INV04248,S048671,C00860,2026-03-02,24919.940000000002,4485.5892,2026-03-02,Overdue
INV04249,S091625,C00998,2024-10-27,53582.68,9644.8824,2024-10-27,Disputed
INV04250,S096372,C00865,2025-07-26,40962.16,7373.1888,2025-07-26,Paid
INV04251,S093724,C00834,2026-04-01,48254.590000000004,8685.8262,2026-04-01,Paid
INV04252,S055621,C00512,2025-09-18,16225.900000000001,2920.6620000000003,2025-09-18,Pending
INV04253,S040200,C00921,2025-09-14,22518.62,4053.3515999999995,2025-09-14,Disputed
INV04254,S094465,C00336,2025-10-19,40024.42,7204.3956,2025-10-19,Disputed
INV04255,S052607,C00891,2025-08-31,13578.83,2444.1893999999998,2025-08-31,Overdue
INV04256,S033261,C00214,2024-09-25,50042.54,9007.6572,2024-09-25,Disputed
INV04257,S023883,C00140,2025-04-19,35641.3,6415.434,2025-04-19,Pending
INV04258,S011033,C00715,2025-11-28,37645.67,6776.2206,2025-11-28,Overdue
INV04259,S045568,C00110,2024-07-16,48449.4,8720.892,2024-07-16,Paid
INV04260,S047987,C00641,2026-02-20,16035.84,2886.4512,2026-02-20,Disputed
INV04261,S076578,C00701,2025-12-09,28869.920000000002,5196.5856,2025-12-09,Overdue
INV04262,S088917,C00319,2024-08-06,44069.15,7932.447,2024-08-06,Overdue
INV04263,S050432,C00570,2024-08-21,45513.5,8192.43,2024-08-21,Disputed
INV04264,S096260,C00669,2025-10-08,13167.95,2370.231,2025-10-08,Disputed
INV04265,S086064,C00094,2026-05-16,54409.799999999996,9793.764,2026-05-16,Paid
INV04266,S050956,C00994,2025-11-18,21172.39,3811.0301999999997,2025-11-18,Paid
INV04267,S067820,C00987,2024-06-10,20334.45,3660.201,2024-06-10,Paid
INV04268,S082708,C00673,2026-01-25,6977.85,1256.013,2026-01-25,Disputed
INV04269,S035908,C00503,2025-04-17,33338.3,6000.894,2025-04-17,Pending
INV04270,S081740,C00415,2024-06-06,30246.14,5444.3052,2024-06-06,Overdue
INV04271,S043800,C00780,2026-02-27,26274.82,4729.4676,2026-02-27,Overdue
INV04272,S024826,C00944,2024-09-07,32837.93,5910.8274,2024-09-07,Pending
INV04273,S000821,C00730,2025-10-29,42839.38,7711.0884,2025-10-29,Overdue
INV04274,S025520,C00236,2025-10-27,45176.09,8131.696199999999,2025-10-27,Disputed
INV04275,S023481,C00401,2025-04-12,47601.6,8568.287999999999,2025-04-12,Pending
INV04276,S018447,C00600,2026-01-18,41556.53,7480.175399999999,2026-01-18,Disputed
INV04277,S090041,C00789,2024-09-03,31972.61,5755.0698,2024-09-03,Pending
INV04278,S037844,C00262,2025-04-12,50126.33,9022.7394,2025-04-12,Paid
INV04279,S051428,C00479,2025-09-22,29266.29,5267.9322,2025-09-22,Paid
INV04280,S078724,C00369,2024-11-23,17380.45,3128.481,2024-11-23,Overdue
INV04281,S079425,C00427,2025-09-21,45170.92999999999,8130.767399999999,2025-09-21,Overdue
INV04282,S050582,C00607,2024-06-27,55324.41,9958.3938,2024-06-27,Pending
INV04283,S036176,C00999,2024-11-13,27548.46,4958.7228,2024-11-13,Overdue
INV04284,S025224,C00610,2026-04-09,15740.44,2833.2792,2026-04-09,Paid
INV04285,S086655,C00242,2026-02-21,45866.520000000004,8255.973600000001,2026-02-21,Overdue
INV04286,S026778,C00923,2025-03-29,46838.39,8430.9102,2025-03-29,Overdue
INV04287,S028384,C00444,2025-03-14,50635.240000000005,9114.343200000001,2025-03-14,Paid
INV04288,S022310,C00752,2025-06-15,25645.989999999998,4616.2782,2025-06-15,Paid
INV04289,S019293,C00082,2024-06-18,45636.7,8214.606,2024-06-18,Disputed
INV04290,S073284,C00565,2025-08-01,11853.95,2133.7110000000002,2025-08-01,Disputed
INV04291,S075833,C00629,2025-12-16,48398.46,8711.7228,2025-12-16,Pending
INV04292,S074586,C00516,2025-05-16,45378.98,8168.2164,2025-05-16,Overdue
INV04293,S005292,C00376,2025-08-29,20753.579999999998,3735.6443999999997,2025-08-29,Pending
INV04294,S019294,C00792,2024-12-10,38565.53,6941.7954,2024-12-10,Pending
INV04295,S026186,C00191,2025-08-02,43612.229999999996,7850.201399999999,2025-08-02,Paid
INV04296,S084692,C00228,2024-07-03,21610.19,3889.8342,2024-07-03,Disputed
INV04297,S020669,C00688,2024-06-13,12537.060000000001,2256.6708000000003,2024-06-13,Paid
INV04298,S047346,C00814,2025-05-23,15590.15,2806.227,2025-05-23,Disputed
INV04299,S019711,C00375,2025-08-09,44007.0,7921.259999999999,2025-08-09,Disputed
INV04300,S082871,C00595,2026-04-25,21401.66,3852.2988,2026-04-25,Pending
INV04301,S092609,C00326,2026-03-15,23922.63,4306.0734,2026-03-15,Pending
INV04302,S021375,C00276,2025-06-10,13914.83,2504.6693999999998,2025-06-10,Pending
INV04303,S078235,C00101,2026-04-16,34721.450000000004,6249.861000000001,2026-04-16,Overdue
INV04304,S060608,C00083,2026-03-23,24538.1,4416.857999999999,2026-03-23,Overdue
INV04305,S051632,C00826,2026-03-14,16800.74,3024.1332,2026-03-14,Pending
INV04306,S059971,C00092,2025-05-29,42644.03,7675.925399999999,2025-05-29,Pending
INV04307,S070594,C00307,2025-08-26,57837.36,10410.7248,2025-08-26,Overdue
INV04308,S047009,C00233,2025-07-30,24582.46,4424.842799999999,2025-07-30,Overdue
INV04309,S092187,C00243,2024-07-03,21383.25,3848.9849999999997,2024-07-03,Pending
INV04310,S090999,C00126,2024-06-19,58406.97,10513.2546,2024-06-19,Disputed
INV04311,S010380,C00630,2024-06-11,53706.15,9667.107,2024-06-11,Disputed
INV04312,S010703,C00926,2025-01-31,24260.24,4366.8432,2025-01-31,Overdue
INV04313,S070069,C00795,2025-06-29,40478.92,7286.205599999999,2025-06-29,Pending
INV04314,S072511,C00983,2025-12-17,42641.2,7675.415999999999,2025-12-17,Paid
INV04315,S057908,C00628,2024-10-17,32643.11,5875.7598,2024-10-17,Pending
INV04316,S021560,C00604,2025-07-04,17261.18,3107.0124,2025-07-04,Pending
INV04317,S085822,C00531,2025-02-24,42417.63,7635.1734,2025-02-24,Disputed
INV04318,S024999,C00272,2024-07-07,36454.92,6561.8856,2024-07-07,Pending
INV04319,S025194,C00448,2025-09-02,49984.45,8997.201,2025-09-02,Pending
INV04320,S054977,C00913,2025-03-18,40779.1,7340.237999999999,2025-03-18,Overdue
INV04321,S025029,C00684,2025-10-21,32786.509999999995,5901.571799999999,2025-10-21,Pending
INV04322,S040356,C00256,2024-12-26,17531.18,3155.6124,2024-12-26,Overdue
INV04323,S026888,C00078,2024-11-21,39512.1,7112.178,2024-11-21,Pending
INV04324,S030720,C00721,2024-10-24,37358.45,6724.520999999999,2024-10-24,Disputed
INV04325,S039264,C00849,2026-01-29,42394.72,7631.0496,2026-01-29,Disputed
INV04326,S028333,C00331,2025-05-21,49267.51,8868.1518,2025-05-21,Overdue
INV04327,S064244,C00944,2025-07-21,41224.81,7420.465799999999,2025-07-21,Paid
INV04328,S097219,C00066,2026-05-22,53377.2,9607.895999999999,2026-05-22,Paid
INV04329,S093362,C00124,2026-05-08,43085.57,7755.402599999999,2026-05-08,Pending
INV04330,S046354,C00645,2025-07-22,47538.42,8556.9156,2025-07-22,Paid
INV04331,S010454,C00960,2025-08-19,11818.41,2127.3138,2025-08-19,Pending
INV04332,S053374,C00467,2026-03-03,28821.59,5187.8862,2026-03-03,Paid
INV04333,S037277,C00375,2025-10-17,24291.309999999998,4372.435799999999,2025-10-17,Disputed
INV04334,S028561,C00071,2026-01-28,14736.23,2652.5213999999996,2026-01-28,Pending
INV04335,S063961,C00599,2024-11-18,28135.46,5064.382799999999,2024-11-18,Paid
INV04336,S019624,C00007,2024-09-07,31784.54,5721.2172,2024-09-07,Disputed
INV04337,S057536,C00750,2025-04-28,55580.82,10004.5476,2025-04-28,Pending
INV04338,S005299,C00540,2025-02-24,42466.24,7643.923199999999,2025-02-24,Overdue
INV04339,S044796,C00227,2026-04-09,19001.68,3420.3024,2026-04-09,Disputed
INV04340,S051850,C00223,2025-05-27,37323.56,6718.2408,2025-05-27,Pending
INV04341,S087272,C00732,2025-02-11,6080.780000000001,1094.5404,2025-02-11,Paid
INV04342,S032887,C00455,2026-02-25,45496.88,8189.438399999999,2026-02-25,Pending
INV04343,S097624,C00740,2025-04-09,36423.36,6556.2047999999995,2025-04-09,Disputed
INV04344,S028599,C00673,2024-06-22,22808.54,4105.5372,2024-06-22,Disputed
INV04345,S096448,C00416,2025-03-05,17752.86,3195.5148,2025-03-05,Disputed
INV04346,S068335,C00266,2026-01-05,39279.47,7070.3046,2026-01-05,Paid
INV04347,S047337,C00916,2025-06-04,45863.64,8255.4552,2025-06-04,Disputed
INV04348,S033271,C00328,2025-10-10,33596.32,6047.3376,2025-10-10,Pending
INV04349,S045373,C00219,2024-09-08,44873.71,8077.2678,2024-09-08,Disputed
INV04350,S005182,C00057,2025-05-27,21048.11,3788.6598,2025-05-27,Overdue
INV04351,S068410,C00136,2025-04-18,54581.33,9824.6394,2025-04-18,Pending
INV04352,S071165,C00984,2025-07-19,16970.92,3054.7655999999997,2025-07-19,Paid
INV04353,S026668,C00508,2025-01-23,42240.38,7603.268399999999,2025-01-23,Overdue
INV04354,S089133,C00467,2026-04-18,22521.440000000002,4053.8592000000003,2026-04-18,Paid
INV04355,S045611,C00063,2026-05-29,31292.11,5632.5797999999995,2026-05-29,Overdue
INV04356,S094601,C00180,2025-01-22,57042.98,10267.7364,2025-01-22,Disputed
INV04357,S076919,C00909,2024-11-26,16135.61,2904.4098,2024-11-26,Overdue
INV04358,S049442,C00697,2025-04-18,17424.239999999998,3136.3631999999993,2025-04-18,Overdue
INV04359,S072354,C00425,2024-10-05,23546.5,4238.37,2024-10-05,Overdue
INV04360,S083411,C00696,2026-04-20,23937.89,4308.8202,2026-04-20,Paid
INV04361,S085750,C00417,2024-10-22,29338.35,5280.902999999999,2024-10-22,Pending
INV04362,S021568,C00830,2024-11-01,49048.19,8828.6742,2024-11-01,Overdue
INV04363,S003712,C00699,2025-12-25,57144.53,10286.0154,2025-12-25,Disputed
INV04364,S007345,C00648,2024-11-13,52512.39,9452.2302,2024-11-13,Overdue
INV04365,S081861,C00806,2024-07-24,33649.36,6056.8848,2024-07-24,Paid
INV04366,S043849,C00353,2025-12-05,56194.1,10114.938,2025-12-05,Pending
INV04367,S003141,C00321,2025-10-03,20944.7,3770.046,2025-10-03,Overdue
INV04368,S035505,C00934,2025-03-24,21307.36,3835.3248,2025-03-24,Paid
INV04369,S065139,C00351,2026-03-21,48585.94,8745.4692,2026-03-21,Overdue
INV04370,S001412,C00458,2024-10-06,39899.46,7181.9028,2024-10-06,Disputed
INV04371,S004147,C00824,2025-04-24,31448.050000000003,5660.649,2025-04-24,Paid
INV04372,S014446,C00362,2024-10-14,39495.76,7109.2368,2024-10-14,Overdue
INV04373,S000967,C00835,2025-01-20,41603.85,7488.692999999999,2025-01-20,Paid
INV04374,S083119,C00818,2025-12-13,54361.41,9785.0538,2025-12-13,Paid
INV04375,S006339,C00728,2026-04-06,37709.65,6787.737,2026-04-06,Disputed
INV04376,S053533,C00359,2025-02-11,22287.77,4011.7986,2025-02-11,Pending
INV04377,S046026,C00386,2026-03-01,36412.89,6554.320199999999,2026-03-01,Pending
INV04378,S077554,C00572,2025-12-04,16774.13,3019.3434,2025-12-04,Overdue
INV04379,S084989,C00145,2025-05-13,16610.239999999998,2989.8431999999993,2025-05-13,Overdue
INV04380,S007372,C00790,2024-06-23,28836.54,5190.5772,2024-06-23,Pending
INV04381,S073857,C00646,2024-11-13,22502.54,4050.4572,2024-11-13,Disputed
INV04382,S040144,C00379,2025-11-09,42794.82,7703.067599999999,2025-11-09,Pending
INV04383,S092360,C00907,2025-08-05,35125.08,6322.5144,2025-08-05,Overdue
INV04384,S015636,C00779,2024-09-24,26041.120000000003,4687.4016,2024-09-24,Pending
INV04385,S011883,C00594,2025-09-07,46098.329999999994,8297.6994,2025-09-07,Paid
INV04386,S006933,C00365,2025-08-14,30851.27,5553.2285999999995,2025-08-14,Pending
INV04387,S071582,C00321,2026-01-28,35883.93,6459.1074,2026-01-28,Pending
INV04388,S030598,C00967,2024-12-07,38042.02,6847.5635999999995,2024-12-07,Pending
INV04389,S069490,C00581,2025-06-24,21528.149999999998,3875.0669999999996,2025-06-24,Paid
INV04390,S036534,C00610,2025-09-03,43192.17,7774.5905999999995,2025-09-03,Pending
INV04391,S039181,C00310,2024-08-11,23926.7,4306.806,2024-08-11,Disputed
INV04392,S040188,C00629,2024-06-22,45558.579999999994,8200.544399999999,2024-06-22,Pending
INV04393,S036416,C00923,2025-02-06,50509.98,9091.796400000001,2025-02-06,Pending
INV04394,S040930,C00226,2025-06-15,18740.68,3373.3224,2025-06-15,Paid
INV04395,S019948,C00884,2024-10-13,24867.5,4476.15,2024-10-13,Disputed
INV04396,S023107,C00327,2025-05-16,29397.280000000002,5291.5104,2025-05-16,Overdue
INV04397,S011603,C00759,2024-10-19,47530.06,8555.4108,2024-10-19,Pending
INV04398,S071030,C00999,2025-07-15,24412.719999999998,4394.289599999999,2025-07-15,Overdue
INV04399,S042538,C00467,2025-05-10,44858.73,8074.571400000001,2025-05-10,Pending
INV04400,S094432,C00196,2025-03-23,21008.37,3781.5065999999997,2025-03-23,Paid
INV04401,S082815,C00950,2024-11-13,9977.619999999999,1795.9715999999999,2024-11-13,Paid
INV04402,S029334,C00129,2026-05-27,16802.93,3024.5274,2026-05-27,Disputed
INV04403,S078417,C00529,2025-10-27,33943.69,6109.8642,2025-10-27,Overdue
INV04404,S054801,C00073,2025-11-18,54859.130000000005,9874.6434,2025-11-18,Disputed
INV04405,S074536,C00833,2025-07-09,46751.69,8415.3042,2025-07-09,Paid
INV04406,S037020,C00782,2024-11-21,38723.21,6970.1777999999995,2024-11-21,Pending
INV04407,S030245,C00318,2026-01-17,53321.0,9597.779999999999,2026-01-17,Paid
INV04408,S091748,C00426,2025-09-22,17562.420000000002,3161.2356000000004,2025-09-22,Paid
INV04409,S036324,C00570,2025-04-03,51874.19,9337.3542,2025-04-03,Paid
INV04410,S027375,C00985,2025-09-15,43148.020000000004,7766.6436,2025-09-15,Disputed
INV04411,S072418,C00988,2025-04-27,28882.08,5198.7744,2025-04-27,Overdue
INV04412,S056098,C00274,2025-06-21,32692.420000000002,5884.6356000000005,2025-06-21,Pending
INV04413,S026692,C00732,2025-07-30,35936.08,6468.4944000000005,2025-07-30,Pending
INV04414,S023503,C00308,2025-04-05,11454.46,2061.8028,2025-04-05,Disputed
INV04415,S025789,C00963,2025-09-06,24375.850000000002,4387.653,2025-09-06,Disputed
INV04416,S029800,C00648,2024-06-26,19515.11,3512.7198,2024-06-26,Overdue
INV04417,S099876,C00475,2025-04-13,46042.880000000005,8287.7184,2025-04-13,Pending
INV04418,S091561,C00613,2025-10-15,22692.739999999998,4084.6931999999997,2025-10-15,Paid
INV04419,S093877,C00979,2024-08-18,17736.309999999998,3192.5357999999997,2024-08-18,Overdue
INV04420,S039969,C00577,2024-10-02,41094.57,7397.022599999999,2024-10-02,Paid
INV04421,S079776,C00958,2024-07-10,27281.21,4910.6178,2024-07-10,Paid
INV04422,S002138,C00029,2025-01-07,57114.5,10280.609999999999,2025-01-07,Disputed
INV04423,S016781,C00125,2024-08-12,31198.45,5615.721,2024-08-12,Disputed
INV04424,S039651,C00300,2025-11-01,37160.95,6688.971,2025-11-01,Pending
INV04425,S098720,C00465,2025-03-17,21159.25,3808.665,2025-03-17,Pending
INV04426,S051540,C00575,2025-06-25,42371.87,7626.9366,2025-06-25,Paid
INV04427,S060380,C00872,2024-08-07,34754.740000000005,6255.8532000000005,2024-08-07,Overdue
INV04428,S079041,C00810,2026-05-24,34436.270000000004,6198.528600000001,2026-05-24,Paid
INV04429,S005531,C00588,2024-07-22,20950.19,3771.0341999999996,2024-07-22,Pending
INV04430,S091144,C00952,2026-02-26,33561.11,6040.9998,2026-02-26,Pending
INV04431,S087931,C00548,2024-12-24,45648.16,8216.6688,2024-12-24,Overdue
INV04432,S060663,C00354,2025-04-25,21165.829999999998,3809.8493999999996,2025-04-25,Paid
INV04433,S030617,C00444,2026-01-13,10998.66,1979.7587999999998,2026-01-13,Pending
INV04434,S065440,C00754,2025-02-10,40722.77,7330.098599999999,2025-02-10,Pending
INV04435,S063872,C00952,2026-04-24,10789.210000000001,1942.0578,2026-04-24,Pending
INV04436,S088263,C00491,2024-06-12,20719.81,3729.5658000000003,2024-06-12,Pending
INV04437,S089561,C00808,2025-03-26,44143.8,7945.884,2025-03-26,Paid
INV04438,S003201,C00382,2026-03-03,14672.53,2641.0554,2026-03-03,Pending
INV04439,S071052,C00352,2026-04-25,31710.100000000002,5707.818,2026-04-25,Pending
INV04440,S090204,C00239,2024-12-11,52256.53,9406.1754,2024-12-11,Overdue
INV04441,S035236,C00822,2025-07-11,46129.93,8303.3874,2025-07-11,Overdue
INV04442,S088188,C00213,2026-03-16,24328.059999999998,4379.050799999999,2026-03-16,Overdue
INV04443,S031754,C00452,2025-06-28,9637.32,1734.7176,2025-06-28,Overdue
INV04444,S043073,C00831,2026-02-12,32160.58,5788.9044,2026-02-12,Overdue
INV04445,S096158,C00339,2024-12-08,23140.07,4165.2126,2024-12-08,Pending
INV04446,S073235,C00097,2024-06-23,52230.619999999995,9401.511599999998,2024-06-23,Overdue
INV04447,S003172,C00112,2025-06-12,26982.3,4856.813999999999,2025-06-12,Pending
INV04448,S051167,C00929,2025-12-01,54141.53,9745.4754,2025-12-01,Pending
INV04449,S094909,C00887,2025-03-16,29232.510000000002,5261.8518,2025-03-16,Pending
INV04450,S085482,C00246,2026-02-24,25652.95,4617.531,2026-02-24,Pending
INV04451,S041210,C00895,2026-04-19,27816.52,5006.9736,2026-04-19,Paid
INV04452,S060160,C00283,2024-11-21,30646.44,5516.3592,2024-11-21,Pending
INV04453,S076593,C00068,2026-06-02,33988.0,6117.84,2026-06-02,Paid
INV04454,S055882,C00422,2025-04-24,50741.11,9133.3998,2025-04-24,Pending
INV04455,S092337,C00330,2024-09-20,11100.31,1998.0557999999999,2024-09-20,Paid
INV04456,S001074,C00936,2026-01-07,30309.15,5455.647,2026-01-07,Disputed
INV04457,S073633,C00563,2024-11-23,28567.56,5142.1608,2024-11-23,Disputed
INV04458,S061288,C00478,2025-11-25,33859.240000000005,6094.663200000001,2025-11-25,Pending
INV04459,S085758,C00893,2025-11-11,40804.7,7344.846,2025-11-11,Disputed
INV04460,S015045,C00944,2025-02-09,52988.58,9537.9444,2025-02-09,Pending
INV04461,S067679,C00372,2024-11-12,27694.86,4985.0748,2024-11-12,Paid
INV04462,S025701,C00937,2025-02-17,34987.35,6297.723,2025-02-17,Overdue
INV04463,S076582,C00875,2025-12-27,50182.72,9032.8896,2025-12-27,Disputed
INV04464,S036315,C00956,2026-01-28,8809.2,1585.6560000000002,2026-01-28,Paid
INV04465,S051828,C00577,2025-07-09,13156.08,2368.0944,2025-07-09,Pending
INV04466,S067316,C00503,2025-11-09,41127.270000000004,7402.908600000001,2025-11-09,Overdue
INV04467,S072198,C00289,2025-07-14,40659.14,7318.6452,2025-07-14,Pending
INV04468,S039010,C00310,2025-03-07,53447.049999999996,9620.469,2025-03-07,Pending
INV04469,S036641,C00784,2025-06-14,61845.42,11132.175599999999,2025-06-14,Overdue
INV04470,S051029,C00684,2025-01-18,42769.47,7698.5046,2025-01-18,Pending
INV04471,S011205,C00059,2024-10-14,40587.38,7305.728399999999,2024-10-14,Pending
INV04472,S086428,C00326,2025-02-18,27346.84,4922.4312,2025-02-18,Overdue
INV04473,S060703,C00995,2025-07-13,50720.41,9129.6738,2025-07-13,Paid
INV04474,S013739,C00036,2024-08-02,48300.39,8694.0702,2024-08-02,Pending
INV04475,S052298,C00635,2026-04-20,52963.64,9533.4552,2026-04-20,Paid
INV04476,S034854,C00698,2025-05-08,20761.71,3737.1077999999998,2025-05-08,Disputed
INV04477,S008079,C00077,2025-06-18,9014.39,1622.5901999999999,2025-06-18,Disputed
INV04478,S087584,C00568,2025-12-09,47708.75,8587.574999999999,2025-12-09,Pending
INV04479,S022827,C00288,2025-08-13,28968.280000000002,5214.2904,2025-08-13,Pending
INV04480,S066845,C00373,2025-12-01,21618.91,3891.4038,2025-12-01,Pending
INV04481,S006455,C00823,2024-07-13,21946.120000000003,3950.3016000000002,2024-07-13,Overdue
INV04482,S086570,C00378,2024-10-29,29799.65,5363.937,2024-10-29,Pending
INV04483,S017636,C00639,2024-06-16,34019.68,6123.5424,2024-06-16,Disputed
INV04484,S052686,C00889,2024-11-02,28150.06,5067.0108,2024-11-02,Paid
INV04485,S095227,C00675,2025-10-06,51946.7,9350.405999999999,2025-10-06,Paid
INV04486,S045838,C00547,2025-10-29,33163.48,5969.4264,2025-10-29,Overdue
INV04487,S021247,C00778,2025-12-02,31101.629999999997,5598.2934,2025-12-02,Pending
INV04488,S095244,C00453,2026-04-08,12254.96,2205.8927999999996,2026-04-08,Paid
INV04489,S065864,C00857,2026-03-18,22319.65,4017.5370000000003,2026-03-18,Paid
INV04490,S048765,C00882,2025-12-21,24611.41,4430.0538,2025-12-21,Paid
INV04491,S089228,C00262,2025-05-26,20471.09,3684.7961999999998,2025-05-26,Pending
INV04492,S080204,C00018,2025-11-02,13457.76,2422.3968,2025-11-02,Disputed
INV04493,S060953,C00253,2025-11-03,23817.05,4287.0689999999995,2025-11-03,Pending
INV04494,S062154,C00976,2025-11-28,29543.22,5317.7796,2025-11-28,Overdue
INV04495,S088630,C00525,2024-06-11,25644.96,4616.092799999999,2024-06-11,Pending
INV04496,S069130,C00998,2024-09-21,40748.299999999996,7334.693999999999,2024-09-21,Paid
INV04497,S002783,C00554,2026-02-21,50664.46,9119.602799999999,2026-02-21,Pending
INV04498,S054163,C00751,2024-11-30,12928.42,2327.1156,2024-11-30,Pending
INV04499,S091181,C00872,2024-10-18,19254.02,3465.7236,2024-10-18,Overdue
INV04500,S007468,C00304,2025-09-25,47264.43,8507.5974,2025-09-25,Disputed
INV04501,S011286,C00191,2025-01-18,12594.28,2266.9704,2025-01-18,Overdue
INV04502,S081632,C00232,2025-01-02,43953.130000000005,7911.563400000001,2025-01-02,Pending
INV04503,S065455,C00984,2026-02-01,42369.899999999994,7626.5819999999985,2026-02-01,Pending
INV04504,S028491,C00474,2024-08-28,39788.64,7161.955199999999,2024-08-28,Disputed
INV04505,S074792,C00672,2026-03-04,14748.91,2654.8037999999997,2026-03-04,Pending
INV04506,S025869,C00594,2025-10-10,7195.74,1295.2332,2025-10-10,Pending
INV04507,S038918,C00071,2026-05-24,36344.81,6542.065799999999,2026-05-24,Paid
INV04508,S027757,C00507,2025-11-24,11388.14,2049.8651999999997,2025-11-24,Pending
INV04509,S035071,C00385,2025-03-24,20616.99,3711.0582,2025-03-24,Paid
INV04510,S055482,C00879,2024-11-28,21406.16,3853.1088,2024-11-28,Overdue
INV04511,S039152,C00414,2024-10-30,50289.99,9052.198199999999,2024-10-30,Disputed
INV04512,S053643,C00262,2024-08-27,49618.74,8931.3732,2024-08-27,Pending
INV04513,S076011,C00964,2025-11-26,33382.82,6008.9076,2025-11-26,Disputed
INV04514,S049121,C00511,2024-10-16,37510.06,6751.810799999999,2024-10-16,Pending
INV04515,S017056,C00041,2026-02-06,10961.369999999999,1973.0465999999997,2026-02-06,Overdue
INV04516,S096381,C00659,2024-12-21,35200.05,6336.009,2024-12-21,Paid
INV04517,S077879,C00975,2024-08-26,27779.59,5000.3261999999995,2024-08-26,Disputed
INV04518,S048624,C00452,2025-01-03,7414.5599999999995,1334.6208,2025-01-03,Overdue
INV04519,S049191,C00640,2025-11-03,14086.85,2535.633,2025-11-03,Disputed
INV04520,S065802,C00440,2025-12-19,52933.65,9528.057,2025-12-19,Overdue
INV04521,S097814,C00840,2026-04-04,53703.259999999995,9666.5868,2026-04-04,Overdue
INV04522,S094254,C00937,2025-08-14,23942.86,4309.7148,2025-08-14,Paid
INV04523,S007968,C00573,2025-01-23,41319.590000000004,7437.5262,2025-01-23,Pending
INV04524,S091286,C00016,2025-01-06,53580.04,9644.4072,2025-01-06,Overdue
INV04525,S035333,C00646,2026-03-26,59333.83,10680.0894,2026-03-26,Overdue
INV04526,S028345,C00015,2025-08-12,48550.25,8739.045,2025-08-12,Pending
INV04527,S078244,C00673,2026-02-18,52804.649999999994,9504.836999999998,2026-02-18,Pending
INV04528,S049390,C00051,2025-07-28,51913.96,9344.512799999999,2025-07-28,Pending
INV04529,S042226,C00047,2026-05-06,16654.059999999998,2997.7307999999994,2026-05-06,Overdue
INV04530,S068593,C00019,2026-03-12,28390.02,5110.2036,2026-03-12,Paid
INV04531,S000360,C00655,2026-05-01,8068.66,1452.3588,2026-05-01,Overdue
INV04532,S020980,C00071,2025-12-18,18414.559999999998,3314.6207999999992,2025-12-18,Paid
INV04533,S028585,C00672,2025-01-29,35461.19,6383.0142000000005,2025-01-29,Paid
INV04534,S004224,C00535,2025-11-12,46841.05,8431.389000000001,2025-11-12,Paid
INV04535,S061909,C00864,2025-03-06,19475.03,3505.5053999999996,2025-03-06,Disputed
INV04536,S048839,C00377,2024-12-20,9799.689999999999,1763.9441999999997,2024-12-20,Paid
INV04537,S003777,C00276,2025-06-25,15253.73,2745.6713999999997,2025-06-25,Paid
INV04538,S083945,C00239,2024-12-13,11079.77,1994.3586,2024-12-13,Overdue
INV04539,S035120,C00536,2024-07-31,11473.36,2065.2048,2024-07-31,Paid
INV04540,S010111,C00857,2025-02-11,57994.04,10438.9272,2025-02-11,Paid
INV04541,S042237,C00757,2024-09-13,37669.28,6780.470399999999,2024-09-13,Pending
INV04542,S077733,C00350,2025-10-05,53648.350000000006,9656.703000000001,2025-10-05,Disputed
INV04543,S036483,C00636,2024-11-26,41259.950000000004,7426.791,2024-11-26,Pending
INV04544,S078751,C00248,2026-03-27,13799.789999999999,2483.9622,2026-03-27,Pending
INV04545,S092851,C00766,2025-08-02,29887.35,5379.723,2025-08-02,Overdue
INV04546,S069819,C00976,2024-10-24,42262.06,7607.170799999999,2024-10-24,Overdue
INV04547,S088576,C00060,2024-06-14,53662.03,9659.1654,2024-06-14,Pending
INV04548,S011890,C00071,2024-08-11,39964.68,7193.6424,2024-08-11,Overdue
INV04549,S027081,C00500,2024-11-06,27827.79,5009.0022,2024-11-06,Disputed
INV04550,S097654,C00854,2024-11-22,54886.01,9879.4818,2024-11-22,Paid
INV04551,S099254,C00277,2025-09-10,5826.5,1048.77,2025-09-10,Overdue
INV04552,S027854,C00467,2026-03-28,13833.48,2490.0263999999997,2026-03-28,Overdue
INV04553,S092605,C00719,2025-02-05,23119.6,4161.527999999999,2025-02-05,Disputed
INV04554,S089613,C00879,2024-11-26,22966.78,4134.020399999999,2024-11-26,Disputed
INV04555,S098252,C00012,2025-08-07,18777.04,3379.8672,2025-08-07,Pending
INV04556,S050183,C00781,2024-12-08,44198.79,7955.7822,2024-12-08,Paid
INV04557,S021586,C00822,2025-11-24,11869.43,2136.4974,2025-11-24,Overdue
INV04558,S079019,C00814,2026-01-13,23339.04,4201.0272,2026-01-13,Paid
INV04559,S030784,C00379,2025-09-11,15265.24,2747.7432,2025-09-11,Overdue
INV04560,S013750,C00598,2025-06-04,36625.34,6592.561199999999,2025-06-04,Overdue
INV04561,S090361,C00375,2026-03-26,34668.89,6240.4002,2026-03-26,Paid
INV04562,S042775,C00109,2026-04-02,41691.79,7504.522199999999,2026-04-02,Disputed
INV04563,S095042,C00463,2025-11-25,46750.18,8415.0324,2025-11-25,Paid
INV04564,S037003,C00967,2024-09-29,23625.1,4252.518,2024-09-29,Paid
INV04565,S068996,C00979,2026-01-11,18562.3,3341.214,2026-01-11,Pending
INV04566,S074772,C00910,2024-10-16,48415.82,8714.8476,2024-10-16,Disputed
INV04567,S067512,C00572,2025-10-02,39189.06,7054.0307999999995,2025-10-02,Pending
INV04568,S015917,C00599,2026-02-01,49119.75,8841.555,2026-02-01,Overdue
INV04569,S085046,C00380,2024-09-25,38512.29,6932.2122,2024-09-25,Disputed
INV04570,S095011,C00398,2025-01-04,27977.77,5035.9986,2025-01-04,Paid
INV04571,S008439,C00855,2025-01-25,17936.1,3228.4979999999996,2025-01-25,Disputed
INV04572,S054131,C00096,2026-03-19,19624.24,3532.3632000000002,2026-03-19,Paid
INV04573,S061011,C00394,2024-07-08,18013.17,3242.3705999999997,2024-07-08,Paid
INV04574,S081623,C00786,2025-01-12,14123.6,2542.248,2025-01-12,Disputed
INV04575,S051904,C00207,2024-11-26,47029.78,8465.3604,2024-11-26,Paid
INV04576,S037730,C00085,2026-02-25,40367.89,7266.2202,2026-02-25,Overdue
INV04577,S073531,C00025,2026-04-06,54454.06,9801.7308,2026-04-06,Paid
INV04578,S090217,C00139,2025-11-23,34877.0,6277.86,2025-11-23,Pending
INV04579,S034500,C00032,2025-02-16,54597.880000000005,9827.618400000001,2025-02-16,Pending
INV04580,S063086,C00491,2024-10-27,42304.05,7614.729,2024-10-27,Disputed
INV04581,S027077,C00110,2024-11-30,24827.870000000003,4469.0166,2024-11-30,Pending
INV04582,S047275,C00576,2025-10-27,51227.14,9220.885199999999,2025-10-27,Pending
INV04583,S070871,C00423,2024-12-28,24806.31,4465.1358,2024-12-28,Paid
INV04584,S037538,C00088,2025-05-26,16434.45,2958.201,2025-05-26,Pending
INV04585,S062947,C00882,2026-01-16,22453.48,4041.6263999999996,2026-01-16,Disputed
INV04586,S023438,C00430,2024-12-19,23849.28,4292.8704,2024-12-19,Pending
INV04587,S098232,C00365,2025-10-20,52124.07,9382.3326,2025-10-20,Disputed
INV04588,S046927,C00632,2026-05-25,25689.38,4624.0884,2026-05-25,Overdue
INV04589,S018672,C00081,2024-12-10,34746.58,6254.3844,2024-12-10,Overdue
INV04590,S010374,C00023,2025-12-12,38105.06,6858.9108,2025-12-12,Overdue
INV04591,S060098,C00918,2025-10-22,10481.0,1886.58,2025-10-22,Disputed
INV04592,S082149,C00603,2024-08-05,42950.45,7731.080999999999,2024-08-05,Paid
INV04593,S043795,C00513,2025-10-12,32674.61,5881.4298,2025-10-12,Overdue
INV04594,S014627,C00382,2025-11-28,35703.19,6426.5742,2025-11-28,Paid
INV04595,S009672,C00398,2025-09-21,18217.44,3279.1391999999996,2025-09-21,Disputed
INV04596,S006186,C00066,2024-12-31,36831.15,6629.607,2024-12-31,Paid
INV04597,S002786,C00930,2025-12-29,51446.75,9260.414999999999,2025-12-29,Overdue
INV04598,S096427,C00144,2024-08-15,36789.63,6622.1334,2024-08-15,Paid
INV04599,S063619,C00558,2025-12-13,36603.350000000006,6588.603000000001,2025-12-13,Paid
INV04600,S077426,C00333,2024-10-28,31567.89,5682.2202,2024-10-28,Overdue
INV04601,S062134,C00108,2024-11-14,46175.97,8311.6746,2024-11-14,Pending
INV04602,S040695,C00917,2026-03-02,57559.35,10360.682999999999,2026-03-02,Pending
INV04603,S098709,C00641,2025-10-28,12758.880000000001,2296.5984000000003,2025-10-28,Disputed
INV04604,S026471,C00592,2025-06-26,32607.21,5869.297799999999,2025-06-26,Paid
INV04605,S024560,C00907,2024-10-12,13896.54,2501.3772,2024-10-12,Paid
INV04606,S012512,C00385,2025-05-01,26628.78,4793.180399999999,2025-05-01,Disputed
INV04607,S066523,C00906,2025-01-18,11050.19,1989.0342,2025-01-18,Overdue
INV04608,S066858,C00257,2026-05-30,44288.53,7971.935399999999,2026-05-30,Paid
INV04609,S049552,C00591,2024-07-03,28806.78,5185.220399999999,2024-07-03,Paid
INV04610,S006267,C00486,2025-02-12,25442.43,4579.6374,2025-02-12,Disputed
INV04611,S076628,C00672,2025-05-18,21803.21,3924.5777999999996,2025-05-18,Paid
INV04612,S019011,C00279,2024-08-15,9932.67,1787.8806,2024-08-15,Disputed
INV04613,S027467,C00050,2025-09-22,17210.7,3097.926,2025-09-22,Overdue
INV04614,S083629,C00565,2025-02-08,27616.1,4970.897999999999,2025-02-08,Pending
INV04615,S029933,C00369,2024-10-14,10585.33,1905.3593999999998,2024-10-14,Paid
INV04616,S049876,C00455,2024-08-22,13234.15,2382.147,2024-08-22,Overdue
INV04617,S012594,C00192,2025-11-22,36567.119999999995,6582.081599999999,2025-11-22,Pending
INV04618,S015552,C00540,2026-02-27,21260.91,3826.9638,2026-02-27,Paid
INV04619,S008222,C00218,2024-08-05,53133.5,9564.029999999999,2024-08-05,Pending
INV04620,S041500,C00493,2025-12-30,40990.31,7378.255799999999,2025-12-30,Disputed
INV04621,S059216,C00574,2026-04-03,37614.240000000005,6770.5632000000005,2026-04-03,Overdue
INV04622,S071023,C00389,2024-08-04,48616.240000000005,8750.923200000001,2024-08-04,Paid
INV04623,S051014,C00237,2024-11-22,8630.380000000001,1553.4684000000002,2024-11-22,Paid
INV04624,S084735,C00224,2025-03-18,30943.170000000002,5569.7706,2025-03-18,Overdue
INV04625,S075768,C00040,2025-03-05,32018.469999999998,5763.324599999999,2025-03-05,Pending
INV04626,S084294,C00874,2025-01-21,28725.46,5170.582799999999,2025-01-21,Disputed
INV04627,S075167,C00909,2026-04-06,12557.86,2260.4148,2026-04-06,Paid
INV04628,S048695,C00352,2025-09-11,29112.04,5240.1672,2025-09-11,Overdue
INV04629,S010619,C00509,2025-12-30,49444.38,8899.988399999998,2025-12-30,Overdue
INV04630,S067540,C00252,2025-08-19,54159.16,9748.6488,2025-08-19,Pending
INV04631,S092701,C00904,2026-02-16,16478.86,2966.1948,2026-02-16,Pending
INV04632,S086773,C00651,2025-03-09,32395.75,5831.235,2025-03-09,Overdue
INV04633,S007674,C00032,2024-12-01,36097.66,6497.5788,2024-12-01,Disputed
INV04634,S055007,C00467,2025-02-09,42085.08,7575.3144,2025-02-09,Disputed
INV04635,S068256,C00221,2025-01-03,15585.34,2805.3612,2025-01-03,Disputed
INV04636,S018640,C00504,2024-06-24,23098.57,4157.7426,2024-06-24,Disputed
INV04637,S095549,C00516,2025-05-29,10045.26,1808.1468,2025-05-29,Pending
INV04638,S043534,C00349,2026-04-22,28052.34,5049.4212,2026-04-22,Pending
INV04639,S012713,C00421,2026-04-18,52146.45,9386.360999999999,2026-04-18,Pending
INV04640,S056978,C00145,2025-09-13,27598.989999999998,4967.8182,2025-09-13,Paid
INV04641,S061937,C00169,2025-07-27,33548.64,6038.7552,2025-07-27,Overdue
INV04642,S024535,C00226,2025-05-09,29257.38,5266.3284,2025-05-09,Overdue
INV04643,S056453,C00563,2026-02-01,36790.74,6622.333199999999,2026-02-01,Paid
INV04644,S001346,C00048,2025-02-21,45387.67,8169.780599999999,2025-02-21,Pending
INV04645,S051139,C00120,2026-01-03,50081.83,9014.7294,2026-01-03,Disputed
INV04646,S076093,C00667,2025-08-10,59989.06,10798.030799999999,2025-08-10,Pending
INV04647,S098149,C00304,2024-06-09,29481.79,5306.7222,2024-06-09,Overdue
INV04648,S020849,C00038,2025-10-10,52184.03,9393.125399999999,2025-10-10,Paid
INV04649,S076137,C00072,2025-10-04,57235.35,10302.363,2025-10-04,Pending
INV04650,S062883,C00738,2025-01-10,6552.52,1179.4536,2025-01-10,Paid
INV04651,S026980,C00318,2024-07-24,46114.89,8300.680199999999,2024-07-24,Pending
INV04652,S093212,C00295,2024-12-01,37143.44,6685.8192,2024-12-01,Disputed
INV04653,S041588,C00500,2024-12-03,19115.22,3440.7396,2024-12-03,Overdue
INV04654,S086640,C00505,2024-10-14,39102.06,7038.3708,2024-10-14,Disputed
INV04655,S035990,C00841,2025-01-06,47975.93,8635.6674,2025-01-06,Overdue
INV04656,S074615,C00039,2025-11-19,26723.89,4810.3002,2025-11-19,Overdue
INV04657,S099449,C00602,2025-08-01,19083.02,3434.9436,2025-08-01,Pending
INV04658,S097008,C00703,2025-08-10,58116.09,10460.8962,2025-08-10,Paid
INV04659,S018180,C00797,2025-08-04,39841.5,7171.469999999999,2025-08-04,Pending
INV04660,S000083,C00269,2026-01-27,51175.88,9211.658399999998,2026-01-27,Paid
INV04661,S027414,C00917,2026-03-13,34074.18,6133.3524,2026-03-13,Paid
INV04662,S065580,C00790,2024-10-15,57419.950000000004,10335.591,2024-10-15,Disputed
INV04663,S020982,C00994,2024-09-27,14258.400000000001,2566.512,2024-09-27,Paid
INV04664,S023499,C00962,2025-08-01,34995.6,6299.208,2025-08-01,Paid
INV04665,S077328,C00791,2025-10-07,32275.92,5809.665599999999,2025-10-07,Disputed
INV04666,S001377,C00229,2024-07-19,34958.76,6292.5768,2024-07-19,Overdue
INV04667,S024375,C00359,2025-11-15,16583.510000000002,2985.0318,2025-11-15,Pending
INV04668,S019349,C00082,2025-11-07,47258.2,8506.475999999999,2025-11-07,Overdue
INV04669,S053584,C00404,2026-01-27,40799.76,7343.9568,2026-01-27,Paid
INV04670,S035303,C00306,2026-02-12,20270.32,3648.6576,2026-02-12,Overdue
INV04671,S055176,C00793,2024-08-31,15970.74,2874.7331999999997,2024-08-31,Overdue
INV04672,S018034,C00281,2024-11-21,45022.93,8104.127399999999,2024-11-21,Paid
INV04673,S069518,C00075,2025-09-28,37769.31,6798.475799999999,2025-09-28,Overdue
INV04674,S027027,C00524,2024-06-22,39153.33,7047.5994,2024-06-22,Disputed
INV04675,S065764,C00108,2025-12-01,27135.23,4884.341399999999,2025-12-01,Paid
INV04676,S091017,C00021,2024-12-13,45175.52,8131.593599999999,2024-12-13,Pending
INV04677,S022558,C00443,2026-02-26,17890.59,3220.3062,2026-02-26,Pending
INV04678,S051028,C00238,2025-04-17,34731.78,6251.720399999999,2025-04-17,Pending
INV04679,S015071,C00014,2026-06-03,25046.67,4508.4006,2026-06-03,Disputed
INV04680,S091036,C00671,2025-08-23,39008.83,7021.5894,2025-08-23,Pending
INV04681,S076988,C00139,2025-12-12,54402.45,9792.440999999999,2025-12-12,Disputed
INV04682,S055880,C00192,2024-10-24,47185.08,8493.3144,2024-10-24,Disputed
INV04683,S087679,C00015,2025-01-01,23576.11,4243.6998,2025-01-01,Pending
INV04684,S004362,C00374,2024-10-01,9924.49,1786.4081999999999,2024-10-01,Overdue
INV04685,S016407,C00307,2025-10-25,21082.0,3794.7599999999998,2025-10-25,Overdue
INV04686,S054042,C00648,2025-09-13,29079.93,5234.3874,2025-09-13,Pending
INV04687,S077735,C00609,2024-12-21,18979.170000000002,3416.2506000000003,2024-12-21,Disputed
INV04688,S054362,C00187,2025-07-15,50022.94,9004.1292,2025-07-15,Pending
INV04689,S036402,C00461,2024-11-27,58911.39,10604.0502,2024-11-27,Disputed
INV04690,S054865,C00894,2026-04-01,51229.47,9221.3046,2026-04-01,Disputed
INV04691,S045536,C00293,2026-04-01,13820.32,2487.6576,2026-04-01,Paid
INV04692,S013829,C00580,2024-12-30,42309.9,7615.782,2024-12-30,Paid
INV04693,S075491,C00940,2025-04-30,45176.56,8131.7807999999995,2025-04-30,Overdue
INV04694,S063017,C00249,2024-10-14,53428.049999999996,9617.048999999999,2024-10-14,Overdue
INV04695,S098122,C00761,2025-01-30,35778.6,6440.147999999999,2025-01-30,Paid
INV04696,S056204,C00185,2025-05-21,38070.24,6852.6431999999995,2025-05-21,Pending
INV04697,S034015,C00592,2026-04-15,17433.53,3138.0353999999998,2026-04-15,Pending
INV04698,S054575,C00863,2026-02-02,8057.37,1450.3265999999999,2026-02-02,Paid
INV04699,S083060,C00036,2026-02-14,37957.57,6832.3625999999995,2026-02-14,Disputed
INV04700,S080785,C00743,2024-09-19,23341.04,4201.3872,2024-09-19,Overdue
INV04701,S005879,C00974,2025-07-01,47052.979999999996,8469.536399999999,2025-07-01,Paid
INV04702,S000071,C00204,2024-12-27,53257.68,9586.3824,2024-12-27,Paid
INV04703,S056255,C00632,2025-08-02,51322.200000000004,9237.996000000001,2025-08-02,Paid
INV04704,S095833,C00567,2025-10-29,35580.24,6404.4432,2025-10-29,Paid
INV04705,S022650,C00180,2026-05-23,31632.59,5693.8661999999995,2026-05-23,Overdue
INV04706,S025860,C00078,2024-07-20,42720.51,7689.6918000000005,2024-07-20,Pending
INV04707,S024739,C00252,2024-12-08,44188.75,7953.974999999999,2024-12-08,Paid
INV04708,S035463,C00008,2026-03-02,23229.82,4181.3676,2026-03-02,Paid
INV04709,S011817,C00441,2025-10-29,18293.94,3292.9091999999996,2025-10-29,Paid
INV04710,S092997,C00233,2024-08-10,51638.32,9294.8976,2024-08-10,Disputed
INV04711,S037369,C00637,2024-12-30,47884.07,8619.132599999999,2024-12-30,Overdue
INV04712,S097365,C00245,2025-08-05,47827.21000000001,8608.8978,2025-08-05,Overdue
INV04713,S052419,C00003,2024-06-17,33709.55,6067.719,2024-06-17,Paid
INV04714,S085865,C00566,2026-02-21,46744.7,8414.045999999998,2026-02-21,Overdue
INV04715,S028831,C00400,2025-12-17,36193.46,6514.8228,2025-12-17,Overdue
INV04716,S060877,C00185,2024-08-26,56409.79,10153.7622,2024-08-26,Paid
INV04717,S094693,C00795,2025-04-06,27667.23,4980.1014,2025-04-06,Disputed
INV04718,S006156,C00235,2025-02-09,12088.789999999999,2175.9822,2025-02-09,Pending
INV04719,S090191,C00751,2024-06-30,48863.43,8795.4174,2024-06-30,Disputed
INV04720,S044998,C00673,2025-01-21,27605.969999999998,4969.074599999999,2025-01-21,Overdue
INV04721,S091200,C00183,2025-12-29,41327.11,7438.8798,2025-12-29,Pending
INV04722,S058156,C00219,2026-03-28,34658.97,6238.6146,2026-03-28,Paid
INV04723,S001555,C00493,2025-07-08,19151.34,3447.2412,2025-07-08,Overdue
INV04724,S045008,C00049,2024-10-29,50665.31,9119.755799999999,2024-10-29,Pending
INV04725,S022486,C00017,2025-05-20,16359.810000000001,2944.7658,2025-05-20,Pending
INV04726,S056351,C00472,2024-06-27,44249.52,7964.913599999999,2024-06-27,Paid
INV04727,S076145,C00140,2024-10-13,54331.8,9779.724,2024-10-13,Disputed
INV04728,S005790,C00689,2025-05-29,10818.29,1947.2922,2025-05-29,Paid
INV04729,S018040,C00409,2024-06-09,34257.880000000005,6166.4184000000005,2024-06-09,Overdue
INV04730,S069142,C00843,2024-12-24,33106.729999999996,5959.211399999999,2024-12-24,Overdue
INV04731,S079554,C00228,2024-12-27,53856.28,9694.1304,2024-12-27,Paid
INV04732,S086604,C00816,2026-05-11,49327.74,8878.993199999999,2026-05-11,Overdue
INV04733,S031711,C00741,2025-05-05,41092.39,7396.6302,2025-05-05,Overdue
INV04734,S095183,C00650,2024-08-19,36268.59,6528.346199999999,2024-08-19,Overdue
INV04735,S089055,C00087,2025-10-11,26574.53,4783.4154,2025-10-11,Paid
INV04736,S099361,C00991,2024-10-10,22837.3,4110.714,2024-10-10,Paid
INV04737,S040300,C00241,2025-10-12,25784.9,4641.282,2025-10-12,Disputed
INV04738,S018709,C00469,2025-03-20,49854.729999999996,8973.8514,2025-03-20,Pending
INV04739,S028061,C00551,2024-07-11,37936.69,6828.6042,2024-07-11,Overdue
INV04740,S014669,C00609,2025-12-18,41595.42,7487.1756,2025-12-18,Disputed
INV04741,S043686,C00056,2025-04-28,18923.39,3406.2102,2025-04-28,Pending
INV04742,S043277,C00958,2024-06-10,47353.15,8523.567,2024-06-10,Disputed
INV04743,S021857,C00491,2025-03-22,31577.97,5684.0346,2025-03-22,Pending
INV04744,S016316,C00670,2024-11-05,45194.21,8134.957799999999,2024-11-05,Pending
INV04745,S058225,C00255,2025-07-02,39149.54,7046.9172,2025-07-02,Overdue
INV04746,S053761,C00125,2024-08-23,32063.879999999997,5771.4983999999995,2024-08-23,Paid
INV04747,S091060,C00592,2025-06-07,27586.96,4965.6528,2025-06-07,Paid
INV04748,S026865,C00707,2024-11-23,36422.35,6556.022999999999,2024-11-23,Pending
INV04749,S043421,C00089,2025-06-20,35703.84,6426.691199999999,2025-06-20,Paid
INV04750,S040659,C00077,2024-11-26,26049.02,4688.8236,2024-11-26,Paid
INV04751,S091744,C00056,2026-04-27,19900.75,3582.1349999999998,2026-04-27,Pending
INV04752,S056643,C00577,2026-02-02,22515.370000000003,4052.7666000000004,2026-02-02,Disputed
INV04753,S045712,C00521,2024-07-11,51166.54,9209.9772,2024-07-11,Pending
INV04754,S080167,C00812,2025-01-17,24255.43,4365.9774,2025-01-17,Overdue
INV04755,S098449,C00785,2026-04-22,52472.46,9445.0428,2026-04-22,Disputed
INV04756,S008638,C00788,2024-07-02,31274.1,5629.338,2024-07-02,Pending
INV04757,S005723,C00003,2026-01-26,43432.3,7817.814,2026-01-26,Disputed
INV04758,S055843,C00732,2024-12-13,42193.99,7594.918199999999,2024-12-13,Paid
INV04759,S021301,C00048,2026-04-20,12624.32,2272.3776,2026-04-20,Paid
INV04760,S081805,C00854,2025-07-23,37313.79,6716.4821999999995,2025-07-23,Paid
INV04761,S091885,C00031,2025-10-15,46746.93,8414.4474,2025-10-15,Overdue
INV04762,S040871,C00786,2025-05-16,49253.34,8865.6012,2025-05-16,Pending
INV04763,S003423,C00827,2024-11-27,28966.22,5213.9196,2024-11-27,Disputed
INV04764,S074595,C00143,2025-04-25,22479.25,4046.265,2025-04-25,Overdue
INV04765,S072708,C00888,2026-03-05,10812.029999999999,1946.1653999999996,2026-03-05,Overdue
INV04766,S043097,C00028,2026-04-16,38855.52,6993.993599999999,2026-04-16,Disputed
INV04767,S050021,C00438,2025-03-11,14145.12,2546.1216,2025-03-11,Overdue
INV04768,S028874,C00310,2024-11-18,7463.849999999999,1343.493,2024-11-18,Overdue
INV04769,S023444,C00170,2026-03-16,37049.509999999995,6668.911799999999,2026-03-16,Pending
INV04770,S045928,C00144,2025-12-31,32192.25,5794.605,2025-12-31,Disputed
INV04771,S020345,C00883,2025-11-15,43077.07,7753.8726,2025-11-15,Paid
INV04772,S037260,C00379,2024-09-16,23614.34,4250.5812,2024-09-16,Paid
INV04773,S089265,C00176,2024-10-12,11556.62,2080.1916,2024-10-12,Overdue
INV04774,S002325,C00933,2024-09-13,40201.15,7236.207,2024-09-13,Disputed
INV04775,S049947,C00774,2024-09-03,32149.54,5786.9172,2024-09-03,Disputed
INV04776,S007563,C00953,2024-09-11,33542.12,6037.5816,2024-09-11,Disputed
INV04777,S030967,C00295,2025-03-28,40976.6,7375.788,2025-03-28,Overdue
INV04778,S071568,C00201,2025-08-01,27141.059999999998,4885.390799999999,2025-08-01,Overdue
INV04779,S079858,C00089,2025-07-27,34497.51,6209.5518,2025-07-27,Pending
INV04780,S070795,C00042,2025-03-24,13753.98,2475.7164,2025-03-24,Disputed
INV04781,S054453,C00617,2024-11-22,31388.170000000002,5649.8706,2024-11-22,Pending
INV04782,S032542,C00141,2026-01-28,47861.48,8615.0664,2026-01-28,Pending
INV04783,S063355,C00674,2025-10-04,33146.41,5966.353800000001,2025-10-04,Overdue
INV04784,S052630,C00812,2024-10-02,27692.300000000003,4984.6140000000005,2024-10-02,Paid
INV04785,S098196,C00032,2025-10-16,11905.05,2142.9089999999997,2025-10-16,Paid
INV04786,S084197,C00157,2024-07-28,25384.49,4569.2082,2024-07-28,Overdue
INV04787,S063513,C00165,2025-02-20,33529.67,6035.3405999999995,2025-02-20,Paid
INV04788,S013148,C00995,2025-04-15,20786.989999999998,3741.6581999999994,2025-04-15,Pending
INV04789,S046833,C00010,2025-01-17,19197.91,3455.6238,2025-01-17,Disputed
INV04790,S088272,C00273,2026-02-28,51402.49,9252.448199999999,2026-02-28,Overdue
INV04791,S037948,C00639,2024-10-22,21185.36,3813.3648,2024-10-22,Disputed
INV04792,S015996,C00258,2025-10-25,42116.03,7580.885399999999,2025-10-25,Pending
INV04793,S003187,C00423,2026-01-07,53886.25,9699.525,2026-01-07,Paid
INV04794,S036308,C00849,2026-02-16,32410.13,5833.8234,2026-02-16,Overdue
INV04795,S065270,C00444,2025-07-28,37967.52,6834.153599999999,2025-07-28,Disputed
INV04796,S031256,C00034,2024-08-10,30075.85,5413.652999999999,2024-08-10,Overdue
INV04797,S093389,C00703,2025-03-31,21861.38,3935.0484,2025-03-31,Paid
INV04798,S079798,C00309,2024-08-02,53835.299999999996,9690.354,2024-08-02,Paid
INV04799,S056840,C00574,2025-09-04,20687.800000000003,3723.8040000000005,2025-09-04,Disputed
INV04800,S084913,C00927,2025-11-08,51010.38,9181.8684,2025-11-08,Paid
INV04801,S096244,C00203,2025-04-01,8669.28,1560.4704000000002,2025-04-01,Paid
INV04802,S084003,C00355,2024-06-22,13363.85,2405.493,2024-06-22,Disputed
INV04803,S080368,C00092,2025-06-06,13275.880000000001,2389.6584000000003,2025-06-06,Overdue
INV04804,S077837,C00828,2026-04-06,24215.7,4358.826,2026-04-06,Paid
INV04805,S035204,C00119,2024-11-20,13711.65,2468.0969999999998,2024-11-20,Disputed
INV04806,S045438,C00889,2025-01-31,9374.89,1687.4801999999997,2025-01-31,Paid
INV04807,S021841,C00835,2026-01-04,58317.6,10497.168,2026-01-04,Overdue
INV04808,S018608,C00284,2025-03-09,49726.93,8950.8474,2025-03-09,Pending
INV04809,S001187,C00421,2024-06-14,46601.939999999995,8388.349199999999,2024-06-14,Overdue
INV04810,S090539,C00531,2024-07-12,53603.63,9648.6534,2024-07-12,Disputed
INV04811,S042978,C00869,2025-12-14,32874.45,5917.400999999999,2025-12-14,Pending
INV04812,S059384,C00392,2025-03-24,39446.36,7100.3448,2025-03-24,Pending
INV04813,S073464,C00248,2025-09-09,50080.32,9014.4576,2025-09-09,Pending
INV04814,S086435,C00624,2025-12-21,55295.77,9953.238599999999,2025-12-21,Disputed
INV04815,S060231,C00927,2024-10-31,35015.41,6302.773800000001,2024-10-31,Paid
INV04816,S002035,C00383,2025-07-30,38920.479999999996,7005.686399999999,2025-07-30,Disputed
INV04817,S010866,C00111,2025-08-19,40956.91,7372.2438,2025-08-19,Disputed
INV04818,S034147,C00020,2024-11-04,48052.27,8649.408599999999,2024-11-04,Paid
INV04819,S046434,C00795,2024-12-28,59758.44,10756.5192,2024-12-28,Disputed
INV04820,S075615,C00697,2025-03-10,49174.920000000006,8851.4856,2025-03-10,Paid
INV04821,S096688,C00404,2026-03-18,37665.64,6779.8152,2026-03-18,Disputed
INV04822,S025277,C00862,2025-03-02,48263.61,8687.4498,2025-03-02,Overdue
INV04823,S068511,C00760,2024-09-15,14267.97,2568.2346,2024-09-15,Paid
INV04824,S075670,C00309,2024-11-24,51469.27,9264.468599999998,2024-11-24,Paid
INV04825,S090761,C00320,2025-10-09,29230.58,5261.5044,2025-10-09,Pending
INV04826,S015201,C00681,2026-01-04,21078.37,3794.1065999999996,2026-01-04,Pending
INV04827,S075504,C00790,2026-06-03,15509.09,2791.6362,2026-06-03,Paid
INV04828,S002752,C00404,2025-09-29,24905.04,4482.9072,2025-09-29,Pending
INV04829,S095110,C00152,2025-04-02,29707.2,5347.296,2025-04-02,Overdue
INV04830,S095143,C00097,2025-06-20,19472.47,3505.0446,2025-06-20,Overdue
INV04831,S032162,C00950,2025-09-19,43433.44,7818.0192,2025-09-19,Disputed
INV04832,S092509,C00751,2024-12-13,46234.53,8322.2154,2024-12-13,Disputed
INV04833,S069066,C00451,2024-06-09,13655.36,2457.9648,2024-06-09,Disputed
INV04834,S074457,C00449,2025-12-21,56637.21,10194.6978,2025-12-21,Overdue
INV04835,S030554,C00921,2025-04-19,48466.57,8723.9826,2025-04-19,Paid
INV04836,S004267,C00905,2025-12-05,53036.009999999995,9546.4818,2025-12-05,Disputed
INV04837,S080234,C00351,2024-10-10,31602.61,5688.4698,2024-10-10,Paid
INV04838,S019186,C00983,2025-07-18,47327.76,8518.9968,2025-07-18,Paid
INV04839,S057004,C00524,2024-10-20,52358.57,9424.542599999999,2024-10-20,Disputed
INV04840,S076486,C00522,2026-03-31,38586.409999999996,6945.553799999999,2026-03-31,Pending
INV04841,S025396,C00692,2026-03-10,20300.69,3654.1241999999997,2026-03-10,Disputed
INV04842,S054488,C00607,2024-06-11,53045.689999999995,9548.224199999999,2024-06-11,Pending
INV04843,S047111,C00563,2025-01-06,13102.84,2358.5112,2025-01-06,Paid
INV04844,S090894,C00603,2025-05-21,34467.399999999994,6204.131999999999,2025-05-21,Pending
INV04845,S071441,C00074,2026-03-27,34498.59,6209.7462,2026-03-27,Paid
INV04846,S031727,C00775,2025-12-03,40840.02,7351.203599999999,2025-12-03,Paid
INV04847,S067763,C00913,2025-04-21,15350.550000000001,2763.099,2025-04-21,Pending
INV04848,S074746,C00748,2025-03-09,23998.4,4319.712,2025-03-09,Overdue
INV04849,S006481,C00711,2025-12-27,35975.380000000005,6475.568400000001,2025-12-27,Disputed
INV04850,S076927,C00804,2026-02-21,27115.309999999998,4880.755799999999,2026-02-21,Disputed
INV04851,S010819,C00211,2026-02-09,46182.469999999994,8312.844599999999,2026-02-09,Paid
INV04852,S071758,C00563,2025-03-27,27620.800000000003,4971.744000000001,2025-03-27,Paid
INV04853,S017773,C00371,2024-10-25,50617.89,9111.2202,2024-10-25,Paid
INV04854,S040022,C00102,2025-03-22,28105.72,5059.0296,2025-03-22,Overdue
INV04855,S011427,C00919,2025-11-26,43580.72,7844.5296,2025-11-26,Overdue
INV04856,S093301,C00576,2026-06-02,37998.130000000005,6839.6634,2026-06-02,Disputed
INV04857,S057210,C00217,2024-09-06,9208.76,1657.5768,2024-09-06,Paid
INV04858,S089484,C00336,2024-07-21,49839.81,8971.165799999999,2024-07-21,Overdue
INV04859,S006135,C00061,2024-06-29,27805.93,5005.0674,2024-06-29,Disputed
INV04860,S017152,C00509,2025-08-15,47688.85,8583.992999999999,2025-08-15,Overdue
INV04861,S048133,C00976,2026-04-01,51924.64,9346.4352,2026-04-01,Pending
INV04862,S008799,C00430,2025-05-31,18557.3,3340.314,2025-05-31,Disputed
INV04863,S052015,C00566,2024-09-17,48986.86,8817.6348,2024-09-17,Paid
INV04864,S011152,C00447,2024-11-04,27024.489999999998,4864.4082,2024-11-04,Paid
INV04865,S035633,C00586,2024-07-05,45636.68,8214.6024,2024-07-05,Disputed
INV04866,S058377,C00085,2025-10-30,38005.83,6841.0494,2025-10-30,Disputed
INV04867,S078468,C00334,2024-08-29,35423.6,6376.248,2024-08-29,Overdue
INV04868,S041221,C00721,2025-12-31,41266.700000000004,7428.006,2025-12-31,Overdue
INV04869,S003382,C00259,2024-11-29,24438.579999999998,4398.944399999999,2024-11-29,Paid
INV04870,S064271,C00842,2025-01-22,32376.59,5827.7862,2025-01-22,Disputed
INV04871,S052681,C00662,2024-11-04,56927.92,10247.025599999999,2024-11-04,Pending
INV04872,S053758,C00568,2024-11-30,23633.280000000002,4253.990400000001,2024-11-30,Overdue
INV04873,S093226,C00361,2024-11-02,5589.82,1006.1675999999999,2024-11-02,Pending
INV04874,S081550,C00842,2025-03-16,6769.14,1218.4452,2025-03-16,Pending
INV04875,S022213,C00205,2025-03-26,29450.1,5301.017999999999,2025-03-26,Disputed
INV04876,S096799,C00878,2025-06-15,14160.07,2548.8125999999997,2025-06-15,Overdue
INV04877,S066612,C00450,2025-05-31,17438.77,3138.9786,2025-05-31,Pending
INV04878,S085912,C00317,2024-10-18,13582.09,2444.7762,2024-10-18,Paid
INV04879,S035469,C00133,2026-05-26,15069.34,2712.4811999999997,2026-05-26,Pending
INV04880,S099985,C00581,2025-08-06,52080.43,9374.4774,2025-08-06,Overdue
INV04881,S070067,C00998,2025-01-02,22966.3,4133.933999999999,2025-01-02,Pending
INV04882,S080305,C00735,2025-10-26,34748.93,6254.8074,2025-10-26,Paid
INV04883,S045245,C00559,2024-07-03,42079.23,7574.2614,2024-07-03,Disputed
INV04884,S058674,C00371,2024-06-17,19284.45,3471.201,2024-06-17,Overdue
INV04885,S070897,C00608,2025-09-10,34874.22,6277.3596,2025-09-10,Overdue
INV04886,S097263,C00934,2025-02-11,31147.79,5606.6022,2025-02-11,Disputed
INV04887,S052949,C00116,2025-03-27,54691.21,9844.4178,2025-03-27,Paid
INV04888,S093271,C00810,2025-07-08,44181.8,7952.724,2025-07-08,Overdue
INV04889,S091100,C00623,2025-08-10,42158.23,7588.481400000001,2025-08-10,Pending
INV04890,S007526,C00882,2024-12-01,54964.67,9893.640599999999,2024-12-01,Disputed
INV04891,S084390,C00921,2024-06-18,5819.74,1047.5531999999998,2024-06-18,Overdue
INV04892,S030866,C00963,2025-03-29,60783.15,10940.967,2025-03-29,Disputed
INV04893,S077003,C00155,2024-08-31,22063.620000000003,3971.4516000000003,2024-08-31,Paid
INV04894,S043258,C00421,2025-02-20,33932.41,6107.8338,2025-02-20,Overdue
INV04895,S099002,C00784,2024-06-12,32631.11,5873.5998,2024-06-12,Paid
INV04896,S009294,C00467,2025-08-09,10389.64,1870.1351999999997,2025-08-09,Pending
INV04897,S096558,C00649,2024-07-09,38005.6,6841.008,2024-07-09,Paid
INV04898,S027393,C00811,2024-07-28,41796.16,7523.308800000001,2024-07-28,Pending
INV04899,S009335,C00135,2024-08-18,54370.22,9786.6396,2024-08-18,Paid
INV04900,S042051,C00602,2025-04-19,25624.579999999998,4612.4244,2025-04-19,Overdue
INV04901,S091589,C00883,2025-07-25,38293.04,6892.7472,2025-07-25,Pending
INV04902,S004862,C00951,2026-03-21,37711.6,6788.088,2026-03-21,Paid
INV04903,S073467,C00097,2025-02-01,16171.07,2910.7925999999998,2025-02-01,Overdue
INV04904,S046621,C00832,2024-09-21,41085.51,7395.3918,2024-09-21,Disputed
INV04905,S015622,C00610,2026-05-15,42155.54,7587.9972,2026-05-15,Paid
INV04906,S083885,C00953,2025-08-18,49203.24,8856.5832,2025-08-18,Overdue
INV04907,S034877,C00267,2025-12-03,47140.5,8485.289999999999,2025-12-03,Overdue
INV04908,S080700,C00493,2024-11-15,49551.96,8919.352799999999,2024-11-15,Overdue
INV04909,S087936,C00711,2024-10-03,43300.6,7794.107999999999,2024-10-03,Pending
INV04910,S054891,C00364,2025-01-01,31725.239999999998,5710.543199999999,2025-01-01,Disputed
INV04911,S088892,C00775,2024-06-07,37457.18,6742.292399999999,2024-06-07,Disputed
INV04912,S065555,C00893,2025-04-01,58156.549999999996,10468.178999999998,2025-04-01,Disputed
INV04913,S057285,C00374,2025-11-14,27136.530000000002,4884.575400000001,2025-11-14,Disputed
INV04914,S036905,C00752,2025-11-17,52953.65,9531.657,2025-11-17,Disputed
INV04915,S066955,C00091,2025-08-16,51583.71,9285.067799999999,2025-08-16,Pending
INV04916,S089476,C00827,2025-05-02,20653.550000000003,3717.6390000000006,2025-05-02,Disputed
INV04917,S090986,C00646,2026-02-28,9534.07,1716.1326,2026-02-28,Overdue
INV04918,S068469,C00860,2026-05-11,30905.25,5562.945,2026-05-11,Overdue
INV04919,S030832,C00214,2026-03-19,12624.72,2272.4496,2026-03-19,Overdue
INV04920,S002514,C00187,2025-12-08,38522.979999999996,6934.136399999999,2025-12-08,Pending
INV04921,S062769,C00920,2025-04-14,54072.46,9733.0428,2025-04-14,Overdue
INV04922,S015228,C00319,2025-08-28,48784.479999999996,8781.2064,2025-08-28,Pending
INV04923,S069272,C00659,2025-07-15,51846.090000000004,9332.2962,2025-07-15,Paid
INV04924,S085103,C00712,2024-07-30,36244.89,6524.080199999999,2024-07-30,Pending
INV04925,S039924,C00383,2025-07-24,14369.650000000001,2586.5370000000003,2025-07-24,Overdue
INV04926,S085067,C00368,2026-01-02,42897.34,7721.521199999999,2026-01-02,Paid
INV04927,S026072,C00667,2025-06-03,9876.880000000001,1777.8384,2025-06-03,Paid
INV04928,S055446,C00675,2026-04-21,26195.54,4715.1972,2026-04-21,Overdue
INV04929,S066131,C00181,2025-08-19,36720.09,6609.6161999999995,2025-08-19,Pending
INV04930,S058400,C00744,2026-03-25,34419.18,6195.4524,2026-03-25,Overdue
INV04931,S064024,C00914,2025-04-09,49764.59,8957.626199999999,2025-04-09,Disputed
INV04932,S090921,C00398,2024-06-12,16725.19,3010.5341999999996,2024-06-12,Paid
INV04933,S011643,C00541,2025-08-20,35289.59,6352.126199999999,2025-08-20,Pending
INV04934,S016148,C00728,2026-01-18,25435.45,4578.381,2026-01-18,Paid
INV04935,S090234,C00237,2024-11-12,31900.52,5742.0936,2024-11-12,Disputed
INV04936,S085883,C00754,2026-05-01,47154.16,8487.748800000001,2026-05-01,Disputed
INV04937,S062235,C00784,2026-01-08,34714.19,6248.5542000000005,2026-01-08,Disputed
INV04938,S074999,C00748,2026-05-13,12981.52,2336.6736,2026-05-13,Pending
INV04939,S037726,C00886,2026-04-22,48767.61,8778.1698,2026-04-22,Paid
INV04940,S038415,C00712,2025-12-24,23902.46,4302.4428,2025-12-24,Overdue
INV04941,S000542,C00405,2025-04-22,41691.270000000004,7504.4286,2025-04-22,Paid
INV04942,S079587,C00806,2025-05-14,18763.51,3377.4317999999994,2025-05-14,Disputed
INV04943,S014518,C00629,2024-08-26,30546.13,5498.3034,2024-08-26,Overdue
INV04944,S044394,C00344,2025-04-08,29129.35,5243.282999999999,2025-04-08,Overdue
INV04945,S055339,C00927,2026-01-27,14215.730000000001,2558.8314,2026-01-27,Paid
INV04946,S065395,C00368,2026-01-17,44030.7,7925.525999999999,2026-01-17,Overdue
INV04947,S020288,C00412,2025-10-11,9807.18,1765.2924,2025-10-11,Disputed
INV04948,S047630,C00374,2024-07-27,48807.16,8785.2888,2024-07-27,Pending
INV04949,S003291,C00474,2025-03-11,8459.96,1522.7927999999997,2025-03-11,Disputed
INV04950,S022615,C00396,2025-04-17,54373.91,9787.3038,2025-04-17,Overdue
INV04951,S063685,C00935,2024-10-22,28162.37,5069.2266,2024-10-22,Paid
INV04952,S045238,C00509,2025-02-15,49595.73,8927.2314,2025-02-15,Disputed
INV04953,S019023,C00850,2026-01-21,35860.340000000004,6454.8612,2026-01-21,Paid
INV04954,S011654,C00391,2025-11-10,36348.18,6542.6723999999995,2025-11-10,Overdue
INV04955,S070974,C00367,2025-08-27,30123.99,5422.3182,2025-08-27,Disputed
INV04956,S040577,C00474,2024-12-01,48647.38,8756.5284,2024-12-01,Disputed
INV04957,S012830,C00981,2025-04-19,29934.910000000003,5388.2838,2025-04-19,Overdue
INV04958,S018569,C00326,2025-09-28,18137.4,3264.732,2025-09-28,Overdue
INV04959,S015973,C00457,2025-12-06,47969.33,8634.4794,2025-12-06,Overdue
INV04960,S050856,C00989,2024-10-23,34962.21,6293.1978,2024-10-23,Overdue
INV04961,S055268,C00889,2025-09-03,37909.31,6823.675799999999,2025-09-03,Overdue
INV04962,S092681,C00354,2026-03-31,20722.47,3730.0446,2026-03-31,Overdue
INV04963,S081884,C00991,2025-04-12,52777.33,9499.9194,2025-04-12,Pending
INV04964,S049615,C00765,2025-12-30,48178.43,8672.1174,2025-12-30,Paid
INV04965,S027103,C00271,2025-06-25,35228.46,6341.122799999999,2025-06-25,Pending
INV04966,S043278,C00409,2025-01-02,37674.47,6781.4046,2025-01-02,Overdue
INV04967,S097777,C00213,2025-11-12,49967.01,8994.0618,2025-11-12,Pending
INV04968,S071086,C00112,2025-07-06,6101.08,1098.1943999999999,2025-07-06,Paid
INV04969,S013189,C00738,2025-10-29,45529.11,8195.2398,2025-10-29,Overdue
INV04970,S041475,C00408,2025-06-28,34846.57,6272.3826,2025-06-28,Pending
INV04971,S085705,C00220,2026-01-16,53300.95,9594.170999999998,2026-01-16,Disputed
INV04972,S098747,C00263,2024-07-01,56770.01,10218.6018,2024-07-01,Paid
INV04973,S037591,C00745,2024-06-28,44790.47,8062.2846,2024-06-28,Paid
INV04974,S073827,C00153,2025-01-15,15086.369999999999,2715.5465999999997,2025-01-15,Paid
INV04975,S058677,C00922,2026-03-21,22661.77,4079.1186,2026-03-21,Paid
INV04976,S065150,C00718,2025-08-24,32079.3,5774.273999999999,2025-08-24,Pending
INV04977,S021845,C00437,2025-09-24,19179.61,3452.3298,2025-09-24,Paid
INV04978,S024712,C00020,2024-10-16,14615.64,2630.8152,2024-10-16,Paid
INV04979,S091024,C00073,2024-11-02,51086.479999999996,9195.5664,2024-11-02,Pending
INV04980,S056903,C00824,2025-03-19,45986.71,8277.6078,2025-03-19,Pending
INV04981,S005349,C00956,2025-02-09,13322.939999999999,2398.1292,2025-02-09,Overdue
INV04982,S012997,C00818,2025-06-13,32288.559999999998,5811.940799999999,2025-06-13,Disputed
INV04983,S047342,C00653,2025-03-12,29276.64,5269.7952,2025-03-12,Pending
INV04984,S037231,C00952,2025-10-27,24773.56,4459.2408000000005,2025-10-27,Overdue
INV04985,S022589,C00966,2026-03-18,47856.76,8614.2168,2026-03-18,Disputed
INV04986,S064292,C00253,2025-08-12,17871.0,3216.7799999999997,2025-08-12,Overdue
INV04987,S047526,C00394,2025-06-25,38234.149999999994,6882.146999999999,2025-06-25,Overdue
INV04988,S061209,C00744,2026-03-21,24684.43,4443.1974,2026-03-21,Pending
INV04989,S020390,C00384,2025-06-23,48209.840000000004,8677.771200000001,2025-06-23,Paid
INV04990,S060724,C00267,2024-11-21,24370.93,4386.7674,2024-11-21,Pending
INV04991,S054874,C00940,2025-12-15,35802.100000000006,6444.378000000001,2025-12-15,Pending
INV04992,S076410,C00714,2024-12-25,12792.96,2302.7327999999998,2024-12-25,Pending
INV04993,S004878,C00900,2026-05-08,5830.62,1049.5116,2026-05-08,Pending
INV04994,S000289,C00494,2025-04-27,49359.17,8884.650599999999,2025-04-27,Overdue
INV04995,S002075,C00040,2025-05-25,46613.66,8390.4588,2025-05-25,Disputed
INV04996,S065745,C00235,2025-03-07,13374.93,2407.4874,2025-03-07,Pending
INV04997,S018194,C00920,2024-08-29,13524.73,2434.4514,2024-08-29,Disputed
INV04998,S082354,C00873,2025-11-22,32734.46,5892.2028,2025-11-22,Overdue
INV04999,S086827,C00329,2026-01-10,22653.18,4077.5724,2026-01-10,Paid
INV05000,S001093,C00180,2024-06-10,17385.78,3129.4403999999995,2024-06-10,Disputed
INV05001,S068097,C00487,2025-05-21,40707.17,7327.290599999999,2025-05-21,Disputed
INV05002,S067691,C00760,2025-07-29,14749.35,2654.883,2025-07-29,Paid
INV05003,S075880,C00866,2025-01-10,30116.28,5420.930399999999,2025-01-10,Pending
INV05004,S038760,C00090,2024-08-01,21252.120000000003,3825.3816,2024-08-01,Overdue
INV05005,S050870,C00654,2024-06-07,28208.81,5077.5858,2024-06-07,Disputed
INV05006,S017018,C00189,2025-11-11,46551.520000000004,8379.2736,2025-11-11,Paid
INV05007,S024145,C00863,2024-09-30,15381.359999999999,2768.6447999999996,2024-09-30,Disputed
INV05008,S001592,C00705,2025-01-29,36315.51,6536.7918,2025-01-29,Disputed
INV05009,S008396,C00090,2025-10-14,29685.69,5343.4241999999995,2025-10-14,Pending
INV05010,S054117,C00144,2025-03-18,55197.36,9935.5248,2025-03-18,Overdue
INV05011,S020476,C00748,2025-02-03,23088.56,4155.9408,2025-02-03,Paid
INV05012,S063723,C00248,2026-04-17,37850.33,6813.0594,2026-04-17,Paid
INV05013,S079204,C00551,2024-10-09,9934.21,1788.1577999999997,2024-10-09,Disputed
INV05014,S008237,C00753,2024-08-19,42465.71,7643.827799999999,2024-08-19,Overdue
INV05015,S095748,C00225,2025-12-14,33635.29,6054.3522,2025-12-14,Disputed
INV05016,S067719,C00210,2024-11-11,16829.13,3029.2434000000003,2024-11-11,Overdue
INV05017,S055875,C00786,2025-09-11,9685.08,1743.3144,2025-09-11,Overdue
INV05018,S011225,C00626,2024-08-07,44726.54,8050.7771999999995,2024-08-07,Overdue
INV05019,S097566,C00889,2026-05-26,11589.98,2086.1964,2026-05-26,Disputed
INV05020,S034104,C00544,2026-05-04,13350.84,2403.1512,2026-05-04,Disputed
INV05021,S005888,C00716,2025-08-03,41112.49,7400.248199999999,2025-08-03,Paid
INV05022,S075318,C00193,2025-09-01,48435.79,8718.4422,2025-09-01,Overdue
INV05023,S018227,C00004,2025-08-09,14039.169999999998,2527.0505999999996,2025-08-09,Overdue
INV05024,S070323,C00546,2025-03-01,44534.41,8016.1938,2025-03-01,Disputed
INV05025,S001305,C00840,2025-06-24,10584.75,1905.2549999999999,2025-06-24,Disputed
INV05026,S018299,C00334,2024-11-20,25013.4,4502.412,2024-11-20,Paid
INV05027,S091152,C00882,2024-09-05,15097.62,2717.5716,2024-09-05,Disputed
INV05028,S024422,C00275,2024-10-07,44816.31,8066.935799999999,2024-10-07,Paid
INV05029,S081521,C00635,2025-11-02,31263.190000000002,5627.3742,2025-11-02,Disputed
INV05030,S000559,C00149,2026-02-17,9911.11,1783.9998,2026-02-17,Disputed
INV05031,S048030,C00699,2024-11-18,37010.6,6661.907999999999,2024-11-18,Paid
INV05032,S050516,C00523,2025-04-08,11811.39,2126.0501999999997,2025-04-08,Pending
INV05033,S092080,C00083,2026-05-05,26905.77,4843.0386,2026-05-05,Overdue
INV05034,S014846,C00148,2025-09-18,34275.630000000005,6169.6134,2025-09-18,Disputed
INV05035,S049125,C00584,2024-07-24,19975.699999999997,3595.6259999999993,2024-07-24,Pending
INV05036,S071036,C00186,2026-01-01,29133.57,5244.0426,2026-01-01,Paid
INV05037,S054195,C00966,2026-01-31,40402.049999999996,7272.368999999999,2026-01-31,Disputed
INV05038,S039080,C00729,2025-01-19,32249.8,5804.964,2025-01-19,Disputed
INV05039,S080951,C00646,2024-06-18,49550.84,8919.151199999998,2024-06-18,Disputed
INV05040,S019386,C00290,2025-11-30,11168.9,2010.4019999999998,2025-11-30,Paid
INV05041,S051931,C00288,2026-03-18,18213.54,3278.4372,2026-03-18,Pending
INV05042,S020832,C00121,2026-02-20,57002.67,10260.480599999999,2026-02-20,Disputed
INV05043,S051015,C00101,2024-06-24,27153.89,4887.700199999999,2024-06-24,Disputed
INV05044,S002698,C00062,2025-08-02,21578.5,3884.1299999999997,2025-08-02,Pending
INV05045,S078219,C00122,2024-12-24,46508.51,8371.5318,2024-12-24,Overdue
INV05046,S009377,C00192,2025-05-26,47850.11,8613.0198,2025-05-26,Pending
INV05047,S016559,C00900,2025-06-05,31969.13,5754.4434,2025-06-05,Disputed
INV05048,S024538,C00709,2024-09-10,22280.29,4010.4522,2024-09-10,Pending
INV05049,S076592,C00260,2024-06-18,40613.35,7310.402999999999,2024-06-18,Disputed
INV05050,S082013,C00448,2026-01-10,31972.260000000002,5755.0068,2026-01-10,Disputed
INV05051,S028309,C00165,2025-04-24,53117.69,9561.1842,2025-04-24,Pending
INV05052,S077481,C00441,2026-01-22,39367.369999999995,7086.126599999999,2026-01-22,Paid
INV05053,S057692,C00983,2026-01-01,21599.05,3887.8289999999997,2026-01-01,Paid
INV05054,S067120,C00913,2026-03-12,30588.53,5505.935399999999,2026-03-12,Pending
INV05055,S085154,C00351,2024-08-30,19289.86,3472.1748,2024-08-30,Paid
INV05056,S008082,C00024,2025-09-28,47467.11,8544.0798,2025-09-28,Paid
INV05057,S011871,C00682,2024-07-16,27485.159999999996,4947.328799999999,2024-07-16,Paid
INV05058,S044790,C00331,2025-12-19,21677.35,3901.923,2025-12-19,Disputed
INV05059,S047406,C00380,2026-03-07,52956.97,9532.2546,2026-03-07,Disputed
INV05060,S073580,C00588,2025-12-07,40963.26,7373.3868,2025-12-07,Pending
INV05061,S047023,C00751,2025-01-22,16576.18,2983.7124,2025-01-22,Disputed
INV05062,S099960,C00749,2025-09-27,25593.940000000002,4606.9092,2025-09-27,Paid
INV05063,S039032,C00617,2025-08-04,11648.7,2096.766,2025-08-04,Disputed
INV05064,S005030,C00993,2025-07-17,16385.8,2949.444,2025-07-17,Paid
INV05065,S075546,C00148,2025-05-22,26248.39,4724.7101999999995,2025-05-22,Paid
INV05066,S025472,C00614,2025-08-16,45971.13,8274.803399999999,2025-08-16,Paid
INV05067,S049201,C00426,2024-09-04,19416.59,3494.9862,2024-09-04,Disputed
INV05068,S005359,C00296,2025-06-06,16908.25,3043.4849999999997,2025-06-06,Pending
INV05069,S063916,C00207,2025-04-11,29045.89,5228.2602,2025-04-11,Overdue
INV05070,S089503,C00847,2026-04-22,44224.0,7960.32,2026-04-22,Overdue
INV05071,S036897,C00471,2025-01-01,34275.229999999996,6169.541399999999,2025-01-01,Pending
INV05072,S049368,C00200,2024-09-07,23056.29,4150.1322,2024-09-07,Pending
INV05073,S014889,C00161,2026-02-23,34256.46,6166.1628,2026-02-23,Disputed
INV05074,S022643,C00670,2025-02-08,21117.57,3801.1625999999997,2025-02-08,Disputed
INV05075,S013376,C00521,2026-02-22,28826.170000000002,5188.7106,2026-02-22,Disputed
INV05076,S031319,C00356,2025-10-22,20727.23,3730.9013999999997,2025-10-22,Overdue
INV05077,S017601,C00564,2025-04-28,31214.96,5618.6928,2025-04-28,Pending
INV05078,S017473,C00401,2024-09-19,30725.42,5530.575599999999,2024-09-19,Disputed
INV05079,S069641,C00451,2026-05-12,48914.4,8804.592,2026-05-12,Disputed
INV05080,S050723,C00683,2024-09-21,41422.85,7456.112999999999,2024-09-21,Paid
INV05081,S058753,C00948,2026-05-14,18674.920000000002,3361.4856000000004,2026-05-14,Paid
INV05082,S085326,C00430,2024-09-18,59545.41,10718.1738,2024-09-18,Pending
INV05083,S088872,C00588,2025-02-03,32797.14,5903.4852,2025-02-03,Paid
INV05084,S098373,C00819,2024-11-11,43030.409999999996,7745.473799999999,2024-11-11,Overdue
INV05085,S072940,C00009,2026-01-06,38303.08,6894.5544,2026-01-06,Overdue
INV05086,S084205,C00730,2025-05-25,50662.009999999995,9119.161799999998,2025-05-25,Disputed
INV05087,S061055,C00060,2025-08-27,15759.31,2836.6758,2025-08-27,Pending
INV05088,S040485,C00651,2025-10-13,52499.57,9449.9226,2025-10-13,Paid
INV05089,S078924,C00681,2025-05-27,33352.04,6003.3672,2025-05-27,Overdue
INV05090,S097348,C00914,2024-07-24,35323.869999999995,6358.296599999999,2024-07-24,Paid
INV05091,S008379,C00167,2025-07-24,54860.44,9874.8792,2025-07-24,Disputed
INV05092,S057406,C00501,2025-12-25,37931.63,6827.693399999999,2025-12-25,Paid
INV05093,S005618,C00951,2025-12-30,35617.14,6411.0851999999995,2025-12-30,Pending
INV05094,S079282,C00137,2025-07-11,40550.08,7299.0144,2025-07-11,Pending
INV05095,S036337,C00026,2025-01-21,30446.05,5480.289,2025-01-21,Overdue
INV05096,S030013,C00025,2025-01-15,48429.259999999995,8717.2668,2025-01-15,Paid
INV05097,S055094,C00366,2025-05-17,57708.64,10387.555199999999,2025-05-17,Disputed
INV05098,S073175,C00729,2026-04-27,34391.66,6190.4988,2026-04-27,Disputed
INV05099,S093056,C00195,2024-06-07,13949.34,2510.8812,2024-06-07,Disputed
INV05100,S072065,C00548,2024-06-07,46117.96000000001,8301.232800000002,2024-06-07,Overdue
INV05101,S073659,C00945,2025-07-19,11113.01,2000.3418,2025-07-19,Overdue
INV05102,S022120,C00664,2025-07-07,30674.829999999998,5521.469399999999,2025-07-07,Paid
INV05103,S006840,C00415,2026-03-18,40324.17,7258.3506,2026-03-18,Pending
INV05104,S050518,C00293,2025-01-07,17959.31,3232.6758,2025-01-07,Paid
INV05105,S044817,C00130,2024-12-16,29799.57,5363.9226,2024-12-16,Overdue
INV05106,S056424,C00841,2025-01-01,8738.68,1572.9624,2025-01-01,Overdue
INV05107,S095194,C00790,2024-06-13,43248.72,7784.7696,2024-06-13,Pending
INV05108,S071820,C00352,2025-11-02,15117.830000000002,2721.2094,2025-11-02,Overdue
INV05109,S046939,C00737,2024-11-21,47985.649999999994,8637.417,2024-11-21,Overdue
INV05110,S051654,C00563,2025-12-27,52195.69,9395.2242,2025-12-27,Overdue
INV05111,S056378,C00827,2026-05-18,46447.33,8360.5194,2026-05-18,Overdue
INV05112,S070622,C00783,2025-07-23,43011.840000000004,7742.131200000001,2025-07-23,Pending
INV05113,S021594,C00420,2025-06-20,26515.600000000002,4772.808,2025-06-20,Overdue
INV05114,S029555,C00462,2025-05-26,18861.079999999998,3394.9943999999996,2025-05-26,Overdue
INV05115,S072371,C00247,2025-01-17,28127.74,5062.9932,2025-01-17,Pending
INV05116,S003063,C00952,2026-06-03,38209.049999999996,6877.628999999999,2026-06-03,Disputed
INV05117,S062138,C00700,2025-04-04,22994.66,4139.0388,2025-04-04,Pending
INV05118,S086025,C00708,2024-10-20,41608.590000000004,7489.546200000001,2024-10-20,Disputed
INV05119,S023106,C00266,2025-03-19,50161.28,9029.0304,2025-03-19,Overdue
INV05120,S017423,C00714,2024-10-26,52124.52,9382.4136,2024-10-26,Disputed
INV05121,S036561,C00625,2025-05-04,16919.04,3045.4272,2025-05-04,Disputed
INV05122,S016706,C00258,2026-01-02,34586.759999999995,6225.616799999999,2026-01-02,Pending
INV05123,S008200,C00705,2025-12-30,48693.74,8764.8732,2025-12-30,Paid
INV05124,S058344,C00770,2026-01-26,15006.619999999999,2701.1915999999997,2026-01-26,Overdue
INV05125,S070446,C00396,2025-12-31,42403.060000000005,7632.550800000001,2025-12-31,Paid
INV05126,S012543,C00709,2024-10-12,31126.43,5602.7573999999995,2024-10-12,Overdue
INV05127,S050420,C00685,2026-05-28,27232.35,4901.822999999999,2026-05-28,Disputed
INV05128,S036207,C00866,2025-04-20,31089.75,5596.155,2025-04-20,Pending
INV05129,S035902,C00308,2026-03-03,14348.220000000001,2582.6796,2026-03-03,Disputed
INV05130,S049074,C00635,2025-11-29,52445.520000000004,9440.1936,2025-11-29,Pending
INV05131,S008257,C00882,2026-04-19,30042.6,5407.668,2026-04-19,Paid
INV05132,S093810,C00879,2025-06-04,19300.06,3474.0108,2025-06-04,Pending
INV05133,S098134,C00595,2025-05-09,36307.95,6535.431,2025-05-09,Disputed
INV05134,S071879,C00568,2025-10-23,16451.82,2961.3275999999996,2025-10-23,Disputed
INV05135,S051242,C00045,2026-04-26,35272.35,6349.022999999999,2026-04-26,Pending
INV05136,S016799,C00445,2024-06-03,42353.32,7623.5976,2024-06-03,Disputed
INV05137,S066728,C00349,2025-05-08,19571.239999999998,3522.8231999999994,2025-05-08,Paid
INV05138,S009877,C00201,2025-10-21,12546.47,2258.3646,2025-10-21,Overdue
INV05139,S028040,C00224,2026-05-30,22919.75,4125.555,2026-05-30,Paid
INV05140,S081538,C00739,2025-05-28,7564.87,1361.6766,2025-05-28,Overdue
INV05141,S092944,C00126,2026-02-14,18252.42,3285.4355999999993,2026-02-14,Pending
INV05142,S041457,C00157,2025-02-01,4972.6,895.068,2025-02-01,Paid
INV05143,S048620,C00731,2025-02-18,54894.39,9880.9902,2025-02-18,Disputed
INV05144,S007781,C00551,2024-11-06,32111.05,5779.989,2024-11-06,Disputed
INV05145,S017967,C00462,2024-10-10,41693.31,7504.795799999999,2024-10-10,Paid
INV05146,S090508,C00761,2026-01-25,54630.28,9833.4504,2026-01-25,Disputed
INV05147,S082999,C00793,2025-08-26,39198.81,7055.7858,2025-08-26,Pending
INV05148,S056423,C00064,2024-12-21,56845.18,10232.1324,2024-12-21,Pending
INV05149,S003256,C00403,2025-08-27,57971.82,10434.927599999999,2025-08-27,Paid
INV05150,S003257,C00498,2026-05-17,17388.8,3129.984,2026-05-17,Overdue
INV05151,S042238,C00831,2024-10-20,53301.88,9594.338399999999,2024-10-20,Paid
INV05152,S094475,C00181,2026-03-19,47545.71,8558.227799999999,2026-03-19,Overdue
INV05153,S087238,C00187,2025-05-05,58100.33,10458.0594,2025-05-05,Disputed
INV05154,S046522,C00978,2025-03-02,34055.86,6130.0548,2025-03-02,Pending
INV05155,S022327,C00022,2025-06-03,38184.45,6873.200999999999,2025-06-03,Paid
INV05156,S028663,C00953,2025-06-13,25849.87,4652.9766,2025-06-13,Pending
INV05157,S067285,C00831,2024-10-15,45803.75,8244.675,2024-10-15,Disputed
INV05158,S084417,C00389,2025-06-19,53497.19,9629.4942,2025-06-19,Disputed
INV05159,S095197,C00975,2024-11-05,30415.52,5474.7936,2024-11-05,Paid
INV05160,S099636,C00222,2024-11-02,18366.260000000002,3305.9268,2024-11-02,Paid
INV05161,S021815,C00218,2025-09-24,16216.51,2918.9718,2025-09-24,Overdue
INV05162,S041758,C00655,2025-12-07,30258.75,5446.575,2025-12-07,Overdue
INV05163,S044838,C00198,2024-09-13,46511.85,8372.133,2024-09-13,Overdue
INV05164,S095743,C00084,2024-09-09,48173.399999999994,8671.212,2024-09-09,Disputed
INV05165,S034486,C00609,2025-10-26,32304.07,5814.732599999999,2025-10-26,Disputed
INV05166,S054690,C00186,2025-10-28,27799.239999999998,5003.8632,2025-10-28,Overdue
INV05167,S028926,C00370,2026-05-27,53667.670000000006,9660.180600000002,2026-05-27,Paid
INV05168,S084139,C00458,2024-08-15,35797.61,6443.5698,2024-08-15,Overdue
INV05169,S076814,C00905,2025-08-14,47289.86,8512.1748,2025-08-14,Paid
INV05170,S087195,C00687,2025-03-03,9903.21,1782.5777999999998,2025-03-03,Pending
INV05171,S046577,C00053,2025-10-10,30715.38,5528.7684,2025-10-10,Pending
INV05172,S064347,C00045,2024-06-08,5765.59,1037.8062,2024-06-08,Disputed
INV05173,S095378,C00350,2024-06-06,45495.8,8189.244000000001,2024-06-06,Overdue
INV05174,S083999,C00327,2026-05-23,53874.25,9697.365,2026-05-23,Pending
INV05175,S066089,C00389,2025-09-02,55376.009999999995,9967.681799999998,2025-09-02,Pending
INV05176,S024072,C00277,2025-07-01,39812.91,7166.3238,2025-07-01,Paid
INV05177,S009251,C00898,2025-12-22,46009.99,8281.7982,2025-12-22,Overdue
INV05178,S056885,C00670,2026-01-17,18603.39,3348.6101999999996,2026-01-17,Paid
INV05179,S008197,C00528,2025-05-08,53648.69,9656.7642,2025-05-08,Overdue
INV05180,S077018,C00221,2025-10-23,31835.31,5730.3558,2025-10-23,Paid
INV05181,S033607,C00599,2025-01-09,34031.75,6125.715,2025-01-09,Disputed
INV05182,S077993,C00879,2026-04-06,49415.57,8894.802599999999,2026-04-06,Overdue
INV05183,S058167,C00348,2025-06-18,39903.21,7182.5778,2025-06-18,Disputed
INV05184,S099690,C00775,2026-01-20,53363.18,9605.3724,2026-01-20,Pending
INV05185,S022446,C00821,2025-08-22,16610.9,2989.962,2025-08-22,Disputed
INV05186,S028155,C00468,2026-03-25,39865.52,7175.793599999999,2026-03-25,Paid
INV05187,S055762,C00831,2026-02-25,16293.529999999999,2932.8353999999995,2026-02-25,Pending
INV05188,S034430,C00122,2025-05-14,36418.34,6555.301199999999,2025-05-14,Overdue
INV05189,S025086,C00250,2024-12-29,29005.33,5220.9594,2024-12-29,Disputed
INV05190,S077352,C00213,2025-10-31,53869.89,9696.5802,2025-10-31,Paid
INV05191,S018276,C00328,2025-05-03,11647.810000000001,2096.6058000000003,2025-05-03,Pending
INV05192,S021722,C00262,2025-06-20,18430.690000000002,3317.5242000000003,2025-06-20,Paid
INV05193,S048214,C00262,2025-03-12,57403.92,10332.7056,2025-03-12,Pending
INV05194,S017116,C00495,2025-06-07,13994.279999999999,2518.9703999999997,2025-06-07,Disputed
INV05195,S075352,C00410,2025-02-06,44470.509999999995,8004.691799999999,2025-02-06,Disputed
INV05196,S056817,C00059,2024-09-13,42992.350000000006,7738.6230000000005,2024-09-13,Overdue
INV05197,S077132,C00361,2025-12-30,49220.71,8859.727799999999,2025-12-30,Paid
INV05198,S094710,C00329,2025-08-16,27619.58,4971.5244,2025-08-16,Overdue
INV05199,S001433,C00587,2024-07-18,12766.460000000001,2297.9628000000002,2024-07-18,Overdue
INV05200,S041244,C00673,2026-05-01,36833.01,6629.9418000000005,2026-05-01,Overdue
INV05201,S045716,C00641,2026-02-17,28485.36,5127.3648,2026-02-17,Pending
INV05202,S087808,C00602,2025-11-06,53101.33,9558.2394,2025-11-06,Pending
INV05203,S001399,C00406,2026-05-13,57782.05,10400.769,2026-05-13,Pending
INV05204,S008463,C00388,2026-04-22,50036.83,9006.6294,2026-04-22,Overdue
INV05205,S014992,C00138,2025-11-02,54112.65,9740.277,2025-11-02,Pending
INV05206,S019847,C00342,2025-07-25,38770.01,6978.6018,2025-07-25,Pending
INV05207,S079386,C00798,2025-08-01,10275.67,1849.6206,2025-08-01,Pending
INV05208,S031897,C00826,2026-01-20,14587.71,2625.7877999999996,2026-01-20,Pending
INV05209,S004962,C00380,2026-01-30,11431.93,2057.7474,2026-01-30,Overdue
INV05210,S024797,C00394,2026-04-30,46205.51,8316.9918,2026-04-30,Overdue
INV05211,S041730,C00955,2026-03-26,35123.21,6322.1777999999995,2026-03-26,Disputed
INV05212,S053437,C00392,2024-08-05,35098.05,6317.649,2024-08-05,Disputed
INV05213,S000448,C00225,2024-06-20,22212.37,3998.2265999999995,2024-06-20,Overdue
INV05214,S058630,C00440,2025-10-21,28700.129999999997,5166.023399999999,2025-10-21,Paid
INV05215,S039497,C00666,2025-05-16,29626.550000000003,5332.779,2025-05-16,Paid
INV05216,S065297,C00779,2024-09-12,18770.03,3378.6053999999995,2024-09-12,Pending
INV05217,S061218,C00294,2025-11-18,9934.92,1788.2856,2025-11-18,Paid
INV05218,S037030,C00861,2024-06-26,49156.29,8848.1322,2024-06-26,Overdue
INV05219,S060549,C00945,2024-09-07,38563.57,6941.442599999999,2024-09-07,Pending
INV05220,S011042,C00924,2025-09-20,52877.02,9517.863599999999,2025-09-20,Pending
INV05221,S067014,C00345,2026-01-25,18005.190000000002,3240.9342,2026-01-25,Disputed
INV05222,S076824,C00766,2025-04-06,51473.43,9265.2174,2025-04-06,Disputed
INV05223,S037351,C00523,2026-02-03,11480.57,2066.5026,2026-02-03,Disputed
INV05224,S099259,C00963,2026-03-07,34458.28,6202.4904,2026-03-07,Pending
INV05225,S000013,C00589,2025-03-17,22593.879999999997,4066.8983999999996,2025-03-17,Disputed
INV05226,S088104,C00405,2024-10-28,54980.07,9896.4126,2024-10-28,Disputed
INV05227,S096748,C00694,2026-02-13,22032.36,3965.8248,2026-02-13,Pending
INV05228,S050597,C00829,2025-09-13,47450.58,8541.1044,2025-09-13,Paid
INV05229,S025731,C00090,2026-01-15,13001.98,2340.3563999999997,2026-01-15,Pending
INV05230,S005391,C00995,2025-01-09,12444.05,2239.9289999999996,2025-01-09,Overdue
INV05231,S096957,C00990,2025-08-09,48092.55,8656.659,2025-08-09,Paid
INV05232,S032471,C00355,2024-12-12,26944.03,4849.925399999999,2024-12-12,Paid
INV05233,S039296,C00527,2024-12-03,31240.81,5623.3458,2024-12-03,Pending
INV05234,S044589,C00119,2025-01-02,59627.880000000005,10733.0184,2025-01-02,Disputed
INV05235,S007814,C00332,2025-06-22,24801.879999999997,4464.3384,2025-06-22,Overdue
INV05236,S074073,C00178,2024-12-08,40776.86,7339.8348,2024-12-08,Disputed
INV05237,S018151,C00991,2026-01-26,39162.86,7049.3148,2026-01-26,Disputed
INV05238,S062388,C00864,2024-10-28,53933.43,9708.017399999999,2024-10-28,Paid
INV05239,S044192,C00803,2025-12-14,47688.89,8584.0002,2025-12-14,Disputed
INV05240,S087396,C00790,2024-12-08,36917.9,6645.222,2024-12-08,Pending
INV05241,S046977,C00207,2024-06-14,13141.84,2365.5312,2024-06-14,Paid
INV05242,S074691,C00011,2025-04-13,21910.0,3943.7999999999997,2025-04-13,Paid
INV05243,S025953,C00282,2024-10-01,31501.579999999998,5670.2844,2024-10-01,Overdue
INV05244,S057302,C00522,2025-06-21,18612.77,3350.2986,2025-06-21,Overdue
INV05245,S048413,C00894,2024-08-10,10717.77,1929.1986,2024-08-10,Paid
INV05246,S042740,C00103,2026-03-16,44816.41,8066.9538,2026-03-16,Overdue
INV05247,S085702,C00001,2025-09-08,46577.39,8383.930199999999,2025-09-08,Overdue
INV05248,S073481,C00924,2024-11-07,28974.91,5215.4838,2024-11-07,Paid
INV05249,S054581,C00626,2025-09-16,37872.32,6817.0176,2025-09-16,Disputed
INV05250,S072489,C00122,2025-08-15,21877.54,3937.9572,2025-08-15,Disputed
INV05251,S033665,C00114,2025-11-12,48865.96,8795.8728,2025-11-12,Paid
INV05252,S092473,C00088,2025-11-25,8076.81,1453.8258,2025-11-25,Paid
INV05253,S083699,C00495,2025-11-14,35218.57,6339.3426,2025-11-14,Pending
INV05254,S018072,C00774,2026-04-15,27233.07,4901.9526,2026-04-15,Overdue
INV05255,S008810,C00387,2024-07-26,28279.29,5090.2722,2024-07-26,Paid
INV05256,S082349,C00804,2024-11-29,57100.020000000004,10278.0036,2024-11-29,Pending
INV05257,S071351,C00059,2024-11-09,48170.81999999999,8670.747599999999,2024-11-09,Overdue
INV05258,S040101,C00545,2025-01-15,18922.03,3405.9653999999996,2025-01-15,Disputed
INV05259,S069764,C00073,2024-11-14,26742.18,4813.5923999999995,2024-11-14,Disputed
INV05260,S025908,C00841,2025-11-15,29619.73,5331.551399999999,2025-11-15,Disputed
INV05261,S072192,C00551,2024-06-20,32949.979999999996,5930.996399999999,2024-06-20,Overdue
INV05262,S046041,C00519,2024-11-16,46228.18,8321.0724,2024-11-16,Pending
INV05263,S069225,C00591,2026-04-25,27230.6,4901.508,2026-04-25,Pending
INV05264,S048190,C00329,2025-03-09,41709.96,7507.792799999999,2025-03-09,Paid
INV05265,S096313,C00176,2024-11-28,37829.51,6809.3118,2024-11-28,Overdue
INV05266,S010544,C00807,2025-08-23,43047.57,7748.562599999999,2025-08-23,Paid
INV05267,S051622,C00317,2024-08-25,23382.02,4208.7636,2024-08-25,Paid
INV05268,S084061,C00689,2024-09-06,49363.060000000005,8885.3508,2024-09-06,Disputed
INV05269,S072196,C00663,2025-03-13,13406.58,2413.1844,2025-03-13,Pending
INV05270,S054728,C00438,2025-11-21,24193.11,4354.7598,2025-11-21,Paid
INV05271,S039316,C00745,2025-11-11,32602.83,5868.5094,2025-11-11,Disputed
INV05272,S004567,C00726,2025-10-21,11255.41,2025.9738,2025-10-21,Pending
INV05273,S006444,C00109,2024-11-04,51641.81,9295.5258,2024-11-04,Pending
INV05274,S056676,C00649,2025-01-03,58316.78,10497.0204,2025-01-03,Pending
INV05275,S014683,C00094,2024-08-18,10957.490000000002,1972.3482000000001,2024-08-18,Paid
INV05276,S063171,C00433,2026-05-31,15702.78,2826.5004,2026-05-31,Disputed
INV05277,S048811,C00362,2026-05-12,38947.56,7010.560799999999,2026-05-12,Disputed
INV05278,S025016,C00788,2026-02-27,15128.480000000001,2723.1264,2026-02-27,Overdue
INV05279,S091424,C00348,2024-11-20,30078.38,5414.1084,2024-11-20,Disputed
INV05280,S075231,C00973,2024-08-23,30798.28,5543.6903999999995,2024-08-23,Paid
INV05281,S043345,C00552,2025-12-07,58681.3,10562.634,2025-12-07,Overdue
INV05282,S096278,C00930,2024-06-16,22962.49,4133.2482,2024-06-16,Disputed
INV05283,S043820,C00016,2026-05-17,52438.09,9438.856199999998,2026-05-17,Paid
INV05284,S086189,C00931,2024-09-15,22947.82,4130.607599999999,2024-09-15,Pending
INV05285,S099871,C00292,2024-07-17,36628.96,6593.212799999999,2024-07-17,Pending
INV05286,S030070,C00650,2024-08-16,16206.130000000001,2917.1034,2024-08-16,Overdue
INV05287,S046709,C00647,2026-04-05,8945.91,1610.2638,2026-04-05,Overdue
INV05288,S039392,C00947,2025-08-20,30133.22,5423.9796,2025-08-20,Paid
INV05289,S012089,C00397,2025-07-31,50958.26,9172.4868,2025-07-31,Paid
INV05290,S005012,C00057,2024-12-06,30391.58,5470.4844,2024-12-06,Pending
INV05291,S032609,C00061,2024-09-26,33150.8,5967.144,2024-09-26,Pending
INV05292,S010124,C00533,2025-04-27,62427.39,11236.930199999999,2025-04-27,Disputed
INV05293,S084723,C00818,2025-04-14,60029.26,10805.2668,2025-04-14,Disputed
INV05294,S093757,C00447,2025-06-13,46735.17,8412.3306,2025-06-13,Paid
INV05295,S026772,C00483,2024-11-23,43215.729999999996,7778.831399999999,2024-11-23,Disputed
INV05296,S040583,C00672,2025-07-02,42133.14,7583.9652,2025-07-02,Paid
INV05297,S081621,C00332,2025-06-05,21728.42,3911.1155999999996,2025-06-05,Paid
INV05298,S044739,C00900,2026-06-01,32637.1,5874.678,2026-06-01,Disputed
INV05299,S099590,C00011,2025-10-09,44346.75,7982.415,2025-10-09,Overdue
INV05300,S047829,C00215,2025-11-26,19631.71,3533.7077999999997,2025-11-26,Paid
INV05301,S061701,C00875,2024-08-09,24927.55,4486.959,2024-08-09,Overdue
INV05302,S055313,C00121,2024-12-31,20018.11,3603.2598,2024-12-31,Disputed
INV05303,S002436,C00453,2024-07-19,14926.23,2686.7214,2024-07-19,Disputed
INV05304,S081131,C00762,2025-11-17,18408.87,3313.5966,2025-11-17,Disputed
INV05305,S018563,C00163,2025-11-25,36509.92,6571.785599999999,2025-11-25,Paid
INV05306,S072107,C00035,2026-05-05,53678.8,9662.184,2026-05-05,Disputed
INV05307,S040336,C00607,2024-08-30,27343.65,4921.857,2024-08-30,Pending
INV05308,S072917,C00575,2026-03-27,58697.61,10565.5698,2026-03-27,Overdue
INV05309,S041313,C00699,2025-03-16,53002.39,9540.430199999999,2025-03-16,Disputed
INV05310,S086272,C00387,2026-02-21,25015.04,4502.7072,2026-02-21,Overdue
INV05311,S073131,C00186,2025-12-20,43100.549999999996,7758.098999999999,2025-12-20,Paid
INV05312,S018152,C00409,2024-08-19,22022.42,3964.0355999999997,2024-08-19,Pending
INV05313,S085372,C00824,2026-03-09,25362.15,4565.187,2026-03-09,Pending
INV05314,S079677,C00997,2025-05-10,28587.07,5145.6726,2025-05-10,Overdue
INV05315,S005847,C00345,2025-07-23,36102.32,6498.4176,2025-07-23,Overdue
INV05316,S095351,C00312,2026-03-15,15085.82,2715.4476,2026-03-15,Disputed
INV05317,S024879,C00998,2024-10-30,44117.99,7941.2382,2024-10-30,Paid
INV05318,S099605,C00478,2025-07-04,10984.77,1977.2586000000001,2025-07-04,Overdue
INV05319,S030203,C00818,2026-02-01,26566.84,4782.031199999999,2026-02-01,Paid
INV05320,S093803,C00162,2025-10-12,21142.02,3805.5636,2025-10-12,Pending
INV05321,S049966,C00480,2025-11-19,19627.800000000003,3533.0040000000004,2025-11-19,Disputed
INV05322,S069578,C00380,2025-07-16,32261.53,5807.0754,2025-07-16,Paid
INV05323,S054462,C00358,2026-03-11,34208.270000000004,6157.488600000001,2026-03-11,Disputed
INV05324,S020075,C00898,2025-11-13,21423.38,3856.2084,2025-11-13,Disputed
INV05325,S087477,C00701,2024-08-23,39097.21,7037.497799999999,2024-08-23,Overdue
INV05326,S003433,C00355,2025-06-24,23237.74,4182.7932,2025-06-24,Overdue
INV05327,S021013,C00463,2026-03-20,40896.66,7361.3988,2026-03-20,Pending
INV05328,S043670,C00432,2024-08-26,22690.050000000003,4084.2090000000003,2024-08-26,Pending
INV05329,S029051,C00403,2025-11-30,25177.25,4531.905,2025-11-30,Paid
INV05330,S044501,C00742,2025-03-13,41822.799999999996,7528.103999999999,2025-03-13,Paid
INV05331,S086441,C00808,2024-07-26,47774.68,8599.4424,2024-07-26,Pending
INV05332,S028438,C00230,2026-01-22,32780.74,5900.5332,2026-01-22,Overdue
INV05333,S040560,C00137,2026-03-17,27882.949999999997,5018.931,2026-03-17,Disputed
INV05334,S016944,C00810,2025-02-14,45553.590000000004,8199.646200000001,2025-02-14,Disputed
INV05335,S056082,C00016,2025-01-04,53229.69,9581.3442,2025-01-04,Paid
INV05336,S077022,C00939,2026-01-07,44190.08,7954.2144,2026-01-07,Disputed
INV05337,S012857,C00367,2024-06-28,22715.059999999998,4088.7107999999994,2024-06-28,Paid
INV05338,S088973,C00210,2025-02-18,26112.19,4700.1942,2025-02-18,Paid
INV05339,S087523,C00838,2025-11-30,33615.91,6050.8638,2025-11-30,Pending
INV05340,S001162,C00171,2025-01-29,48133.89,8664.100199999999,2025-01-29,Paid
INV05341,S066077,C00194,2025-12-02,25406.02,4573.0836,2025-12-02,Overdue
INV05342,S045868,C00731,2024-07-13,39189.36,7054.0848,2024-07-13,Disputed
INV05343,S020549,C00974,2025-08-13,56138.810000000005,10104.9858,2025-08-13,Disputed
INV05344,S025716,C00637,2026-01-28,29504.39,5310.7901999999995,2026-01-28,Pending
INV05345,S005070,C00984,2026-02-04,55528.340000000004,9995.101200000001,2026-02-04,Overdue
INV05346,S076389,C00454,2024-07-13,37084.99,6675.298199999999,2024-07-13,Pending
INV05347,S050265,C00950,2026-05-13,21460.23,3862.8414,2026-05-13,Pending
INV05348,S032194,C00315,2025-07-14,59743.14,10753.7652,2025-07-14,Paid
INV05349,S091997,C00051,2025-07-06,38991.53,7018.475399999999,2025-07-06,Overdue
INV05350,S009433,C00328,2024-10-26,35890.96,6460.372799999999,2024-10-26,Overdue
INV05351,S095961,C00612,2026-05-15,55234.409999999996,9942.1938,2026-05-15,Disputed
INV05352,S021446,C00452,2026-01-04,9083.59,1635.0462,2026-01-04,Paid
INV05353,S052081,C00896,2024-09-17,58618.82,10551.3876,2024-09-17,Overdue
INV05354,S005519,C00168,2024-12-25,54086.0,9735.48,2024-12-25,Overdue
INV05355,S005745,C00894,2025-07-09,25887.05,4659.669,2025-07-09,Overdue
INV05356,S013249,C00000,2025-02-10,38968.229999999996,7014.281399999999,2025-02-10,Pending
INV05357,S031525,C00297,2025-10-16,10830.22,1949.4395999999997,2025-10-16,Pending
INV05358,S051861,C00227,2024-07-30,17377.71,3127.9878,2024-07-30,Overdue
INV05359,S064489,C00536,2024-07-10,15053.75,2709.6749999999997,2024-07-10,Overdue
INV05360,S020291,C00938,2024-08-15,52468.060000000005,9444.2508,2024-08-15,Paid
INV05361,S010854,C00759,2024-08-07,58983.78,10617.080399999999,2024-08-07,Pending
INV05362,S083769,C00954,2026-05-06,15408.76,2773.5768,2026-05-06,Paid
INV05363,S045122,C00651,2025-10-30,17956.67,3232.2005999999997,2025-10-30,Paid
INV05364,S029045,C00615,2025-06-16,15859.6,2854.728,2025-06-16,Paid
INV05365,S056915,C00387,2024-12-22,54067.71,9732.1878,2024-12-22,Paid
INV05366,S076294,C00584,2026-05-22,33917.95,6105.230999999999,2026-05-22,Overdue
INV05367,S074932,C00327,2025-03-29,17230.71,3101.5278,2025-03-29,Overdue
INV05368,S057515,C00470,2024-12-15,24420.78,4395.7404,2024-12-15,Pending
INV05369,S021986,C00468,2025-05-05,46360.229999999996,8344.8414,2025-05-05,Paid
INV05370,S060695,C00847,2025-02-22,33485.520000000004,6027.3936,2025-02-22,Paid
INV05371,S012287,C00343,2025-01-05,28134.010000000002,5064.1218,2025-01-05,Overdue
INV05372,S042615,C00743,2025-06-11,24457.31,4402.3158,2025-06-11,Paid
INV05373,S061813,C00708,2024-08-17,16651.75,2997.315,2024-08-17,Overdue
INV05374,S009917,C00631,2025-06-17,46646.66,8396.3988,2025-06-17,Paid
INV05375,S047622,C00803,2026-05-08,13380.77,2408.5386,2026-05-08,Paid
INV05376,S057432,C00552,2025-08-23,16480.28,2966.4503999999997,2025-08-23,Disputed
INV05377,S050541,C00972,2026-01-14,17252.68,3105.4824,2026-01-14,Pending
INV05378,S054793,C00039,2025-08-30,9749.6,1754.928,2025-08-30,Disputed
INV05379,S031372,C00155,2026-02-24,24134.18,4344.1524,2026-02-24,Pending
INV05380,S011676,C00824,2025-11-01,18592.47,3346.6446,2025-11-01,Overdue
INV05381,S060989,C00323,2025-06-02,54348.51,9782.7318,2025-06-02,Disputed
INV05382,S050253,C00825,2025-10-09,38293.34,6892.801199999999,2025-10-09,Overdue
INV05383,S097179,C00104,2026-03-26,25273.690000000002,4549.2642000000005,2026-03-26,Pending
INV05384,S030021,C00832,2025-12-19,39014.48,7022.606400000001,2025-12-19,Pending
INV05385,S000410,C00030,2025-07-15,49028.9,8825.202,2025-07-15,Paid
INV05386,S084297,C00755,2025-04-30,33660.94,6058.9692000000005,2025-04-30,Paid
INV05387,S051726,C00761,2026-03-16,42722.86,7690.114799999999,2026-03-16,Disputed
INV05388,S014928,C00462,2024-12-30,32669.78,5880.560399999999,2024-12-30,Overdue
INV05389,S080869,C00219,2025-12-01,22151.39,3987.2502,2025-12-01,Disputed
INV05390,S028637,C00730,2025-01-02,21304.620000000003,3834.8316000000004,2025-01-02,Pending
INV05391,S099923,C00385,2026-05-30,49019.47,8823.5046,2026-05-30,Paid
INV05392,S088047,C00473,2026-01-02,23174.41,4171.3938,2026-01-02,Paid
INV05393,S015795,C00564,2025-03-25,35841.99,6451.5581999999995,2025-03-25,Overdue
INV05394,S058501,C00601,2025-06-09,12469.43,2244.4973999999997,2025-06-09,Disputed
INV05395,S070983,C00511,2024-08-31,34353.729999999996,6183.671399999999,2024-08-31,Pending
INV05396,S063131,C00045,2025-07-03,24475.079999999998,4405.514399999999,2025-07-03,Paid
INV05397,S010064,C00983,2024-10-07,54032.490000000005,9725.8482,2024-10-07,Pending
INV05398,S056122,C00194,2024-07-01,34915.62,6284.8116,2024-07-01,Disputed
INV05399,S099393,C00432,2026-04-25,29778.65,5360.157,2026-04-25,Overdue
INV05400,S093100,C00104,2024-11-29,34081.63,6134.693399999999,2024-11-29,Pending
INV05401,S060849,C00619,2025-03-23,20348.9,3662.802,2025-03-23,Paid
INV05402,S035670,C00790,2025-10-23,29532.98,5315.9364,2025-10-23,Paid
INV05403,S057393,C00578,2025-05-29,38838.53,6990.935399999999,2025-05-29,Pending
INV05404,S091298,C00848,2024-11-14,53823.86,9688.2948,2024-11-14,Paid
INV05405,S083023,C00240,2025-09-23,35243.16,6343.768800000001,2025-09-23,Paid
INV05406,S072407,C00278,2025-04-07,31695.780000000002,5705.240400000001,2025-04-07,Overdue
INV05407,S098915,C00368,2026-05-14,50490.600000000006,9088.308,2026-05-14,Overdue
INV05408,S026886,C00228,2025-12-08,25709.289999999997,4627.672199999999,2025-12-08,Pending
INV05409,S076163,C00321,2025-03-21,36658.88,6598.598399999999,2025-03-21,Disputed
INV05410,S008585,C00264,2024-08-01,48855.45,8793.981,2024-08-01,Overdue
INV05411,S069735,C00114,2024-10-30,54182.16,9752.7888,2024-10-30,Overdue
INV05412,S019985,C00614,2025-02-19,15038.41,2706.9138,2025-02-19,Paid
INV05413,S000324,C00177,2025-07-03,44584.58,8025.2244,2025-07-03,Overdue
INV05414,S011982,C00754,2025-07-31,24668.879999999997,4440.398399999999,2025-07-31,Overdue
INV05415,S051752,C00568,2025-05-31,16330.720000000001,2939.5296000000003,2025-05-31,Paid
INV05416,S023580,C00252,2026-01-12,10818.0,1947.24,2026-01-12,Disputed
INV05417,S033694,C00913,2026-03-04,31539.04,5677.0271999999995,2026-03-04,Overdue
INV05418,S001027,C00863,2025-07-18,16764.129999999997,3017.5433999999996,2025-07-18,Overdue
INV05419,S028498,C00119,2026-04-17,49744.98,8954.0964,2026-04-17,Disputed
INV05420,S054503,C00076,2026-03-03,27558.870000000003,4960.5966,2026-03-03,Disputed
INV05421,S037389,C00575,2025-10-03,20834.55,3750.2189999999996,2025-10-03,Overdue
INV05422,S085195,C00978,2024-11-17,28944.96,5210.092799999999,2024-11-17,Overdue
INV05423,S055379,C00387,2025-11-11,19351.52,3483.2736,2025-11-11,Disputed
INV05424,S012083,C00150,2025-12-18,39151.13,7047.203399999999,2025-12-18,Overdue
INV05425,S057174,C00377,2025-07-22,36908.240000000005,6643.483200000001,2025-07-22,Overdue
INV05426,S090747,C00299,2025-11-10,31825.03,5728.5054,2025-11-10,Disputed
INV05427,S072176,C00958,2024-11-24,27207.59,4897.3661999999995,2024-11-24,Paid
INV05428,S067354,C00993,2024-12-22,40444.66,7280.0388,2024-12-22,Overdue
INV05429,S045451,C00367,2024-12-04,14234.12,2562.1416,2024-12-04,Overdue
INV05430,S076573,C00366,2025-01-19,19643.14,3535.7652,2025-01-19,Disputed
INV05431,S027574,C00600,2025-08-05,33525.2,6034.535999999999,2025-08-05,Paid
INV05432,S021399,C00802,2024-09-02,53252.31,9585.415799999999,2024-09-02,Overdue
INV05433,S058360,C00868,2025-08-15,52118.090000000004,9381.2562,2025-08-15,Overdue
INV05434,S002527,C00350,2024-11-11,23190.53,4174.2954,2024-11-11,Paid
INV05435,S000918,C00406,2025-05-05,25296.129999999997,4553.3034,2025-05-05,Overdue
INV05436,S016868,C00023,2025-04-16,22241.059999999998,4003.390799999999,2025-04-16,Paid
INV05437,S080021,C00215,2024-10-31,27874.7,5017.446,2024-10-31,Disputed
INV05438,S017036,C00521,2024-11-19,44650.56,8037.100799999999,2024-11-19,Paid
INV05439,S072894,C00480,2025-03-24,25917.16,4665.0887999999995,2025-03-24,Disputed
INV05440,S025608,C00172,2026-04-16,9504.439999999999,1710.7991999999997,2026-04-16,Pending
INV05441,S090713,C00385,2024-07-11,60068.96,10812.4128,2024-07-11,Overdue
INV05442,S062200,C00095,2025-12-19,24919.41,4485.4938,2025-12-19,Paid
INV05443,S081308,C00565,2025-11-02,21484.19,3867.1541999999995,2025-11-02,Pending
INV05444,S057869,C00239,2024-06-26,37457.24,6742.303199999999,2024-06-26,Disputed
INV05445,S040753,C00451,2025-02-23,42521.94,7653.9492,2025-02-23,Paid
INV05446,S022489,C00344,2025-06-02,53577.590000000004,9643.9662,2025-06-02,Disputed
INV05447,S096102,C00590,2024-11-16,47183.94,8493.1092,2024-11-16,Pending
INV05448,S036849,C00981,2026-06-02,6715.97,1208.8746,2026-06-02,Pending
INV05449,S057270,C00258,2025-10-29,13386.26,2409.5268,2025-10-29,Overdue
INV05450,S046687,C00741,2024-09-21,25203.22,4536.5796,2024-09-21,Overdue
INV05451,S065953,C00680,2025-05-29,21156.73,3808.2113999999997,2025-05-29,Pending
INV05452,S032451,C00460,2024-12-03,23717.02,4269.0635999999995,2024-12-03,Paid
INV05453,S045457,C00101,2025-12-09,14235.46,2562.3828,2025-12-09,Disputed
INV05454,S016101,C00834,2024-08-19,23518.16,4233.2688,2024-08-19,Pending
INV05455,S079201,C00197,2024-10-05,12573.13,2263.1634,2024-10-05,Pending
INV05456,S068187,C00818,2025-04-24,16962.66,3053.2788,2025-04-24,Disputed
INV05457,S061961,C00839,2024-12-13,14947.710000000001,2690.5878000000002,2024-12-13,Pending
INV05458,S045358,C00141,2025-02-16,28783.52,5181.0336,2025-02-16,Disputed
INV05459,S086904,C00310,2024-12-23,40427.23,7276.901400000001,2024-12-23,Pending
INV05460,S038788,C00405,2025-05-06,37231.91,6701.7438,2025-05-06,Pending
INV05461,S077170,C00975,2025-08-24,44933.880000000005,8088.098400000001,2025-08-24,Paid
INV05462,S053906,C00909,2025-12-24,17850.58,3213.1044,2025-12-24,Disputed
INV05463,S066881,C00155,2024-09-15,7425.27,1336.5486,2024-09-15,Pending
INV05464,S041165,C00659,2024-12-20,30056.7,5410.206,2024-12-20,Disputed
INV05465,S001345,C00892,2025-09-21,23835.21,4290.337799999999,2025-09-21,Disputed
INV05466,S030105,C00468,2025-06-17,48332.62,8699.8716,2025-06-17,Pending
INV05467,S005118,C00330,2025-07-05,17676.42,3181.7555999999995,2025-07-05,Overdue
INV05468,S012533,C00471,2026-04-22,56909.3,10243.674,2026-04-22,Disputed
INV05469,S011120,C00878,2025-12-17,50571.77,9102.918599999999,2025-12-17,Pending
INV05470,S036752,C00747,2025-07-12,28813.9,5186.502,2025-07-12,Disputed
INV05471,S060541,C00276,2025-01-02,41771.21,7518.8178,2025-01-02,Disputed
INV05472,S015016,C00056,2024-12-04,36623.53,6592.2354,2024-12-04,Paid
INV05473,S034607,C00844,2025-07-18,16233.84,2922.0912,2025-07-18,Overdue
INV05474,S074102,C00505,2024-10-07,50600.81999999999,9108.147599999998,2024-10-07,Overdue
INV05475,S034437,C00971,2025-09-10,16669.04,3000.4272,2025-09-10,Disputed
INV05476,S040162,C00418,2026-06-02,42665.119999999995,7679.721599999999,2026-06-02,Disputed
INV05477,S014212,C00828,2024-07-28,54271.1,9768.797999999999,2024-07-28,Pending
INV05478,S005117,C00103,2025-04-14,31109.600000000002,5599.728,2025-04-14,Paid
INV05479,S085526,C00708,2026-04-21,14771.5,2658.87,2026-04-21,Overdue
INV05480,S051533,C00277,2026-04-14,18318.09,3297.2562,2026-04-14,Disputed
INV05481,S031099,C00936,2024-10-17,27213.850000000002,4898.493,2024-10-17,Overdue
INV05482,S075969,C00710,2026-05-31,15126.279999999999,2722.7303999999995,2026-05-31,Paid
INV05483,S011230,C00755,2024-07-24,53472.86,9625.1148,2024-07-24,Paid
INV05484,S068977,C00408,2025-06-02,39136.350000000006,7044.543000000001,2025-06-02,Disputed
INV05485,S095483,C00755,2025-05-04,52638.18,9474.8724,2025-05-04,Overdue
INV05486,S080417,C00777,2025-10-15,59512.34,10712.221199999998,2025-10-15,Overdue
INV05487,S052054,C00016,2025-04-29,34387.94,6189.8292,2025-04-29,Paid
INV05488,S037105,C00159,2024-09-12,57928.25,10427.085,2024-09-12,Overdue
INV05489,S054967,C00796,2024-12-23,20741.66,3733.4988,2024-12-23,Paid
INV05490,S035400,C00959,2024-07-13,16624.800000000003,2992.4640000000004,2024-07-13,Disputed
INV05491,S026423,C00097,2025-03-13,32083.949999999997,5775.110999999999,2025-03-13,Pending
INV05492,S023163,C00583,2025-04-22,47453.52,8541.6336,2025-04-22,Pending
INV05493,S020395,C00884,2025-02-28,31771.350000000002,5718.843,2025-02-28,Pending
INV05494,S083531,C00272,2025-10-31,20715.940000000002,3728.8692,2025-10-31,Paid
INV05495,S070701,C00468,2025-11-16,18609.61,3349.7298,2025-11-16,Disputed
INV05496,S008595,C00301,2026-04-25,27199.13,4895.8434,2026-04-25,Disputed
INV05497,S081903,C00534,2025-03-24,35080.45,6314.480999999999,2025-03-24,Disputed
INV05498,S079194,C00520,2026-03-11,9466.91,1704.0438,2026-03-11,Pending
INV05499,S003224,C00814,2026-05-23,33427.84,6017.011199999999,2026-05-23,Paid
INV05500,S087161,C00837,2025-06-08,4794.610000000001,863.0298,2025-06-08,Pending
INV05501,S083186,C00698,2026-02-21,46191.39000000001,8314.450200000001,2026-02-21,Paid
INV05502,S066654,C00887,2024-12-23,28878.07,5198.0526,2024-12-23,Pending
INV05503,S024253,C00028,2024-08-27,53736.48,9672.5664,2024-08-27,Paid
INV05504,S035329,C00533,2024-11-29,51817.69,9327.1842,2024-11-29,Pending
INV05505,S003857,C00995,2026-05-18,57356.200000000004,10324.116,2026-05-18,Pending
INV05506,S031514,C00068,2025-07-16,39732.46,7151.842799999999,2025-07-16,Overdue
INV05507,S070444,C00690,2025-11-19,37797.09,6803.476199999999,2025-11-19,Pending
INV05508,S050747,C00326,2025-05-08,21565.14,3881.7252,2025-05-08,Pending
INV05509,S024515,C00075,2026-05-24,39106.17,7039.110599999999,2026-05-24,Paid
INV05510,S014283,C00787,2024-08-19,54474.97,9805.4946,2024-08-19,Pending
INV05511,S063019,C00302,2024-08-09,41268.27,7428.288599999999,2024-08-09,Disputed
INV05512,S050490,C00182,2025-02-14,54234.39,9762.1902,2025-02-14,Disputed
INV05513,S038403,C00089,2024-10-02,39281.759999999995,7070.716799999999,2024-10-02,Pending
INV05514,S023291,C00237,2025-11-09,48329.21,8699.2578,2025-11-09,Pending
INV05515,S016617,C00615,2025-12-08,6082.35,1094.823,2025-12-08,Disputed
INV05516,S055331,C00135,2025-01-25,25716.739999999998,4629.013199999999,2025-01-25,Overdue
INV05517,S051081,C00225,2025-02-19,11180.47,2012.4845999999998,2025-02-19,Pending
INV05518,S056562,C00001,2025-06-08,21878.21,3938.0777999999996,2025-06-08,Paid
INV05519,S038290,C00868,2025-10-31,44965.799999999996,8093.843999999999,2025-10-31,Disputed
INV05520,S028139,C00461,2025-11-04,36729.04,6611.2272,2025-11-04,Pending
INV05521,S051375,C00203,2025-03-30,31193.23,5614.7814,2025-03-30,Pending
INV05522,S065532,C00718,2024-07-16,10988.83,1977.9894,2024-07-16,Overdue
INV05523,S087340,C00851,2026-05-22,35680.51,6422.4918,2026-05-22,Overdue
INV05524,S035032,C00484,2024-07-24,46703.1,8406.557999999999,2024-07-24,Disputed
INV05525,S070106,C00774,2025-08-28,46769.61,8418.5298,2025-08-28,Paid
INV05526,S006644,C00140,2025-06-25,28144.920000000002,5066.0856,2025-06-25,Disputed
INV05527,S043094,C00240,2024-07-07,17465.06,3143.7108000000003,2024-07-07,Disputed
INV05528,S047767,C00452,2026-02-19,32820.64,5907.7152,2026-02-19,Pending
INV05529,S036739,C00708,2025-04-04,17680.22,3182.4396,2025-04-04,Paid
INV05530,S051674,C00795,2025-09-23,55741.42999999999,10033.457399999998,2025-09-23,Pending
INV05531,S051248,C00902,2024-11-07,23216.84,4179.031199999999,2024-11-07,Overdue
INV05532,S053493,C00769,2025-06-25,40222.68,7240.0824,2025-06-25,Pending
INV05533,S044484,C00126,2025-04-08,20911.6,3764.0879999999997,2025-04-08,Pending
INV05534,S039639,C00096,2025-03-12,54784.56999999999,9861.2226,2025-03-12,Disputed
INV05535,S014065,C00093,2025-12-31,46048.19,8288.6742,2025-12-31,Paid
INV05536,S093974,C00078,2025-04-24,36840.329999999994,6631.259399999999,2025-04-24,Pending
INV05537,S063701,C00566,2025-08-07,31352.64,5643.4752,2025-08-07,Paid
INV05538,S006582,C00165,2026-01-14,60189.88,10834.178399999999,2026-01-14,Overdue
INV05539,S035008,C00658,2025-01-03,30156.51,5428.171799999999,2025-01-03,Disputed
INV05540,S081389,C00469,2026-02-27,39745.08,7154.1144,2026-02-27,Overdue
INV05541,S045527,C00348,2026-01-15,21865.3,3935.754,2026-01-15,Disputed
INV05542,S043190,C00189,2025-07-11,51590.05,9286.209,2025-07-11,Pending
INV05543,S093282,C00017,2025-11-25,22038.469999999998,3966.9245999999994,2025-11-25,Disputed
INV05544,S051095,C00995,2026-02-23,31444.660000000003,5660.0388,2026-02-23,Pending
INV05545,S026990,C00513,2025-05-17,52110.170000000006,9379.830600000001,2025-05-17,Overdue
INV05546,S060732,C00049,2025-12-23,33153.44,5967.6192,2025-12-23,Overdue
INV05547,S062614,C00092,2025-01-05,59914.29,10784.5722,2025-01-05,Paid
INV05548,S023857,C00839,2026-05-16,13435.900000000001,2418.462,2026-05-16,Pending
INV05549,S094985,C00374,2025-12-13,27472.39,4945.0302,2025-12-13,Overdue
INV05550,S007800,C00297,2025-06-13,41900.280000000006,7542.050400000001,2025-06-13,Paid
INV05551,S036653,C00512,2025-10-23,12450.16,2241.0288,2025-10-23,Disputed
INV05552,S027841,C00959,2026-05-07,44038.68,7926.962399999999,2026-05-07,Paid
INV05553,S099786,C00847,2025-04-06,43990.34,7918.261199999999,2025-04-06,Overdue
INV05554,S089705,C00630,2025-01-22,43678.090000000004,7862.0562,2025-01-22,Pending
INV05555,S039214,C00474,2026-05-31,51424.59,9256.4262,2026-05-31,Paid
INV05556,S008533,C00776,2024-07-25,12717.39,2289.1301999999996,2024-07-25,Pending
INV05557,S074466,C00723,2025-07-17,22490.5,4048.29,2025-07-17,Paid
INV05558,S018760,C00689,2024-10-04,20611.69,3710.1041999999998,2024-10-04,Overdue
INV05559,S021297,C00080,2024-10-14,14762.27,2657.2086,2024-10-14,Pending
INV05560,S013940,C00984,2025-02-17,15741.22,2833.4195999999997,2025-02-17,Pending
INV05561,S098602,C00599,2025-11-15,53930.64,9707.5152,2025-11-15,Pending
INV05562,S060393,C00609,2026-05-29,20967.13,3774.0834,2026-05-29,Pending
INV05563,S001653,C00999,2025-12-06,46407.869999999995,8353.416599999999,2025-12-06,Paid
INV05564,S088236,C00898,2025-02-28,25927.769999999997,4666.998599999999,2025-02-28,Paid
INV05565,S096968,C00804,2025-11-25,29139.33,5245.0794000000005,2025-11-25,Disputed
INV05566,S092986,C00308,2025-04-28,28083.27,5054.9886,2025-04-28,Pending
INV05567,S024314,C00812,2025-02-25,15261.439999999999,2747.0591999999997,2025-02-25,Paid
INV05568,S066543,C00004,2025-12-06,14249.9,2564.982,2025-12-06,Paid
INV05569,S044203,C00294,2025-02-10,15803.33,2844.5994,2025-02-10,Pending
INV05570,S064239,C00676,2024-12-16,34794.06,6262.930799999999,2024-12-16,Pending
INV05571,S010142,C00003,2025-03-15,38108.56,6859.5408,2025-03-15,Pending
INV05572,S080239,C00489,2026-02-27,52332.020000000004,9419.7636,2026-02-27,Overdue
INV05573,S025006,C00867,2025-02-12,30939.329999999998,5569.0794,2025-02-12,Paid
INV05574,S086080,C00567,2025-05-06,41316.22,7436.9196,2025-05-06,Disputed
INV05575,S089562,C00616,2025-10-12,11687.52,2103.7536,2025-10-12,Overdue
INV05576,S024829,C00687,2024-10-06,23721.95,4269.951,2024-10-06,Overdue
INV05577,S080156,C00110,2026-03-29,30021.239999999998,5403.8232,2026-03-29,Overdue
INV05578,S056528,C00523,2024-08-08,18286.09,3291.4962,2024-08-08,Paid
INV05579,S036438,C00744,2025-09-15,49423.049999999996,8896.149,2025-09-15,Pending
INV05580,S096499,C00665,2024-08-19,17041.86,3067.5348,2024-08-19,Overdue
INV05581,S015877,C00532,2024-06-12,21542.059999999998,3877.5707999999995,2024-06-12,Disputed
INV05582,S084954,C00626,2025-06-07,8368.13,1506.2633999999998,2025-06-07,Overdue
INV05583,S098426,C00681,2025-06-27,19673.61,3541.2498,2025-06-27,Pending
INV05584,S003553,C00343,2024-08-14,36277.96000000001,6530.032800000001,2024-08-14,Overdue
INV05585,S091239,C00548,2024-07-01,39539.81,7117.1658,2024-07-01,Overdue
INV05586,S014278,C00866,2025-09-25,38855.76,6994.0368,2025-09-25,Pending
INV05587,S076346,C00007,2025-01-12,48370.780000000006,8706.7404,2025-01-12,Pending
INV05588,S037376,C00190,2024-12-19,53802.01,9684.3618,2024-12-19,Disputed
INV05589,S099635,C00449,2025-01-31,21163.11,3809.3598,2025-01-31,Paid
INV05590,S039001,C00038,2025-07-14,12190.01,2194.2018,2025-07-14,Pending
INV05591,S068131,C00104,2024-09-13,49334.75,8880.255,2024-09-13,Pending
INV05592,S077324,C00176,2025-03-19,29234.629999999997,5262.233399999999,2025-03-19,Pending
INV05593,S038102,C00527,2024-06-13,12967.99,2334.2382,2024-06-13,Pending
INV05594,S089006,C00598,2024-08-26,31165.42,5609.775599999999,2024-08-26,Disputed
INV05595,S004426,C00082,2025-12-04,60298.009999999995,10853.6418,2025-12-04,Overdue
INV05596,S074655,C00093,2025-01-15,50805.1,9144.918,2025-01-15,Overdue
INV05597,S090925,C00808,2026-01-13,35058.149999999994,6310.466999999999,2026-01-13,Pending
INV05598,S090651,C00131,2025-03-18,40458.19,7282.474200000001,2025-03-18,Pending
INV05599,S048902,C00521,2024-07-15,20808.16,3745.4687999999996,2024-07-15,Paid
INV05600,S018137,C00300,2026-04-02,14626.25,2632.725,2026-04-02,Disputed
INV05601,S093774,C00765,2025-08-10,36098.94,6497.809200000001,2025-08-10,Disputed
INV05602,S009039,C00999,2025-01-30,59596.42999999999,10727.357399999999,2025-01-30,Paid
INV05603,S071266,C00422,2025-03-04,30602.399999999998,5508.432,2025-03-04,Paid
INV05604,S085092,C00984,2025-02-25,22260.69,4006.9241999999995,2025-02-25,Pending
INV05605,S093209,C00582,2024-10-06,23925.16,4306.5288,2024-10-06,Paid
INV05606,S032000,C00843,2026-03-26,30950.34,5571.0612,2026-03-26,Disputed
INV05607,S024326,C00023,2025-12-14,51110.329999999994,9199.8594,2025-12-14,Overdue
INV05608,S046313,C00598,2026-05-26,57532.020000000004,10355.7636,2026-05-26,Pending
INV05609,S076980,C00363,2026-02-17,20819.44,3747.4991999999997,2026-02-17,Paid
INV05610,S083828,C00987,2024-07-27,60829.06999999999,10949.232599999998,2024-07-27,Pending
INV05611,S032384,C00713,2026-05-29,16676.27,3001.7286,2026-05-29,Paid
INV05612,S004699,C00004,2025-07-20,40018.36,7203.3048,2025-07-20,Disputed
INV05613,S076749,C00975,2025-09-22,28867.769999999997,5196.198599999999,2025-09-22,Disputed
INV05614,S025161,C00040,2025-10-28,49020.98,8823.7764,2025-10-28,Disputed
INV05615,S086520,C00195,2025-11-14,35083.58,6315.0444,2025-11-14,Pending
INV05616,S029813,C00662,2025-07-21,48962.55,8813.259,2025-07-21,Disputed
INV05617,S050471,C00150,2026-06-03,40868.95,7356.410999999999,2026-06-03,Paid
INV05618,S028592,C00101,2025-05-06,47786.61,8601.5898,2025-05-06,Overdue
INV05619,S027595,C00986,2024-10-31,26217.97,4719.2346,2024-10-31,Disputed
INV05620,S071969,C00813,2026-03-21,16399.88,2951.9784,2026-03-21,Overdue
INV05621,S089058,C00467,2025-07-26,46447.19,8360.494200000001,2025-07-26,Pending
INV05622,S053052,C00283,2025-02-21,35242.0,6343.5599999999995,2025-02-21,Paid
INV05623,S086184,C00268,2025-04-21,39850.100000000006,7173.018000000001,2025-04-21,Paid
INV05624,S039749,C00969,2025-09-02,41416.33,7454.9394,2025-09-02,Pending
INV05625,S081561,C00521,2024-12-30,34242.2,6163.596,2024-12-30,Paid
INV05626,S073656,C00111,2025-11-19,53833.5,9690.029999999999,2025-11-19,Pending
INV05627,S020248,C00360,2025-01-03,40458.68,7282.5624,2025-01-03,Overdue
INV05628,S029903,C00503,2025-09-06,40951.58,7371.2844000000005,2025-09-06,Overdue
INV05629,S035352,C00013,2025-01-30,10999.21,1979.8577999999998,2025-01-30,Pending
INV05630,S057695,C00696,2025-01-10,24486.26,4407.5268,2025-01-10,Pending
INV05631,S058796,C00871,2025-03-10,28574.480000000003,5143.406400000001,2025-03-10,Paid
INV05632,S010762,C00951,2024-07-10,14258.550000000001,2566.539,2024-07-10,Paid
INV05633,S090979,C00883,2025-04-18,38878.53,6998.135399999999,2025-04-18,Paid
INV05634,S013948,C00556,2025-06-21,16851.78,3033.3203999999996,2025-06-21,Disputed
INV05635,S049413,C00187,2024-08-09,49561.76,8921.1168,2024-08-09,Disputed
INV05636,S034770,C00240,2025-09-24,20801.53,3744.2753999999995,2025-09-24,Pending
INV05637,S080449,C00442,2025-06-30,32174.550000000003,5791.419,2025-06-30,Overdue
INV05638,S000444,C00011,2024-07-04,29512.260000000002,5312.2068,2024-07-04,Disputed
INV05639,S019973,C00092,2025-03-10,43627.090000000004,7852.876200000001,2025-03-10,Overdue
INV05640,S092993,C00484,2026-02-16,28929.58,5207.3244,2026-02-16,Paid
INV05641,S086160,C00256,2025-03-14,47553.04,8559.547199999999,2025-03-14,Overdue
INV05642,S084816,C00611,2024-10-31,16480.21,2966.4377999999997,2024-10-31,Overdue
INV05643,S095111,C00997,2025-03-03,37372.31,6727.015799999999,2025-03-03,Overdue
INV05644,S074040,C00531,2025-12-31,27815.660000000003,5006.8188,2025-12-31,Paid
INV05645,S077446,C00155,2025-05-24,61673.54,11101.2372,2025-05-24,Paid
INV05646,S030526,C00221,2025-06-10,18527.59,3334.9662,2025-06-10,Paid
INV05647,S020708,C00685,2024-08-24,41196.53999999999,7415.377199999999,2024-08-24,Disputed
INV05648,S034505,C00322,2025-04-11,15308.279999999999,2755.4903999999997,2025-04-11,Disputed
INV05649,S010971,C00104,2024-06-06,24845.94,4472.2692,2024-06-06,Overdue
INV05650,S067198,C00289,2025-07-02,40509.43,7291.6974,2025-07-02,Paid
INV05651,S010725,C00393,2025-09-19,45794.479999999996,8243.006399999998,2025-09-19,Overdue
INV05652,S026340,C00479,2024-10-01,26107.74,4699.3932,2024-10-01,Pending
INV05653,S006154,C00343,2026-04-15,47978.729999999996,8636.1714,2026-04-15,Paid
INV05654,S083444,C00575,2025-12-05,35598.97,6407.8146,2025-12-05,Pending
INV05655,S080001,C00621,2025-05-15,16626.96,2992.8527999999997,2025-05-15,Pending
INV05656,S037182,C00250,2025-02-15,41573.37,7483.2066,2025-02-15,Paid
INV05657,S082677,C00399,2025-05-26,26206.79,4717.2222,2025-05-26,Pending
INV05658,S023183,C00691,2024-07-20,26152.28,4707.4104,2024-07-20,Overdue
INV05659,S025349,C00500,2024-06-24,11939.01,2149.0218,2024-06-24,Paid
INV05660,S025905,C00169,2024-11-27,14455.38,2601.9683999999997,2024-11-27,Overdue
INV05661,S070343,C00126,2026-04-15,38336.14,6900.5052,2026-04-15,Paid
INV05662,S015631,C00637,2024-07-08,51843.270000000004,9331.7886,2024-07-08,Disputed
INV05663,S016359,C00710,2025-09-13,48703.60999999999,8766.6498,2025-09-13,Overdue
INV05664,S089245,C00765,2024-12-27,40526.51,7294.7718,2024-12-27,Overdue
INV05665,S036269,C00703,2024-09-27,32550.89,5859.160199999999,2024-09-27,Disputed
INV05666,S096513,C00805,2026-03-23,64335.24,11580.3432,2026-03-23,Overdue
INV05667,S042186,C00433,2024-10-15,21294.29,3832.9722,2024-10-15,Pending
INV05668,S095801,C00664,2025-12-29,50082.08,9014.7744,2025-12-29,Overdue
INV05669,S021186,C00258,2024-08-04,49706.49,8947.1682,2024-08-04,Paid
INV05670,S041526,C00244,2025-11-16,54839.810000000005,9871.1658,2025-11-16,Paid
INV05671,S026038,C00041,2025-04-15,16674.489999999998,3001.4081999999994,2025-04-15,Overdue
INV05672,S084889,C00379,2025-01-03,44274.61,7969.4298,2025-01-03,Disputed
INV05673,S036408,C00663,2024-07-13,31508.15,5671.467,2024-07-13,Overdue
INV05674,S091773,C00905,2024-09-09,19828.14,3569.0651999999995,2024-09-09,Paid
INV05675,S042567,C00935,2026-03-09,25578.260000000002,4604.0868,2026-03-09,Pending
INV05676,S063993,C00902,2024-07-25,38952.37,7011.4266,2024-07-25,Overdue
INV05677,S043908,C00237,2024-07-29,19791.11,3562.3998,2024-07-29,Disputed
INV05678,S077044,C00559,2025-05-05,21206.44,3817.1591999999996,2025-05-05,Overdue
INV05679,S040217,C00378,2026-04-08,3879.98,698.3964,2026-04-08,Disputed
INV05680,S085470,C00826,2025-06-22,42860.62,7714.9116,2025-06-22,Disputed
INV05681,S016312,C00206,2024-12-26,10181.15,1832.607,2024-12-26,Disputed
INV05682,S023185,C00025,2024-08-15,11059.26,1990.6668,2024-08-15,Overdue
INV05683,S000654,C00600,2025-08-06,33266.81,5988.025799999999,2025-08-06,Paid
INV05684,S078679,C00786,2024-12-10,46257.26,8326.3068,2024-12-10,Pending
INV05685,S045515,C00662,2024-06-13,36856.65,6634.197,2024-06-13,Overdue
INV05686,S000127,C00374,2026-05-18,20160.98,3628.9764,2026-05-18,Disputed
INV05687,S057464,C00745,2025-04-27,12541.33,2257.4393999999998,2025-04-27,Pending
INV05688,S096146,C00630,2026-03-12,39604.850000000006,7128.8730000000005,2026-03-12,Pending
INV05689,S066931,C00844,2025-01-24,40631.34,7313.641199999999,2025-01-24,Paid
INV05690,S072751,C00517,2024-12-05,35030.62,6305.5116,2024-12-05,Disputed
INV05691,S035129,C00154,2024-10-05,47953.65,8631.657,2024-10-05,Overdue
INV05692,S011992,C00190,2024-09-04,49161.69,8849.1042,2024-09-04,Paid
INV05693,S073122,C00868,2025-10-13,32153.24,5787.5832,2025-10-13,Overdue
INV05694,S051315,C00891,2024-07-02,6610.36,1189.8647999999998,2024-07-02,Overdue
INV05695,S065927,C00530,2025-09-22,45618.939999999995,8211.409199999998,2025-09-22,Overdue
INV05696,S069571,C00868,2025-11-11,17443.28,3139.7904,2025-11-11,Pending
INV05697,S071238,C00153,2026-04-22,50292.57,9052.6626,2026-04-22,Pending
INV05698,S079237,C00598,2025-02-17,28651.01,5157.181799999999,2025-02-17,Pending
INV05699,S094567,C00904,2025-05-16,23150.760000000002,4167.1368,2025-05-16,Overdue
INV05700,S032403,C00880,2026-05-10,27726.440000000002,4990.7592,2026-05-10,Disputed
INV05701,S082724,C00305,2024-09-06,50094.71,9017.0478,2024-09-06,Pending
INV05702,S001340,C00251,2024-11-03,37945.05,6830.109,2024-11-03,Pending
INV05703,S053224,C00132,2024-11-08,44051.43,7929.2573999999995,2024-11-08,Pending
INV05704,S089829,C00448,2025-01-16,26456.85,4762.232999999999,2025-01-16,Overdue
INV05705,S054860,C00222,2025-01-04,12861.43,2315.0574,2025-01-04,Paid
INV05706,S091105,C00167,2025-08-20,25606.7,4609.206,2025-08-20,Disputed
INV05707,S073649,C00307,2025-07-15,36389.3,6550.0740000000005,2025-07-15,Overdue
INV05708,S004904,C00508,2025-02-20,49821.689999999995,8967.904199999999,2025-02-20,Paid
INV05709,S080220,C00350,2026-01-22,16188.86,2913.9948,2026-01-22,Pending
INV05710,S000257,C00640,2026-03-21,54201.17,9756.210599999999,2026-03-21,Pending
INV05711,S096253,C00769,2025-05-11,44990.59,8098.306199999999,2025-05-11,Pending
INV05712,S027636,C00699,2025-06-23,9322.74,1678.0931999999998,2025-06-23,Overdue
INV05713,S044459,C00555,2024-08-06,30579.42,5504.2955999999995,2024-08-06,Paid
INV05714,S009141,C00258,2025-06-25,29257.61,5266.3697999999995,2025-06-25,Pending
INV05715,S012290,C00692,2026-03-04,42445.1,7640.1179999999995,2026-03-04,Paid
INV05716,S008564,C00715,2024-08-15,49257.37,8866.3266,2024-08-15,Overdue
INV05717,S007314,C00091,2025-01-28,19751.07,3555.1926,2025-01-28,Pending
INV05718,S082622,C00624,2025-08-24,12692.48,2284.6463999999996,2025-08-24,Pending
INV05719,S093047,C00449,2024-09-14,15582.52,2804.8536,2024-09-14,Pending
INV05720,S072693,C00271,2025-10-19,55543.1,9997.758,2025-10-19,Disputed
INV05721,S083635,C00542,2025-05-05,45093.64,8116.8552,2025-05-05,Overdue
INV05722,S015350,C00323,2026-02-07,58503.43000000001,10530.617400000001,2026-02-07,Pending
INV05723,S014604,C00030,2025-04-29,52230.08,9401.4144,2025-04-29,Paid
INV05724,S013517,C00872,2026-03-11,43785.13,7881.323399999999,2026-03-11,Paid
INV05725,S031431,C00929,2024-09-29,49444.369999999995,8899.986599999998,2024-09-29,Paid
INV05726,S077258,C00755,2024-10-18,29926.15,5386.707,2024-10-18,Pending
INV05727,S042183,C00952,2024-10-12,11784.62,2121.2316,2024-10-12,Pending
INV05728,S069470,C00586,2026-02-23,12849.18,2312.8523999999998,2026-02-23,Paid
INV05729,S090408,C00124,2025-12-04,49361.380000000005,8885.0484,2025-12-04,Paid
INV05730,S022686,C00956,2025-06-02,15075.6,2713.608,2025-06-02,Paid
INV05731,S091153,C00627,2026-05-28,9815.74,1766.8331999999998,2026-05-28,Paid
INV05732,S038950,C00881,2026-01-07,30467.410000000003,5484.1338000000005,2026-01-07,Paid
INV05733,S006343,C00256,2026-04-06,22428.08,4037.0544,2026-04-06,Pending
INV05734,S056426,C00553,2025-11-04,43843.87,7891.8966,2025-11-04,Paid
INV05735,S054527,C00998,2025-02-07,26704.95,4806.891,2025-02-07,Overdue
INV05736,S038577,C00729,2026-02-06,16145.35,2906.163,2026-02-06,Pending
INV05737,S094590,C00247,2025-02-19,46606.28,8389.1304,2025-02-19,Disputed
INV05738,S005598,C00153,2024-07-03,43124.43,7762.3974,2024-07-03,Overdue
INV05739,S039511,C00394,2026-03-05,19883.0,3578.94,2026-03-05,Pending
INV05740,S044587,C00075,2025-03-10,45872.09,8256.9762,2025-03-10,Pending
INV05741,S011551,C00071,2025-11-26,41254.17,7425.750599999999,2025-11-26,Paid
INV05742,S050354,C00983,2026-01-31,18071.65,3252.897,2026-01-31,Disputed
INV05743,S059660,C00356,2025-03-09,51916.36,9344.9448,2025-03-09,Pending
INV05744,S092398,C00888,2025-05-05,52704.25,9486.765,2025-05-05,Pending
INV05745,S043818,C00458,2024-11-16,35223.93,6340.3074,2024-11-16,Pending
INV05746,S042266,C00275,2026-05-06,56068.02,10092.2436,2026-05-06,Pending
INV05747,S009496,C00198,2025-08-02,14812.97,2666.3345999999997,2025-08-02,Paid
INV05748,S049077,C00715,2026-03-24,60884.58,10959.2244,2026-03-24,Overdue
INV05749,S019421,C00133,2024-06-07,52879.84,9518.3712,2024-06-07,Overdue
INV05750,S025177,C00827,2025-11-11,37084.81,6675.265799999999,2025-11-11,Paid
INV05751,S098748,C00873,2025-10-16,38271.56,6888.880799999999,2025-10-16,Overdue
INV05752,S076323,C00007,2024-09-22,35427.71,6376.9878,2024-09-22,Pending
INV05753,S092429,C00674,2024-06-05,50531.45,9095.660999999998,2024-06-05,Disputed
INV05754,S054206,C00780,2026-05-13,38360.4,6904.872,2026-05-13,Paid
INV05755,S097871,C00090,2025-03-02,23897.09,4301.4762,2025-03-02,Pending
INV05756,S098800,C00399,2025-02-09,20986.47,3777.5646,2025-02-09,Pending
INV05757,S050332,C00388,2025-11-29,33046.7,5948.405999999999,2025-11-29,Pending
INV05758,S076482,C00918,2026-03-15,46581.79,8384.7222,2026-03-15,Overdue
INV05759,S074527,C00265,2024-09-05,14292.11,2572.5798,2024-09-05,Overdue
INV05760,S011128,C00825,2026-02-01,20522.55,3694.0589999999997,2026-02-01,Disputed
INV05761,S032130,C00981,2024-09-06,12514.5,2252.61,2024-09-06,Paid
INV05762,S038129,C00541,2025-11-16,46805.899999999994,8425.061999999998,2025-11-16,Pending
INV05763,S058887,C00382,2025-05-05,35738.68,6432.962399999999,2025-05-05,Disputed
INV05764,S002381,C00543,2025-08-08,32462.0,5843.16,2025-08-08,Pending
INV05765,S099620,C00227,2026-01-29,32321.239999999998,5817.8232,2026-01-29,Disputed
INV05766,S039646,C00739,2025-07-27,51626.35,9292.742999999999,2025-07-27,Paid
INV05767,S073923,C00187,2025-08-26,30677.0,5521.86,2025-08-26,Pending
INV05768,S070668,C00704,2025-09-13,48790.31,8782.255799999999,2025-09-13,Overdue
INV05769,S006357,C00304,2024-07-11,44575.990000000005,8023.6782,2024-07-11,Pending
INV05770,S014314,C00482,2024-07-27,53756.91,9676.2438,2024-07-27,Disputed
INV05771,S090371,C00782,2025-08-08,20255.1,3645.9179999999997,2025-08-08,Paid
INV05772,S093773,C00404,2024-10-11,49626.56,8932.780799999999,2024-10-11,Disputed
INV05773,S045889,C00766,2024-11-14,6987.38,1257.7284,2024-11-14,Disputed
INV05774,S070617,C00073,2025-11-10,17316.809999999998,3117.0257999999994,2025-11-10,Disputed
INV05775,S069612,C00851,2024-08-15,20948.5,3770.73,2024-08-15,Paid
INV05776,S068697,C00919,2025-12-24,42370.03,7626.6053999999995,2025-12-24,Paid
INV05777,S020618,C00059,2026-04-27,14698.52,2645.7336,2026-04-27,Paid
INV05778,S002763,C00458,2024-11-18,40101.649999999994,7218.296999999999,2024-11-18,Paid
INV05779,S005153,C00979,2024-06-06,24012.83,4322.3094,2024-06-06,Disputed
INV05780,S002796,C00554,2024-09-24,18589.6,3346.1279999999997,2024-09-24,Paid
INV05781,S042930,C00436,2025-02-06,59765.11,10757.719799999999,2025-02-06,Disputed
INV05782,S008047,C00599,2026-04-24,17955.14,3231.9251999999997,2026-04-24,Paid
INV05783,S021338,C00473,2025-01-08,35600.51,6408.0918,2025-01-08,Pending
INV05784,S018379,C00969,2026-04-16,22781.39,4100.6502,2026-04-16,Paid
INV05785,S024695,C00134,2025-01-27,13726.869999999999,2470.8365999999996,2025-01-27,Overdue
INV05786,S042288,C00921,2025-02-09,30319.2,5457.456,2025-02-09,Pending
INV05787,S080444,C00699,2026-03-28,27839.5,5011.11,2026-03-28,Pending
INV05788,S042370,C00264,2025-10-06,23938.829999999998,4308.9893999999995,2025-10-06,Pending
INV05789,S047754,C00983,2025-03-29,41629.47,7493.3045999999995,2025-03-29,Overdue
INV05790,S055184,C00235,2024-11-13,31649.29,5696.8722,2024-11-13,Overdue
INV05791,S077458,C00970,2025-02-11,45648.09,8216.6562,2025-02-11,Paid
INV05792,S065126,C00709,2024-10-17,49108.939999999995,8839.609199999999,2024-10-17,Paid
INV05793,S024370,C00939,2024-12-28,44181.68,7952.7024,2024-12-28,Paid
INV05794,S084986,C00643,2024-06-18,11839.2,2131.056,2024-06-18,Overdue
INV05795,S065156,C00484,2024-06-18,33933.54,6108.0372,2024-06-18,Overdue
INV05796,S081802,C00295,2025-09-07,52370.89,9426.760199999999,2025-09-07,Disputed
INV05797,S044573,C00237,2025-11-10,43137.21,7764.6978,2025-11-10,Overdue
INV05798,S028584,C00923,2026-03-21,34428.21,6197.0778,2026-03-21,Paid
INV05799,S086087,C00671,2025-02-04,40567.57,7302.1626,2025-02-04,Disputed
INV05800,S029486,C00881,2024-12-15,26077.03,4693.8654,2024-12-15,Paid
INV05801,S092437,C00521,2024-11-18,10270.25,1848.645,2024-11-18,Overdue
INV05802,S017902,C00680,2024-06-29,8976.17,1615.7105999999999,2024-06-29,Pending
INV05803,S005015,C00446,2026-03-25,14156.77,2548.2186,2026-03-25,Disputed
INV05804,S093504,C00034,2026-05-31,46652.04,8397.3672,2026-05-31,Pending
INV05805,S030702,C00910,2026-01-21,26002.43,4680.4374,2026-01-21,Disputed
INV05806,S003119,C00421,2024-08-22,34654.88,6237.8784,2024-08-22,Pending
INV05807,S074893,C00354,2025-02-16,35539.479999999996,6397.106399999999,2025-02-16,Pending
INV05808,S039976,C00176,2025-09-26,34991.08,6298.3944,2025-09-26,Disputed
INV05809,S080655,C00287,2025-08-12,51260.399999999994,9226.872,2025-08-12,Pending
INV05810,S079627,C00109,2025-11-26,28463.53,5123.435399999999,2025-11-26,Overdue
INV05811,S058866,C00501,2024-07-02,40299.240000000005,7253.863200000001,2024-07-02,Paid
INV05812,S062828,C00779,2025-09-13,15534.98,2796.2963999999997,2025-09-13,Pending
INV05813,S065946,C00607,2024-08-06,52688.899999999994,9484.001999999999,2024-08-06,Pending
INV05814,S076041,C00997,2026-01-09,26041.14,4687.4052,2026-01-09,Overdue
INV05815,S074131,C00787,2025-11-14,21877.0,3937.8599999999997,2025-11-14,Disputed
INV05816,S085677,C00941,2026-02-20,38315.83,6896.8494,2026-02-20,Disputed
INV05817,S035467,C00852,2024-11-17,51704.19,9306.7542,2024-11-17,Pending
INV05818,S002067,C00952,2024-09-16,27248.44,4904.7192,2024-09-16,Paid
INV05819,S009964,C00311,2025-01-22,54304.52,9774.8136,2025-01-22,Pending
INV05820,S065365,C00124,2026-04-17,8966.7,1614.006,2026-04-17,Paid
INV05821,S031467,C00322,2024-09-24,39059.76,7030.7568,2024-09-24,Disputed
INV05822,S017938,C00289,2025-12-11,21462.94,3863.3291999999997,2025-12-11,Paid
INV05823,S066395,C00181,2025-09-25,36877.95,6638.030999999999,2025-09-25,Overdue
INV05824,S035788,C00877,2025-04-27,40534.75,7296.255,2025-04-27,Pending
INV05825,S028640,C00824,2025-09-28,44730.53,8051.4954,2025-09-28,Disputed
INV05826,S053257,C00404,2025-02-21,31372.479999999996,5647.046399999999,2025-02-21,Paid
INV05827,S008534,C00029,2024-12-30,43312.93,7796.3274,2024-12-30,Disputed
INV05828,S097225,C00071,2024-12-28,59855.08,10773.9144,2024-12-28,Paid
INV05829,S011892,C00989,2024-10-24,48306.24,8695.1232,2024-10-24,Overdue
INV05830,S039455,C00329,2025-03-26,39134.47,7044.2046,2025-03-26,Paid
INV05831,S042629,C00604,2026-05-11,26646.56,4796.3808,2026-05-11,Pending
INV05832,S038334,C00375,2025-12-03,20111.58,3620.0844,2025-12-03,Pending
INV05833,S029022,C00489,2025-11-22,12755.14,2295.9251999999997,2025-11-22,Pending
INV05834,S058099,C00643,2026-05-30,21039.87,3787.1766,2026-05-30,Disputed
INV05835,S099565,C00556,2024-09-04,34621.34,6231.841199999999,2024-09-04,Overdue
INV05836,S047394,C00286,2026-01-14,39730.25,7151.445,2026-01-14,Paid
INV05837,S089407,C00839,2024-09-17,32950.979999999996,5931.176399999999,2024-09-17,Paid
INV05838,S083985,C00208,2024-09-20,39043.369999999995,7027.806599999999,2024-09-20,Paid
INV05839,S055745,C00195,2024-06-03,41902.54,7542.4572,2024-06-03,Paid
INV05840,S099685,C00142,2025-09-25,39913.16,7184.3688,2025-09-25,Paid
INV05841,S057360,C00480,2025-06-26,53594.56,9647.020799999998,2025-06-26,Pending
INV05842,S037985,C00741,2026-01-09,31024.940000000002,5584.4892,2026-01-09,Pending
INV05843,S083021,C00202,2025-01-16,48156.3,8668.134,2025-01-16,Paid
INV05844,S048881,C00043,2025-06-12,11204.369999999999,2016.7865999999997,2025-06-12,Paid
INV05845,S030066,C00615,2025-09-07,40260.509999999995,7246.8917999999985,2025-09-07,Disputed
INV05846,S072822,C00083,2025-03-02,41702.66,7506.478800000001,2025-03-02,Overdue
INV05847,S095421,C00131,2024-09-22,49049.28,8828.8704,2024-09-22,Disputed
INV05848,S090679,C00791,2025-01-20,29664.690000000002,5339.644200000001,2025-01-20,Overdue
INV05849,S003313,C00876,2025-04-24,55416.31,9974.9358,2025-04-24,Overdue
INV05850,S052907,C00569,2025-05-23,43725.66,7870.6188,2025-05-23,Paid
INV05851,S007770,C00453,2026-02-15,41071.83,7392.9294,2026-02-15,Paid
INV05852,S001988,C00058,2024-08-27,23699.699999999997,4265.945999999999,2024-08-27,Overdue
INV05853,S037759,C00114,2025-06-22,5829.37,1049.2866,2025-06-22,Pending
INV05854,S088112,C00346,2025-10-26,52014.59,9362.626199999999,2025-10-26,Disputed
INV05855,S052752,C00710,2025-08-03,44319.45,7977.500999999999,2025-08-03,Overdue
INV05856,S039407,C00610,2024-10-14,36055.49,6489.9882,2024-10-14,Overdue
INV05857,S069909,C00429,2025-02-09,14303.73,2574.6713999999997,2025-02-09,Overdue
INV05858,S041658,C00365,2025-05-02,31337.48,5640.7464,2025-05-02,Disputed
INV05859,S068756,C00253,2024-08-04,41075.5,7393.59,2024-08-04,Disputed
INV05860,S031764,C00137,2024-09-14,26284.329999999998,4731.179399999999,2024-09-14,Overdue
INV05861,S040818,C00609,2025-06-09,55242.520000000004,9943.6536,2025-06-09,Disputed
INV05862,S083142,C00499,2024-12-09,37532.32,6755.817599999999,2024-12-09,Pending
INV05863,S026674,C00762,2026-03-04,55641.76,10015.5168,2026-03-04,Paid
INV05864,S041537,C00881,2026-02-07,50501.54,9090.2772,2026-02-07,Pending
INV05865,S034433,C00807,2026-03-04,21342.52,3841.6536,2026-03-04,Paid
INV05866,S081857,C00172,2026-05-02,27133.019999999997,4883.9436,2026-05-02,Overdue
INV05867,S027145,C00671,2026-01-15,28807.77,5185.3985999999995,2026-01-15,Disputed
INV05868,S055910,C00431,2024-07-30,21121.66,3801.8988,2024-07-30,Pending
INV05869,S094190,C00567,2024-10-27,19438.13,3498.8634,2024-10-27,Pending
INV05870,S009887,C00186,2026-05-02,55300.94,9954.1692,2026-05-02,Pending
INV05871,S019174,C00802,2024-06-09,56955.69,10252.0242,2024-06-09,Paid
INV05872,S068287,C00476,2025-06-03,53976.9,9715.842,2025-06-03,Disputed
INV05873,S066590,C00542,2025-02-25,52444.22,9439.9596,2025-02-25,Disputed
INV05874,S044531,C00338,2026-05-11,49791.57,8962.4826,2026-05-11,Pending
INV05875,S095683,C00333,2025-05-01,56531.42999999999,10175.657399999998,2025-05-01,Overdue
INV05876,S003309,C00672,2025-08-05,23053.56,4149.6408,2025-08-05,Overdue
INV05877,S010323,C00122,2024-10-24,10839.71,1951.1477999999997,2024-10-24,Disputed
INV05878,S041109,C00693,2025-11-04,24898.16,4481.6687999999995,2025-11-04,Paid
INV05879,S050973,C00410,2026-01-02,7929.65,1427.337,2026-01-02,Paid
INV05880,S032866,C00289,2026-03-30,13105.189999999999,2358.9341999999997,2026-03-30,Paid
INV05881,S023848,C00731,2025-10-08,42821.92,7707.945599999999,2025-10-08,Paid
INV05882,S022839,C00254,2025-01-17,9963.64,1793.4551999999999,2025-01-17,Overdue
INV05883,S061336,C00218,2024-10-07,20780.88,3740.5584,2024-10-07,Disputed
INV05884,S043156,C00198,2025-12-10,20806.55,3745.1789999999996,2025-12-10,Disputed
INV05885,S057939,C00185,2024-06-03,32501.94,5850.3492,2024-06-03,Disputed
INV05886,S064472,C00279,2025-08-27,12675.3,2281.5539999999996,2025-08-27,Overdue
INV05887,S088298,C00083,2025-02-17,27838.9,5011.002,2025-02-17,Disputed
INV05888,S061327,C00538,2026-04-07,13746.89,2474.4402,2026-04-07,Paid
INV05889,S062228,C00967,2025-11-16,11240.759999999998,2023.3367999999996,2025-11-16,Pending
INV05890,S043734,C00534,2025-08-10,51586.04,9285.4872,2025-08-10,Disputed
INV05891,S030867,C00575,2024-07-29,60234.27,10842.168599999999,2024-07-29,Overdue
INV05892,S011053,C00096,2024-10-14,56348.04,10142.6472,2024-10-14,Overdue
INV05893,S098757,C00248,2025-04-27,17021.89,3063.9402,2025-04-27,Paid
INV05894,S011181,C00954,2024-11-20,20761.48,3737.0663999999997,2024-11-20,Paid
INV05895,S097736,C00718,2024-08-31,14456.08,2602.0944,2024-08-31,Disputed
INV05896,S077134,C00376,2025-02-09,58625.49,10552.5882,2025-02-09,Overdue
INV05897,S031263,C00705,2024-09-08,20979.64,3776.3351999999995,2024-09-08,Paid
INV05898,S045223,C00546,2024-10-26,58829.700000000004,10589.346,2024-10-26,Pending
INV05899,S085404,C00601,2026-01-08,43995.270000000004,7919.1486,2026-01-08,Paid
INV05900,S050441,C00265,2025-06-17,41584.09,7485.136199999999,2025-06-17,Overdue
INV05901,S065996,C00140,2025-07-08,27703.43,4986.6174,2025-07-08,Disputed
INV05902,S090071,C00058,2024-11-01,28796.13,5183.3034,2024-11-01,Pending
INV05903,S003389,C00618,2026-06-02,51020.65,9183.717,2026-06-02,Paid
INV05904,S077868,C00102,2025-04-07,27554.760000000002,4959.8568000000005,2025-04-07,Disputed
INV05905,S070178,C00808,2025-04-04,38988.990000000005,7018.0182,2025-04-04,Pending
INV05906,S087841,C00817,2025-02-19,24461.04,4402.9872,2025-02-19,Overdue
INV05907,S024502,C00449,2026-06-01,38803.75,6984.675,2026-06-01,Overdue
INV05908,S058520,C00152,2024-11-28,43732.15,7871.787,2024-11-28,Disputed
INV05909,S034960,C00901,2024-08-24,28774.37,5179.3866,2024-08-24,Paid
INV05910,S085442,C00321,2026-04-22,20976.93,3775.8474,2026-04-22,Paid
INV05911,S074857,C00256,2025-01-10,38483.35,6927.003,2025-01-10,Pending
INV05912,S061794,C00833,2025-02-25,37324.600000000006,6718.428000000001,2025-02-25,Pending
INV05913,S046714,C00170,2026-05-23,30337.83,5460.8094,2026-05-23,Overdue
INV05914,S087404,C00321,2026-03-21,44858.49,8074.5282,2026-03-21,Overdue
INV05915,S073549,C00327,2024-08-17,27905.449999999997,5022.980999999999,2024-08-17,Disputed
INV05916,S098887,C00749,2024-11-12,11728.16,2111.0688,2024-11-12,Overdue
INV05917,S077845,C00720,2025-11-24,50641.340000000004,9115.441200000001,2025-11-24,Paid
INV05918,S016628,C00059,2024-12-08,16572.35,2983.0229999999997,2024-12-08,Pending
INV05919,S093482,C00374,2025-01-21,16154.58,2907.8244,2025-01-21,Overdue
INV05920,S027932,C00267,2026-03-10,40559.29,7300.6722,2026-03-10,Overdue
INV05921,S086114,C00685,2025-09-02,41583.8,7485.084,2025-09-02,Overdue
INV05922,S097926,C00055,2025-09-09,49730.55,8951.499,2025-09-09,Pending
INV05923,S062933,C00918,2025-01-08,46702.81,8406.505799999999,2025-01-08,Pending
INV05924,S021781,C00660,2024-12-25,38086.78,6855.6204,2024-12-25,Overdue
INV05925,S032539,C00698,2025-10-03,13190.01,2374.2018,2025-10-03,Paid
INV05926,S000569,C00827,2024-08-09,23357.6,4204.3679999999995,2024-08-09,Disputed
INV05927,S060061,C00752,2025-03-12,13177.36,2371.9248000000002,2025-03-12,Overdue
INV05928,S069791,C00679,2025-05-18,33161.24,5969.0232,2025-05-18,Paid
INV05929,S070648,C00756,2026-01-07,22438.940000000002,4039.0092000000004,2026-01-07,Paid
INV05930,S005411,C00881,2025-01-29,15089.59,2716.1261999999997,2025-01-29,Paid
INV05931,S082054,C00500,2026-05-14,23557.059999999998,4240.270799999999,2026-05-14,Paid
INV05932,S022052,C00396,2026-05-28,31745.86,5714.2548,2026-05-28,Disputed
INV05933,S049516,C00918,2026-03-18,53137.07000000001,9564.672600000002,2026-03-18,Disputed
INV05934,S003603,C00415,2024-11-04,31650.38,5697.0684,2024-11-04,Overdue
INV05935,S086787,C00185,2025-03-06,53028.06,9545.050799999999,2025-03-06,Paid
INV05936,S063223,C00927,2024-06-12,16731.23,3011.6214,2024-06-12,Overdue
INV05937,S073393,C00279,2025-03-19,57877.0,10417.859999999999,2025-03-19,Disputed
INV05938,S029869,C00766,2025-08-05,17978.309999999998,3236.0957999999996,2025-08-05,Overdue
INV05939,S031035,C00592,2026-01-25,50842.3,9151.614,2026-01-25,Pending
INV05940,S054800,C00635,2024-06-18,62787.46,11301.7428,2024-06-18,Paid
INV05941,S094854,C00556,2026-01-03,9333.11,1679.9598,2026-01-03,Overdue
INV05942,S043837,C00675,2025-05-06,14963.740000000002,2693.4732000000004,2025-05-06,Disputed
INV05943,S017094,C00348,2025-12-10,10766.62,1937.9916,2025-12-10,Disputed
INV05944,S024195,C00735,2025-03-07,4630.75,833.535,2025-03-07,Overdue
INV05945,S048535,C00128,2024-12-12,19391.78,3490.5204,2024-12-12,Pending
INV05946,S071101,C00917,2026-02-12,52396.10999999999,9431.299799999999,2026-02-12,Overdue
INV05947,S027302,C00092,2024-06-04,50489.21,9088.057799999999,2024-06-04,Pending
INV05948,S087573,C00435,2026-03-08,33250.15,5985.027,2026-03-08,Disputed
INV05949,S002869,C00584,2026-04-03,18215.300000000003,3278.7540000000004,2026-04-03,Disputed
INV05950,S004857,C00289,2024-11-23,34440.729999999996,6199.331399999999,2024-11-23,Paid
INV05951,S080292,C00646,2024-06-06,53068.369999999995,9552.306599999998,2024-06-06,Pending
INV05952,S030485,C00057,2026-03-15,32363.94,5825.5091999999995,2026-03-15,Overdue
INV05953,S037503,C00248,2025-12-25,8094.03,1456.9253999999999,2025-12-25,Overdue
INV05954,S029087,C00607,2025-09-04,9494.69,1709.0442,2025-09-04,Pending
INV05955,S027558,C00431,2024-06-20,26580.39,4784.4702,2024-06-20,Disputed
INV05956,S075040,C00362,2025-09-17,14315.23,2576.7414,2025-09-17,Disputed
INV05957,S098622,C00137,2025-07-20,60071.3,10812.834,2025-07-20,Overdue
INV05958,S015447,C00673,2025-01-29,35120.020000000004,6321.6036,2025-01-29,Disputed
INV05959,S081157,C00796,2025-06-07,44691.11,8044.3998,2025-06-07,Disputed
INV05960,S050217,C00670,2024-10-21,53019.42,9543.4956,2024-10-21,Paid
INV05961,S065326,C00804,2025-02-03,19060.47,3430.8846,2025-02-03,Pending
INV05962,S061548,C00210,2025-12-22,39057.15,7030.287,2025-12-22,Disputed
INV05963,S066288,C00975,2026-04-01,22350.31,4023.0558,2026-04-01,Overdue
INV05964,S041940,C00664,2026-02-22,54588.5,9825.93,2026-02-22,Overdue
INV05965,S052730,C00093,2025-10-23,22976.370000000003,4135.7466,2025-10-23,Pending
INV05966,S042404,C00901,2025-05-10,28483.82,5127.0876,2025-05-10,Disputed
INV05967,S074825,C00605,2026-05-14,15069.539999999999,2712.5172,2026-05-14,Pending
INV05968,S093340,C00553,2025-11-16,22506.64,4051.1951999999997,2025-11-16,Pending
INV05969,S018195,C00335,2026-02-21,26860.95,4834.971,2026-02-21,Overdue
INV05970,S046647,C00916,2024-12-06,26298.160000000003,4733.6688,2024-12-06,Paid
INV05971,S054500,C00894,2026-04-09,52179.78999999999,9392.362199999998,2026-04-09,Paid
INV05972,S048976,C00487,2025-10-31,34083.869999999995,6135.096599999999,2025-10-31,Paid
INV05973,S011222,C00718,2026-03-07,48568.89,8742.4002,2026-03-07,Paid
INV05974,S002491,C00145,2025-03-08,45504.770000000004,8190.8586000000005,2025-03-08,Pending
INV05975,S032357,C00329,2025-06-19,32833.94,5910.1092,2025-06-19,Disputed
INV05976,S085104,C00065,2024-07-30,35337.68,6360.7824,2024-07-30,Pending
INV05977,S014473,C00198,2025-11-12,48001.700000000004,8640.306,2025-11-12,Disputed
INV05978,S044701,C00288,2025-09-10,15402.08,2772.3743999999997,2025-09-10,Disputed
INV05979,S025978,C00937,2024-08-10,23004.11,4140.7398,2024-08-10,Paid
INV05980,S060238,C00419,2025-07-31,20869.5,3756.5099999999998,2025-07-31,Disputed
INV05981,S075245,C00986,2025-02-10,18139.63,3265.1334,2025-02-10,Pending
INV05982,S084695,C00682,2024-08-30,58792.55,10582.659,2024-08-30,Overdue
INV05983,S045693,C00561,2024-12-27,34724.729999999996,6250.451399999999,2024-12-27,Overdue
INV05984,S036781,C00585,2025-01-13,25238.89,4543.0001999999995,2025-01-13,Overdue
INV05985,S048288,C00303,2024-10-19,27839.22,5011.0596,2024-10-19,Paid
INV05986,S056851,C00216,2026-01-07,38078.73,6854.1714,2026-01-07,Overdue
INV05987,S062886,C00187,2026-03-07,27109.65,4879.737,2026-03-07,Overdue
INV05988,S094899,C00095,2025-10-06,49590.159999999996,8926.228799999999,2025-10-06,Overdue
INV05989,S066636,C00697,2025-11-02,7846.89,1412.4402,2025-11-02,Overdue
INV05990,S074127,C00001,2025-12-24,31707.98,5707.4364,2025-12-24,Overdue
INV05991,S031074,C00630,2025-07-06,17200.54,3096.0972,2025-07-06,Overdue
INV05992,S014224,C00276,2025-03-12,27059.34,4870.6812,2025-03-12,Overdue
INV05993,S024569,C00822,2025-12-05,23546.96,4238.4528,2025-12-05,Pending
INV05994,S088210,C00037,2025-07-17,16552.97,2979.5346,2025-07-17,Pending
INV05995,S029397,C00681,2026-04-05,33154.33,5967.7794,2026-04-05,Overdue
INV05996,S027124,C00184,2025-10-03,17039.56,3067.1208,2025-10-03,Paid
INV05997,S047326,C00074,2025-05-29,46744.92,8414.085599999999,2025-05-29,Disputed
INV05998,S068344,C00478,2026-02-10,50623.43,9112.2174,2026-02-10,Pending
INV05999,S012814,C00420,2025-04-05,48563.56,8741.440799999998,2025-04-05,Pending
INV06000,S094165,C00220,2026-05-23,35401.68,6372.3024,2026-05-23,Pending
INV06001,S019413,C00369,2025-12-13,27396.45,4931.361,2025-12-13,Pending
INV06002,S001730,C00562,2024-11-19,58886.14,10599.5052,2024-11-19,Disputed
INV06003,S020091,C00143,2026-03-09,20201.91,3636.3437999999996,2026-03-09,Disputed
INV06004,S012585,C00951,2025-08-28,35205.17,6336.9306,2025-08-28,Disputed
INV06005,S003046,C00366,2024-11-08,53561.32,9641.0376,2024-11-08,Overdue
INV06006,S088429,C00442,2026-02-04,12610.66,2269.9188,2026-02-04,Paid
INV06007,S087587,C00473,2025-04-30,51741.630000000005,9313.493400000001,2025-04-30,Overdue
INV06008,S027599,C00580,2024-06-17,13996.460000000001,2519.3628,2024-06-17,Disputed
INV06009,S095327,C00704,2024-11-18,31214.48,5618.6064,2024-11-18,Pending
INV06010,S001398,C00951,2025-11-20,44201.229999999996,7956.2213999999985,2025-11-20,Disputed
INV06011,S085290,C00608,2024-12-15,34082.6,6134.8679999999995,2024-12-15,Overdue
INV06012,S013660,C00191,2024-09-04,43167.21,7770.0978,2024-09-04,Disputed
INV06013,S042859,C00091,2025-01-06,12604.33,2268.7794,2025-01-06,Paid
INV06014,S065128,C00721,2025-02-06,45336.22,8160.5196,2025-02-06,Paid
INV06015,S026753,C00858,2024-06-19,25185.57,4533.402599999999,2024-06-19,Overdue
INV06016,S049418,C00503,2025-07-08,35662.93,6419.3274,2025-07-08,Pending
INV06017,S068242,C00094,2026-02-02,24457.739999999998,4402.3931999999995,2026-02-02,Disputed
INV06018,S097915,C00606,2025-12-05,21212.11,3818.1798,2025-12-05,Pending
INV06019,S047038,C00879,2025-01-06,11378.17,2048.0706,2025-01-06,Pending
INV06020,S041269,C00962,2024-11-01,24797.76,4463.596799999999,2024-11-01,Paid
INV06021,S053123,C00365,2026-04-28,30953.14,5571.5652,2026-04-28,Overdue
INV06022,S003604,C00792,2026-01-31,59587.9,10725.822,2026-01-31,Disputed
INV06023,S042089,C00481,2025-09-11,40184.6,7233.227999999999,2025-09-11,Paid
INV06024,S032997,C00672,2024-11-08,49466.7,8904.006,2024-11-08,Pending
INV06025,S041384,C00177,2024-10-21,40889.69,7360.1442,2024-10-21,Pending
INV06026,S038134,C00799,2025-09-01,31270.510000000002,5628.6918000000005,2025-09-01,Overdue
INV06027,S084000,C00258,2025-01-31,43771.94,7878.9492,2025-01-31,Overdue
INV06028,S038810,C00563,2025-12-17,57735.28,10392.3504,2025-12-17,Paid
INV06029,S024011,C00633,2024-08-19,44902.86,8082.5148,2024-08-19,Paid
INV06030,S035348,C00671,2024-09-26,39283.86,7071.0948,2024-09-26,Paid
INV06031,S026740,C00350,2025-03-25,55722.46,10030.0428,2025-03-25,Pending
INV06032,S042946,C00424,2024-11-08,14663.130000000001,2639.3634,2024-11-08,Overdue
INV06033,S041434,C00884,2025-02-22,22073.53,3973.2353999999996,2025-02-22,Paid
INV06034,S043934,C00235,2025-06-20,22663.54,4079.4372,2025-06-20,Paid
INV06035,S025251,C00731,2025-07-08,42736.780000000006,7692.620400000001,2025-07-08,Pending
INV06036,S082655,C00678,2025-11-27,9233.939999999999,1662.1091999999996,2025-11-27,Disputed
INV06037,S025751,C00720,2024-12-23,52368.86,9426.3948,2024-12-23,Pending
INV06038,S042023,C00638,2025-07-30,28667.79,5160.2022,2025-07-30,Pending
INV06039,S028109,C00709,2025-10-30,54804.909999999996,9864.8838,2025-10-30,Overdue
INV06040,S061389,C00632,2025-10-02,57547.47,10358.5446,2025-10-02,Pending
INV06041,S042863,C00666,2024-11-21,15083.41,2715.0137999999997,2024-11-21,Overdue
INV06042,S015771,C00480,2026-01-10,52503.98,9450.7164,2026-01-10,Pending
INV06043,S021805,C00738,2026-04-23,44601.87,8028.3366000000005,2026-04-23,Disputed
INV06044,S079079,C00083,2024-10-27,17981.32,3236.6376,2024-10-27,Overdue
INV06045,S027419,C00894,2025-09-26,42459.19,7642.6542,2025-09-26,Paid
INV06046,S026731,C00768,2025-07-23,37449.37,6740.8866,2025-07-23,Disputed
INV06047,S078828,C00887,2025-10-01,42531.79,7655.7222,2025-10-01,Pending
INV06048,S076104,C00826,2025-05-31,9411.59,1694.0862,2025-05-31,Paid
INV06049,S096761,C00690,2025-06-02,47891.76,8620.5168,2025-06-02,Paid
INV06050,S086049,C00513,2025-09-29,37330.159999999996,6719.428799999999,2025-09-29,Pending
INV06051,S071315,C00084,2026-05-26,25995.079999999998,4679.1143999999995,2026-05-26,Disputed
INV06052,S038635,C00528,2024-06-06,51731.81,9311.725799999998,2024-06-06,Paid
INV06053,S035150,C00872,2024-09-02,27092.97,4876.7346,2024-09-02,Pending
INV06054,S052307,C00944,2026-02-27,28432.34,5117.821199999999,2026-02-27,Paid
INV06055,S044163,C00665,2025-10-01,12535.11,2256.3198,2025-10-01,Disputed
INV06056,S045597,C00955,2024-09-04,30168.329999999998,5430.2994,2024-09-04,Overdue
INV06057,S017623,C00889,2024-10-07,53269.32,9588.4776,2024-10-07,Paid
INV06058,S083710,C00218,2025-05-31,8627.6,1552.968,2025-05-31,Overdue
INV06059,S014336,C00910,2025-05-22,46776.869999999995,8419.836599999999,2025-05-22,Pending
INV06060,S048326,C00977,2025-02-24,24970.36,4494.6648,2025-02-24,Paid
INV06061,S083863,C00525,2024-09-16,17330.760000000002,3119.5368000000003,2024-09-16,Paid
INV06062,S072745,C00637,2025-01-14,53070.72,9552.7296,2025-01-14,Paid
INV06063,S082168,C00299,2025-11-28,58423.25,10516.185,2025-11-28,Pending
INV06064,S059972,C00079,2025-08-11,15753.18,2835.5724,2025-08-11,Pending
INV06065,S022108,C00701,2025-03-06,31568.719999999998,5682.369599999999,2025-03-06,Overdue
INV06066,S060272,C00249,2025-12-31,40875.86,7357.6548,2025-12-31,Disputed
INV06067,S063281,C00820,2025-05-19,22388.1,4029.8579999999997,2025-05-19,Paid
INV06068,S083739,C00168,2024-07-10,7629.08,1373.2343999999998,2024-07-10,Overdue
INV06069,S057645,C00015,2025-03-23,14421.26,2595.8268,2025-03-23,Disputed
INV06070,S086334,C00469,2026-02-06,42227.72,7600.9896,2026-02-06,Paid
INV06071,S050430,C00165,2025-04-18,50126.31,9022.735799999999,2025-04-18,Paid
INV06072,S020672,C00905,2026-02-16,55249.649999999994,9944.936999999998,2026-02-16,Overdue
INV06073,S062172,C00701,2025-01-11,34655.11,6237.9198,2025-01-11,Overdue
INV06074,S054377,C00301,2025-12-11,47440.3,8539.254,2025-12-11,Paid
INV06075,S055121,C00072,2026-05-14,44437.39,7998.7302,2026-05-14,Pending
INV06076,S018542,C00981,2025-05-26,40438.17,7278.870599999999,2025-05-26,Paid
INV06077,S051068,C00097,2025-01-17,42214.29,7598.5722,2025-01-17,Paid
INV06078,S062833,C00632,2025-11-11,23852.410000000003,4293.433800000001,2025-11-11,Paid
INV06079,S078151,C00885,2025-08-13,9728.349999999999,1751.1029999999996,2025-08-13,Pending
INV06080,S048595,C00613,2026-04-05,41693.130000000005,7504.763400000001,2026-04-05,Pending
INV06081,S062377,C00251,2025-09-24,31042.88,5587.7184,2025-09-24,Disputed
INV06082,S028360,C00571,2025-07-06,25287.53,4551.7554,2025-07-06,Pending
INV06083,S066865,C00698,2025-10-20,11378.75,2048.1749999999997,2025-10-20,Pending
INV06084,S027204,C00863,2025-04-27,45697.54,8225.5572,2025-04-27,Pending
INV06085,S020678,C00555,2026-02-07,31610.77,5689.9385999999995,2026-02-07,Paid
INV06086,S026867,C00607,2025-09-04,25825.18,4648.5324,2025-09-04,Pending
INV06087,S005952,C00091,2026-04-25,11129.630000000001,2003.3334000000002,2026-04-25,Disputed
INV06088,S063052,C00452,2025-02-09,39903.41,7182.6138,2025-02-09,Pending
INV06089,S077998,C00372,2025-11-17,33527.83,6035.0094,2025-11-17,Disputed
INV06090,S058992,C00728,2025-11-09,49807.45,8965.340999999999,2025-11-09,Disputed
INV06091,S008772,C00108,2025-08-13,15889.06,2860.0308,2025-08-13,Pending
INV06092,S071865,C00018,2026-05-24,35826.58,6448.7844000000005,2026-05-24,Overdue
INV06093,S056551,C00889,2025-09-29,19508.98,3511.6164,2025-09-29,Paid
INV06094,S001573,C00646,2025-04-21,22034.96,3966.2927999999997,2025-04-21,Paid
INV06095,S078145,C00016,2026-04-03,35882.67,6458.8805999999995,2026-04-03,Pending
INV06096,S075288,C00196,2026-02-08,53811.37,9686.0466,2026-02-08,Paid
INV06097,S014010,C00035,2024-08-16,33018.130000000005,5943.263400000001,2024-08-16,Overdue
INV06098,S003379,C00583,2025-06-14,24068.92,4332.405599999999,2025-06-14,Paid
INV06099,S080262,C00840,2024-11-22,19119.56,3441.5208000000002,2024-11-22,Overdue
INV06100,S005492,C00591,2026-03-14,28000.96,5040.172799999999,2026-03-14,Overdue
INV06101,S099643,C00024,2024-08-08,14967.35,2694.123,2024-08-08,Paid
INV06102,S029315,C00798,2025-05-17,38718.57,6969.3426,2025-05-17,Overdue
INV06103,S078170,C00978,2026-04-18,20088.23,3615.8813999999998,2026-04-18,Pending
INV06104,S082903,C00799,2025-02-09,42856.2,7714.115999999999,2025-02-09,Overdue
INV06105,S051203,C00124,2024-11-29,42953.87,7731.6966,2024-11-29,Overdue
INV06106,S060889,C00967,2026-05-31,54097.76,9737.5968,2026-05-31,Paid
INV06107,S068305,C00122,2024-12-02,31755.23,5715.9414,2024-12-02,Paid
INV06108,S029653,C00129,2026-05-18,29656.489999999998,5338.168199999999,2026-05-18,Overdue
INV06109,S037443,C00132,2025-05-31,22809.52,4105.7136,2025-05-31,Pending
INV06110,S034064,C00145,2024-07-04,9161.36,1649.0448000000001,2024-07-04,Pending
INV06111,S053751,C00218,2026-05-05,35813.35,6446.402999999999,2026-05-05,Overdue
INV06112,S005313,C00937,2025-03-31,56887.01,10239.6618,2025-03-31,Disputed
INV06113,S020320,C00893,2026-04-02,51992.950000000004,9358.731,2026-04-02,Pending
INV06114,S041369,C00340,2024-08-05,44019.950000000004,7923.591,2024-08-05,Disputed
INV06115,S008809,C00976,2025-10-03,50108.4,9019.512,2025-10-03,Pending
INV06116,S083110,C00931,2024-09-14,32781.84,5900.731199999999,2024-09-14,Pending
INV06117,S026787,C00819,2025-02-27,15482.66,2786.8788,2025-02-27,Pending
INV06118,S011265,C00677,2025-09-22,47758.689999999995,8596.564199999999,2025-09-22,Overdue
INV06119,S060168,C00712,2024-10-29,39765.42,7157.775599999999,2024-10-29,Overdue
INV06120,S039692,C00971,2025-05-16,41000.96000000001,7380.172800000001,2025-05-16,Pending
INV06121,S051870,C00305,2026-05-16,19951.25,3591.225,2026-05-16,Disputed
INV06122,S033547,C00545,2025-08-14,18029.81,3245.3658,2025-08-14,Disputed
INV06123,S099341,C00980,2024-12-16,13998.369999999999,2519.7065999999995,2024-12-16,Pending
INV06124,S037127,C00567,2024-11-06,10909.02,1963.6236,2024-11-06,Paid
INV06125,S077643,C00093,2024-06-25,56975.19,10255.5342,2024-06-25,Paid
INV06126,S025589,C00450,2026-04-09,51109.57000000001,9199.722600000001,2026-04-09,Disputed
INV06127,S024043,C00023,2024-08-04,18826.44,3388.7591999999995,2024-08-04,Paid
INV06128,S062809,C00280,2024-06-12,36165.33,6509.7594,2024-06-12,Overdue
INV06129,S025652,C00852,2025-12-11,21118.27,3801.2886,2025-12-11,Pending
INV06130,S092141,C00970,2024-11-07,58366.22,10505.9196,2024-11-07,Overdue
INV06131,S075519,C00241,2026-05-27,28772.83,5179.1094,2026-05-27,Pending
INV06132,S088526,C00464,2026-04-30,13248.56,2384.7408,2026-04-30,Paid
INV06133,S090440,C00987,2025-01-16,47365.49,8525.788199999999,2025-01-16,Paid
INV06134,S078180,C00266,2025-09-30,10377.28,1867.9104,2025-09-30,Overdue
INV06135,S040520,C00359,2026-02-15,31621.63,5691.8934,2026-02-15,Pending
INV06136,S024228,C00060,2024-12-10,37434.17,6738.150599999999,2024-12-10,Disputed
INV06137,S052228,C00266,2025-03-20,32330.15,5819.427,2025-03-20,Paid
INV06138,S081492,C00538,2025-10-27,18084.79,3255.2622,2025-10-27,Disputed
INV06139,S069262,C00826,2025-10-12,19623.49,3532.2282,2025-10-12,Overdue
INV06140,S042218,C00871,2025-05-25,41389.3,7450.0740000000005,2025-05-25,Overdue
INV06141,S002327,C00235,2025-09-27,17970.23,3234.6414,2025-09-27,Overdue
INV06142,S001877,C00420,2026-02-07,52331.4,9419.652,2026-02-07,Overdue
INV06143,S022138,C00985,2024-10-14,27838.870000000003,5010.9966,2024-10-14,Disputed
INV06144,S052395,C00347,2025-08-01,13914.279999999999,2504.5703999999996,2025-08-01,Paid
INV06145,S098508,C00068,2025-10-16,57472.28,10345.0104,2025-10-16,Overdue
INV06146,S074882,C00020,2024-11-07,38237.43,6882.7374,2024-11-07,Overdue
INV06147,S098633,C00013,2025-02-23,27968.440000000002,5034.3192,2025-02-23,Pending
INV06148,S067145,C00421,2026-02-03,16673.17,3001.1705999999995,2026-02-03,Disputed
INV06149,S026398,C00882,2025-12-20,52055.88,9370.0584,2025-12-20,Overdue
INV06150,S024346,C00867,2024-11-05,20142.52,3625.6536,2024-11-05,Pending
INV06151,S032018,C00924,2024-10-31,23822.32,4288.0176,2024-10-31,Pending
INV06152,S044638,C00239,2025-01-31,33969.57,6114.522599999999,2025-01-31,Pending
INV06153,S055977,C00398,2024-09-12,51396.630000000005,9251.3934,2024-09-12,Pending
INV06154,S010691,C00128,2025-02-18,35959.62,6472.7316,2025-02-18,Overdue
INV06155,S081082,C00653,2025-06-26,20159.72,3628.7496,2025-06-26,Paid
INV06156,S094029,C00192,2025-10-29,28001.949999999997,5040.351,2025-10-29,Overdue
INV06157,S087528,C00237,2025-02-27,41807.340000000004,7525.3212,2025-02-27,Pending
INV06158,S019190,C00699,2025-06-16,44175.72,7951.6296,2025-06-16,Pending
INV06159,S088608,C00292,2024-07-17,9140.11,1645.2198,2024-07-17,Pending
INV06160,S064927,C00591,2025-03-18,20647.27,3716.5086,2025-03-18,Paid
INV06161,S014004,C00434,2024-08-03,51417.56,9255.1608,2024-08-03,Paid
INV06162,S075992,C00558,2025-11-18,14133.279999999999,2543.9903999999997,2025-11-18,Overdue
INV06163,S087877,C00615,2024-12-20,52472.2,9444.996,2024-12-20,Disputed
INV06164,S062876,C00021,2025-09-28,18017.739999999998,3243.1931999999997,2025-09-28,Pending
INV06165,S047041,C00956,2024-06-13,13925.51,2506.5918,2024-06-13,Pending
INV06166,S097068,C00028,2025-03-02,36422.08,6555.9744,2025-03-02,Paid
INV06167,S011238,C00501,2025-03-19,20458.949999999997,3682.6109999999994,2025-03-19,Paid
INV06168,S028797,C00919,2025-07-01,20579.559999999998,3704.3207999999995,2025-07-01,Pending
INV06169,S085490,C00780,2025-07-28,41700.42,7506.075599999999,2025-07-28,Overdue
INV06170,S030565,C00655,2025-11-25,55813.46000000001,10046.4228,2025-11-25,Overdue
INV06171,S017893,C00552,2024-08-24,19243.52,3463.8336,2024-08-24,Paid
INV06172,S013792,C00057,2025-08-18,9026.2,1624.7160000000001,2025-08-18,Pending
INV06173,S050044,C00939,2025-08-22,38420.31,6915.6557999999995,2025-08-22,Pending
INV06174,S056881,C00844,2026-03-03,12635.18,2274.3324,2026-03-03,Overdue
INV06175,S017927,C00734,2024-11-07,20854.68,3753.8424,2024-11-07,Pending
INV06176,S069875,C00622,2024-12-18,31216.98,5619.0563999999995,2024-12-18,Pending
INV06177,S018971,C00158,2024-10-13,35848.509999999995,6452.731799999999,2024-10-13,Pending
INV06178,S003796,C00050,2025-10-13,33749.270000000004,6074.868600000001,2025-10-13,Overdue
INV06179,S051987,C00738,2025-11-21,24950.48,4491.0864,2025-11-21,Disputed
INV06180,S056061,C00026,2025-02-18,58518.28,10533.2904,2025-02-18,Overdue
INV06181,S036711,C00736,2025-08-09,19544.809999999998,3518.0657999999994,2025-08-09,Overdue
INV06182,S072698,C00705,2026-03-08,41271.86,7428.9348,2026-03-08,Pending
INV06183,S029126,C00639,2025-09-13,15585.81,2805.4458,2025-09-13,Pending
INV06184,S069621,C00894,2024-09-20,33206.94,5977.2492,2024-09-20,Paid
INV06185,S059242,C00330,2026-03-30,26568.71,4782.3678,2026-03-30,Pending
INV06186,S043986,C00785,2024-06-17,25881.86,4658.7348,2024-06-17,Paid
INV06187,S043270,C00874,2025-06-23,36638.91,6595.0038,2025-06-23,Paid
INV06188,S070012,C00960,2025-02-02,26237.31,4722.7158,2025-02-02,Disputed
INV06189,S003286,C00448,2026-02-25,51034.92999999999,9186.2874,2026-02-25,Paid
INV06190,S070819,C00171,2025-03-31,13299.23,2393.8614,2025-03-31,Paid
INV06191,S030873,C00152,2026-04-06,32865.43,5915.7774,2026-04-06,Pending
INV06192,S067350,C00118,2024-11-29,42007.13,7561.283399999999,2024-11-29,Overdue
INV06193,S096041,C00283,2025-10-19,59106.36,10639.1448,2025-10-19,Paid
INV06194,S087771,C00133,2024-09-23,25519.92,4593.585599999999,2024-09-23,Paid
INV06195,S094154,C00280,2025-12-04,12903.94,2322.7092,2025-12-04,Disputed
INV06196,S014106,C00839,2026-04-09,21162.370000000003,3809.2266000000004,2026-04-09,Pending
INV06197,S024134,C00225,2025-02-01,20912.5,3764.25,2025-02-01,Paid
INV06198,S071447,C00612,2024-10-08,54614.79,9830.6622,2024-10-08,Overdue
INV06199,S088469,C00309,2025-03-16,42182.1,7592.777999999999,2025-03-16,Pending
INV06200,S084608,C00791,2025-06-03,54093.41,9736.8138,2025-06-03,Disputed
INV06201,S074697,C00693,2025-11-11,48184.350000000006,8673.183,2025-11-11,Pending
INV06202,S096308,C00819,2025-11-26,41828.74,7529.173199999999,2025-11-26,Pending
INV06203,S044299,C00049,2025-11-12,41460.020000000004,7462.8036,2025-11-12,Paid
INV06204,S086312,C00684,2026-04-15,45490.46000000001,8188.282800000001,2026-04-15,Disputed
INV06205,S007958,C00957,2024-12-30,21410.379999999997,3853.8683999999994,2024-12-30,Paid
INV06206,S011728,C00899,2025-07-14,28493.690000000002,5128.8642,2025-07-14,Pending
INV06207,S088102,C00171,2024-11-12,19124.19,3442.3541999999998,2024-11-12,Paid
INV06208,S079504,C00409,2025-07-25,48439.829999999994,8719.169399999999,2025-07-25,Overdue
INV06209,S044894,C00369,2025-09-27,9277.880000000001,1670.0184000000002,2025-09-27,Paid
INV06210,S074862,C00935,2025-11-08,37044.51,6668.0118,2025-11-08,Disputed
INV06211,S006928,C00112,2024-11-29,19693.09,3544.7562,2024-11-29,Paid
INV06212,S043359,C00514,2025-05-25,10264.19,1847.5542,2025-05-25,Disputed
INV06213,S010104,C00677,2026-01-11,21513.65,3872.4570000000003,2026-01-11,Paid
INV06214,S091795,C00744,2025-05-31,5120.52,921.6936000000001,2025-05-31,Pending
INV06215,S081758,C00222,2024-09-16,57057.9,10270.422,2024-09-16,Pending
INV06216,S038147,C00671,2025-04-06,11823.34,2128.2012,2025-04-06,Disputed
INV06217,S033301,C00333,2025-03-07,55239.85,9943.172999999999,2025-03-07,Disputed
INV06218,S067057,C00491,2025-10-04,32497.469999999998,5849.544599999999,2025-10-04,Overdue
INV06219,S034937,C00637,2025-11-20,53963.75,9713.475,2025-11-20,Pending
INV06220,S092057,C00285,2024-09-10,48679.64,8762.3352,2024-09-10,Paid
INV06221,S035479,C00556,2025-10-13,25357.050000000003,4564.269,2025-10-13,Overdue
INV06222,S001491,C00734,2026-03-07,54022.869999999995,9724.1166,2026-03-07,Disputed
INV06223,S026532,C00685,2024-07-04,36694.86,6605.074799999999,2024-07-04,Paid
INV06224,S011184,C00930,2025-02-10,43440.71000000001,7819.327800000001,2025-02-10,Overdue
INV06225,S000913,C00438,2024-08-03,32532.010000000002,5855.7618,2024-08-03,Overdue
INV06226,S067318,C00869,2026-02-24,42697.92999999999,7685.6273999999985,2026-02-24,Paid
INV06227,S076307,C00030,2025-05-02,41074.78,7393.4604,2025-05-02,Overdue
INV06228,S073009,C00476,2024-07-24,52901.11,9522.1998,2024-07-24,Disputed
INV06229,S020027,C00190,2026-02-19,53730.98,9671.5764,2026-02-19,Disputed
INV06230,S054455,C00193,2024-09-04,21033.22,3785.9796,2024-09-04,Disputed
INV06231,S021800,C00409,2026-03-16,14750.86,2655.1548,2026-03-16,Pending
INV06232,S044282,C00454,2024-11-16,23600.74,4248.1332,2024-11-16,Pending
INV06233,S004982,C00711,2026-01-30,41398.04,7451.647199999999,2026-01-30,Overdue
INV06234,S008773,C00568,2024-11-27,51887.64,9339.7752,2024-11-27,Overdue
INV06235,S011018,C00867,2025-05-05,57112.54,10280.2572,2025-05-05,Pending
INV06236,S083991,C00783,2025-08-04,34048.08,6128.6544,2025-08-04,Paid
INV06237,S063970,C00383,2024-09-01,8350.8,1503.1439999999998,2024-09-01,Disputed
INV06238,S008300,C00658,2025-02-04,31685.75,5703.4349999999995,2025-02-04,Overdue
INV06239,S087079,C00675,2025-07-20,30435.420000000002,5478.3756,2025-07-20,Pending
INV06240,S091674,C00090,2024-07-09,48232.65,8681.877,2024-07-09,Pending
INV06241,S019962,C00565,2025-02-23,60585.03,10905.3054,2025-02-23,Overdue
INV06242,S062963,C00560,2025-01-04,43840.71,7891.327799999999,2025-01-04,Pending
INV06243,S039062,C00829,2025-04-29,18286.28,3291.5303999999996,2025-04-29,Overdue
INV06244,S007858,C00091,2025-03-08,8150.02,1467.0036,2025-03-08,Overdue
INV06245,S086350,C00751,2026-02-11,29806.92,5365.245599999999,2026-02-11,Paid
INV06246,S034729,C00421,2024-11-28,38820.37,6987.6666000000005,2024-11-28,Overdue
INV06247,S032189,C00096,2025-09-30,34452.77,6201.498599999999,2025-09-30,Paid
INV06248,S019877,C00667,2025-05-22,57019.7,10263.545999999998,2025-05-22,Paid
INV06249,S097054,C00010,2025-09-20,43033.82,7746.0876,2025-09-20,Pending
INV06250,S053885,C00293,2026-02-21,18377.88,3308.0184,2026-02-21,Pending
INV06251,S070861,C00712,2024-10-28,13161.59,2369.0861999999997,2024-10-28,Paid
INV06252,S051808,C00170,2024-07-04,34981.479999999996,6296.666399999999,2024-07-04,Paid
INV06253,S055031,C00090,2025-02-13,41548.08,7478.6544,2025-02-13,Disputed
INV06254,S083988,C00069,2026-01-31,8380.73,1508.5313999999998,2026-01-31,Pending
INV06255,S037284,C00652,2024-07-15,41129.05,7403.229,2024-07-15,Paid
INV06256,S093645,C00898,2025-01-28,42418.990000000005,7635.418200000001,2025-01-28,Paid
INV06257,S046655,C00661,2024-10-05,37054.880000000005,6669.8784000000005,2024-10-05,Overdue
INV06258,S038644,C00649,2024-06-04,26275.8,4729.643999999999,2024-06-04,Pending
INV06259,S099006,C00474,2024-09-13,48506.520000000004,8731.1736,2024-09-13,Overdue
INV06260,S021739,C00770,2025-07-20,54800.600000000006,9864.108,2025-07-20,Pending
INV06261,S041298,C00140,2025-11-23,58662.26,10559.2068,2025-11-23,Overdue
INV06262,S039695,C00099,2026-05-31,47628.06,8573.050799999999,2026-05-31,Pending
INV06263,S051630,C00908,2024-10-25,50299.25,9053.865,2024-10-25,Paid
INV06264,S047089,C00324,2026-01-22,19561.309999999998,3521.0357999999997,2026-01-22,Disputed
INV06265,S079290,C00611,2025-08-23,28069.32,5052.4776,2025-08-23,Paid
INV06266,S066028,C00862,2025-09-24,35420.09,6375.6161999999995,2025-09-24,Disputed
INV06267,S083132,C00238,2025-08-05,46927.78999999999,8447.002199999999,2025-08-05,Paid
INV06268,S094336,C00769,2025-07-21,28884.309999999998,5199.175799999999,2025-07-21,Pending
INV06269,S099037,C00859,2025-06-16,16147.140000000001,2906.4852,2025-06-16,Pending
INV06270,S050920,C00225,2025-06-02,10325.08,1858.5144,2025-06-02,Overdue
INV06271,S034353,C00802,2026-04-17,38408.92,6913.6056,2026-04-17,Disputed
INV06272,S079901,C00824,2024-07-15,47895.380000000005,8621.1684,2024-07-15,Disputed
INV06273,S016020,C00834,2025-05-21,51904.37,9342.7866,2025-05-21,Disputed
INV06274,S041145,C00869,2024-10-10,12021.87,2163.9366,2024-10-10,Overdue
INV06275,S034987,C00468,2025-09-01,27661.35,4979.043,2025-09-01,Paid
INV06276,S057033,C00690,2024-10-04,31758.93,5716.6074,2024-10-04,Paid
INV06277,S055392,C00167,2025-02-17,41959.2,7552.655999999999,2025-02-17,Overdue
INV06278,S074716,C00447,2024-11-18,41751.94,7515.349200000001,2024-11-18,Overdue
INV06279,S094618,C00011,2025-05-28,19676.06,3541.6908000000003,2025-05-28,Paid
INV06280,S032487,C00367,2025-04-29,21352.14,3843.3851999999997,2025-04-29,Pending
INV06281,S025410,C00258,2026-05-03,29458.170000000002,5302.470600000001,2026-05-03,Overdue
INV06282,S040041,C00601,2025-12-28,11599.439999999999,2087.8992,2025-12-28,Disputed
INV06283,S082033,C00415,2025-11-05,15328.11,2759.0598,2025-11-05,Overdue
INV06284,S033584,C00726,2025-03-11,48449.23,8720.8614,2025-03-11,Overdue
INV06285,S031013,C00569,2025-12-20,26409.85,4753.772999999999,2025-12-20,Pending
INV06286,S078079,C00447,2026-05-11,11645.54,2096.1972,2026-05-11,Paid
INV06287,S032978,C00381,2025-03-18,44655.22,8037.9396,2025-03-18,Paid
INV06288,S009731,C00199,2025-10-26,39130.79,7043.5422,2025-10-26,Disputed
INV06289,S088391,C00304,2025-05-21,49341.020000000004,8881.383600000001,2025-05-21,Disputed
INV06290,S095512,C00712,2026-02-18,15474.2,2785.356,2026-02-18,Disputed
INV06291,S096829,C00614,2024-09-02,41871.14,7536.8052,2024-09-02,Disputed
INV06292,S023838,C00144,2025-09-07,22463.78,4043.4803999999995,2025-09-07,Paid
INV06293,S084244,C00484,2024-08-15,49567.75,8922.195,2024-08-15,Overdue
INV06294,S033980,C00839,2025-12-23,17297.72,3113.5896000000002,2025-12-23,Overdue
INV06295,S007248,C00876,2025-03-17,22335.1,4020.3179999999998,2025-03-17,Disputed
INV06296,S049280,C00115,2025-08-19,16176.17,2911.7106,2025-08-19,Paid
INV06297,S003620,C00943,2025-08-20,40473.909999999996,7285.303799999999,2025-08-20,Paid
INV06298,S052952,C00926,2025-01-12,33638.63,6054.953399999999,2025-01-12,Disputed
INV06299,S050230,C00770,2025-02-05,12623.64,2272.2551999999996,2025-02-05,Disputed
INV06300,S054625,C00188,2024-12-28,30554.24,5499.7632,2024-12-28,Pending
INV06301,S080534,C00100,2024-06-17,44810.840000000004,8065.9512,2024-06-17,Disputed
INV06302,S015206,C00925,2025-04-20,23767.780000000002,4278.200400000001,2025-04-20,Overdue
INV06303,S069499,C00033,2024-06-27,16958.27,3052.4886,2024-06-27,Pending
INV06304,S071894,C00806,2024-07-28,43491.130000000005,7828.4034,2024-07-28,Disputed
INV06305,S040274,C00556,2025-10-22,14498.1,2609.658,2025-10-22,Overdue
INV06306,S089780,C00792,2024-11-16,38770.7,6978.726,2024-11-16,Disputed
INV06307,S066817,C00856,2024-06-25,34945.32,6290.1576,2024-06-25,Overdue
INV06308,S032577,C00855,2024-11-13,42877.81,7718.005799999999,2024-11-13,Pending
INV06309,S055380,C00013,2024-06-10,30135.120000000003,5424.3216,2024-06-10,Paid
INV06310,S074204,C00238,2024-12-09,44606.07,8029.0926,2024-12-09,Overdue
INV06311,S016431,C00298,2026-01-08,7852.48,1413.4463999999998,2026-01-08,Pending
INV06312,S014810,C00884,2025-11-05,40141.170000000006,7225.410600000001,2025-11-05,Pending
INV06313,S061380,C00571,2025-09-24,45757.85,8236.412999999999,2025-09-24,Paid
INV06314,S042826,C00874,2024-06-24,26416.85,4755.032999999999,2024-06-24,Overdue
INV06315,S056821,C00788,2025-10-14,47246.6,8504.387999999999,2025-10-14,Overdue
INV06316,S058911,C00251,2026-01-30,8747.3,1574.514,2026-01-30,Disputed
INV06317,S051392,C00750,2026-03-20,40653.81,7317.685799999999,2026-03-20,Paid
INV06318,S022409,C00411,2024-11-03,20622.629999999997,3712.0733999999993,2024-11-03,Paid
INV06319,S079408,C00103,2025-08-08,46691.2,8404.416,2025-08-08,Disputed
INV06320,S068564,C00499,2026-03-17,23317.11,4197.0797999999995,2026-03-17,Overdue
INV06321,S013218,C00554,2025-08-17,41284.41,7431.1938,2025-08-17,Overdue
INV06322,S001564,C00632,2025-08-04,52456.72,9442.2096,2025-08-04,Overdue
INV06323,S040760,C00814,2025-03-06,34951.409999999996,6291.2537999999995,2025-03-06,Overdue
INV06324,S017897,C00873,2024-07-10,30583.17,5504.9706,2024-07-10,Disputed
INV06325,S093951,C00994,2025-12-24,44695.38,8045.1684,2025-12-24,Disputed
INV06326,S033685,C00126,2025-07-09,42595.45,7667.181,2025-07-09,Paid
INV06327,S044173,C00411,2025-03-29,36093.49,6496.828199999999,2025-03-29,Paid
INV06328,S021395,C00721,2025-06-19,16004.44,2880.7992,2025-06-19,Overdue
INV06329,S074622,C00846,2025-05-06,30829.41,5549.2937999999995,2025-05-06,Disputed
INV06330,S058117,C00468,2025-06-13,27175.420000000002,4891.5756,2025-06-13,Pending
INV06331,S042457,C00981,2025-11-10,7049.38,1268.8884,2025-11-10,Paid
INV06332,S095228,C00422,2025-04-06,35828.48,6449.1264,2025-04-06,Disputed
INV06333,S091485,C00084,2024-08-04,16762.22,3017.1996,2024-08-04,Pending
INV06334,S048973,C00187,2025-05-01,26386.55,4749.579,2025-05-01,Overdue
INV06335,S005195,C00261,2024-11-23,15967.550000000001,2874.159,2024-11-23,Disputed
INV06336,S056686,C00732,2025-03-29,25903.98,4662.716399999999,2025-03-29,Paid
INV06337,S077404,C00272,2024-12-12,24302.550000000003,4374.459000000001,2024-12-12,Disputed
INV06338,S083421,C00034,2025-03-02,37142.31,6685.6158,2025-03-02,Paid
INV06339,S048043,C00918,2025-09-24,11920.03,2145.6054,2025-09-24,Disputed
INV06340,S031620,C00942,2025-03-18,44190.7,7954.325999999999,2025-03-18,Disputed
INV06341,S046307,C00008,2026-02-17,33392.94,6010.7292,2026-02-17,Overdue
INV06342,S053772,C00306,2024-10-27,31942.760000000002,5749.6968,2024-10-27,Overdue
INV06343,S097443,C00444,2025-11-22,17909.47,3223.7046,2025-11-22,Paid
INV06344,S085127,C00656,2026-01-20,27129.74,4883.3532000000005,2026-01-20,Overdue
INV06345,S097124,C00859,2024-10-01,44562.65,8021.277,2024-10-01,Pending
INV06346,S038219,C00819,2025-08-27,31787.260000000002,5721.7068,2025-08-27,Paid
INV06347,S059241,C00198,2026-03-07,36772.95,6619.130999999999,2026-03-07,Pending
INV06348,S009785,C00551,2024-09-19,48538.380000000005,8736.9084,2024-09-19,Disputed
INV06349,S042185,C00656,2025-06-20,48155.18,8667.9324,2025-06-20,Disputed
INV06350,S085055,C00823,2025-08-28,42806.05,7705.089,2025-08-28,Paid
INV06351,S038402,C00936,2025-02-18,14019.89,2523.5802,2025-02-18,Paid
INV06352,S021923,C00674,2024-07-17,17434.120000000003,3138.1416000000004,2024-07-17,Paid
INV06353,S023723,C00065,2024-11-20,45413.409999999996,8174.413799999999,2024-11-20,Overdue
INV06354,S029350,C00361,2026-02-05,50044.94,9008.0892,2026-02-05,Overdue
INV06355,S085283,C00690,2024-11-26,21189.02,3814.0236,2024-11-26,Overdue
INV06356,S092306,C00090,2025-03-06,35931.57,6467.6826,2025-03-06,Paid
INV06357,S092174,C00094,2026-02-13,41747.850000000006,7514.613000000001,2026-02-13,Overdue
INV06358,S035368,C00501,2025-11-15,39054.729999999996,7029.851399999999,2025-11-15,Disputed
INV06359,S083228,C00311,2025-10-25,30222.37,5440.026599999999,2025-10-25,Paid
INV06360,S063302,C00390,2025-07-11,30468.649999999998,5484.356999999999,2025-07-11,Paid
INV06361,S050241,C00125,2026-06-01,42251.12,7605.2016,2026-06-01,Paid
INV06362,S028766,C00234,2025-07-24,16153.689999999999,2907.6641999999997,2025-07-24,Pending
INV06363,S031157,C00014,2025-06-01,36095.34,6497.1612,2025-06-01,Pending
INV06364,S022083,C00717,2026-02-04,9822.05,1767.9689999999998,2026-02-04,Disputed
INV06365,S098926,C00637,2025-01-01,14309.900000000001,2575.782,2025-01-01,Disputed
INV06366,S028722,C00721,2026-03-10,46938.06,8448.8508,2026-03-10,Paid
INV06367,S034230,C00885,2024-09-23,6747.799999999999,1214.6039999999998,2024-09-23,Paid
INV06368,S042052,C00523,2025-03-29,45942.0,8269.56,2025-03-29,Disputed
INV06369,S092493,C00615,2026-03-23,10549.21,1898.8577999999998,2026-03-23,Pending
INV06370,S048586,C00432,2024-08-12,28571.88,5142.9384,2024-08-12,Paid
INV06371,S007298,C00811,2025-06-21,55577.29,10003.9122,2025-06-21,Disputed
INV06372,S083983,C00729,2025-02-06,28087.870000000003,5055.8166,2025-02-06,Paid
INV06373,S058315,C00971,2025-09-25,33400.03,6012.0054,2025-09-25,Paid
INV06374,S060572,C00081,2026-03-16,10412.71,1874.2877999999998,2026-03-16,Paid
INV06375,S037029,C00458,2025-06-11,38150.27,6867.048599999999,2025-06-11,Disputed
INV06376,S005625,C00466,2024-06-22,59022.09,10623.9762,2024-06-22,Overdue
INV06377,S036251,C00788,2025-10-27,51956.549999999996,9352.178999999998,2025-10-27,Pending
INV06378,S028187,C00507,2025-09-03,45565.04,8201.7072,2025-09-03,Overdue
INV06379,S084360,C00333,2025-07-30,25607.98,4609.4364,2025-07-30,Pending
INV06380,S092922,C00834,2024-07-07,19739.600000000002,3553.128,2024-07-07,Overdue
INV06381,S035640,C00292,2025-12-19,28956.010000000002,5212.0818,2025-12-19,Pending
INV06382,S084596,C00458,2025-03-25,17708.53,3187.5353999999998,2025-03-25,Pending
INV06383,S050726,C00698,2024-06-27,32967.72,5934.1896,2024-06-27,Paid
INV06384,S092096,C00334,2025-05-26,14544.330000000002,2617.9794,2025-05-26,Overdue
INV06385,S065212,C00530,2025-03-11,48357.380000000005,8704.3284,2025-03-11,Paid
INV06386,S028963,C00320,2024-09-26,30239.12,5443.0416,2024-09-26,Overdue
INV06387,S085658,C00728,2024-08-15,20085.25,3615.345,2024-08-15,Paid
INV06388,S018601,C00251,2024-06-30,34389.94,6190.1892,2024-06-30,Overdue
INV06389,S057077,C00533,2024-08-25,24645.75,4436.235,2024-08-25,Disputed
INV06390,S070924,C00737,2026-05-21,51979.310000000005,9356.275800000001,2026-05-21,Overdue
INV06391,S025437,C00106,2025-10-17,40649.4,7316.892,2025-10-17,Overdue
INV06392,S006245,C00937,2025-12-10,21645.7,3896.226,2025-12-10,Overdue
INV06393,S035945,C00808,2025-01-15,48620.149999999994,8751.626999999999,2025-01-15,Disputed
INV06394,S009026,C00736,2026-05-22,45721.23,8229.8214,2026-05-22,Paid
INV06395,S037655,C00572,2024-07-29,32244.0,5803.92,2024-07-29,Overdue
INV06396,S047338,C00933,2025-02-17,39474.87,7105.4766,2025-02-17,Paid
INV06397,S093657,C00255,2026-01-31,20593.45,3706.821,2026-01-31,Paid
INV06398,S054582,C00389,2025-01-31,22812.03,4106.1654,2025-01-31,Disputed
INV06399,S074332,C00803,2025-01-29,26991.41,4858.4538,2025-01-29,Paid
INV06400,S036241,C00198,2024-11-02,36634.6,6594.227999999999,2024-11-02,Disputed
INV06401,S086117,C00246,2025-04-27,50825.68,9148.6224,2025-04-27,Disputed
INV06402,S027575,C00878,2026-03-08,44335.22,7980.3396,2026-03-08,Disputed
INV06403,S029203,C00053,2024-06-03,32011.28,5762.0304,2024-06-03,Overdue
INV06404,S025822,C00831,2024-10-27,16066.89,2892.0402,2024-10-27,Paid
INV06405,S027806,C00877,2025-02-17,25349.52,4562.9136,2025-02-17,Paid
INV06406,S064005,C00382,2025-03-21,54539.64,9817.135199999999,2025-03-21,Paid
INV06407,S074348,C00536,2025-03-27,48150.829999999994,8667.149399999998,2025-03-27,Overdue
INV06408,S093036,C00394,2026-02-17,45844.51,8252.0118,2026-02-17,Pending
INV06409,S091893,C00266,2025-04-16,25235.260000000002,4542.3468,2025-04-16,Disputed
INV06410,S050580,C00788,2025-12-15,39293.97,7072.9146,2025-12-15,Disputed
INV06411,S067614,C00419,2025-07-10,43527.14,7834.8852,2025-07-10,Pending
INV06412,S091734,C00855,2025-02-19,40796.29,7343.3322,2025-02-19,Paid
INV06413,S062058,C00447,2025-03-25,55406.08,9973.0944,2025-03-25,Disputed
INV06414,S039230,C00995,2025-04-17,22015.6,3962.8079999999995,2025-04-17,Disputed
INV06415,S041574,C00995,2026-05-09,38615.549999999996,6950.798999999999,2026-05-09,Overdue
INV06416,S086583,C00465,2024-09-30,23103.21,4158.5778,2024-09-30,Overdue
INV06417,S083476,C00031,2026-01-30,25397.519999999997,4571.553599999999,2026-01-30,Paid
INV06418,S085669,C00293,2025-11-27,25088.39,4515.910199999999,2025-11-27,Disputed
INV06419,S097805,C00849,2024-12-12,37744.68,6794.042399999999,2024-12-12,Paid
INV06420,S017523,C00234,2025-03-11,35997.93,6479.627399999999,2025-03-11,Overdue
INV06421,S053145,C00943,2024-11-03,46348.26,8342.6868,2024-11-03,Pending
INV06422,S043080,C00132,2025-10-14,13396.130000000001,2411.3034000000002,2025-10-14,Overdue
INV06423,S025427,C00869,2024-09-09,43188.39,7773.910199999999,2024-09-09,Pending
INV06424,S096485,C00024,2025-01-14,29990.03,5398.2054,2025-01-14,Disputed
INV06425,S031008,C00678,2024-09-16,19541.760000000002,3517.5168000000003,2024-09-16,Pending
INV06426,S013083,C00493,2024-08-23,33464.34,6023.581199999999,2024-08-23,Paid
INV06427,S030771,C00801,2024-06-28,16863.129999999997,3035.3633999999993,2024-06-28,Paid
INV06428,S079108,C00999,2025-07-06,7472.610000000001,1345.0698,2025-07-06,Overdue
INV06429,S033112,C00331,2024-09-20,42729.869999999995,7691.376599999999,2024-09-20,Overdue
INV06430,S088937,C00774,2024-12-25,41461.979999999996,7463.156399999999,2024-12-25,Paid
INV06431,S068513,C00483,2026-05-27,23606.199999999997,4249.115999999999,2026-05-27,Disputed
INV06432,S085637,C00050,2025-06-05,27773.239999999998,4999.1831999999995,2025-06-05,Disputed
INV06433,S008819,C00782,2026-02-22,17288.21,3111.8777999999998,2026-02-22,Paid
INV06434,S042430,C00555,2025-08-24,16042.429999999998,2887.6373999999996,2025-08-24,Disputed
INV06435,S094675,C00612,2025-06-19,35749.1,6434.838,2025-06-19,Paid
INV06436,S021694,C00418,2025-07-17,24518.28,4413.2904,2025-07-17,Paid
INV06437,S022098,C00550,2024-11-27,23789.489999999998,4282.1082,2024-11-27,Pending
INV06438,S060128,C00379,2025-05-12,18615.870000000003,3350.8566000000005,2025-05-12,Overdue
INV06439,S011271,C00197,2025-08-18,36597.479999999996,6587.546399999999,2025-08-18,Overdue
INV06440,S079142,C00318,2024-06-14,17708.04,3187.4472,2024-06-14,Overdue
INV06441,S042829,C00220,2024-10-15,41559.82,7480.767599999999,2024-10-15,Paid
INV06442,S030081,C00445,2025-01-07,46537.280000000006,8376.7104,2025-01-07,Pending
INV06443,S073387,C00688,2026-05-17,55792.399999999994,10042.631999999998,2026-05-17,Paid
INV06444,S026198,C00214,2025-04-30,39830.17,7169.4306,2025-04-30,Overdue
INV06445,S081780,C00815,2024-08-03,43452.590000000004,7821.466200000001,2024-08-03,Disputed
INV06446,S029288,C00395,2024-08-29,36144.68,6506.042399999999,2024-08-29,Paid
INV06447,S089149,C00048,2025-01-19,10024.89,1804.4801999999997,2025-01-19,Overdue
INV06448,S090035,C00334,2024-10-08,30597.39,5507.530199999999,2024-10-08,Pending
INV06449,S033384,C00172,2025-03-25,45308.619999999995,8155.551599999999,2025-03-25,Paid
INV06450,S075570,C00109,2026-05-14,31247.800000000003,5624.604,2026-05-14,Disputed
INV06451,S034240,C00087,2025-07-17,49287.79,8871.8022,2025-07-17,Paid
INV06452,S017958,C00718,2024-08-08,9852.47,1773.4445999999998,2024-08-08,Disputed
INV06453,S092226,C00549,2026-05-13,52969.39,9534.4902,2026-05-13,Pending
INV06454,S077881,C00230,2025-04-18,25559.31,4600.6758,2025-04-18,Overdue
INV06455,S097042,C00838,2025-12-28,17724.559999999998,3190.4207999999994,2025-12-28,Disputed
INV06456,S061828,C00140,2024-12-06,18260.3,3286.854,2024-12-06,Pending
INV06457,S072990,C00515,2025-12-24,22876.92,4117.8456,2025-12-24,Disputed
INV06458,S012479,C00466,2025-01-20,50756.5,9136.17,2025-01-20,Disputed
INV06459,S007012,C00833,2026-03-12,16947.25,3050.505,2026-03-12,Paid
INV06460,S011192,C00819,2025-01-17,43315.23,7796.7414,2025-01-17,Paid
INV06461,S056916,C00277,2026-01-11,47197.33,8495.5194,2026-01-11,Paid
INV06462,S093932,C00736,2026-05-25,32496.25,5849.325,2026-05-25,Pending
INV06463,S000479,C00155,2025-03-19,19437.16,3498.6888,2025-03-19,Disputed
INV06464,S065914,C00926,2025-10-19,10858.92,1954.6055999999999,2025-10-19,Paid
INV06465,S089768,C00716,2024-12-22,25753.54,4635.6372,2024-12-22,Pending
INV06466,S072972,C00585,2025-11-18,37169.9,6690.582,2025-11-18,Overdue
INV06467,S066291,C00470,2024-06-07,52137.92,9384.8256,2024-06-07,Disputed
INV06468,S052111,C00343,2025-12-28,49607.590000000004,8929.3662,2025-12-28,Paid
INV06469,S023228,C00779,2025-11-17,19006.690000000002,3421.2042,2025-11-17,Pending
INV06470,S022794,C00156,2024-11-15,21854.170000000002,3933.7506000000003,2024-11-15,Pending
INV06471,S098961,C00174,2025-09-17,8774.67,1579.4406,2025-09-17,Pending
INV06472,S049806,C00173,2025-09-27,43156.75,7768.215,2025-09-27,Pending
INV06473,S082156,C00776,2025-06-09,29608.73,5329.5714,2025-06-09,Pending
INV06474,S017281,C00125,2024-06-15,39035.56,7026.400799999999,2024-06-15,Overdue
INV06475,S016169,C00034,2024-10-21,19583.370000000003,3525.0066,2024-10-21,Pending
INV06476,S052272,C00139,2026-03-07,22810.88,4105.9584,2026-03-07,Disputed
INV06477,S073432,C00777,2026-02-04,39653.36,7137.6048,2026-02-04,Pending
INV06478,S038170,C00900,2025-10-18,59019.23,10623.4614,2025-10-18,Overdue
INV06479,S031391,C00728,2025-11-11,32125.78,5782.640399999999,2025-11-11,Pending
INV06480,S042172,C00387,2025-08-21,32799.06,5903.8308,2025-08-21,Pending
INV06481,S048602,C00641,2025-12-15,35295.06,6353.1107999999995,2025-12-15,Overdue
INV06482,S050744,C00439,2025-10-10,11855.380000000001,2133.9684,2025-10-10,Pending
INV06483,S056336,C00948,2025-05-14,38927.89,7007.0202,2025-05-14,Disputed
INV06484,S099156,C00115,2025-04-07,43475.3,7825.554,2025-04-07,Overdue
INV06485,S098092,C00163,2026-03-12,50949.549999999996,9170.918999999998,2026-03-12,Overdue
INV06486,S035023,C00463,2025-03-04,57493.6,10348.848,2025-03-04,Overdue
INV06487,S021905,C00001,2026-04-27,46403.35,8352.603,2026-04-27,Paid
INV06488,S031353,C00823,2026-02-12,17118.7,3081.366,2026-02-12,Pending
INV06489,S040766,C00423,2025-12-04,19865.23,3575.7414,2025-12-04,Disputed
INV06490,S074704,C00908,2026-03-09,47345.48,8522.1864,2026-03-09,Disputed
INV06491,S079128,C00800,2024-08-26,37360.6,6724.907999999999,2024-08-26,Paid
INV06492,S052353,C00112,2025-06-05,35972.03,6474.965399999999,2025-06-05,Paid
INV06493,S021138,C00378,2024-11-01,15958.439999999999,2872.5191999999997,2024-11-01,Pending
INV06494,S030889,C00986,2025-11-24,46796.67,8423.400599999999,2025-11-24,Overdue
INV06495,S068589,C00666,2024-10-10,13986.259999999998,2517.5267999999996,2024-10-10,Paid
INV06496,S068662,C00212,2025-09-23,16191.419999999998,2914.4556,2025-09-23,Disputed
INV06497,S023223,C00428,2025-04-15,47236.41,8502.5538,2025-04-15,Disputed
INV06498,S047158,C00258,2026-04-02,10897.48,1961.5464,2026-04-02,Overdue
INV06499,S094593,C00209,2025-09-28,24115.99,4340.8782,2025-09-28,Disputed
INV06500,S075163,C00050,2025-07-21,52685.119999999995,9483.3216,2025-07-21,Disputed
INV06501,S025655,C00543,2025-06-16,21131.260000000002,3803.6268,2025-06-16,Paid
INV06502,S096855,C00649,2026-03-11,48800.93,8784.1674,2026-03-11,Pending
INV06503,S038206,C00727,2025-05-01,37087.89,6675.820199999999,2025-05-01,Disputed
INV06504,S022185,C00156,2024-09-09,46387.18,8349.6924,2024-09-09,Pending
INV06505,S074116,C00265,2026-04-25,43591.55,7846.479,2026-04-25,Pending
INV06506,S047976,C00573,2026-01-22,28754.850000000002,5175.8730000000005,2026-01-22,Disputed
INV06507,S010520,C00431,2024-09-17,2715.64,488.81519999999995,2024-09-17,Overdue
INV06508,S029036,C00469,2025-07-23,54978.82000000001,9896.187600000001,2025-07-23,Overdue
INV06509,S062392,C00941,2026-01-12,55354.38,9963.7884,2026-01-12,Paid
INV06510,S081137,C00924,2024-11-06,36709.96,6607.792799999999,2024-11-06,Paid
INV06511,S099696,C00173,2025-05-11,28965.0,5213.7,2025-05-11,Overdue
INV06512,S075704,C00263,2025-06-02,29747.840000000004,5354.6112,2025-06-02,Paid
INV06513,S001396,C00363,2026-02-08,13402.14,2412.3851999999997,2026-02-08,Disputed
INV06514,S041033,C00686,2025-07-31,51999.990000000005,9359.9982,2025-07-31,Paid
INV06515,S003952,C00645,2024-07-16,10794.72,1943.0495999999998,2024-07-16,Pending
INV06516,S087464,C00131,2026-03-09,38682.74,6962.8931999999995,2026-03-09,Overdue
INV06517,S081804,C00367,2024-09-06,36039.13,6487.0434,2024-09-06,Paid
INV06518,S050754,C00135,2024-08-18,26769.620000000003,4818.5316,2024-08-18,Pending
INV06519,S027188,C00147,2025-10-19,12940.71,2329.3277999999996,2025-10-19,Disputed
INV06520,S035374,C00834,2026-03-13,16196.28,2915.3304,2026-03-13,Paid
INV06521,S075432,C00084,2024-07-26,40358.21000000001,7264.477800000001,2024-07-26,Paid
INV06522,S013586,C00976,2024-09-06,40561.27,7301.028599999999,2024-09-06,Paid
INV06523,S094638,C00544,2026-01-26,3984.8199999999997,717.2675999999999,2026-01-26,Paid
INV06524,S078048,C00666,2025-07-03,19247.690000000002,3464.5842000000002,2025-07-03,Paid
INV06525,S022364,C00405,2026-05-22,34691.85,6244.532999999999,2026-05-22,Paid
INV06526,S049122,C00606,2024-09-10,29041.280000000002,5227.4304,2024-09-10,Paid
INV06527,S059094,C00684,2024-11-02,34527.01,6214.861800000001,2024-11-02,Paid
INV06528,S078551,C00896,2025-11-25,39248.26,7064.6868,2025-11-25,Disputed
INV06529,S097503,C00817,2025-12-27,24373.08,4387.1544,2025-12-27,Disputed
INV06530,S038622,C00300,2025-07-12,51842.100000000006,9331.578000000001,2025-07-12,Overdue
INV06531,S099129,C00049,2025-05-19,12356.47,2224.1645999999996,2025-05-19,Paid
INV06532,S034054,C00154,2024-11-30,53215.09,9578.716199999999,2024-11-30,Pending
INV06533,S056794,C00663,2025-11-27,24660.68,4438.9223999999995,2025-11-27,Overdue
INV06534,S086182,C00356,2025-04-09,23055.31,4149.9558,2025-04-09,Disputed
INV06535,S098813,C00823,2025-03-16,15404.42,2772.7956,2025-03-16,Disputed
INV06536,S064995,C00316,2025-08-03,21112.38,3800.2284,2025-08-03,Pending
INV06537,S028188,C00033,2025-05-25,37692.64,6784.6752,2025-05-25,Disputed
INV06538,S087493,C00384,2026-01-02,40604.72,7308.8496,2026-01-02,Paid
INV06539,S057922,C00841,2025-08-01,24230.539999999997,4361.4972,2025-08-01,Pending
INV06540,S014136,C00800,2025-10-22,25067.4,4512.1320000000005,2025-10-22,Overdue
INV06541,S061630,C00834,2025-03-24,42755.01,7695.9018,2025-03-24,Pending
INV06542,S016886,C00909,2026-03-14,53781.64,9680.6952,2026-03-14,Pending
INV06543,S062109,C00420,2025-06-25,22031.26,3965.6267999999995,2025-06-25,Disputed
INV06544,S063794,C00402,2025-07-31,26113.11,4700.3598,2025-07-31,Disputed
INV06545,S080851,C00850,2025-01-23,32897.7,5921.585999999999,2025-01-23,Disputed
INV06546,S001920,C00299,2025-07-05,44906.79,8083.2222,2025-07-05,Pending
INV06547,S099545,C00061,2025-02-13,26322.25,4738.005,2025-02-13,Overdue
INV06548,S077495,C00862,2025-10-27,27301.85,4914.333,2025-10-27,Paid
INV06549,S069558,C00445,2025-04-01,24598.24,4427.6832,2025-04-01,Pending
INV06550,S057440,C00829,2025-01-18,49171.62,8850.8916,2025-01-18,Paid
INV06551,S016931,C00532,2024-09-06,11939.72,2149.1495999999997,2024-09-06,Disputed
INV06552,S001892,C00228,2024-09-18,12063.36,2171.4048000000003,2024-09-18,Pending
INV06553,S016453,C00290,2025-04-06,26132.449999999997,4703.840999999999,2025-04-06,Overdue
INV06554,S032735,C00495,2025-07-22,37048.36,6668.7047999999995,2025-07-22,Paid
INV06555,S036114,C00730,2025-11-23,48188.94,8674.0092,2025-11-23,Paid
INV06556,S018371,C00496,2025-12-30,43916.29,7904.9322,2025-12-30,Paid
INV06557,S088304,C00631,2025-12-29,42105.740000000005,7579.033200000001,2025-12-29,Pending
INV06558,S062341,C00612,2024-07-06,57675.15,10381.527,2024-07-06,Pending
INV06559,S051372,C00247,2024-06-09,37931.81,6827.725799999999,2024-06-09,Paid
INV06560,S035289,C00075,2026-02-12,56635.25,10194.345,2026-02-12,Paid
INV06561,S022872,C00441,2024-06-20,46255.79,8326.0422,2024-06-20,Pending
INV06562,S066136,C00741,2024-10-03,44006.130000000005,7921.103400000001,2024-10-03,Pending
INV06563,S018845,C00611,2024-11-14,59738.06,10752.850799999998,2024-11-14,Overdue
INV06564,S082830,C00907,2025-02-23,51886.53,9339.5754,2025-02-23,Paid
INV06565,S077269,C00430,2025-05-13,18230.03,3281.4053999999996,2025-05-13,Paid
INV06566,S093856,C00346,2025-03-29,43340.24,7801.243199999999,2025-03-29,Pending
INV06567,S081899,C00744,2026-04-23,15421.36,2775.8448,2026-04-23,Pending
INV06568,S047145,C00845,2024-10-21,43208.62,7777.5516,2024-10-21,Disputed
INV06569,S000297,C00123,2025-09-27,52656.71,9478.2078,2025-09-27,Pending
INV06570,S066651,C00262,2026-05-15,40544.75,7298.054999999999,2026-05-15,Overdue
INV06571,S078273,C00734,2024-07-17,41190.979999999996,7414.376399999999,2024-07-17,Overdue
INV06572,S012537,C00245,2025-09-02,43198.11,7775.659799999999,2025-09-02,Paid
INV06573,S079429,C00632,2025-06-13,41773.5,7519.23,2025-06-13,Disputed
INV06574,S000919,C00983,2025-01-06,12690.17,2284.2306,2025-01-06,Disputed
INV06575,S010034,C00332,2024-10-15,36498.8,6569.784000000001,2024-10-15,Disputed
INV06576,S038728,C00562,2025-12-11,47851.75,8613.315,2025-12-11,Overdue
INV06577,S088452,C00766,2025-11-08,30052.54,5409.4572,2025-11-08,Overdue
INV06578,S086010,C00161,2026-01-24,36812.32,6626.2176,2026-01-24,Pending
INV06579,S067766,C00625,2025-08-06,19193.57,3454.8426,2025-08-06,Disputed
INV06580,S074441,C00231,2024-10-17,43723.71,7870.2678,2024-10-17,Disputed
INV06581,S090354,C00392,2026-04-27,58255.590000000004,10486.0062,2026-04-27,Overdue
INV06582,S037330,C00522,2026-04-24,55889.950000000004,10060.191,2026-04-24,Pending
INV06583,S090161,C00341,2026-04-07,55123.06,9922.1508,2026-04-07,Paid
INV06584,S006916,C00004,2024-10-19,25754.870000000003,4635.8766000000005,2024-10-19,Disputed
INV06585,S089956,C00332,2024-12-16,17335.32,3120.3576,2024-12-16,Disputed
INV06586,S073431,C00345,2024-06-25,59009.06,10621.630799999999,2024-06-25,Paid
INV06587,S059504,C00850,2025-11-17,51134.67999999999,9204.2424,2025-11-17,Paid
INV06588,S080579,C00492,2024-12-19,58164.89,10469.680199999999,2024-12-19,Disputed
INV06589,S061482,C00285,2024-07-16,42652.3,7677.414000000001,2024-07-16,Disputed
INV06590,S018071,C00185,2025-11-03,13278.81,2390.1857999999997,2025-11-03,Overdue
INV06591,S047798,C00305,2026-05-27,20118.58,3621.3444000000004,2026-05-27,Pending
INV06592,S066749,C00379,2025-11-18,39550.33,7119.0594,2025-11-18,Paid
INV06593,S026509,C00907,2024-08-11,53281.590000000004,9590.6862,2024-08-11,Pending
INV06594,S025818,C00259,2024-09-27,35753.619999999995,6435.651599999999,2024-09-27,Overdue
INV06595,S067839,C00447,2025-10-11,37894.87,6821.0766,2025-10-11,Disputed
INV06596,S018716,C00705,2026-05-30,57398.259999999995,10331.6868,2026-05-30,Pending
INV06597,S070142,C00843,2025-10-23,22351.77,4023.3186,2025-10-23,Overdue
INV06598,S007046,C00425,2025-02-13,53993.479999999996,9718.826399999998,2025-02-13,Pending
INV06599,S091564,C00480,2025-02-09,47304.04,8514.7272,2025-02-09,Paid
INV06600,S045036,C00401,2025-07-30,37979.07,6836.232599999999,2025-07-30,Disputed
INV06601,S087778,C00659,2026-05-18,12720.43,2289.6774,2026-05-18,Paid
INV06602,S046981,C00728,2026-03-05,23074.11,4153.3398,2026-03-05,Pending
INV06603,S039196,C00487,2025-10-24,34133.770000000004,6144.078600000001,2025-10-24,Disputed
INV06604,S029579,C00885,2025-02-14,32167.11,5790.0797999999995,2025-02-14,Paid
INV06605,S098889,C00784,2024-07-05,47112.46,8480.2428,2024-07-05,Paid
INV06606,S025481,C00925,2025-09-06,15098.08,2717.6544,2025-09-06,Pending
INV06607,S022000,C00732,2026-03-31,18266.14,3287.9051999999997,2026-03-31,Overdue
INV06608,S084604,C00250,2026-06-03,41655.14,7497.9252,2026-06-03,Overdue
INV06609,S075716,C00159,2025-12-24,32247.370000000003,5804.5266,2025-12-24,Pending
INV06610,S036120,C00320,2026-03-26,44368.22,7986.2796,2026-03-26,Paid
INV06611,S081060,C00363,2025-09-25,48236.060000000005,8682.490800000001,2025-09-25,Overdue
INV06612,S062979,C00003,2025-04-24,47225.17,8500.5306,2025-04-24,Disputed
INV06613,S033522,C00032,2025-02-21,29283.54,5271.0372,2025-02-21,Pending
INV06614,S044122,C00734,2025-03-15,15120.61,2721.7098,2025-03-15,Pending
INV06615,S049440,C00373,2025-02-03,44759.670000000006,8056.740600000001,2025-02-03,Disputed
INV06616,S095907,C00158,2024-06-30,10495.3,1889.1539999999998,2024-06-30,Disputed
INV06617,S022180,C00485,2025-06-18,15282.349999999999,2750.8229999999994,2025-06-18,Pending
INV06618,S094233,C00303,2024-09-21,22180.66,3992.5188,2024-09-21,Pending
INV06619,S098879,C00691,2024-11-09,12558.42,2260.5155999999997,2024-11-09,Pending
INV06620,S051146,C00466,2025-04-23,52939.619999999995,9529.131599999999,2025-04-23,Overdue
INV06621,S028574,C00524,2024-12-03,46848.61,8432.7498,2024-12-03,Paid
INV06622,S098680,C00882,2025-11-12,24703.510000000002,4446.6318,2025-11-12,Paid
INV06623,S031227,C00906,2025-12-25,38573.57,6943.2426,2025-12-25,Paid
INV06624,S073911,C00652,2025-11-17,31586.35,5685.543,2025-11-17,Overdue
INV06625,S023167,C00757,2024-06-28,34188.64,6153.955199999999,2024-06-28,Disputed
INV06626,S033898,C00075,2025-11-21,17884.9,3219.282,2025-11-21,Overdue
INV06627,S012768,C00780,2024-09-18,32573.36,5863.2047999999995,2024-09-18,Disputed
INV06628,S013474,C00738,2026-04-24,12071.99,2172.9582,2026-04-24,Overdue
INV06629,S009590,C00595,2025-08-14,21661.920000000002,3899.1456000000003,2025-08-14,Overdue
INV06630,S076326,C00975,2025-04-30,30032.8,5405.9039999999995,2025-04-30,Paid
INV06631,S067410,C00063,2025-02-04,15644.71,2816.0478,2025-02-04,Overdue
INV06632,S078194,C00517,2025-10-07,37961.64,6833.0952,2025-10-07,Disputed
INV06633,S024506,C00030,2024-12-03,29752.14,5355.3852,2024-12-03,Pending
INV06634,S034102,C00109,2024-08-29,20696.83,3725.4294,2024-08-29,Overdue
INV06635,S021604,C00438,2024-10-08,29552.4,5319.432,2024-10-08,Disputed
INV06636,S024186,C00776,2025-03-25,58219.36,10479.4848,2025-03-25,Pending
INV06637,S076096,C00162,2025-06-09,36902.92,6642.525599999999,2025-06-09,Paid
INV06638,S094047,C00549,2026-05-31,13074.79,2353.4622,2026-05-31,Overdue
INV06639,S075728,C00206,2025-07-01,9910.210000000001,1783.8378,2025-07-01,Overdue
INV06640,S054730,C00004,2024-11-17,14172.5,2551.0499999999997,2024-11-17,Paid
INV06641,S071203,C00481,2025-04-29,18760.12,3376.8215999999998,2025-04-29,Paid
INV06642,S007252,C00708,2025-07-05,43745.5,7874.19,2025-07-05,Paid
INV06643,S074701,C00189,2024-11-17,11404.71,2052.8477999999996,2024-11-17,Overdue
INV06644,S063118,C00254,2026-02-16,38124.659999999996,6862.438799999999,2026-02-16,Overdue
INV06645,S012222,C00420,2025-12-29,38522.11,6933.9798,2025-12-29,Paid
INV06646,S071921,C00898,2025-03-15,32526.73,5854.8114,2025-03-15,Paid
INV06647,S051052,C00234,2025-10-29,31071.03,5592.7854,2025-10-29,Disputed
INV06648,S005583,C00255,2024-11-04,23999.73,4319.9514,2024-11-04,Pending
INV06649,S005640,C00417,2025-10-23,56966.72,10254.0096,2025-10-23,Pending
INV06650,S054957,C00867,2025-11-05,50374.22,9067.3596,2025-11-05,Paid
INV06651,S091809,C00821,2026-02-10,18992.26,3418.6067999999996,2026-02-10,Paid
INV06652,S028858,C00261,2025-11-20,16927.8,3047.004,2025-11-20,Overdue
INV06653,S076549,C00467,2024-10-31,43561.32,7841.0376,2024-10-31,Overdue
INV06654,S075283,C00193,2024-12-10,18661.45,3359.061,2024-12-10,Disputed
INV06655,S023410,C00168,2025-03-26,11935.51,2148.3918,2025-03-26,Paid
INV06656,S079602,C00315,2026-03-21,48324.42,8698.3956,2026-03-21,Pending
INV06657,S074229,C00067,2025-08-09,55487.28,9987.7104,2025-08-09,Pending
INV06658,S041979,C00791,2024-08-07,23522.699999999997,4234.085999999999,2024-08-07,Disputed
INV06659,S057792,C00106,2025-12-12,36542.770000000004,6577.698600000001,2025-12-12,Overdue
INV06660,S056137,C00198,2024-12-08,33843.24,6091.7832,2024-12-08,Disputed
INV06661,S070677,C00507,2025-03-15,59362.68,10685.2824,2025-03-15,Disputed
INV06662,S014521,C00680,2024-09-01,12378.59,2228.1462,2024-09-01,Paid
INV06663,S034823,C00865,2025-02-20,37951.92,6831.3456,2025-02-20,Paid
INV06664,S004126,C00843,2025-06-22,43368.5,7806.33,2025-06-22,Paid
INV06665,S089754,C00523,2025-07-16,45672.4,8221.032,2025-07-16,Paid
INV06666,S090719,C00496,2024-07-16,34035.65,6126.417,2024-07-16,Overdue
INV06667,S065074,C00948,2025-12-18,54679.590000000004,9842.3262,2025-12-18,Disputed
INV06668,S082290,C00241,2025-12-28,13393.2,2410.776,2025-12-28,Pending
INV06669,S011873,C00736,2025-02-08,16472.73,2965.0914,2025-02-08,Overdue
INV06670,S035547,C00071,2026-05-26,16252.970000000001,2925.5346,2026-05-26,Overdue
INV06671,S099964,C00720,2026-03-30,30567.079999999998,5502.0743999999995,2026-03-30,Paid
INV06672,S003576,C00569,2025-10-30,42968.34,7734.301199999999,2025-10-30,Disputed
INV06673,S021036,C00596,2025-11-25,52514.91,9452.6838,2025-11-25,Pending
INV06674,S044085,C00003,2025-10-15,22781.96,4100.752799999999,2025-10-15,Disputed
INV06675,S030698,C00724,2024-06-17,25999.85,4679.973,2024-06-17,Disputed
INV06676,S017834,C00435,2026-05-22,38941.97,7009.5546,2026-05-22,Overdue
INV06677,S073016,C00324,2025-02-09,26902.48,4842.4464,2025-02-09,Paid
INV06678,S046932,C00000,2024-06-07,44265.090000000004,7967.716200000001,2024-06-07,Disputed
INV06679,S010481,C00378,2025-07-16,20603.07,3708.5526,2025-07-16,Pending
INV06680,S002918,C00013,2025-12-20,34236.35,6162.543,2025-12-20,Disputed
INV06681,S080005,C00025,2024-07-01,27530.92,4955.5656,2024-07-01,Pending
INV06682,S003662,C00349,2026-03-21,27559.14,4960.6452,2026-03-21,Overdue
INV06683,S031482,C00670,2026-01-09,36920.26,6645.6468,2026-01-09,Pending
INV06684,S098828,C00534,2024-08-29,16568.47,2982.3246,2024-08-29,Pending
INV06685,S026478,C00789,2024-08-04,30132.56,5423.8608,2024-08-04,Overdue
INV06686,S093060,C00566,2026-01-17,19284.16,3471.1488,2026-01-17,Paid
INV06687,S014014,C00128,2025-11-12,44226.43,7960.7573999999995,2025-11-12,Paid
INV06688,S084126,C00030,2024-07-29,33175.729999999996,5971.631399999999,2024-07-29,Overdue
INV06689,S064651,C00660,2025-06-09,52028.76,9365.1768,2025-06-09,Pending
INV06690,S087898,C00144,2026-03-05,22079.949999999997,3974.390999999999,2026-03-05,Overdue
INV06691,S024854,C00889,2025-12-07,8861.84,1595.1312,2025-12-07,Disputed
INV06692,S018108,C00664,2024-06-30,12263.54,2207.4372000000003,2024-06-30,Pending
INV06693,S048200,C00512,2025-04-15,59399.21,10691.8578,2025-04-15,Disputed
INV06694,S004356,C00849,2024-11-10,55035.82,9906.4476,2024-11-10,Disputed
INV06695,S002337,C00510,2026-02-05,51545.52,9278.193599999999,2026-02-05,Overdue
INV06696,S021870,C00551,2026-04-06,28046.17,5048.3106,2026-04-06,Paid
INV06697,S014520,C00084,2025-06-17,36784.399999999994,6621.191999999999,2025-06-17,Paid
INV06698,S045175,C00402,2024-10-08,35234.1,6342.138,2024-10-08,Paid
INV06699,S039420,C00902,2025-02-11,49884.16,8979.1488,2025-02-11,Paid
INV06700,S092546,C00644,2025-03-13,46501.310000000005,8370.2358,2025-03-13,Disputed
INV06701,S048338,C00803,2025-08-06,4819.24,867.4631999999999,2025-08-06,Pending
INV06702,S011059,C00557,2025-05-31,40448.84,7280.791199999999,2025-05-31,Overdue
INV06703,S087237,C00841,2026-03-26,21125.4,3802.572,2026-03-26,Disputed
INV06704,S007333,C00330,2026-03-24,14226.82,2560.8276,2026-03-24,Disputed
INV06705,S098451,C00449,2024-08-29,35775.01,6439.5018,2024-08-29,Pending
INV06706,S027150,C00905,2024-10-28,38029.61,6845.3297999999995,2024-10-28,Paid
INV06707,S002069,C00247,2024-07-31,27732.72,4991.8896,2024-07-31,Pending
INV06708,S083572,C00892,2026-01-05,18609.52,3349.7136,2026-01-05,Pending
INV06709,S069985,C00528,2026-05-08,24899.39,4481.8902,2026-05-08,Pending
INV06710,S042767,C00968,2025-12-26,47287.98,8511.8364,2025-12-26,Disputed
INV06711,S025423,C00755,2025-11-30,38933.96,7008.1128,2025-11-30,Pending
INV06712,S088505,C00827,2025-02-14,52805.31,9504.9558,2025-02-14,Overdue
INV06713,S085217,C00743,2026-01-04,31808.670000000002,5725.5606,2026-01-04,Paid
INV06714,S040765,C00738,2024-11-13,47635.45,8574.381,2024-11-13,Disputed
INV06715,S078963,C00937,2026-05-04,9867.96,1776.2327999999998,2026-05-04,Disputed
INV06716,S047780,C00596,2025-04-02,37053.7,6669.665999999999,2025-04-02,Overdue
INV06717,S079813,C00685,2024-08-12,34604.93,6228.8874,2024-08-12,Overdue
INV06718,S092639,C00707,2024-12-20,16925.59,3046.6061999999997,2024-12-20,Paid
INV06719,S020902,C00086,2025-11-15,11062.62,1991.2716,2025-11-15,Overdue
INV06720,S008723,C00243,2024-06-18,38442.85,6919.713,2024-06-18,Disputed
INV06721,S024545,C00908,2024-08-19,18658.27,3358.4886,2024-08-19,Pending
INV06722,S009553,C00272,2025-01-22,15588.45,2805.921,2025-01-22,Disputed
INV06723,S067693,C00202,2026-02-24,23772.78,4279.100399999999,2026-02-24,Paid
INV06724,S037102,C00632,2025-03-19,20586.11,3705.4998,2025-03-19,Paid
INV06725,S015982,C00168,2026-03-25,40152.85,7227.513,2026-03-25,Paid
INV06726,S027384,C00872,2026-04-13,13946.25,2510.325,2026-04-13,Pending
INV06727,S080938,C00173,2024-08-27,18974.73,3415.4514,2024-08-27,Pending
INV06728,S023859,C00669,2025-04-27,27203.16,4896.5688,2025-04-27,Pending
INV06729,S009305,C00611,2024-06-13,49114.670000000006,8840.6406,2024-06-13,Pending
INV06730,S092148,C00880,2025-06-16,31582.98,5684.9364,2025-06-16,Paid
INV06731,S048189,C00649,2024-08-19,10792.76,1942.6968,2024-08-19,Overdue
INV06732,S042190,C00995,2026-05-01,50634.770000000004,9114.258600000001,2026-05-01,Overdue
INV06733,S084860,C00754,2025-08-19,34233.03,6161.9454,2025-08-19,Paid
INV06734,S034071,C00155,2024-12-27,54601.93,9828.3474,2024-12-27,Pending
INV06735,S031037,C00347,2024-08-23,16365.640000000001,2945.8152,2024-08-23,Paid
INV06736,S060882,C00767,2026-05-04,31788.21,5721.877799999999,2026-05-04,Pending
INV06737,S037236,C00909,2024-07-16,31883.13,5738.9634,2024-07-16,Disputed
INV06738,S092400,C00715,2025-10-21,41143.57,7405.8426,2025-10-21,Paid
INV06739,S005711,C00438,2024-12-16,17594.18,3166.9524,2024-12-16,Pending
INV06740,S094372,C00032,2025-09-12,16987.81,3057.8058,2025-09-12,Disputed
INV06741,S074815,C00389,2024-09-21,12990.0,2338.2,2024-09-21,Disputed
INV06742,S013485,C00775,2025-06-11,44927.130000000005,8086.883400000001,2025-06-11,Pending
INV06743,S013093,C00386,2024-10-24,41927.340000000004,7546.921200000001,2024-10-24,Disputed
INV06744,S038841,C00086,2026-05-03,52444.950000000004,9440.091,2026-05-03,Overdue
INV06745,S018967,C00123,2026-05-02,12279.189999999999,2210.2542,2026-05-02,Paid
INV06746,S013059,C00616,2025-01-19,48088.08,8655.8544,2025-01-19,Pending
INV06747,S088843,C00365,2024-10-07,24711.260000000002,4448.026800000001,2024-10-07,Paid
INV06748,S069592,C00974,2025-08-23,47429.76,8537.3568,2025-08-23,Overdue
INV06749,S005218,C00853,2025-11-21,5651.01,1017.1818,2025-11-21,Pending
INV06750,S063365,C00803,2025-08-23,51011.119999999995,9182.0016,2025-08-23,Paid
INV06751,S036228,C00821,2025-09-25,36587.22,6585.6996,2025-09-25,Paid
INV06752,S007802,C00387,2025-05-07,30695.89,5525.2602,2025-05-07,Overdue
INV06753,S062115,C00540,2024-08-04,7584.94,1365.2892,2024-08-04,Disputed
INV06754,S037184,C00062,2025-09-12,26953.399999999998,4851.611999999999,2025-09-12,Disputed
INV06755,S095769,C00930,2025-01-05,42297.55,7613.559,2025-01-05,Disputed
INV06756,S017729,C00419,2024-06-19,18690.15,3364.2270000000003,2024-06-19,Disputed
INV06757,S090863,C00575,2025-06-19,22120.54,3981.6972,2025-06-19,Overdue
INV06758,S012076,C00482,2025-07-23,52636.8,9474.624,2025-07-23,Pending
INV06759,S026444,C00754,2024-10-21,17235.56,3102.4008000000003,2024-10-21,Pending
INV06760,S004026,C00673,2024-11-02,37246.43,6704.3574,2024-11-02,Paid
INV06761,S085610,C00379,2025-01-24,43847.45,7892.540999999999,2025-01-24,Paid
INV06762,S052392,C00217,2024-06-07,37736.6,6792.588,2024-06-07,Overdue
INV06763,S067509,C00091,2025-08-07,42814.08,7706.5344000000005,2025-08-07,Overdue
INV06764,S029425,C00972,2024-06-10,40711.03,7327.9854,2024-06-10,Disputed
INV06765,S056489,C00759,2025-04-23,47555.37,8559.9666,2025-04-23,Disputed
INV06766,S098166,C00909,2026-02-18,33785.18,6081.3324,2026-02-18,Pending
INV06767,S072144,C00689,2025-09-16,53610.19,9649.8342,2025-09-16,Pending
INV06768,S038356,C00096,2024-07-02,25661.1,4618.998,2024-07-02,Pending
INV06769,S059876,C00790,2025-05-21,53751.6,9675.287999999999,2025-05-21,Overdue
INV06770,S083530,C00859,2024-12-19,38642.47,6955.6446,2024-12-19,Disputed
INV06771,S028906,C00371,2026-04-29,23942.86,4309.7148,2026-04-29,Disputed
INV06772,S026691,C00720,2025-12-07,39818.24,7167.283199999999,2025-12-07,Paid
INV06773,S016924,C00705,2025-11-26,23392.82,4210.7076,2025-11-26,Disputed
INV06774,S041425,C00386,2024-11-29,23276.359999999997,4189.7447999999995,2024-11-29,Pending
INV06775,S055273,C00267,2025-10-08,15380.349999999999,2768.4629999999997,2025-10-08,Disputed
INV06776,S026486,C00077,2025-12-16,38748.39,6974.7101999999995,2025-12-16,Overdue
INV06777,S036757,C00321,2025-06-21,50561.229999999996,9101.0214,2025-06-21,Pending
INV06778,S013575,C00312,2024-07-31,44826.23,8068.7214,2024-07-31,Overdue
INV06779,S061221,C00608,2025-01-09,20702.13,3726.3834,2025-01-09,Disputed
INV06780,S027234,C00674,2025-07-30,32510.52,5851.893599999999,2025-07-30,Disputed
INV06781,S028659,C00079,2024-06-03,40185.06,7233.310799999999,2024-06-03,Overdue
INV06782,S087891,C00971,2026-02-25,20672.53,3721.0553999999997,2026-02-25,Pending
INV06783,S041943,C00387,2025-03-07,23265.31,4187.7558,2025-03-07,Disputed
INV06784,S048749,C00224,2024-09-12,11347.43,2042.5374,2024-09-12,Overdue
INV06785,S001841,C00249,2025-08-01,49157.54,8848.3572,2025-08-01,Disputed
INV06786,S057960,C00989,2024-09-07,57146.2,10286.315999999999,2024-09-07,Disputed
INV06787,S093675,C00408,2025-08-28,19117.54,3441.1572,2025-08-28,Disputed
INV06788,S099130,C00046,2025-07-02,42488.22,7647.8796,2025-07-02,Paid
INV06789,S073331,C00361,2026-02-03,24227.37,4360.9266,2026-02-03,Pending
INV06790,S040745,C00996,2024-08-26,36319.86,6537.574799999999,2024-08-26,Pending
INV06791,S073925,C00857,2024-10-09,18353.27,3303.5886,2024-10-09,Disputed
INV06792,S001029,C00544,2025-02-11,19169.739999999998,3450.5531999999994,2025-02-11,Disputed
INV06793,S008403,C00696,2025-05-13,38172.91,6871.1238,2025-05-13,Overdue
INV06794,S017737,C00340,2024-07-05,38419.46,6915.502799999999,2024-07-05,Pending
INV06795,S002105,C00936,2025-04-20,47990.73,8638.331400000001,2025-04-20,Paid
INV06796,S038344,C00583,2024-06-12,17110.66,3079.9188,2024-06-12,Paid
INV06797,S074933,C00977,2024-12-01,29632.92,5333.9256,2024-12-01,Paid
INV06798,S096999,C00481,2024-06-29,23694.760000000002,4265.0568,2024-06-29,Paid
INV06799,S097121,C00206,2025-04-07,46695.39,8405.1702,2025-04-07,Paid
INV06800,S049853,C00086,2025-09-14,45276.31,8149.7357999999995,2025-09-14,Overdue
INV06801,S072595,C00121,2025-06-03,45763.83,8237.4894,2025-06-03,Pending
INV06802,S002518,C00126,2025-07-26,27816.16,5006.9088,2025-07-26,Overdue
INV06803,S068932,C00094,2025-05-11,7699.14,1385.8452,2025-05-11,Overdue
INV06804,S046291,C00186,2026-04-06,24157.81,4348.4058,2026-04-06,Overdue
INV06805,S056181,C00697,2026-05-09,31568.379999999997,5682.308399999999,2026-05-09,Pending
INV06806,S002631,C00346,2024-11-11,40867.15,7356.087,2024-11-11,Paid
INV06807,S089357,C00058,2024-08-16,24349.97,4382.9946,2024-08-16,Disputed
INV06808,S051385,C00562,2025-04-30,3986.13,717.5033999999999,2025-04-30,Pending
INV06809,S099413,C00977,2024-10-28,37753.56,6795.640799999999,2024-10-28,Disputed
INV06810,S039030,C00828,2025-09-23,54692.6,9844.668,2025-09-23,Paid
INV06811,S006592,C00689,2026-04-17,32951.21,5931.217799999999,2026-04-17,Overdue
INV06812,S075529,C00579,2025-03-04,30132.17,5423.790599999999,2025-03-04,Paid
INV06813,S035437,C00409,2025-05-04,7956.95,1432.251,2025-05-04,Pending
INV06814,S000288,C00342,2025-03-01,37110.399999999994,6679.8719999999985,2025-03-01,Overdue
INV06815,S043896,C00015,2024-07-24,46419.07,8355.4326,2024-07-24,Pending
INV06816,S027133,C00298,2026-05-26,35405.45,6372.980999999999,2026-05-26,Overdue
INV06817,S017096,C00697,2026-01-10,19955.14,3591.9251999999997,2026-01-10,Overdue
INV06818,S017529,C00885,2025-07-06,37278.49,6710.128199999999,2025-07-06,Paid
INV06819,S099184,C00809,2026-02-13,41372.66,7447.0788,2026-02-13,Paid
INV06820,S053223,C00603,2024-08-01,20605.69,3709.0242,2024-08-01,Overdue
INV06821,S078299,C00852,2025-10-13,11531.04,2075.5872,2025-10-13,Paid
INV06822,S013888,C00823,2025-09-30,8069.4400000000005,1452.4992,2025-09-30,Pending
INV06823,S071987,C00937,2024-12-11,49731.27,8951.628599999998,2024-12-11,Overdue
INV06824,S053775,C00694,2026-04-07,13235.97,2382.4746,2026-04-07,Disputed
INV06825,S048936,C00394,2025-10-15,17748.730000000003,3194.7714000000005,2025-10-15,Paid
INV06826,S001753,C00556,2024-06-15,26807.2,4825.296,2024-06-15,Pending
INV06827,S005439,C00530,2024-12-07,45996.4,8279.352,2024-12-07,Paid
INV06828,S021754,C00413,2025-11-05,14825.650000000001,2668.617,2025-11-05,Paid
INV06829,S082890,C00292,2025-06-14,14439.98,2599.1964,2025-06-14,Paid
INV06830,S042035,C00022,2024-10-21,57121.43,10281.857399999999,2024-10-21,Paid
INV06831,S036926,C00696,2024-11-11,54093.46000000001,9736.8228,2024-11-11,Overdue
INV06832,S009954,C00365,2025-01-24,49130.56,8843.5008,2025-01-24,Pending
INV06833,S043337,C00593,2024-06-04,29776.629999999997,5359.7934,2024-06-04,Paid
INV06834,S018735,C00266,2025-10-29,23653.19,4257.5742,2025-10-29,Pending
INV06835,S023994,C00511,2025-02-21,53297.57,9593.5626,2025-02-21,Disputed
INV06836,S092222,C00400,2025-09-15,25053.85,4509.692999999999,2025-09-15,Overdue
INV06837,S071816,C00788,2024-09-27,21058.730000000003,3790.5714000000003,2024-09-27,Disputed
INV06838,S066445,C00857,2024-10-02,9372.44,1687.0392,2024-10-02,Disputed
INV06839,S063578,C00152,2025-01-04,50533.92,9096.105599999999,2025-01-04,Paid
INV06840,S083603,C00742,2025-12-20,11509.43,2071.6974,2025-12-20,Pending
INV06841,S063471,C00112,2024-09-27,52119.78999999999,9381.562199999998,2024-09-27,Overdue
INV06842,S037809,C00084,2026-04-06,51326.23,9238.7214,2026-04-06,Pending
INV06843,S073803,C00697,2025-12-23,37376.19,6727.7142,2025-12-23,Pending
INV06844,S062774,C00868,2025-12-05,26285.15,4731.327,2025-12-05,Disputed
INV06845,S035116,C00390,2025-04-11,45248.74,8144.7732,2025-04-11,Overdue
INV06846,S013822,C00355,2024-07-30,16443.08,2959.7544000000003,2024-07-30,Disputed
INV06847,S059694,C00162,2025-06-01,17214.97,3098.6946000000003,2025-06-01,Overdue
INV06848,S041045,C00755,2025-09-28,24212.739999999998,4358.293199999999,2025-09-28,Paid
INV06849,S080810,C00292,2024-08-23,27691.55,4984.478999999999,2024-08-23,Overdue
INV06850,S029658,C00208,2024-11-13,17398.88,3131.7984,2024-11-13,Pending
INV06851,S049631,C00108,2025-08-04,30033.48,5406.0264,2025-08-04,Paid
INV06852,S048403,C00300,2026-05-31,18438.57,3318.9426,2026-05-31,Paid
INV06853,S026224,C00346,2025-05-08,36141.61,6505.4898,2025-05-08,Disputed
INV06854,S095753,C00585,2025-09-06,23841.91,4291.5437999999995,2025-09-06,Disputed
INV06855,S009395,C00667,2025-10-14,12088.82,2175.9876,2025-10-14,Pending
INV06856,S002453,C00600,2025-08-28,39985.54,7197.3972,2025-08-28,Disputed
INV06857,S012075,C00437,2025-04-26,26302.22,4734.3996,2025-04-26,Pending
INV06858,S068359,C00206,2024-12-27,27226.78,4900.8204,2024-12-27,Disputed
INV06859,S053867,C00779,2025-06-21,46268.19,8328.2742,2025-06-21,Paid
INV06860,S024564,C00410,2025-02-18,46358.91,8344.6038,2025-02-18,Overdue
INV06861,S051413,C00101,2025-04-02,50920.82,9165.747599999999,2025-04-02,Overdue
INV06862,S009083,C00823,2025-01-12,53799.619999999995,9683.931599999998,2025-01-12,Disputed
INV06863,S000673,C00479,2025-01-14,5787.39,1041.7302,2025-01-14,Pending
INV06864,S081694,C00498,2025-10-03,25332.09,4559.7762,2025-10-03,Disputed
INV06865,S017064,C00165,2025-02-22,14152.83,2547.5094,2025-02-22,Overdue
INV06866,S019633,C00283,2024-10-01,53979.15,9716.247,2024-10-01,Overdue
INV06867,S010665,C00040,2024-12-23,49515.42,8912.775599999999,2024-12-23,Disputed
INV06868,S040251,C00844,2026-05-15,45724.229999999996,8230.3614,2026-05-15,Pending
INV06869,S033824,C00412,2025-12-06,23227.65,4180.977,2025-12-06,Overdue
INV06870,S066376,C00087,2025-05-11,56829.73,10229.3514,2025-05-11,Pending
INV06871,S015882,C00946,2024-07-29,49667.72,8940.1896,2024-07-29,Disputed
INV06872,S053864,C00500,2025-06-25,8291.06,1492.3908,2025-06-25,Pending
INV06873,S094143,C00021,2026-01-22,20502.79,3690.5022,2026-01-22,Overdue
INV06874,S028220,C00518,2024-10-11,45825.8,8248.644,2024-10-11,Overdue
INV06875,S075695,C00710,2024-08-16,29392.25,5290.605,2024-08-16,Paid
INV06876,S090637,C00730,2025-07-28,52317.38,9417.1284,2025-07-28,Disputed
INV06877,S026432,C00330,2025-11-11,23539.899999999998,4237.182,2025-11-11,Pending
INV06878,S021806,C00601,2026-01-16,23564.440000000002,4241.599200000001,2026-01-16,Pending
INV06879,S089111,C00591,2026-04-04,28187.98,5073.8364,2026-04-04,Disputed
INV06880,S073497,C00729,2024-10-20,17004.32,3060.7776,2024-10-20,Pending
INV06881,S026090,C00360,2024-12-15,11039.15,1987.0469999999998,2024-12-15,Pending
INV06882,S088620,C00674,2025-10-11,24508.15,4411.467000000001,2025-10-11,Paid
INV06883,S057551,C00178,2024-06-26,61264.27,11027.568599999999,2024-06-26,Overdue
INV06884,S006486,C00419,2024-09-14,47434.71,8538.2478,2024-09-14,Pending
INV06885,S090854,C00872,2024-11-27,55359.39,9964.6902,2024-11-27,Paid
INV06886,S030344,C00637,2026-04-02,26314.06,4736.5308,2026-04-02,Paid
INV06887,S018247,C00786,2024-07-07,17719.54,3189.5172000000002,2024-07-07,Overdue
INV06888,S029156,C00077,2024-08-07,44767.86,8058.2148,2024-08-07,Paid
INV06889,S032910,C00155,2026-04-08,13695.7,2465.226,2026-04-08,Paid
INV06890,S069561,C00310,2026-05-01,53994.46,9719.0028,2026-05-01,Pending
INV06891,S015211,C00857,2025-11-08,48811.200000000004,8786.016,2025-11-08,Paid
INV06892,S043904,C00781,2025-07-06,25152.38,4527.4284,2025-07-06,Paid
INV06893,S010595,C00316,2025-08-21,16388.27,2949.8885999999998,2025-08-21,Paid
INV06894,S015059,C00152,2026-02-24,15881.5,2858.67,2026-02-24,Disputed
INV06895,S032044,C00008,2026-01-01,7937.48,1428.7463999999998,2026-01-01,Paid
INV06896,S026470,C00774,2025-12-04,58065.530000000006,10451.7954,2025-12-04,Pending
INV06897,S008008,C00628,2024-08-12,40610.35,7309.862999999999,2024-08-12,Pending
INV06898,S091797,C00174,2024-08-29,14844.829999999998,2672.0693999999994,2024-08-29,Paid
INV06899,S074023,C00116,2024-08-09,47269.520000000004,8508.5136,2024-08-09,Paid
INV06900,S017643,C00683,2024-12-12,50233.439999999995,9042.019199999999,2024-12-12,Overdue
INV06901,S082554,C00397,2024-11-21,12681.03,2282.5854,2024-11-21,Pending
INV06902,S039835,C00420,2026-05-10,51741.09,9313.3962,2026-05-10,Paid
INV06903,S017485,C00158,2025-01-17,5603.9400000000005,1008.7092,2025-01-17,Paid
INV06904,S057104,C00995,2025-05-15,28900.690000000002,5202.1242,2025-05-15,Overdue
INV06905,S066212,C00639,2026-02-27,11360.57,2044.9026,2026-02-27,Paid
INV06906,S014611,C00117,2024-12-24,40406.08,7273.0944,2024-12-24,Disputed
INV06907,S067435,C00501,2024-10-23,23570.54,4242.6972,2024-10-23,Overdue
INV06908,S052038,C00170,2024-12-17,48383.67,8709.060599999999,2024-12-17,Pending
INV06909,S073198,C00577,2025-12-20,47620.28999999999,8571.652199999999,2025-12-20,Pending
INV06910,S093542,C00598,2026-05-29,26399.86,4751.9748,2026-05-29,Paid
INV06911,S039452,C00852,2026-02-23,19506.370000000003,3511.1466000000005,2026-02-23,Overdue
INV06912,S079918,C00390,2024-06-12,13533.58,2436.0443999999998,2024-06-12,Pending
INV06913,S015685,C00260,2025-08-01,15462.650000000001,2783.277,2025-08-01,Pending
INV06914,S086164,C00544,2025-04-23,8404.73,1512.8513999999998,2025-04-23,Pending
INV06915,S008746,C00591,2025-08-04,24789.28,4462.0704,2025-08-04,Disputed
INV06916,S017466,C00242,2024-08-28,34430.04,6197.4072,2024-08-28,Pending
INV06917,S011601,C00912,2026-04-01,11744.460000000001,2114.0028,2026-04-01,Pending
INV06918,S016246,C00179,2024-07-31,13632.07,2453.7726,2024-07-31,Paid
INV06919,S093583,C00927,2024-07-06,49545.53999999999,8918.197199999999,2024-07-06,Disputed
INV06920,S021798,C00288,2026-02-24,36773.33,6619.1994,2026-02-24,Paid
INV06921,S088694,C00875,2026-01-07,32019.42,5763.495599999999,2026-01-07,Disputed
INV06922,S056103,C00706,2025-11-04,15708.01,2827.4418,2025-11-04,Pending
INV06923,S014029,C00765,2025-10-29,10597.14,1907.4851999999998,2025-10-29,Paid
INV06924,S001981,C00891,2025-06-29,14297.69,2573.5842,2025-06-29,Pending
INV06925,S056068,C00183,2025-08-04,29997.649999999998,5399.576999999999,2025-08-04,Pending
INV06926,S064180,C00664,2024-10-01,16681.85,3002.7329999999997,2024-10-01,Disputed
INV06927,S012701,C00992,2024-06-16,36957.2,6652.295999999999,2024-06-16,Paid
INV06928,S037087,C00951,2025-09-10,48890.840000000004,8800.351200000001,2025-09-10,Overdue
INV06929,S009415,C00104,2025-12-19,9792.36,1762.6248,2025-12-19,Pending
INV06930,S081712,C00133,2024-09-03,49236.520000000004,8862.5736,2024-09-03,Overdue
INV06931,S055477,C00797,2024-12-20,58502.880000000005,10530.5184,2024-12-20,Paid
INV06932,S078287,C00589,2025-11-14,12746.32,2294.3376,2025-11-14,Paid
INV06933,S091750,C00982,2025-06-24,17493.510000000002,3148.8318000000004,2025-06-24,Pending
INV06934,S049849,C00074,2024-12-25,11007.83,1981.4094,2024-12-25,Disputed
INV06935,S088840,C00465,2024-07-22,17595.79,3167.2422,2024-07-22,Pending
INV06936,S083672,C00176,2024-07-01,24876.280000000002,4477.7304,2024-07-01,Pending
INV06937,S014886,C00221,2025-10-25,17337.440000000002,3120.7392000000004,2025-10-25,Disputed
INV06938,S086761,C00521,2024-08-23,49269.97,8868.5946,2024-08-23,Paid
INV06939,S012240,C00223,2025-06-24,20621.129999999997,3711.8033999999993,2025-06-24,Overdue
INV06940,S033348,C00577,2025-01-19,13682.25,2462.805,2025-01-19,Overdue
INV06941,S031747,C00699,2026-02-16,39394.25,7090.965,2026-02-16,Pending
INV06942,S063825,C00217,2024-11-23,55026.37,9904.7466,2024-11-23,Disputed
INV06943,S041870,C00130,2025-06-11,42795.11,7703.1197999999995,2025-06-11,Overdue
INV06944,S075377,C00708,2024-12-24,42663.72,7679.4696,2024-12-24,Overdue
INV06945,S016577,C00941,2025-05-22,41681.03,7502.5854,2025-05-22,Overdue
INV06946,S054829,C00396,2025-07-21,57476.73,10345.8114,2025-07-21,Pending
INV06947,S017647,C00194,2025-04-25,8296.49,1493.3682,2025-04-25,Overdue
INV06948,S049855,C00065,2026-03-17,23452.58,4221.4644,2026-03-17,Paid
INV06949,S086901,C00443,2025-05-26,57232.08,10301.7744,2025-05-26,Overdue
INV06950,S024750,C00201,2025-10-27,19253.6,3465.6479999999997,2025-10-27,Paid
INV06951,S008345,C00269,2025-09-01,42303.86,7614.6948,2025-09-01,Pending
INV06952,S000986,C00627,2024-12-06,26760.36,4816.8648,2024-12-06,Paid
INV06953,S020843,C00374,2025-11-01,14173.849999999999,2551.2929999999997,2025-11-01,Paid
INV06954,S045019,C00420,2025-02-25,20238.89,3643.0002,2025-02-25,Disputed
INV06955,S075929,C00440,2025-12-18,52426.86,9436.8348,2025-12-18,Overdue
INV06956,S014976,C00773,2025-01-19,53269.77,9588.558599999998,2025-01-19,Disputed
INV06957,S028118,C00417,2025-10-31,28617.62,5151.1716,2025-10-31,Paid
INV06958,S049054,C00315,2026-01-05,15054.15,2709.747,2026-01-05,Overdue
INV06959,S073947,C00628,2026-03-31,30070.800000000003,5412.744000000001,2026-03-31,Overdue
INV06960,S050321,C00360,2025-05-24,21939.190000000002,3949.0542000000005,2025-05-24,Pending
INV06961,S017075,C00269,2024-12-01,56123.649999999994,10102.256999999998,2024-12-01,Paid
INV06962,S030644,C00619,2025-03-16,46262.82,8327.3076,2025-03-16,Overdue
INV06963,S058351,C00870,2025-05-27,43270.95,7788.770999999999,2025-05-27,Overdue
INV06964,S009921,C00240,2025-11-18,42195.07,7595.1125999999995,2025-11-18,Pending
INV06965,S048547,C00800,2025-09-03,36519.86,6573.574799999999,2025-09-03,Pending
INV06966,S042007,C00530,2026-04-24,57911.83,10424.1294,2026-04-24,Overdue
INV06967,S023182,C00174,2025-03-20,57754.78,10395.8604,2025-03-20,Paid
INV06968,S038630,C00125,2025-05-16,43503.25,7830.585,2025-05-16,Paid
INV06969,S010453,C00774,2024-11-09,41062.63,7391.273399999999,2024-11-09,Overdue
INV06970,S085696,C00921,2024-07-08,25140.09,4525.2162,2024-07-08,Overdue
INV06971,S050213,C00112,2025-02-20,22076.36,3973.7448,2025-02-20,Overdue
INV06972,S071594,C00438,2024-06-13,60450.75,10881.135,2024-06-13,Overdue
INV06973,S016073,C00247,2026-04-15,19304.64,3474.8352,2026-04-15,Pending
INV06974,S008105,C00683,2026-02-21,41454.979999999996,7461.896399999999,2026-02-21,Paid
INV06975,S014095,C00314,2025-08-06,46353.6,8343.648,2025-08-06,Pending
INV06976,S098818,C00636,2024-12-21,39326.0,7078.679999999999,2024-12-21,Overdue
INV06977,S029725,C00751,2025-04-13,43350.88,7803.158399999999,2025-04-13,Pending
INV06978,S094241,C00338,2025-10-16,57440.42999999999,10339.277399999999,2025-10-16,Pending
INV06979,S080832,C00370,2025-12-19,49984.85,8997.273,2025-12-19,Paid
INV06980,S023133,C00898,2026-03-22,29912.72,5384.2896,2026-03-22,Paid
INV06981,S028784,C00965,2026-04-20,44604.869999999995,8028.876599999999,2026-04-20,Overdue
INV06982,S030697,C00324,2025-05-07,33049.47,5948.9046,2025-05-07,Pending
INV06983,S068377,C00107,2026-05-04,35682.240000000005,6422.8032,2026-05-04,Paid
INV06984,S004910,C00819,2026-03-17,13114.35,2360.583,2026-03-17,Pending
INV06985,S014453,C00092,2025-04-15,11252.619999999999,2025.4715999999999,2025-04-15,Paid
INV06986,S074201,C00470,2024-06-16,15861.34,2855.0412,2024-06-16,Pending
INV06987,S057243,C00289,2024-08-28,33845.89,6092.2602,2024-08-28,Paid
INV06988,S082220,C00503,2026-04-21,18914.98,3404.6964,2026-04-21,Disputed
INV06989,S048773,C00239,2026-05-13,35855.56,6454.000799999999,2026-05-13,Pending
INV06990,S078595,C00902,2024-08-12,42455.969999999994,7642.074599999999,2024-08-12,Paid
INV06991,S044716,C00589,2024-12-19,37616.4,6770.952,2024-12-19,Disputed
INV06992,S027624,C00613,2026-03-21,47368.33,8526.2994,2026-03-21,Disputed
INV06993,S036095,C00795,2025-07-17,43760.97,7876.9746,2025-07-17,Overdue
INV06994,S055276,C00524,2024-12-12,35665.909999999996,6419.863799999999,2024-12-12,Disputed
INV06995,S039807,C00219,2024-10-01,32308.59,5815.5462,2024-10-01,Pending
INV06996,S089573,C00164,2025-09-28,43492.630000000005,7828.673400000001,2025-09-28,Disputed
INV06997,S080717,C00054,2025-07-06,51110.439999999995,9199.8792,2025-07-06,Paid
INV06998,S071241,C00053,2025-05-15,48010.18000000001,8641.832400000001,2025-05-15,Overdue
INV06999,S061006,C00462,2024-06-22,43001.35,7740.2429999999995,2024-06-22,Pending
INV07000,S055116,C00327,2024-10-29,18069.68,3252.5424,2024-10-29,Overdue
INV07001,S015781,C00000,2026-06-01,25313.899999999998,4556.5019999999995,2026-06-01,Overdue
INV07002,S082997,C00074,2024-09-16,31286.809999999998,5631.6258,2024-09-16,Disputed
INV07003,S081292,C00643,2026-04-12,31544.53,5678.015399999999,2026-04-12,Overdue
INV07004,S093758,C00737,2025-06-03,42447.75,7640.594999999999,2025-06-03,Pending
INV07005,S099537,C00333,2025-01-20,28722.57,5170.0626,2025-01-20,Paid
INV07006,S090297,C00739,2024-07-29,14322.0,2577.96,2024-07-29,Pending
INV07007,S083446,C00561,2025-05-23,32821.91,5907.9438,2025-05-23,Disputed
INV07008,S024501,C00780,2025-06-05,45669.990000000005,8220.5982,2025-06-05,Pending
INV07009,S027399,C00885,2024-06-14,52368.35,9426.303,2024-06-14,Overdue
INV07010,S022081,C00293,2025-10-17,26581.16,4784.6088,2025-10-17,Pending
INV07011,S064016,C00903,2025-01-08,44216.58,7958.9844,2025-01-08,Pending
INV07012,S072401,C00660,2024-11-15,53757.17,9676.290599999998,2024-11-15,Pending
INV07013,S021332,C00943,2026-05-18,25346.39,4562.3502,2026-05-18,Overdue
INV07014,S062981,C00970,2025-02-27,44015.0,7922.7,2025-02-27,Overdue
INV07015,S033003,C00809,2024-11-11,41304.16,7434.7488,2024-11-11,Pending
INV07016,S019289,C00940,2026-02-19,16971.91,3054.9438,2026-02-19,Disputed
INV07017,S061142,C00602,2024-07-16,38910.240000000005,7003.8432,2024-07-16,Pending
INV07018,S001686,C00779,2025-03-04,25827.129999999997,4648.8834,2025-03-04,Overdue
INV07019,S097628,C00927,2024-07-31,59087.75,10635.795,2024-07-31,Pending
INV07020,S015129,C00597,2024-07-02,40983.53,7377.0354,2024-07-02,Pending
INV07021,S053582,C00451,2026-03-26,27332.83,4919.9094000000005,2026-03-26,Paid
INV07022,S028736,C00311,2025-03-16,28520.98,5133.7764,2025-03-16,Paid
INV07023,S039353,C00242,2024-11-24,51866.2,9335.916,2024-11-24,Overdue
INV07024,S026844,C00713,2025-08-05,57166.74,10290.0132,2025-08-05,Overdue
INV07025,S083062,C00956,2025-11-24,29907.989999999998,5383.4382,2025-11-24,Pending
INV07026,S086890,C00167,2024-09-25,15544.460000000001,2798.0028,2024-09-25,Paid
INV07027,S043449,C00957,2024-10-09,37107.95,6679.431,2024-10-09,Overdue
INV07028,S024194,C00639,2025-01-29,14266.32,2567.9375999999997,2025-01-29,Overdue
INV07029,S077432,C00086,2026-05-19,47034.85,8466.273,2026-05-19,Disputed
INV07030,S082380,C00374,2026-01-31,27644.1,4975.937999999999,2026-01-31,Disputed
INV07031,S003743,C00132,2024-07-30,49762.08,8957.1744,2024-07-30,Pending
INV07032,S066343,C00136,2024-07-26,45328.759999999995,8159.176799999998,2024-07-26,Pending
INV07033,S044479,C00816,2026-05-27,10765.08,1937.7143999999998,2026-05-27,Disputed
INV07034,S089635,C00762,2025-11-27,45081.86,8114.7348,2025-11-27,Pending
INV07035,S090164,C00863,2025-11-29,49114.41,8840.5938,2025-11-29,Pending
INV07036,S009823,C00972,2024-07-21,11923.33,2146.1994,2024-07-21,Disputed
INV07037,S092693,C00711,2024-11-22,11879.22,2138.2596,2024-11-22,Overdue
INV07038,S059342,C00207,2024-10-13,47846.16,8612.3088,2024-10-13,Pending
INV07039,S044255,C00067,2024-07-29,43784.09,7881.136199999999,2024-07-29,Disputed
INV07040,S072794,C00615,2025-03-22,45671.63,8220.893399999999,2025-03-22,Disputed
INV07041,S011953,C00523,2024-09-26,54240.64,9763.3152,2024-09-26,Paid
INV07042,S015899,C00276,2024-09-19,33888.55,6099.939,2024-09-19,Pending
INV07043,S075949,C00029,2026-03-01,17124.45,3082.401,2026-03-01,Pending
INV07044,S058255,C00104,2024-12-20,17319.45,3117.501,2024-12-20,Paid
INV07045,S039584,C00907,2025-02-27,38136.82,6864.6276,2025-02-27,Disputed
INV07046,S060381,C00819,2025-11-11,43625.43,7852.5774,2025-11-11,Pending
INV07047,S069731,C00930,2025-11-19,52030.42999999999,9365.477399999998,2025-11-19,Pending
INV07048,S077607,C00474,2026-05-24,21972.17,3954.9905999999996,2026-05-24,Disputed
INV07049,S011110,C00392,2024-11-13,57272.520000000004,10309.053600000001,2024-11-13,Pending
INV07050,S091752,C00431,2025-12-03,20925.71,3766.6277999999998,2025-12-03,Paid
INV07051,S095077,C00521,2024-10-13,48390.18,8710.232399999999,2024-10-13,Pending
INV07052,S075956,C00028,2024-11-24,38747.09,6974.476199999999,2024-11-24,Paid
INV07053,S043562,C00141,2024-11-09,44225.74,7960.633199999999,2024-11-09,Overdue
INV07054,S077588,C00743,2025-12-29,58581.92,10544.7456,2025-12-29,Disputed
INV07055,S042608,C00015,2025-10-07,20290.84,3652.3512,2025-10-07,Overdue
INV07056,S073769,C00608,2026-01-16,45688.46,8223.9228,2026-01-16,Overdue
INV07057,S073836,C00066,2024-06-30,16735.43,3012.3774,2024-06-30,Pending
INV07058,S058982,C00177,2025-11-09,33714.520000000004,6068.613600000001,2025-11-09,Pending
INV07059,S031080,C00950,2025-07-06,34175.77,6151.638599999999,2025-07-06,Overdue
INV07060,S001548,C00622,2026-01-09,13081.58,2354.6844,2026-01-09,Paid
INV07061,S053887,C00463,2025-09-25,30584.87,5505.276599999999,2025-09-25,Pending
INV07062,S029145,C00290,2025-12-01,58870.399999999994,10596.671999999999,2025-12-01,Paid
INV07063,S083768,C00859,2025-11-27,35788.22,6441.8796,2025-11-27,Pending
INV07064,S077622,C00310,2025-12-07,33787.59,6081.766199999999,2025-12-07,Overdue
INV07065,S065099,C00326,2026-05-17,22368.72,4026.3696,2026-05-17,Pending
INV07066,S010675,C00383,2024-10-30,54359.67,9784.7406,2024-10-30,Pending
INV07067,S055906,C00438,2024-11-21,4745.26,854.1468,2024-11-21,Pending
INV07068,S042853,C00173,2026-06-02,22906.18,4123.1124,2026-06-02,Overdue
INV07069,S077997,C00020,2025-07-06,17710.8,3187.944,2025-07-06,Disputed
INV07070,S025639,C00899,2026-02-21,31547.36,5678.5248,2026-02-21,Pending
INV07071,S050039,C00266,2026-01-05,50162.02,9029.1636,2026-01-05,Paid
INV07072,S093688,C00722,2024-06-08,38424.07,6916.3326,2024-06-08,Overdue
INV07073,S072829,C00392,2024-10-02,33305.11,5994.9198,2024-10-02,Disputed
INV07074,S064624,C00846,2026-01-06,47747.520000000004,8594.553600000001,2026-01-06,Disputed
INV07075,S076118,C00029,2026-02-07,14195.42,2555.1756,2026-02-07,Paid
INV07076,S085472,C00849,2025-12-06,30858.7,5554.566,2025-12-06,Paid
INV07077,S050300,C00630,2026-04-03,25211.11,4537.9998,2026-04-03,Disputed
INV07078,S029230,C00346,2025-07-18,34027.89,6125.0202,2025-07-18,Overdue
INV07079,S017334,C00098,2024-11-23,21314.29,3836.5722,2024-11-23,Overdue
INV07080,S004843,C00774,2024-09-25,47983.96,8637.112799999999,2024-09-25,Paid
INV07081,S088524,C00797,2026-06-03,46027.01,8284.8618,2026-06-03,Paid
INV07082,S092028,C00936,2025-10-30,35329.85,6359.373,2025-10-30,Pending
INV07083,S072167,C00407,2025-06-29,44578.77,8024.178599999999,2025-06-29,Disputed
INV07084,S078098,C00564,2025-03-06,53058.740000000005,9550.5732,2025-03-06,Pending
INV07085,S019337,C00885,2025-07-13,57925.38,10426.568399999998,2025-07-13,Paid
INV07086,S098403,C00288,2025-07-11,61145.61,11006.2098,2025-07-11,Disputed
INV07087,S039424,C00224,2024-06-12,45880.82,8258.5476,2024-06-12,Disputed
INV07088,S031138,C00764,2025-05-17,35786.25,6441.525,2025-05-17,Disputed
INV07089,S025246,C00195,2024-09-19,29897.84,5381.6112,2024-09-19,Overdue
INV07090,S063214,C00706,2024-08-13,32597.64,5867.575199999999,2024-08-13,Pending
INV07091,S030449,C00901,2025-08-15,42510.39,7651.870199999999,2025-08-15,Paid
INV07092,S093435,C00757,2026-03-27,30219.78,5439.560399999999,2026-03-27,Disputed
INV07093,S020745,C00873,2025-06-07,25449.09,4580.8362,2025-06-07,Disputed
INV07094,S080689,C00891,2024-12-29,35536.04,6396.4872,2024-12-29,Disputed
INV07095,S021649,C00933,2025-06-20,17960.71,3232.9278,2025-06-20,Pending
INV07096,S074579,C00138,2025-03-01,37441.0,6739.38,2025-03-01,Pending
INV07097,S012989,C00524,2024-07-29,34995.62,6299.2116000000005,2024-07-29,Paid
INV07098,S023523,C00511,2026-03-07,55025.17,9904.5306,2026-03-07,Paid
INV07099,S074643,C00951,2025-11-20,29905.809999999998,5383.045799999999,2025-11-20,Pending
INV07100,S058906,C00537,2025-07-12,30523.02,5494.143599999999,2025-07-12,Disputed
INV07101,S080203,C00765,2025-10-22,31228.18,5621.0724,2025-10-22,Disputed
INV07102,S084116,C00764,2025-03-26,51223.95,9220.311,2025-03-26,Overdue
INV07103,S093624,C00675,2025-02-03,7437.65,1338.7769999999998,2025-02-03,Paid
INV07104,S056543,C00491,2025-10-16,13160.8,2368.944,2025-10-16,Pending
INV07105,S005271,C00175,2025-05-20,40905.85,7363.053,2025-05-20,Overdue
INV07106,S090052,C00442,2026-01-01,43229.590000000004,7781.3262,2026-01-01,Overdue
INV07107,S030198,C00082,2025-03-08,42189.74,7594.1532,2025-03-08,Overdue
INV07108,S029026,C00733,2025-09-30,56970.74,10254.733199999999,2025-09-30,Paid
INV07109,S044189,C00059,2025-09-25,17645.36,3176.1648,2025-09-25,Disputed
INV07110,S037576,C00400,2024-12-20,60269.44,10848.4992,2024-12-20,Paid
INV07111,S048759,C00042,2025-03-12,54498.159999999996,9809.6688,2025-03-12,Disputed
INV07112,S038742,C00177,2024-12-18,45800.01,8244.0018,2024-12-18,Paid
INV07113,S013645,C00888,2024-06-13,38139.729999999996,6865.151399999999,2024-06-13,Paid
INV07114,S020042,C00350,2024-11-20,16543.989999999998,2977.9181999999996,2024-11-20,Pending
INV07115,S011507,C00720,2025-05-23,20441.940000000002,3679.5492000000004,2025-05-23,Paid
INV07116,S044532,C00280,2025-08-25,29285.88,5271.4584,2025-08-25,Pending
INV07117,S084584,C00038,2024-06-14,8904.15,1602.7469999999998,2024-06-14,Disputed
INV07118,S046808,C00815,2025-06-03,41566.96,7482.0527999999995,2025-06-03,Pending
INV07119,S019116,C00558,2024-07-19,35432.23,6377.8014,2024-07-19,Disputed
INV07120,S010959,C00878,2026-02-08,18410.309999999998,3313.8557999999994,2026-02-08,Disputed
INV07121,S096707,C00067,2025-03-01,54082.9,9734.922,2025-03-01,Paid
INV07122,S043797,C00744,2024-11-09,27945.989999999998,5030.2782,2024-11-09,Pending
INV07123,S061331,C00744,2025-07-09,36748.69,6614.7642000000005,2025-07-09,Pending
INV07124,S085134,C00973,2025-12-28,27285.56,4911.4008,2025-12-28,Disputed
INV07125,S065534,C00055,2024-10-17,51043.94,9187.9092,2024-10-17,Pending
INV07126,S008242,C00028,2025-11-05,37796.7,6803.405999999999,2025-11-05,Pending
INV07127,S094292,C00048,2024-11-15,54114.200000000004,9740.556,2024-11-15,Paid
INV07128,S060791,C00522,2026-02-11,36685.12,6603.3216,2026-02-11,Pending
INV07129,S002309,C00104,2025-10-28,44351.600000000006,7983.2880000000005,2025-10-28,Overdue
INV07130,S092494,C00026,2025-05-02,45154.369999999995,8127.7865999999985,2025-05-02,Paid
INV07131,S085980,C00783,2026-03-24,29060.010000000002,5230.8018,2026-03-24,Disputed
INV07132,S076615,C00443,2026-05-08,7784.89,1401.2802,2026-05-08,Disputed
INV07133,S004086,C00941,2025-09-29,32508.72,5851.5696,2025-09-29,Disputed
INV07134,S074160,C00763,2024-08-01,45808.100000000006,8245.458,2024-08-01,Paid
INV07135,S078400,C00559,2025-08-19,46730.15,8411.427,2025-08-19,Disputed
INV07136,S047173,C00138,2026-04-13,51599.89,9287.9802,2026-04-13,Pending
INV07137,S057976,C00822,2025-04-18,61396.97,11051.4546,2025-04-18,Pending
INV07138,S013048,C00572,2025-12-04,46981.42999999999,8456.657399999998,2025-12-04,Overdue
INV07139,S086044,C00587,2026-03-28,34403.77,6192.678599999999,2026-03-28,Overdue
INV07140,S014067,C00689,2025-11-04,20263.4,3647.4120000000003,2025-11-04,Pending
INV07141,S019378,C00581,2024-08-23,49435.21000000001,8898.337800000001,2024-08-23,Pending
INV07142,S028022,C00471,2026-02-07,56203.32,10116.5976,2026-02-07,Paid
INV07143,S003174,C00816,2024-10-23,18592.22,3346.5996,2024-10-23,Disputed
INV07144,S020349,C00238,2025-04-10,20339.690000000002,3661.1442,2025-04-10,Pending
INV07145,S048979,C00186,2026-04-04,33467.73,6024.191400000001,2026-04-04,Overdue
INV07146,S007277,C00908,2025-02-04,39938.73,7188.9714,2025-02-04,Paid
INV07147,S013639,C00800,2025-02-10,45373.61,8167.2498,2025-02-10,Paid
INV07148,S069273,C00263,2025-09-24,31455.15,5661.927,2025-09-24,Pending
INV07149,S061314,C00560,2025-01-31,21380.41,3848.4737999999998,2025-01-31,Pending
INV07150,S050942,C00672,2024-06-19,15624.720000000001,2812.4496,2024-06-19,Disputed
INV07151,S089541,C00312,2025-05-31,33338.56,6000.940799999999,2025-05-31,Paid
INV07152,S010489,C00886,2024-07-17,48767.259999999995,8778.1068,2024-07-17,Pending
INV07153,S094907,C00457,2025-06-08,48761.310000000005,8777.035800000001,2025-06-08,Overdue
INV07154,S076997,C00018,2024-08-26,14962.380000000001,2693.2284,2024-08-26,Pending
INV07155,S046905,C00321,2025-02-18,51576.39,9283.7502,2025-02-18,Overdue
INV07156,S099062,C00248,2026-03-21,14813.76,2666.4768,2026-03-21,Paid
INV07157,S055873,C00817,2024-08-27,21533.82,3876.0876,2024-08-27,Disputed
INV07158,S037061,C00517,2025-12-20,25756.379999999997,4636.148399999999,2025-12-20,Disputed
INV07159,S047896,C00031,2024-08-07,62310.71000000001,11215.927800000001,2024-08-07,Paid
INV07160,S070356,C00555,2024-11-16,18557.03,3340.2653999999998,2024-11-16,Paid
INV07161,S066610,C00737,2024-09-20,41837.66,7530.7788,2024-09-20,Pending
INV07162,S077686,C00872,2024-10-09,23152.9,4167.522,2024-10-09,Overdue
INV07163,S064371,C00325,2024-11-10,54401.15,9792.207,2024-11-10,Overdue
INV07164,S008338,C00378,2024-08-28,15735.849999999999,2832.4529999999995,2024-08-28,Overdue
INV07165,S077855,C00941,2026-02-15,43790.409999999996,7882.273799999999,2026-02-15,Disputed
INV07166,S033054,C00882,2024-12-02,3193.2799999999997,574.7904,2024-12-02,Paid
INV07167,S014116,C00393,2026-01-22,38184.229999999996,6873.161399999999,2026-01-22,Overdue
INV07168,S097617,C00358,2025-01-28,39059.43,7030.6974,2025-01-28,Disputed
INV07169,S061546,C00399,2024-10-10,9896.06,1781.2907999999998,2024-10-10,Disputed
INV07170,S098708,C00634,2025-10-17,32159.49,5788.7082,2025-10-17,Disputed
INV07171,S051020,C00739,2025-02-24,32521.28,5853.8304,2025-02-24,Overdue
INV07172,S001155,C00192,2025-04-16,47393.340000000004,8530.8012,2025-04-16,Disputed
INV07173,S021257,C00283,2025-06-06,40394.32,7270.977599999999,2025-06-06,Pending
INV07174,S020343,C00946,2024-09-21,11996.800000000001,2159.424,2024-09-21,Paid
INV07175,S064202,C00737,2025-04-26,17855.13,3213.9234,2025-04-26,Paid
INV07176,S090426,C00215,2025-01-16,6142.0,1105.56,2025-01-16,Pending
INV07177,S052933,C00834,2026-05-07,45132.55,8123.859,2026-05-07,Pending
INV07178,S063191,C00897,2026-03-07,30623.2,5512.1759999999995,2026-03-07,Overdue
INV07179,S053307,C00265,2025-08-06,17560.93,3160.9674,2025-08-06,Paid
INV07180,S034785,C00852,2025-01-07,22780.67,4100.5206,2025-01-07,Overdue
INV07181,S079177,C00552,2026-05-06,37562.509999999995,6761.251799999999,2026-05-06,Paid
INV07182,S071532,C00651,2024-11-10,55363.37,9965.4066,2024-11-10,Pending
INV07183,S054855,C00809,2026-03-26,10502.23,1890.4013999999997,2026-03-26,Pending
INV07184,S004736,C00663,2025-12-23,40659.369999999995,7318.686599999999,2025-12-23,Overdue
INV07185,S036576,C00791,2025-02-09,18448.42,3320.7155999999995,2025-02-09,Disputed
INV07186,S051002,C00555,2024-06-21,22756.469999999998,4096.164599999999,2024-06-21,Overdue
INV07187,S041299,C00980,2025-10-02,9840.62,1771.3116,2025-10-02,Disputed
INV07188,S079376,C00799,2024-09-16,5493.0,988.74,2024-09-16,Paid
INV07189,S018322,C00940,2025-07-27,25497.07,4589.4726,2025-07-27,Pending
INV07190,S030538,C00820,2024-12-08,7254.51,1305.8118,2024-12-08,Disputed
INV07191,S033272,C00001,2024-12-29,41788.58,7521.9444,2024-12-29,Disputed
INV07192,S047401,C00000,2024-11-01,48025.13,8644.5234,2024-11-01,Paid
INV07193,S024954,C00502,2024-07-04,55093.62,9916.8516,2024-07-04,Disputed
INV07194,S018017,C00596,2024-12-04,50330.52,9059.4936,2024-12-04,Pending
INV07195,S076199,C00456,2025-06-12,50621.23,9111.8214,2025-06-12,Paid
INV07196,S097787,C00096,2026-04-18,49741.64,8953.4952,2026-04-18,Disputed
INV07197,S036626,C00981,2025-03-09,33947.39,6110.530199999999,2025-03-09,Overdue
INV07198,S024558,C00528,2026-02-09,26332.690000000002,4739.8842,2026-02-09,Paid
INV07199,S059773,C00036,2024-07-31,47180.189999999995,8492.4342,2024-07-31,Overdue
INV07200,S093928,C00229,2024-07-15,33236.89,5982.6402,2024-07-15,Pending
INV07201,S018877,C00591,2025-08-17,42072.799999999996,7573.103999999999,2025-08-17,Pending
INV07202,S013504,C00757,2024-12-01,56207.82,10117.4076,2024-12-01,Overdue
INV07203,S004606,C00070,2026-02-12,51466.659999999996,9263.9988,2026-02-12,Paid
INV07204,S037679,C00435,2024-11-14,48814.5,8786.61,2024-11-14,Overdue
INV07205,S084290,C00064,2024-09-24,48515.48,8732.7864,2024-09-24,Overdue
INV07206,S017770,C00237,2025-06-29,42662.37,7679.2266,2025-06-29,Paid
INV07207,S042865,C00908,2025-06-23,30231.620000000003,5441.6916,2025-06-23,Disputed
INV07208,S028364,C00854,2025-10-16,51449.39,9260.8902,2025-10-16,Pending
INV07209,S042270,C00081,2024-06-14,50109.98,9019.796400000001,2024-06-14,Paid
INV07210,S089413,C00806,2024-11-15,16478.39,2966.1101999999996,2024-11-15,Overdue
INV07211,S071399,C00723,2025-10-06,21307.14,3835.2852,2025-10-06,Paid
INV07212,S068815,C00640,2024-10-22,18772.01,3378.9617999999996,2024-10-22,Paid
INV07213,S050417,C00700,2025-02-20,35212.89,6338.3202,2025-02-20,Disputed
INV07214,S000854,C00326,2026-03-18,17083.760000000002,3075.0768000000003,2026-03-18,Overdue
INV07215,S093237,C00302,2026-03-07,14268.06,2568.2508,2026-03-07,Disputed
INV07216,S072069,C00148,2025-02-14,50065.469999999994,9011.784599999999,2025-02-14,Paid
INV07217,S027794,C00645,2024-06-13,40236.45,7242.560999999999,2024-06-13,Pending
INV07218,S025767,C00380,2024-11-16,47776.97,8599.8546,2024-11-16,Paid
INV07219,S001772,C00871,2024-11-18,16212.24,2918.2032,2024-11-18,Paid
INV07220,S066870,C00367,2024-11-26,23555.3,4239.954,2024-11-26,Disputed
INV07221,S078783,C00696,2025-08-01,29055.77,5230.0386,2025-08-01,Paid
INV07222,S030787,C00023,2024-08-24,19203.739999999998,3456.6731999999997,2024-08-24,Paid
INV07223,S011148,C00296,2025-03-27,23579.94,4244.3892,2025-03-27,Disputed
INV07224,S081192,C00577,2026-03-24,39272.05,7068.969,2026-03-24,Disputed
INV07225,S056541,C00150,2025-10-12,32438.9,5839.002,2025-10-12,Overdue
INV07226,S049963,C00560,2025-02-02,39126.72,7042.8096,2025-02-02,Paid
INV07227,S053737,C00674,2025-11-29,36484.18,6567.1524,2025-11-29,Paid
INV07228,S004595,C00970,2024-06-20,9050.57,1629.1026,2024-06-20,Paid
INV07229,S030845,C00202,2026-01-14,21842.36,3931.6248,2026-01-14,Pending
INV07230,S011615,C00600,2025-08-03,11404.34,2052.7812,2025-08-03,Overdue
INV07231,S096219,C00693,2024-10-25,4957.6,892.368,2024-10-25,Paid
INV07232,S090823,C00538,2025-09-25,43100.630000000005,7758.1134,2025-09-25,Pending
INV07233,S008034,C00572,2026-03-20,49796.56,8963.380799999999,2026-03-20,Overdue
INV07234,S091146,C00986,2024-12-01,10928.32,1967.0975999999998,2024-12-01,Paid
INV07235,S016913,C00958,2025-03-01,35850.44,6453.0792,2025-03-01,Overdue
INV07236,S008518,C00456,2024-10-06,56881.950000000004,10238.751,2024-10-06,Disputed
INV07237,S003516,C00349,2025-07-29,40837.64,7350.7752,2025-07-29,Overdue
INV07238,S011858,C00710,2024-07-26,31484.219999999998,5667.159599999999,2024-07-26,Pending
INV07239,S016829,C00920,2025-10-28,14866.28,2675.9304,2025-10-28,Pending
INV07240,S056883,C00700,2026-04-17,46238.490000000005,8322.9282,2026-04-17,Pending
INV07241,S089723,C00968,2024-12-03,52424.759999999995,9436.456799999998,2024-12-03,Pending
INV07242,S013165,C00144,2024-12-28,20703.41,3726.6137999999996,2024-12-28,Disputed
INV07243,S042899,C00883,2025-06-01,49790.649999999994,8962.317,2025-06-01,Disputed
INV07244,S070698,C00962,2025-09-30,59152.8,10647.504,2025-09-30,Disputed
INV07245,S097597,C00234,2025-07-19,44631.479999999996,8033.666399999999,2025-07-19,Paid
INV07246,S029951,C00555,2025-02-22,11321.12,2037.8016,2025-02-22,Paid
INV07247,S056811,C00377,2025-06-27,40135.78,7224.4403999999995,2025-06-27,Disputed
INV07248,S036878,C00449,2025-10-28,7891.75,1420.5149999999999,2025-10-28,Disputed
INV07249,S012464,C00315,2025-07-05,17879.82,3218.3676,2025-07-05,Pending
INV07250,S073210,C00609,2024-07-19,40702.909999999996,7326.523799999999,2024-07-19,Disputed
INV07251,S081834,C00274,2025-01-18,41436.38,7458.5484,2025-01-18,Pending
INV07252,S028515,C00727,2025-08-06,38967.7,7014.185999999999,2025-08-06,Disputed
INV07253,S003767,C00233,2025-08-10,14946.16,2690.3088,2025-08-10,Disputed
INV07254,S012522,C00221,2025-12-08,45234.82,8142.267599999999,2025-12-08,Pending
INV07255,S082520,C00949,2025-08-03,10932.59,1967.8662,2025-08-03,Paid
INV07256,S057544,C00564,2025-12-15,14516.169999999998,2612.9105999999997,2025-12-15,Overdue
INV07257,S051509,C00004,2025-03-14,16528.449999999997,2975.120999999999,2025-03-14,Overdue
INV07258,S087837,C00734,2025-05-28,26938.25,4848.885,2025-05-28,Pending
INV07259,S062325,C00153,2024-08-17,33667.65,6060.177,2024-08-17,Pending
INV07260,S049058,C00424,2025-09-02,18988.4,3417.9120000000003,2025-09-02,Disputed
INV07261,S037803,C00027,2025-04-12,53358.41,9604.5138,2025-04-12,Disputed
INV07262,S017386,C00626,2025-12-24,53698.159999999996,9665.6688,2025-12-24,Paid
INV07263,S021368,C00133,2025-04-02,45943.659999999996,8269.858799999998,2025-04-02,Pending
INV07264,S075566,C00947,2024-11-07,12738.21,2292.8777999999998,2024-11-07,Overdue
INV07265,S060092,C00629,2025-06-05,50642.43,9115.6374,2025-06-05,Disputed
INV07266,S035081,C00967,2024-09-28,15230.53,2741.4954,2024-09-28,Pending
INV07267,S003251,C00527,2025-01-25,60112.43,10820.2374,2025-01-25,Pending
INV07268,S029625,C00448,2025-11-03,34588.880000000005,6225.9984,2025-11-03,Overdue
INV07269,S073226,C00426,2025-05-30,51508.46,9271.522799999999,2025-05-30,Disputed
INV07270,S035022,C00027,2026-02-12,47009.630000000005,8461.733400000001,2026-02-12,Paid
INV07271,S045796,C00871,2025-06-17,33202.020000000004,5976.363600000001,2025-06-17,Pending
INV07272,S016922,C00770,2024-08-07,23900.72,4302.1296,2024-08-07,Pending
INV07273,S051900,C00285,2026-02-18,18069.91,3252.5838,2026-02-18,Paid
INV07274,S032288,C00633,2025-01-14,45633.19,8213.9742,2025-01-14,Paid
INV07275,S018949,C00295,2026-01-09,36719.46,6609.502799999999,2026-01-09,Disputed
INV07276,S002108,C00135,2025-10-23,43548.38,7838.7083999999995,2025-10-23,Disputed
INV07277,S004166,C00378,2024-12-27,38962.35,7013.222999999999,2024-12-27,Paid
INV07278,S027958,C00544,2025-01-09,42195.36,7595.1648,2025-01-09,Disputed
INV07279,S063031,C00074,2026-03-11,54863.79,9875.4822,2026-03-11,Pending
INV07280,S082410,C00142,2025-07-21,31645.25,5696.1449999999995,2025-07-21,Overdue
INV07281,S068540,C00373,2025-05-08,15990.58,2878.3044,2025-05-08,Disputed
INV07282,S089205,C00497,2025-07-05,27079.99,4874.3982000000005,2025-07-05,Overdue
INV07283,S062069,C00661,2026-04-30,58948.44,10610.7192,2026-04-30,Overdue
INV07284,S096848,C00379,2024-12-19,25707.52,4627.3535999999995,2024-12-19,Overdue
INV07285,S095996,C00887,2024-08-08,11097.11,1997.4798,2024-08-08,Paid
INV07286,S044865,C00293,2024-11-15,30634.079999999998,5514.134399999999,2024-11-15,Overdue
INV07287,S040467,C00965,2025-01-14,52134.07,9384.132599999999,2025-01-14,Disputed
INV07288,S055272,C00374,2025-02-03,50431.840000000004,9077.7312,2025-02-03,Paid
INV07289,S022026,C00787,2024-08-08,37347.46,6722.542799999999,2024-08-08,Pending
INV07290,S027643,C00286,2026-02-08,54589.81,9826.165799999999,2026-02-08,Pending
INV07291,S013310,C00757,2024-08-26,34840.869999999995,6271.356599999999,2024-08-26,Pending
INV07292,S043505,C00346,2025-01-28,25730.3,4631.454,2025-01-28,Pending
INV07293,S003939,C00788,2024-10-27,41052.79,7389.5022,2024-10-27,Paid
INV07294,S071160,C00670,2025-01-15,29018.18,5223.2724,2025-01-15,Pending
INV07295,S058025,C00024,2024-06-07,40498.1,7289.657999999999,2024-06-07,Pending
INV07296,S024702,C00224,2025-03-01,20107.489999999998,3619.3481999999995,2025-03-01,Paid
INV07297,S024355,C00249,2026-05-13,61863.95,11135.510999999999,2026-05-13,Disputed
INV07298,S045964,C00912,2024-09-17,7339.85,1321.173,2024-09-17,Pending
INV07299,S076968,C00216,2024-12-08,38761.35,6977.043,2024-12-08,Disputed
INV07300,S006046,C00529,2026-01-27,51270.969999999994,9228.774599999999,2026-01-27,Pending
INV07301,S072172,C00714,2026-05-14,57341.899999999994,10321.542,2026-05-14,Pending
INV07302,S077574,C00983,2025-12-23,9838.1,1770.858,2025-12-23,Paid
INV07303,S082583,C00376,2025-11-02,12432.46,2237.8428,2025-11-02,Paid
INV07304,S081892,C00279,2025-03-23,31635.5,5694.389999999999,2025-03-23,Pending
INV07305,S033335,C00133,2025-09-29,58914.399999999994,10604.591999999999,2025-09-29,Paid
INV07306,S053406,C00271,2025-02-17,16793.86,3022.8948,2025-02-17,Overdue
INV07307,S019514,C00053,2025-11-06,29492.23,5308.6014,2025-11-06,Disputed
INV07308,S044231,C00104,2025-11-29,39848.92,7172.8056,2025-11-29,Disputed
INV07309,S018775,C00977,2026-02-08,29290.11,5272.2198,2026-02-08,Pending
INV07310,S080227,C00872,2026-05-22,37277.61,6709.9698,2026-05-22,Pending
INV07311,S069842,C00692,2025-12-29,45369.649999999994,8166.536999999998,2025-12-29,Disputed
INV07312,S047133,C00148,2025-08-30,16554.83,2979.8694,2025-08-30,Disputed
INV07313,S005722,C00611,2024-07-18,33209.07,5977.6326,2024-07-18,Overdue
INV07314,S061659,C00225,2026-02-16,30886.95,5559.651,2026-02-16,Pending
INV07315,S088544,C00794,2024-08-20,17052.06,3069.3708,2024-08-20,Disputed
INV07316,S022968,C00586,2025-04-27,4711.3099999999995,848.0357999999999,2025-04-27,Paid
INV07317,S032208,C00361,2025-02-23,46318.62,8337.3516,2025-02-23,Disputed
INV07318,S010262,C00360,2025-03-20,16204.720000000001,2916.8496,2025-03-20,Disputed
INV07319,S006785,C00217,2025-07-23,11517.75,2073.1949999999997,2025-07-23,Overdue
INV07320,S052845,C00395,2025-07-17,52784.38,9501.1884,2025-07-17,Overdue
INV07321,S050517,C00065,2025-08-14,50350.350000000006,9063.063,2025-08-14,Overdue
INV07322,S024614,C00348,2025-02-24,33695.96,6065.2728,2025-02-24,Disputed
INV07323,S084621,C00528,2025-11-11,33705.979999999996,6067.076399999999,2025-11-11,Overdue
INV07324,S097198,C00924,2025-04-12,17654.760000000002,3177.8568000000005,2025-04-12,Paid
INV07325,S093394,C00689,2025-10-01,50407.81,9073.405799999999,2025-10-01,Overdue
INV07326,S085132,C00632,2024-12-24,28892.410000000003,5200.6338000000005,2024-12-24,Paid
INV07327,S023172,C00516,2025-05-10,18235.28,3282.3504,2025-05-10,Pending
INV07328,S062628,C00382,2025-12-01,11050.22,1989.0395999999998,2025-12-01,Overdue
INV07329,S098123,C00315,2026-01-18,37923.97,6826.3146,2026-01-18,Disputed
INV07330,S098256,C00885,2026-05-13,26586.91,4785.6438,2026-05-13,Pending
INV07331,S099166,C00516,2025-02-23,13372.599999999999,2407.0679999999998,2025-02-23,Overdue
INV07332,S050293,C00298,2025-02-12,14841.75,2671.515,2025-02-12,Overdue
INV07333,S035910,C00267,2025-07-04,41425.97,7456.6746,2025-07-04,Overdue
INV07334,S084052,C00143,2025-07-24,54877.270000000004,9877.9086,2025-07-24,Disputed
INV07335,S013101,C00229,2024-11-16,56968.340000000004,10254.3012,2024-11-16,Paid
INV07336,S054322,C00951,2024-06-22,47768.170000000006,8598.2706,2024-06-22,Paid
INV07337,S063702,C00745,2025-08-11,54168.130000000005,9750.2634,2025-08-11,Overdue
INV07338,S019819,C00670,2025-01-28,5427.96,977.0328,2025-01-28,Overdue
INV07339,S039051,C00617,2025-08-15,24498.5,4409.73,2025-08-15,Pending
INV07340,S000482,C00363,2025-11-26,53888.979999999996,9700.016399999999,2025-11-26,Pending
INV07341,S063907,C00663,2026-02-22,17080.29,3074.4522,2026-02-22,Overdue
INV07342,S010878,C00016,2025-03-09,51865.4,9335.771999999999,2025-03-09,Disputed
INV07343,S073880,C00712,2025-06-29,15724.759999999998,2830.4567999999995,2025-06-29,Pending
INV07344,S081837,C00397,2025-06-28,16837.2,3030.696,2025-06-28,Overdue
INV07345,S054972,C00708,2025-10-23,39746.78,7154.4204,2025-10-23,Pending
INV07346,S074844,C00274,2025-10-31,51833.62,9330.0516,2025-10-31,Disputed
INV07347,S061101,C00995,2025-11-07,22467.74,4044.1932,2025-11-07,Disputed
INV07348,S024680,C00906,2024-06-10,31911.170000000002,5744.0106000000005,2024-06-10,Paid
INV07349,S045834,C00420,2026-01-27,24401.22,4392.2196,2026-01-27,Pending
INV07350,S065009,C00015,2025-03-26,45648.96000000001,8216.812800000002,2025-03-26,Overdue
INV07351,S009413,C00073,2024-11-06,55335.34,9960.3612,2024-11-06,Pending
INV07352,S008296,C00388,2024-08-07,13703.710000000001,2466.6678,2024-08-07,Overdue
INV07353,S061621,C00071,2025-07-08,59567.82,10722.2076,2025-07-08,Paid
INV07354,S098865,C00626,2026-03-11,23063.84,4151.4911999999995,2026-03-11,Overdue
INV07355,S040576,C00535,2025-07-03,52583.95,9465.110999999999,2025-07-03,Paid
INV07356,S063580,C00012,2024-11-25,47005.28,8460.9504,2024-11-25,Overdue
INV07357,S006016,C00299,2024-06-06,50335.09,9060.3162,2024-06-06,Overdue
INV07358,S080740,C00313,2025-08-10,30764.510000000002,5537.611800000001,2025-08-10,Pending
INV07359,S036239,C00356,2024-08-26,25870.47,4656.6846,2024-08-26,Pending
INV07360,S023672,C00503,2025-04-02,32298.09,5813.656199999999,2025-04-02,Disputed
INV07361,S060638,C00387,2026-05-13,18504.370000000003,3330.7866000000004,2026-05-13,Paid
INV07362,S029424,C00663,2025-02-21,41906.51,7543.1718,2025-02-21,Pending
INV07363,S070382,C00331,2025-02-10,30422.19,5475.994199999999,2025-02-10,Paid
INV07364,S025266,C00127,2026-02-14,41467.51,7464.1518,2026-02-14,Disputed
INV07365,S005810,C00313,2024-11-28,34761.770000000004,6257.118600000001,2024-11-28,Pending
INV07366,S071389,C00252,2024-11-08,36387.91,6549.8238,2024-11-08,Paid
INV07367,S006905,C00099,2024-11-19,54724.22,9850.3596,2024-11-19,Pending
INV07368,S081970,C00902,2025-01-07,63305.19,11394.9342,2025-01-07,Pending
INV07369,S020739,C00659,2024-11-16,42421.3,7635.834,2024-11-16,Disputed
INV07370,S085993,C00435,2025-06-28,56632.36,10193.8248,2025-06-28,Disputed
INV07371,S044492,C00503,2025-10-17,39457.56,7102.3607999999995,2025-10-17,Paid
INV07372,S037996,C00627,2025-07-28,20440.88,3679.3584,2025-07-28,Disputed
INV07373,S006813,C00665,2025-06-28,39882.899999999994,7178.921999999999,2025-06-28,Pending
INV07374,S025702,C00783,2025-04-13,42549.74,7658.953199999999,2025-04-13,Pending
INV07375,S047255,C00307,2024-08-11,55253.78,9945.6804,2024-08-11,Overdue
INV07376,S062287,C00367,2025-04-29,10443.539999999999,1879.8371999999997,2025-04-29,Paid
INV07377,S027275,C00355,2026-03-04,46761.57,8417.0826,2026-03-04,Pending
INV07378,S074349,C00039,2025-08-07,29683.68,5343.0624,2025-08-07,Paid
INV07379,S093983,C00078,2024-12-27,58027.17,10444.890599999999,2024-12-27,Paid
INV07380,S086248,C00211,2024-11-08,45215.29,8138.7522,2024-11-08,Overdue
INV07381,S078736,C00446,2025-11-10,26024.99,4684.4982,2025-11-10,Pending
INV07382,S063205,C00482,2025-12-26,54207.64,9757.3752,2025-12-26,Paid
INV07383,S066562,C00770,2025-11-11,42766.31,7697.935799999999,2025-11-11,Overdue
INV07384,S023808,C00723,2025-10-20,45396.77,8171.418599999999,2025-10-20,Paid
INV07385,S034738,C00914,2025-04-13,34766.39,6257.950199999999,2025-04-13,Paid
INV07386,S071355,C00381,2025-05-07,28168.45,5070.321,2025-05-07,Disputed
INV07387,S040403,C00670,2025-09-08,52146.329999999994,9386.339399999999,2025-09-08,Pending
INV07388,S068629,C00793,2025-11-24,49180.549999999996,8852.498999999998,2025-11-24,Pending
INV07389,S047543,C00307,2024-09-08,48556.92999999999,8740.247399999998,2024-09-08,Paid
INV07390,S012550,C00535,2025-08-28,20090.93,3616.3674,2025-08-28,Overdue
INV07391,S063209,C00080,2026-02-15,19597.309999999998,3527.5157999999997,2026-02-15,Overdue
INV07392,S039128,C00669,2025-02-28,39535.66,7116.4188,2025-02-28,Disputed
INV07393,S030309,C00251,2025-02-06,13555.3,2439.9539999999997,2025-02-06,Pending
INV07394,S075968,C00720,2026-04-22,51858.82,9334.587599999999,2026-04-22,Overdue
INV07395,S034656,C00768,2025-04-22,16063.27,2891.3885999999998,2025-04-22,Overdue
INV07396,S078916,C00619,2024-08-13,35500.55,6390.099,2024-08-13,Paid
INV07397,S071600,C00247,2024-06-18,58167.24,10470.1032,2024-06-18,Pending
INV07398,S089985,C00148,2025-09-27,53689.350000000006,9664.083,2025-09-27,Disputed
INV07399,S041680,C00692,2025-12-01,34489.06,6208.0307999999995,2025-12-01,Disputed
INV07400,S018968,C00297,2024-12-13,31642.550000000003,5695.659000000001,2024-12-13,Overdue
INV07401,S054053,C00582,2025-09-30,16878.93,3038.2074,2025-09-30,Overdue
INV07402,S079323,C00198,2026-03-03,56116.9,10101.042,2026-03-03,Pending
INV07403,S001130,C00768,2024-09-07,37230.11,6701.4198,2024-09-07,Paid
INV07404,S055322,C00684,2026-02-05,39605.94,7129.0692,2026-02-05,Disputed
INV07405,S089887,C00051,2024-07-28,8231.5,1481.6699999999998,2024-07-28,Overdue
INV07406,S017857,C00353,2026-05-30,47822.66,8608.078800000001,2026-05-30,Disputed
INV07407,S063958,C00277,2026-01-28,28733.29,5171.9922,2026-01-28,Disputed
INV07408,S076036,C00418,2026-03-25,49157.04,8848.2672,2026-03-25,Disputed
INV07409,S045179,C00268,2025-10-25,41901.46,7542.2627999999995,2025-10-25,Overdue
INV07410,S009252,C00123,2025-12-22,41315.95,7436.870999999999,2025-12-22,Pending
INV07411,S060783,C00205,2025-12-13,36983.119999999995,6656.961599999999,2025-12-13,Overdue
INV07412,S038286,C00046,2025-06-20,11226.04,2020.6872,2025-06-20,Pending
INV07413,S040869,C00031,2025-06-05,14581.830000000002,2624.7294,2025-06-05,Disputed
INV07414,S006175,C00832,2026-03-19,51044.1,9187.938,2026-03-19,Disputed
INV07415,S078251,C00902,2025-05-29,45033.799999999996,8106.083999999999,2025-05-29,Paid
INV07416,S005898,C00166,2026-02-24,43895.81,7901.2458,2026-02-24,Disputed
INV07417,S090652,C00623,2025-02-13,21703.75,3906.6749999999997,2025-02-13,Overdue
INV07418,S002714,C00678,2024-06-22,35392.47,6370.6446,2024-06-22,Pending
INV07419,S008236,C00417,2025-05-11,42673.95,7681.310999999999,2025-05-11,Overdue
INV07420,S020746,C00419,2026-05-21,39211.92,7058.1456,2026-05-21,Pending
INV07421,S053512,C00286,2026-02-02,63211.81,11378.1258,2026-02-02,Pending
INV07422,S066494,C00073,2025-12-03,15503.59,2790.6462,2025-12-03,Pending
INV07423,S073306,C00030,2025-07-22,13009.23,2341.6614,2025-07-22,Disputed
INV07424,S058888,C00491,2025-11-06,30475.64,5485.615199999999,2025-11-06,Pending
INV07425,S073463,C00030,2025-01-02,4848.09,872.6562,2025-01-02,Overdue
INV07426,S061970,C00452,2025-08-31,25140.64,4525.3152,2025-08-31,Paid
INV07427,S096458,C00971,2025-11-01,50646.78,9116.420399999999,2025-11-01,Overdue
INV07428,S042735,C00363,2024-06-19,16806.85,3025.2329999999997,2024-06-19,Pending
INV07429,S048632,C00734,2025-08-03,39442.270000000004,7099.6086000000005,2025-08-03,Pending
INV07430,S045089,C00936,2024-08-10,42624.37,7672.3866,2024-08-10,Disputed
INV07431,S025105,C00018,2025-10-29,54386.93,9789.6474,2025-10-29,Pending
INV07432,S037058,C00651,2024-11-13,15681.71,2822.7077999999997,2024-11-13,Paid
INV07433,S002351,C00750,2025-08-19,26332.07,4739.772599999999,2025-08-19,Pending
INV07434,S015557,C00277,2024-08-09,37256.81,6706.225799999999,2024-08-09,Disputed
INV07435,S003663,C00647,2025-09-19,57614.549999999996,10370.618999999999,2025-09-19,Paid
INV07436,S060090,C00635,2025-11-24,49313.92999999999,8876.507399999999,2025-11-24,Paid
INV07437,S087395,C00943,2026-03-14,9650.779999999999,1737.1403999999998,2026-03-14,Disputed
INV07438,S050458,C00236,2024-06-05,19797.690000000002,3563.5842000000002,2024-06-05,Paid
INV07439,S060873,C00368,2025-07-01,20689.73,3724.1513999999997,2025-07-01,Overdue
INV07440,S081756,C00130,2025-06-09,31841.79,5731.5222,2025-06-09,Paid
INV07441,S004626,C00440,2026-01-07,27814.57,5006.6226,2026-01-07,Pending
INV07442,S036277,C00082,2024-10-23,18486.25,3327.525,2024-10-23,Paid
INV07443,S055187,C00028,2024-08-30,49722.94,8950.1292,2024-08-30,Disputed
INV07444,S012268,C00531,2025-05-29,15547.86,2798.6148,2025-05-29,Pending
INV07445,S018723,C00755,2025-10-31,41670.729999999996,7500.731399999999,2025-10-31,Overdue
INV07446,S038744,C00591,2026-01-09,11193.68,2014.8624,2026-01-09,Paid
INV07447,S000446,C00883,2025-01-26,6503.46,1170.6227999999999,2025-01-26,Disputed
INV07448,S081306,C00213,2025-02-28,49558.28,8920.490399999999,2025-02-28,Pending
INV07449,S053629,C00530,2025-07-02,12702.119999999999,2286.3815999999997,2025-07-02,Pending
INV07450,S040874,C00745,2024-06-16,17978.120000000003,3236.0616000000005,2024-06-16,Paid
INV07451,S038798,C00783,2024-08-27,37440.53,6739.2954,2024-08-27,Overdue
INV07452,S021046,C00413,2025-08-02,61430.42,11057.4756,2025-08-02,Disputed
INV07453,S019918,C00279,2025-11-03,40254.66,7245.8388,2025-11-03,Paid
INV07454,S080261,C00114,2024-10-31,50844.81,9152.065799999998,2024-10-31,Paid
INV07455,S092123,C00305,2026-01-24,19656.12,3538.1015999999995,2026-01-24,Paid
INV07456,S023084,C00038,2024-10-12,37008.54,6661.5372,2024-10-12,Pending
INV07457,S057161,C00539,2024-10-25,41051.91,7389.343800000001,2024-10-25,Overdue
INV07458,S014882,C00475,2025-08-03,28281.370000000003,5090.6466,2025-08-03,Overdue
INV07459,S086230,C00434,2025-10-14,24111.050000000003,4339.9890000000005,2025-10-14,Paid
INV07460,S002670,C00889,2025-01-15,40274.54,7249.4172,2025-01-15,Pending
INV07461,S026505,C00424,2024-06-20,42167.16,7590.0888,2024-06-20,Overdue
INV07462,S077712,C00318,2024-06-22,32704.66,5886.8387999999995,2024-06-22,Paid
INV07463,S016263,C00117,2024-09-17,52925.62,9526.6116,2024-09-17,Paid
INV07464,S009340,C00261,2024-11-02,58145.21,10466.137799999999,2024-11-02,Pending
INV07465,S007457,C00006,2025-06-22,23253.66,4185.6588,2025-06-22,Pending
INV07466,S002950,C00981,2024-10-05,24929.940000000002,4487.3892000000005,2024-10-05,Paid
INV07467,S080439,C00448,2024-06-14,31940.57,5749.3026,2024-06-14,Pending
INV07468,S003615,C00648,2026-03-02,13805.259999999998,2484.9467999999997,2026-03-02,Overdue
INV07469,S079140,C00567,2025-12-15,31111.32,5600.0376,2025-12-15,Overdue
INV07470,S061883,C00769,2024-11-24,42801.950000000004,7704.351000000001,2024-11-24,Overdue
INV07471,S085479,C00655,2026-05-27,30914.47,5564.6046,2026-05-27,Pending
INV07472,S089638,C00280,2024-09-01,41145.770000000004,7406.238600000001,2024-09-01,Paid
INV07473,S044670,C00150,2025-06-13,32876.17,5917.710599999999,2025-06-13,Pending
INV07474,S082157,C00594,2025-02-05,51536.03,9276.4854,2025-02-05,Overdue
INV07475,S009741,C00962,2025-06-02,39515.53999999999,7112.797199999998,2025-06-02,Pending
INV07476,S092559,C00524,2026-04-12,52983.399999999994,9537.011999999999,2026-04-12,Overdue
INV07477,S016801,C00447,2026-03-15,48664.19,8759.5542,2026-03-15,Paid
INV07478,S086287,C00344,2024-12-10,48464.86,8723.6748,2024-12-10,Disputed
INV07479,S080634,C00658,2026-02-07,15639.380000000001,2815.0884,2026-02-07,Paid
INV07480,S014793,C00447,2026-01-06,27085.91,4875.4637999999995,2026-01-06,Paid
INV07481,S060540,C00948,2026-05-21,25712.73,4628.2914,2026-05-21,Overdue
INV07482,S002474,C00848,2024-10-16,14905.580000000002,2683.0044000000003,2024-10-16,Paid
INV07483,S090670,C00161,2025-01-07,25510.25,4591.845,2025-01-07,Overdue
INV07484,S009826,C00519,2024-07-31,31127.32,5602.9176,2024-07-31,Pending
INV07485,S098209,C00039,2025-07-14,47112.97,8480.3346,2025-07-14,Overdue
INV07486,S041484,C00069,2024-09-26,29535.0,5316.3,2024-09-26,Pending
INV07487,S069366,C00635,2024-06-22,54638.009999999995,9834.841799999998,2024-06-22,Pending
INV07488,S030196,C00990,2025-06-23,39273.71,7069.2678,2025-06-23,Paid
INV07489,S023139,C00067,2026-02-14,29232.08,5261.7744,2026-02-14,Disputed
INV07490,S062251,C00443,2025-04-03,15111.009999999998,2719.9817999999996,2025-04-03,Overdue
INV07491,S043859,C00583,2025-09-24,14565.16,2621.7288,2025-09-24,Pending
INV07492,S008507,C00920,2025-09-10,38865.520000000004,6995.793600000001,2025-09-10,Pending
INV07493,S066127,C00480,2026-03-28,48736.700000000004,8772.606,2026-03-28,Paid
INV07494,S049950,C00255,2026-04-21,40210.72,7237.9296,2026-04-21,Pending
INV07495,S061436,C00660,2024-06-06,22541.89,4057.5402,2024-06-06,Disputed
INV07496,S015748,C00597,2025-10-31,60492.17,10888.5906,2025-10-31,Pending
INV07497,S000663,C00197,2025-06-30,18673.21,3361.1778,2025-06-30,Disputed
INV07498,S093577,C00270,2024-08-01,49962.07,8993.1726,2024-08-01,Disputed
INV07499,S068381,C00636,2026-03-19,41641.04,7495.3872,2026-03-19,Overdue
INV07500,S075656,C00437,2025-01-08,15575.13,2803.5233999999996,2025-01-08,Overdue
INV07501,S011185,C00923,2026-03-12,40623.98,7312.316400000001,2026-03-12,Paid
INV07502,S080476,C00921,2025-05-25,56743.509999999995,10213.831799999998,2025-05-25,Overdue
INV07503,S069647,C00852,2024-11-22,33763.65,6077.457,2024-11-22,Pending
INV07504,S045910,C00966,2025-10-17,15618.970000000001,2811.4146,2025-10-17,Disputed
INV07505,S076566,C00759,2026-05-27,36605.75,6589.035,2026-05-27,Overdue
INV07506,S039474,C00261,2025-08-14,32643.030000000002,5875.7454,2025-08-14,Pending
INV07507,S026688,C00760,2025-02-03,19661.260000000002,3539.0268,2025-02-03,Paid
INV07508,S074416,C00783,2025-06-03,25572.5,4603.05,2025-06-03,Paid
INV07509,S097944,C00638,2024-08-22,31317.11,5637.0797999999995,2024-08-22,Pending
INV07510,S090821,C00296,2025-11-29,41381.84,7448.731199999999,2025-11-29,Paid
INV07511,S065558,C00506,2024-11-01,32844.73,5912.0514,2024-11-01,Overdue
INV07512,S038707,C00947,2024-07-17,8745.560000000001,1574.2008,2024-07-17,Paid
INV07513,S001576,C00650,2026-05-12,43455.53,7821.9954,2026-05-12,Overdue
INV07514,S066452,C00897,2025-10-15,28563.0,5141.34,2025-10-15,Overdue
INV07515,S018521,C00681,2024-08-11,24447.120000000003,4400.4816,2024-08-11,Disputed
INV07516,S003408,C00971,2025-09-12,28367.159999999996,5106.0887999999995,2025-09-12,Overdue
INV07517,S079897,C00739,2026-04-26,14540.59,2617.3062,2026-04-26,Pending
INV07518,S005240,C00732,2026-05-16,16937.43,3048.7374,2026-05-16,Disputed
INV07519,S007084,C00616,2026-05-24,19441.579999999998,3499.4843999999994,2026-05-24,Overdue
INV07520,S087703,C00291,2024-06-20,55910.399999999994,10063.872,2024-06-20,Disputed
INV07521,S058092,C00473,2024-07-05,22023.71,3964.2677999999996,2024-07-05,Paid
INV07522,S049995,C00528,2025-04-17,41001.83,7380.3294,2025-04-17,Paid
INV07523,S099706,C00467,2025-06-16,48949.33,8810.8794,2025-06-16,Disputed
INV07524,S072897,C00524,2025-06-26,55133.2,9923.975999999999,2025-06-26,Disputed
INV07525,S027665,C00758,2026-03-25,22864.97,4115.6946,2026-03-25,Paid
INV07526,S007892,C00827,2025-07-01,45254.130000000005,8145.7434,2025-07-01,Pending
INV07527,S022927,C00893,2024-06-05,22111.21,3980.0177999999996,2024-06-05,Disputed
INV07528,S009295,C00797,2024-09-30,54291.14,9772.4052,2024-09-30,Disputed
INV07529,S067760,C00030,2025-08-15,47093.670000000006,8476.8606,2025-08-15,Overdue
INV07530,S074059,C00380,2025-05-01,50170.32000000001,9030.6576,2025-05-01,Pending
INV07531,S087354,C00134,2025-10-20,43244.880000000005,7784.0784,2025-10-20,Disputed
INV07532,S019359,C00872,2025-03-28,22014.52,3962.6136,2025-03-28,Paid
INV07533,S057934,C00883,2026-02-09,31849.940000000002,5732.9892,2026-02-09,Pending
INV07534,S010842,C00634,2024-12-01,12007.77,2161.3986,2024-12-01,Paid
INV07535,S028774,C00412,2025-01-14,35204.28,6336.770399999999,2025-01-14,Overdue
INV07536,S023750,C00407,2026-04-06,18446.6,3320.3879999999995,2026-04-06,Overdue
INV07537,S037988,C00917,2026-05-15,12242.289999999999,2203.6121999999996,2026-05-15,Pending
INV07538,S090876,C00880,2024-08-02,45441.87,8179.5366,2024-08-02,Pending
INV07539,S045810,C00191,2026-03-04,49126.25,8842.725,2026-03-04,Disputed
INV07540,S044106,C00093,2025-06-11,60040.22,10807.239599999999,2025-06-11,Disputed
INV07541,S051377,C00995,2024-08-02,38376.8,6907.8240000000005,2024-08-02,Pending
INV07542,S044728,C00715,2024-07-28,49154.72,8847.8496,2024-07-28,Pending
INV07543,S044851,C00277,2025-02-03,40802.07,7344.3726,2025-02-03,Paid
INV07544,S094749,C00583,2024-11-05,40970.83,7374.7494,2024-11-05,Paid
INV07545,S026102,C00588,2026-05-10,11106.67,1999.2006,2026-05-10,Overdue
INV07546,S037748,C00831,2024-06-30,54643.119999999995,9835.761599999998,2024-06-30,Disputed
INV07547,S081803,C00867,2024-08-07,25631.92,4613.745599999999,2024-08-07,Disputed
INV07548,S049139,C00897,2024-07-22,26341.120000000003,4741.4016,2024-07-22,Overdue
INV07549,S045769,C00698,2025-09-04,22128.34,3983.1012,2025-09-04,Pending
INV07550,S001145,C00973,2024-12-29,28767.97,5178.2346,2024-12-29,Pending
INV07551,S021592,C00060,2025-04-23,30183.37,5433.0066,2025-04-23,Pending
INV07552,S060845,C00011,2024-07-01,29381.12,5288.6016,2024-07-01,Pending
INV07553,S056051,C00494,2026-03-11,54143.03,9745.7454,2026-03-11,Disputed
INV07554,S096888,C00643,2024-08-21,23900.64,4302.1152,2024-08-21,Disputed
INV07555,S081851,C00833,2024-11-24,40046.36,7208.3448,2024-11-24,Disputed
INV07556,S060358,C00730,2025-05-10,32431.06,5837.5908,2025-05-10,Pending
INV07557,S001281,C00296,2024-07-23,41743.31,7513.795799999999,2024-07-23,Disputed
INV07558,S077060,C00406,2024-07-22,48346.81,8702.425799999999,2024-07-22,Pending
INV07559,S065063,C00349,2025-01-10,28276.09,5089.696199999999,2025-01-10,Pending
INV07560,S090673,C00739,2024-06-09,8935.06,1608.3107999999997,2024-06-09,Pending
INV07561,S038735,C00550,2025-03-28,51805.71,9325.0278,2025-03-28,Disputed
INV07562,S075293,C00365,2024-11-20,51984.5,9357.21,2024-11-20,Paid
INV07563,S068333,C00806,2024-07-05,19131.66,3443.6987999999997,2024-07-05,Disputed
INV07564,S025187,C00916,2025-10-18,24284.64,4371.2352,2025-10-18,Disputed
INV07565,S075380,C00227,2026-05-27,31027.07,5584.8726,2026-05-27,Paid
INV07566,S023127,C00491,2025-06-08,53092.88,9556.7184,2025-06-08,Pending
INV07567,S045540,C00335,2026-01-04,32236.65,5802.597,2026-01-04,Disputed
INV07568,S074782,C00856,2024-06-21,36030.57,6485.5026,2024-06-21,Overdue
INV07569,S039508,C00730,2025-09-24,20553.56,3699.6408,2025-09-24,Pending
INV07570,S039220,C00435,2024-11-24,30599.899999999998,5507.981999999999,2024-11-24,Pending
INV07571,S076018,C00337,2025-06-03,20275.989999999998,3649.6781999999994,2025-06-03,Paid
INV07572,S072153,C00277,2025-08-31,56788.99,10222.018199999999,2025-08-31,Disputed
INV07573,S034414,C00980,2026-03-15,60232.479999999996,10841.846399999999,2026-03-15,Overdue
INV07574,S070519,C00678,2025-12-31,41334.74,7440.253199999999,2025-12-31,Disputed
INV07575,S000610,C00213,2026-03-12,37492.939999999995,6748.729199999999,2026-03-12,Pending
INV07576,S072983,C00149,2025-11-18,13023.28,2344.1904,2025-11-18,Paid
INV07577,S056206,C00327,2025-04-19,32762.379999999997,5897.228399999999,2025-04-19,Pending
INV07578,S077422,C00027,2026-03-14,26606.87,4789.236599999999,2026-03-14,Paid
INV07579,S038607,C00743,2025-12-09,55922.54,10066.0572,2025-12-09,Disputed
INV07580,S091818,C00214,2025-02-19,37989.350000000006,6838.0830000000005,2025-02-19,Overdue
INV07581,S036404,C00839,2025-08-15,43860.2,7894.835999999999,2025-08-15,Overdue
INV07582,S002321,C00824,2025-04-25,42968.89,7734.4002,2025-04-25,Pending
INV07583,S008887,C00898,2025-08-04,31289.66,5632.1388,2025-08-04,Paid
INV07584,S055923,C00109,2026-03-03,53365.28,9605.750399999999,2026-03-03,Paid
INV07585,S059280,C00044,2025-09-16,58500.06,10530.0108,2025-09-16,Pending
INV07586,S085459,C00861,2025-05-11,35977.86,6476.0148,2025-05-11,Disputed
INV07587,S000080,C00617,2024-10-13,52178.71,9392.1678,2024-10-13,Disputed
INV07588,S019434,C00007,2025-04-22,37134.47,6684.2046,2025-04-22,Disputed
INV07589,S073098,C00760,2024-07-21,15308.59,2755.5461999999998,2024-07-21,Disputed
INV07590,S058474,C00081,2025-09-01,50899.18,9161.8524,2025-09-01,Disputed
INV07591,S071307,C00959,2025-07-09,31455.719999999998,5662.029599999999,2025-07-09,Paid
INV07592,S071747,C00677,2026-02-24,58949.65,10610.937,2026-02-24,Disputed
INV07593,S063625,C00096,2025-11-04,50861.34,9155.0412,2025-11-04,Overdue
INV07594,S023757,C00458,2026-03-26,25163.17,4529.370599999999,2026-03-26,Pending
INV07595,S091851,C00192,2025-04-15,32036.69,5766.6042,2025-04-15,Paid
INV07596,S056820,C00585,2025-07-12,21365.84,3845.8512,2025-07-12,Pending
INV07597,S086313,C00268,2025-08-25,33573.92,6043.3056,2025-08-25,Overdue
INV07598,S039597,C00515,2024-06-16,13927.26,2506.9067999999997,2024-06-16,Paid
INV07599,S045927,C00912,2024-06-03,16380.19,2948.4342,2024-06-03,Pending
INV07600,S037846,C00512,2025-07-01,32613.26,5870.386799999999,2025-07-01,Paid
INV07601,S046261,C00781,2026-05-16,13019.89,2343.5802,2026-05-16,Overdue
INV07602,S036693,C00249,2026-02-24,29623.17,5332.1705999999995,2026-02-24,Disputed
INV07603,S043341,C00765,2024-08-16,35200.28,6336.050399999999,2024-08-16,Overdue
INV07604,S092293,C00128,2025-12-03,35890.1,6460.218,2025-12-03,Paid
INV07605,S054122,C00506,2025-06-17,19286.15,3471.507,2025-06-17,Paid
INV07606,S010049,C00126,2026-01-07,47842.96,8611.7328,2026-01-07,Disputed
INV07607,S059994,C00169,2026-01-29,21036.57,3786.5825999999997,2026-01-29,Paid
INV07608,S081040,C00850,2024-10-06,19005.559999999998,3421.0007999999993,2024-10-06,Disputed
INV07609,S001931,C00262,2025-01-31,17837.26,3210.7067999999995,2025-01-31,Paid
INV07610,S014188,C00127,2025-02-13,33762.0,6077.16,2025-02-13,Paid
INV07611,S071662,C00036,2025-02-06,29603.3,5328.594,2025-02-06,Disputed
INV07612,S064348,C00643,2025-07-01,19722.32,3550.0175999999997,2025-07-01,Paid
INV07613,S004489,C00626,2026-05-08,58255.46,10485.9828,2026-05-08,Disputed
INV07614,S073346,C00088,2025-03-05,41674.31,7501.375799999999,2025-03-05,Overdue
INV07615,S090932,C00194,2024-07-09,27796.57,5003.3826,2024-07-09,Pending
INV07616,S070359,C00083,2024-07-25,13234.539999999999,2382.2171999999996,2024-07-25,Pending
INV07617,S060352,C00060,2025-09-29,43055.11,7749.9198,2025-09-29,Paid
INV07618,S062018,C00299,2025-08-28,35494.64,6389.035199999999,2025-08-28,Pending
INV07619,S085967,C00548,2026-01-25,12515.76,2252.8368,2026-01-25,Overdue
INV07620,S090665,C00072,2025-09-22,10228.34,1841.1012,2025-09-22,Pending
INV07621,S048438,C00316,2025-06-06,31208.64,5617.5552,2025-06-06,Disputed
INV07622,S053384,C00289,2025-11-13,20905.77,3763.0386,2025-11-13,Overdue
INV07623,S041138,C00823,2026-05-19,47349.09,8522.8362,2026-05-19,Pending
INV07624,S035305,C00996,2024-08-25,28427.239999999998,5116.9032,2024-08-25,Pending
INV07625,S066119,C00610,2025-04-01,56408.03,10153.445399999999,2025-04-01,Paid
INV07626,S057701,C00722,2025-03-07,44303.43,7974.6174,2025-03-07,Disputed
INV07627,S041335,C00315,2025-04-12,29497.0,5309.46,2025-04-12,Pending
INV07628,S042045,C00948,2025-05-18,32885.72,5919.4296,2025-05-18,Pending
INV07629,S032849,C00439,2025-06-15,48682.369999999995,8762.826599999999,2025-06-15,Disputed
INV07630,S090805,C00626,2024-09-15,50581.34,9104.641199999998,2024-09-15,Overdue
INV07631,S032188,C00270,2025-03-15,42456.22,7642.1196,2025-03-15,Overdue
INV07632,S038787,C00555,2025-08-15,36179.93,6512.3874,2025-08-15,Paid
INV07633,S096856,C00276,2025-06-27,51081.14,9194.6052,2025-06-27,Overdue
INV07634,S013677,C00817,2025-11-08,59547.79,10718.6022,2025-11-08,Paid
INV07635,S052503,C00072,2024-08-16,25363.26,4565.386799999999,2024-08-16,Disputed
INV07636,S042557,C00027,2025-09-24,16224.009999999998,2920.3217999999997,2025-09-24,Paid
INV07637,S039908,C00873,2024-11-05,14472.18,2604.9924,2024-11-05,Paid
INV07638,S024651,C00983,2025-10-25,15714.22,2828.5595999999996,2025-10-25,Pending
INV07639,S042589,C00411,2025-10-03,47896.63,8621.393399999999,2025-10-03,Disputed
INV07640,S081046,C00151,2025-04-30,31346.309999999998,5642.335799999999,2025-04-30,Disputed
INV07641,S005474,C00336,2026-01-05,47711.25,8588.025,2026-01-05,Pending
INV07642,S034501,C00674,2025-09-25,35625.45,6412.580999999999,2025-09-25,Paid
INV07643,S020651,C00147,2025-04-01,54119.91,9741.5838,2025-04-01,Pending
INV07644,S077766,C00952,2025-01-03,48981.13,8816.6034,2025-01-03,Overdue
INV07645,S081031,C00110,2024-08-23,44965.119999999995,8093.721599999999,2024-08-23,Overdue
INV07646,S093296,C00387,2024-08-08,60961.35,10973.043,2024-08-08,Paid
INV07647,S089533,C00170,2025-01-27,53640.41,9655.2738,2025-01-27,Pending
INV07648,S079621,C00385,2025-05-22,7829.58,1409.3244,2025-05-22,Overdue
INV07649,S026303,C00671,2025-05-11,13949.2,2510.856,2025-05-11,Overdue
INV07650,S006769,C00600,2026-05-18,59203.159999999996,10656.5688,2026-05-18,Pending
INV07651,S073241,C00755,2025-07-15,14661.96,2639.1528,2025-07-15,Overdue
INV07652,S015425,C00059,2024-10-14,45920.079999999994,8265.614399999999,2024-10-14,Paid
INV07653,S033493,C00495,2025-05-03,54615.600000000006,9830.808,2025-05-03,Overdue
INV07654,S014613,C00926,2025-03-16,25267.550000000003,4548.159000000001,2025-03-16,Pending
INV07655,S023995,C00314,2025-09-22,46610.02,8389.8036,2025-09-22,Disputed
INV07656,S068536,C00650,2026-02-28,50112.38,9020.2284,2026-02-28,Overdue
INV07657,S073253,C00223,2025-06-27,22737.57,4092.7626,2025-06-27,Pending
INV07658,S040215,C00377,2025-12-13,11226.66,2020.7987999999998,2025-12-13,Disputed
INV07659,S038510,C00070,2024-07-20,46434.68,8358.2424,2024-07-20,Overdue
INV07660,S054060,C00427,2025-04-08,14159.05,2548.629,2025-04-08,Pending
INV07661,S004276,C00297,2025-09-07,51659.159999999996,9298.648799999999,2025-09-07,Disputed
INV07662,S034025,C00509,2024-08-25,11505.29,2070.9522,2024-08-25,Pending
INV07663,S014702,C00229,2026-05-21,24878.510000000002,4478.1318,2026-05-21,Overdue
INV07664,S097356,C00711,2024-11-01,27074.64,4873.4352,2024-11-01,Pending
INV07665,S004315,C00461,2025-09-14,59732.39,10751.8302,2025-09-14,Paid
INV07666,S021837,C00622,2024-10-14,49674.44,8941.3992,2024-10-14,Paid
INV07667,S047817,C00073,2025-02-15,43452.24,7821.4032,2025-02-15,Overdue
INV07668,S089352,C00568,2026-01-02,43395.06,7811.1107999999995,2026-01-02,Pending
INV07669,S043124,C00063,2026-02-01,46756.03,8416.0854,2026-02-01,Pending
INV07670,S095520,C00452,2024-12-15,56569.85,10182.572999999999,2024-12-15,Pending
INV07671,S042750,C00253,2025-12-17,12836.94,2310.6492,2025-12-17,Disputed
INV07672,S009828,C00870,2024-06-23,31307.4,5635.332,2024-06-23,Overdue
INV07673,S091014,C00377,2025-07-26,55855.58,10054.0044,2025-07-26,Paid
INV07674,S078381,C00345,2026-01-28,36136.49,6504.5682,2026-01-28,Disputed
INV07675,S062601,C00507,2025-10-06,10950.1,1971.018,2025-10-06,Paid
INV07676,S099265,C00613,2025-07-03,46836.909999999996,8430.6438,2025-07-03,Disputed
INV07677,S027309,C00187,2024-08-29,20243.22,3643.7796000000003,2024-08-29,Pending
INV07678,S063075,C00004,2025-03-14,13233.76,2382.0768,2025-03-14,Pending
INV07679,S006191,C00377,2026-06-03,13297.18,2393.4924,2026-06-03,Disputed
INV07680,S083747,C00359,2025-03-14,43974.439999999995,7915.399199999999,2025-03-14,Disputed
INV07681,S093540,C00744,2025-11-13,6803.34,1224.6012,2025-11-13,Pending
INV07682,S024480,C00695,2024-10-19,26725.0,4810.5,2024-10-19,Pending
INV07683,S008135,C00652,2025-01-02,12715.63,2288.8133999999995,2025-01-02,Overdue
INV07684,S047686,C00271,2024-06-09,29499.89,5309.9802,2024-06-09,Overdue
INV07685,S071133,C00833,2025-06-04,53304.39,9594.7902,2025-06-04,Paid
INV07686,S091138,C00697,2025-04-29,41637.74,7494.793199999999,2025-04-29,Pending
INV07687,S066583,C00190,2024-07-03,53231.28999999999,9581.632199999998,2024-07-03,Pending
INV07688,S010973,C00255,2025-05-05,50303.159999999996,9054.5688,2025-05-05,Overdue
INV07689,S046609,C00984,2024-12-10,57450.0,10341.0,2024-12-10,Disputed
INV07690,S056190,C00053,2024-07-05,46855.61,8434.0098,2024-07-05,Overdue
INV07691,S099754,C00653,2024-11-28,52670.68,9480.7224,2024-11-28,Paid
INV07692,S009858,C00325,2025-06-08,45521.0,8193.779999999999,2025-06-08,Paid
INV07693,S064316,C00173,2024-06-13,53412.05,9614.169,2024-06-13,Overdue
INV07694,S048743,C00018,2026-05-25,52006.630000000005,9361.1934,2026-05-25,Pending
INV07695,S013450,C00591,2026-05-04,53437.05,9618.669,2026-05-04,Overdue
INV07696,S038667,C00939,2024-09-27,60571.62,10902.8916,2024-09-27,Pending
INV07697,S065488,C00349,2026-04-11,24229.56,4361.3208,2026-04-11,Overdue
INV07698,S013178,C00427,2024-09-12,13330.44,2399.4792,2024-09-12,Disputed
INV07699,S088133,C00150,2026-05-02,35226.899999999994,6340.841999999999,2026-05-02,Pending
INV07700,S008580,C00803,2024-07-29,30924.77,5566.4586,2024-07-29,Paid
INV07701,S080233,C00929,2024-09-01,60322.88,10858.1184,2024-09-01,Pending
INV07702,S098840,C00328,2025-03-06,55046.979999999996,9908.4564,2025-03-06,Disputed
INV07703,S061798,C00111,2025-12-21,14062.91,2531.3237999999997,2025-12-21,Paid
INV07704,S020509,C00950,2025-10-15,16268.27,2928.2886,2025-10-15,Pending
INV07705,S034619,C00670,2025-01-14,42030.12,7565.421600000001,2025-01-14,Disputed
INV07706,S075270,C00687,2025-11-02,43185.91,7773.4638,2025-11-02,Pending
INV07707,S048627,C00372,2025-04-11,5571.88,1002.9384,2025-04-11,Paid
INV07708,S080125,C00343,2024-09-19,13709.779999999999,2467.7603999999997,2024-09-19,Paid
INV07709,S058036,C00641,2024-06-04,19430.09,3497.4162,2024-06-04,Paid
INV07710,S069763,C00240,2025-06-10,47238.79,8502.9822,2025-06-10,Paid
INV07711,S010198,C00962,2025-12-27,28216.44,5078.959199999999,2025-12-27,Disputed
INV07712,S005146,C00752,2025-10-14,38035.009999999995,6846.301799999998,2025-10-14,Disputed
INV07713,S044943,C00703,2024-10-18,7302.620000000001,1314.4716,2024-10-18,Disputed
INV07714,S091986,C00916,2026-05-08,38733.33,6971.9994,2026-05-08,Pending
INV07715,S011123,C00468,2025-12-28,51180.19,9212.4342,2025-12-28,Paid
INV07716,S081256,C00733,2025-02-28,27413.47,4934.4246,2025-02-28,Pending
INV07717,S087900,C00043,2025-05-20,32262.95,5807.331,2025-05-20,Disputed
INV07718,S033697,C00795,2024-06-22,24787.06,4461.6708,2024-06-22,Paid
INV07719,S023650,C00098,2024-10-27,36095.14,6497.1251999999995,2024-10-27,Paid
INV07720,S008454,C00108,2024-08-10,26366.23,4745.9214,2024-08-10,Disputed
INV07721,S074422,C00876,2025-01-05,41450.79,7461.1422,2025-01-05,Pending
INV07722,S052986,C00218,2026-04-06,40225.81,7240.645799999999,2026-04-06,Paid
INV07723,S069883,C00707,2024-07-08,41364.64,7445.6352,2024-07-08,Disputed
INV07724,S055376,C00949,2025-07-21,43990.59,7918.306199999999,2025-07-21,Overdue
INV07725,S040885,C00351,2025-10-14,22709.46,4087.7027999999996,2025-10-14,Disputed
INV07726,S042149,C00254,2026-01-04,50458.770000000004,9082.5786,2026-01-04,Overdue
INV07727,S077793,C00149,2025-01-15,27071.97,4872.9546,2025-01-15,Pending
INV07728,S065436,C00383,2026-03-17,13138.380000000001,2364.9084000000003,2026-03-17,Overdue
INV07729,S050337,C00264,2026-05-20,38813.51,6986.4318,2026-05-20,Pending
INV07730,S042345,C00926,2025-09-03,16216.37,2918.9466,2025-09-03,Pending
INV07731,S076437,C00295,2024-08-09,15654.189999999999,2817.7542,2024-08-09,Pending
INV07732,S075444,C00711,2026-02-03,46773.21,8419.1778,2026-02-03,Paid
INV07733,S027905,C00037,2025-11-13,54071.2,9732.815999999999,2025-11-13,Disputed
INV07734,S007720,C00964,2025-08-04,11120.68,2001.7223999999999,2025-08-04,Paid
INV07735,S096857,C00656,2024-08-02,28496.71,5129.4078,2024-08-02,Pending
INV07736,S048204,C00761,2024-08-01,44120.35,7941.663,2024-08-01,Paid
INV07737,S097052,C00120,2026-01-16,42944.34,7729.981199999999,2026-01-16,Disputed
INV07738,S080210,C00333,2026-04-10,39722.7,7150.085999999999,2026-04-10,Pending
INV07739,S009497,C00379,2025-12-11,23773.03,4279.145399999999,2025-12-11,Pending
INV07740,S082080,C00105,2024-06-10,42716.829999999994,7689.0293999999985,2024-06-10,Overdue
INV07741,S076120,C00544,2024-10-06,39363.92,7085.5055999999995,2024-10-06,Disputed
INV07742,S054346,C00246,2025-04-15,41863.03,7535.345399999999,2025-04-15,Paid
INV07743,S037098,C00370,2026-04-17,58629.630000000005,10553.333400000001,2026-04-17,Paid
INV07744,S074973,C00508,2024-09-10,22722.16,4089.9887999999996,2024-09-10,Overdue
INV07745,S029479,C00595,2025-08-01,48859.25,8794.664999999999,2025-08-01,Overdue
INV07746,S095829,C00906,2024-11-10,35274.509999999995,6349.411799999999,2024-11-10,Paid
INV07747,S042121,C00394,2025-12-07,53457.79,9622.4022,2025-12-07,Paid
INV07748,S057982,C00621,2025-08-13,41511.79,7472.1222,2025-08-13,Disputed
INV07749,S022487,C00734,2026-01-31,13283.89,2391.1002,2026-01-31,Paid
INV07750,S029229,C00025,2026-01-25,48174.14,8671.3452,2026-01-25,Overdue
INV07751,S008226,C00134,2025-04-01,43996.68,7919.4024,2025-04-01,Disputed
INV07752,S093052,C00313,2025-04-07,45275.26,8149.5468,2025-04-07,Overdue
INV07753,S057297,C00113,2025-05-23,31369.29,5646.4722,2025-05-23,Disputed
INV07754,S024618,C00418,2024-09-29,24285.36,4371.3648,2024-09-29,Pending
INV07755,S034537,C00177,2025-09-23,26000.75,4680.135,2025-09-23,Disputed
INV07756,S017330,C00879,2024-10-28,24619.510000000002,4431.5118,2024-10-28,Overdue
INV07757,S062718,C00005,2025-04-19,20762.18,3737.1924,2025-04-19,Disputed
INV07758,S040337,C00511,2024-11-09,59237.46000000001,10662.7428,2024-11-09,Paid
INV07759,S064079,C00833,2025-01-26,25568.420000000002,4602.3156,2025-01-26,Paid
INV07760,S065168,C00912,2025-08-27,19068.8,3432.3839999999996,2025-08-27,Disputed
INV07761,S056791,C00854,2024-06-15,5613.639999999999,1010.4551999999999,2024-06-15,Disputed
INV07762,S098892,C00778,2025-05-05,40189.1,7234.038,2025-05-05,Paid
INV07763,S043892,C00735,2025-03-18,19888.72,3579.9696,2025-03-18,Pending
INV07764,S019060,C00216,2025-11-26,49032.299999999996,8825.813999999998,2025-11-26,Disputed
INV07765,S028070,C00442,2026-03-16,55089.47,9916.1046,2026-03-16,Disputed
INV07766,S008526,C00765,2024-10-21,34336.649999999994,6180.596999999999,2024-10-21,Paid
INV07767,S047967,C00745,2024-12-14,15038.68,2706.9624,2024-12-14,Pending
INV07768,S036935,C00772,2025-09-25,35564.649999999994,6401.636999999999,2025-09-25,Paid
INV07769,S076813,C00343,2025-06-18,26422.77,4756.0986,2025-06-18,Paid
INV07770,S085204,C00507,2026-05-30,49808.96,8965.612799999999,2026-05-30,Overdue
INV07771,S002526,C00946,2025-03-30,48569.840000000004,8742.5712,2025-03-30,Pending
INV07772,S077284,C00295,2024-08-01,10982.88,1976.9183999999998,2024-08-01,Overdue
INV07773,S021616,C00960,2026-06-03,18288.15,3291.867,2026-06-03,Overdue
INV07774,S094368,C00829,2026-01-09,44880.44,8078.4792,2026-01-09,Pending
INV07775,S006602,C00618,2025-07-21,18132.04,3263.7672000000002,2025-07-21,Paid
INV07776,S092266,C00889,2024-08-23,34233.34,6162.001199999999,2024-08-23,Paid
INV07777,S080176,C00418,2025-01-19,59284.5,10671.21,2025-01-19,Paid
INV07778,S001163,C00086,2024-08-13,30802.84,5544.5112,2024-08-13,Pending
INV07779,S057646,C00772,2025-07-24,49236.780000000006,8862.620400000002,2025-07-24,Disputed
INV07780,S070108,C00289,2025-04-27,21625.7,3892.626,2025-04-27,Disputed
INV07781,S011244,C00907,2025-02-05,18030.29,3245.4522,2025-02-05,Paid
INV07782,S092618,C00643,2024-07-28,11135.02,2004.3036,2024-07-28,Paid
INV07783,S075927,C00639,2024-08-16,57423.649999999994,10336.256999999998,2024-08-16,Disputed
INV07784,S006422,C00475,2026-01-03,60535.1,10896.318,2026-01-03,Overdue
INV07785,S070549,C00225,2025-07-30,12433.51,2238.0317999999997,2025-07-30,Paid
INV07786,S077860,C00800,2025-01-22,60797.78,10943.6004,2025-01-22,Overdue
INV07787,S009532,C00184,2025-04-10,44687.67,8043.780599999999,2025-04-10,Paid
INV07788,S087125,C00040,2025-12-07,42261.759999999995,7607.116799999999,2025-12-07,Paid
INV07789,S091673,C00095,2025-07-20,26904.879999999997,4842.8784,2025-07-20,Pending
INV07790,S064618,C00131,2025-05-30,16417.42,2955.1355999999996,2025-05-30,Disputed
INV07791,S074929,C00495,2024-06-12,41860.37,7534.8666,2024-06-12,Paid
INV07792,S066078,C00049,2026-03-13,48929.48,8807.3064,2026-03-13,Paid
INV07793,S004625,C00728,2026-04-05,15920.650000000001,2865.717,2026-04-05,Disputed
INV07794,S076974,C00360,2026-01-20,60541.939999999995,10897.5492,2026-01-20,Pending
INV07795,S000643,C00440,2025-01-26,36289.01,6532.0218,2025-01-26,Disputed
INV07796,S065080,C00428,2026-03-09,56810.270000000004,10225.848600000001,2026-03-09,Pending
INV07797,S067528,C00733,2024-07-08,8666.63,1559.9933999999998,2024-07-08,Pending
INV07798,S031132,C00353,2025-01-16,17606.75,3169.2149999999997,2025-01-16,Pending
INV07799,S068177,C00371,2025-01-18,24618.67,4431.360599999999,2025-01-18,Disputed
INV07800,S026564,C00457,2024-09-03,15712.130000000001,2828.1834,2024-09-03,Disputed
INV07801,S043900,C00296,2026-04-08,56045.69,10088.2242,2026-04-08,Overdue
INV07802,S047146,C00163,2025-08-26,15188.810000000001,2733.9858,2025-08-26,Pending
INV07803,S093965,C00631,2026-04-16,15795.529999999999,2843.1953999999996,2026-04-16,Overdue
INV07804,S084549,C00787,2025-03-10,44025.409999999996,7924.573799999999,2025-03-10,Paid
INV07805,S084725,C00791,2026-04-01,17821.22,3207.8196000000003,2026-04-01,Paid
INV07806,S001887,C00576,2026-01-11,21152.17,3807.3905999999997,2026-01-11,Disputed
INV07807,S097129,C00908,2025-05-28,38144.58,6866.0244,2025-05-28,Overdue
INV07808,S009002,C00778,2025-03-24,59566.08,10721.8944,2025-03-24,Paid
INV07809,S063732,C00837,2026-01-29,15513.68,2792.4624,2026-01-29,Paid
INV07810,S079680,C00086,2024-11-12,39127.89,7043.0202,2024-11-12,Pending
INV07811,S038423,C00233,2025-11-14,31802.78,5724.5004,2025-11-14,Overdue
INV07812,S050243,C00790,2026-01-21,37440.62,6739.3116,2026-01-21,Overdue
INV07813,S057798,C00886,2026-01-29,37661.270000000004,6779.028600000001,2026-01-29,Disputed
INV07814,S051924,C00525,2025-12-04,23544.25,4237.965,2025-12-04,Pending
INV07815,S014227,C00261,2024-07-13,23682.59,4262.8661999999995,2024-07-13,Paid
INV07816,S075142,C00464,2026-06-01,31917.49,5745.1482,2026-06-01,Disputed
INV07817,S086994,C00394,2025-03-14,23990.260000000002,4318.2468,2025-03-14,Pending
INV07818,S034374,C00911,2024-11-13,58185.8,10473.444,2024-11-13,Disputed
INV07819,S002792,C00064,2025-02-06,19206.08,3457.0944000000004,2025-02-06,Disputed
INV07820,S084950,C00680,2026-01-18,37216.17,6698.910599999999,2026-01-18,Paid
INV07821,S061241,C00288,2026-02-06,50179.58,9032.3244,2026-02-06,Pending
INV07822,S090388,C00976,2025-01-20,46689.770000000004,8404.1586,2025-01-20,Pending
INV07823,S011398,C00790,2024-09-05,58081.880000000005,10454.7384,2024-09-05,Paid
INV07824,S053011,C00387,2025-02-10,18938.16,3408.8687999999997,2025-02-10,Pending
INV07825,S032794,C00218,2025-12-23,56424.6,10156.428,2025-12-23,Pending
INV07826,S073529,C00558,2025-07-17,48752.659999999996,8775.478799999999,2025-07-17,Overdue
INV07827,S058303,C00160,2024-09-28,54095.89,9737.260199999999,2024-09-28,Pending
INV07828,S013119,C00296,2024-06-18,41427.87,7457.0166,2024-06-18,Disputed
INV07829,S060441,C00613,2024-11-20,49702.299999999996,8946.413999999999,2024-11-20,Overdue
INV07830,S085212,C00584,2026-04-16,57116.93,10281.0474,2026-04-16,Paid
INV07831,S061771,C00457,2025-04-16,27549.83,4958.9694,2025-04-16,Paid
INV07832,S095369,C00097,2025-04-06,30352.239999999998,5463.4032,2025-04-06,Paid
INV07833,S036708,C00444,2026-04-23,57344.299999999996,10321.973999999998,2026-04-23,Disputed
INV07834,S036185,C00155,2025-11-10,19293.32,3472.7976,2025-11-10,Pending
INV07835,S079025,C00789,2025-08-22,37633.479999999996,6774.026399999999,2025-08-22,Pending
INV07836,S018120,C00775,2024-07-25,14404.96,2592.8927999999996,2024-07-25,Disputed
INV07837,S020879,C00363,2024-10-27,28238.090000000004,5082.8562,2024-10-27,Disputed
INV07838,S015048,C00307,2026-05-01,55124.86,9922.4748,2026-05-01,Paid
INV07839,S027433,C00037,2025-04-09,18693.620000000003,3364.8516000000004,2025-04-09,Paid
INV07840,S078259,C00939,2025-03-07,48517.67,8733.1806,2025-03-07,Paid
INV07841,S053287,C00903,2026-04-26,54586.51,9825.5718,2026-04-26,Pending
INV07842,S036947,C00438,2024-12-19,32863.42,5915.415599999999,2024-12-19,Paid
INV07843,S011397,C00473,2026-05-27,23822.0,4287.96,2026-05-27,Paid
INV07844,S039422,C00955,2025-09-26,55393.0,9970.74,2025-09-26,Disputed
INV07845,S080083,C00078,2026-02-04,19151.41,3447.2538,2026-02-04,Overdue
INV07846,S041209,C00645,2024-10-30,40524.89,7294.4802,2024-10-30,Overdue
INV07847,S082883,C00678,2025-08-26,40142.04,7225.5671999999995,2025-08-26,Paid
INV07848,S030674,C00609,2025-08-16,15628.27,2813.0886,2025-08-16,Paid
INV07849,S085510,C00450,2025-11-21,42966.719999999994,7734.0095999999985,2025-11-21,Pending
INV07850,S001264,C00757,2025-09-07,20239.809999999998,3643.1657999999993,2025-09-07,Paid
INV07851,S033363,C00933,2025-12-03,48537.200000000004,8736.696,2025-12-03,Paid
INV07852,S046455,C00572,2025-11-26,37395.64,6731.2152,2025-11-26,Disputed
INV07853,S090835,C00417,2025-09-27,19845.559999999998,3572.2007999999996,2025-09-27,Disputed
INV07854,S011100,C00480,2025-08-13,46215.8,8318.844000000001,2025-08-13,Pending
INV07855,S007719,C00420,2025-07-28,20111.57,3620.0825999999997,2025-07-28,Disputed
INV07856,S051853,C00204,2026-01-29,20048.34,3608.7012,2026-01-29,Pending
INV07857,S069497,C00441,2025-03-06,14587.39,2625.7302,2025-03-06,Overdue
INV07858,S057257,C00219,2024-09-06,54865.049999999996,9875.708999999999,2024-09-06,Disputed
INV07859,S072173,C00801,2026-05-12,37221.24,6699.8232,2026-05-12,Paid
INV07860,S055881,C00088,2025-02-06,6394.65,1151.0369999999998,2025-02-06,Pending
INV07861,S063468,C00579,2026-01-04,25356.95,4564.251,2026-01-04,Disputed
INV07862,S039267,C00554,2024-09-30,30146.440000000002,5426.3592,2024-09-30,Pending
INV07863,S041168,C00639,2025-09-20,44511.83,8012.1294,2025-09-20,Paid
INV07864,S016808,C00085,2024-11-12,18955.41,3411.9737999999998,2024-11-12,Overdue
INV07865,S038184,C00119,2026-03-20,21315.04,3836.7072,2026-03-20,Disputed
INV07866,S075273,C00242,2025-05-18,52389.14,9430.045199999999,2025-05-18,Disputed
INV07867,S020480,C00903,2025-05-11,35906.32,6463.1376,2025-05-11,Overdue
INV07868,S075605,C00407,2025-03-04,38496.88,6929.438399999999,2025-03-04,Overdue
INV07869,S057078,C00889,2024-10-05,53037.97,9546.8346,2024-10-05,Disputed
INV07870,S004177,C00391,2024-12-07,23132.64,4163.8751999999995,2024-12-07,Paid
INV07871,S080768,C00716,2026-05-18,23169.72,4170.5496,2026-05-18,Disputed
INV07872,S032268,C00372,2025-06-13,28189.309999999998,5074.0758,2025-06-13,Disputed
INV07873,S017302,C00806,2026-05-30,10793.2,1942.776,2026-05-30,Disputed
INV07874,S075173,C00065,2025-03-03,9055.45,1629.981,2025-03-03,Disputed
INV07875,S087723,C00489,2026-02-05,22367.7,4026.186,2026-02-05,Paid
INV07876,S021248,C00686,2024-08-12,55158.53,9928.535399999999,2024-08-12,Overdue
INV07877,S024659,C00247,2025-02-10,27116.39,4880.950199999999,2025-02-10,Disputed
INV07878,S015928,C00146,2026-03-07,56155.85,10108.053,2026-03-07,Overdue
INV07879,S051676,C00615,2026-03-09,10258.369999999999,1846.5065999999997,2026-03-09,Pending
INV07880,S004683,C00572,2025-12-06,54520.17999999999,9813.632399999999,2025-12-06,Pending
INV07881,S079192,C00273,2024-07-18,15738.89,2833.0002,2024-07-18,Paid
INV07882,S025596,C00830,2025-07-20,35397.06,6371.470799999999,2025-07-20,Overdue
INV07883,S084709,C00116,2024-08-08,35825.71,6448.627799999999,2024-08-08,Overdue
INV07884,S034705,C00256,2024-12-09,45113.369999999995,8120.406599999998,2024-12-09,Paid
INV07885,S097370,C00019,2025-07-24,26215.58,4718.8044,2025-07-24,Paid
INV07886,S092654,C00812,2026-02-21,48166.6,8669.988,2026-02-21,Disputed
INV07887,S009449,C00922,2024-11-28,5508.700000000001,991.5660000000001,2024-11-28,Disputed
INV07888,S007694,C00419,2026-01-06,32583.760000000002,5865.0768,2026-01-06,Disputed
INV07889,S010597,C00846,2025-03-31,54360.45,9784.881,2025-03-31,Pending
INV07890,S047811,C00244,2025-06-26,13038.97,2347.0146,2025-06-26,Overdue
INV07891,S032290,C00491,2024-09-28,38403.22,6912.5796,2024-09-28,Disputed
INV07892,S095492,C00490,2025-02-17,43844.85,7892.072999999999,2025-02-17,Paid
INV07893,S008734,C00057,2024-09-03,19269.6,3468.528,2024-09-03,Pending
INV07894,S070434,C00313,2025-01-27,37139.43,6685.0974,2025-01-27,Overdue
INV07895,S062540,C00859,2025-03-04,36520.36,6573.6648,2025-03-04,Overdue
INV07896,S006848,C00674,2025-07-13,49764.09,8957.536199999999,2025-07-13,Overdue
INV07897,S031978,C00737,2024-12-14,32003.52,5760.6336,2024-12-14,Paid
INV07898,S074867,C00224,2024-12-29,19419.4,3495.492,2024-12-29,Pending
INV07899,S021417,C00470,2025-09-13,22322.63,4018.0734,2025-09-13,Paid
INV07900,S093947,C00265,2024-06-25,31819.21,5727.457799999999,2024-06-25,Disputed
INV07901,S009676,C00130,2024-09-03,22053.079999999998,3969.5543999999995,2024-09-03,Overdue
INV07902,S030682,C00115,2024-11-27,26237.8,4722.804,2024-11-27,Overdue
INV07903,S016096,C00958,2025-12-06,48526.9,8734.842,2025-12-06,Paid
INV07904,S012371,C00073,2025-05-27,42847.45,7712.540999999999,2025-05-27,Paid
INV07905,S073784,C00156,2025-02-08,24044.27,4327.9686,2025-02-08,Disputed
INV07906,S012490,C00419,2026-03-15,47548.94,8558.8092,2026-03-15,Pending
INV07907,S019614,C00787,2025-03-11,30744.67,5534.040599999999,2025-03-11,Overdue
INV07908,S084195,C00926,2025-09-20,50972.770000000004,9175.098600000001,2025-09-20,Overdue
INV07909,S017071,C00538,2025-03-22,13938.82,2508.9876,2025-03-22,Disputed
INV07910,S042173,C00668,2025-06-28,25802.82,4644.5076,2025-06-28,Paid
INV07911,S095217,C00225,2025-03-25,46172.85,8311.113,2025-03-25,Overdue
INV07912,S054743,C00666,2025-09-10,18756.0,3376.08,2025-09-10,Pending
INV07913,S023407,C00769,2025-01-17,56417.1,10155.078,2025-01-17,Disputed
INV07914,S065332,C00251,2025-01-28,21557.510000000002,3880.3518000000004,2025-01-28,Overdue
INV07915,S046520,C00714,2026-05-19,47067.15,8472.087,2026-05-19,Overdue
INV07916,S051128,C00594,2024-07-22,47215.549999999996,8498.798999999999,2024-07-22,Overdue
INV07917,S079992,C00648,2025-09-28,45793.11,8242.7598,2025-09-28,Disputed
INV07918,S054721,C00733,2026-06-02,21353.49,3843.6282,2026-06-02,Disputed
INV07919,S098955,C00458,2025-05-13,36215.25,6518.745,2025-05-13,Pending
INV07920,S075849,C00532,2026-03-28,41738.76,7512.9768,2026-03-28,Disputed
INV07921,S061150,C00424,2024-12-06,48767.05,8778.069,2024-12-06,Overdue
INV07922,S041688,C00092,2026-02-12,21553.73,3879.6713999999997,2026-02-12,Paid
INV07923,S095431,C00316,2024-08-01,52692.32000000001,9484.617600000001,2024-08-01,Disputed
INV07924,S022764,C00748,2026-05-30,33280.78,5990.5404,2026-05-30,Disputed
INV07925,S058816,C00870,2025-11-08,54298.92,9773.8056,2025-11-08,Overdue
INV07926,S069635,C00442,2025-06-08,22999.420000000002,4139.8956,2025-06-08,Paid
INV07927,S022598,C00699,2025-11-11,50819.78,9147.5604,2025-11-11,Pending
INV07928,S003584,C00897,2025-11-02,53348.42999999999,9602.717399999998,2025-11-02,Paid
INV07929,S079606,C00816,2026-01-08,50557.490000000005,9100.3482,2026-01-08,Pending
INV07930,S017405,C00198,2024-11-23,15720.19,2829.6342,2024-11-23,Overdue
INV07931,S044414,C00460,2025-10-13,52141.799999999996,9385.524,2025-10-13,Disputed
INV07932,S078185,C00725,2025-06-03,56670.11,10200.6198,2025-06-03,Pending
INV07933,S050676,C00116,2025-11-25,36238.79,6522.9821999999995,2025-11-25,Overdue
INV07934,S063921,C00027,2025-02-03,36128.75,6503.175,2025-02-03,Paid
INV07935,S064223,C00003,2024-07-18,45659.43,8218.6974,2024-07-18,Overdue
INV07936,S005366,C00033,2026-06-02,34132.59,6143.8661999999995,2026-06-02,Pending
INV07937,S024102,C00989,2026-05-12,12120.5,2181.69,2026-05-12,Overdue
INV07938,S079702,C00568,2025-01-23,21915.71,3944.8277999999996,2025-01-23,Overdue
INV07939,S071029,C00394,2025-09-11,42611.189999999995,7670.014199999999,2025-09-11,Disputed
INV07940,S042481,C00217,2025-05-03,52196.700000000004,9395.406,2025-05-03,Disputed
INV07941,S034028,C00582,2024-07-03,14856.41,2674.1538,2024-07-03,Pending
INV07942,S058085,C00159,2024-07-16,30090.08,5416.2144,2024-07-16,Pending
INV07943,S082716,C00397,2025-08-28,37285.67,6711.4205999999995,2025-08-28,Disputed
INV07944,S069494,C00682,2024-11-15,15538.91,2797.0038,2024-11-15,Disputed
INV07945,S090173,C00032,2025-02-17,28794.28,5182.970399999999,2025-02-17,Overdue
INV07946,S046033,C00151,2024-10-03,57453.399999999994,10341.612,2024-10-03,Overdue
INV07947,S019441,C00744,2025-05-08,46668.07,8400.2526,2025-05-08,Overdue
INV07948,S016209,C00837,2024-09-17,36314.56,6536.6208,2024-09-17,Disputed
INV07949,S039428,C00958,2026-04-11,46877.92,8438.025599999999,2026-04-11,Pending
INV07950,S011204,C00507,2024-07-06,13452.79,2421.5022,2024-07-06,Disputed
INV07951,S012561,C00710,2025-11-09,23041.54,4147.4772,2025-11-09,Overdue
INV07952,S002486,C00225,2024-12-02,18475.54,3325.5972,2024-12-02,Disputed
INV07953,S078309,C00931,2026-05-03,29098.09,5237.656199999999,2026-05-03,Overdue
INV07954,S044930,C00968,2025-05-26,21430.510000000002,3857.4918000000002,2025-05-26,Overdue
INV07955,S074705,C00225,2024-06-03,37847.47,6812.5446,2024-06-03,Paid
INV07956,S071314,C00862,2026-01-07,37199.03,6695.8254,2026-01-07,Pending
INV07957,S022957,C00340,2024-07-10,21175.47,3811.5846,2024-07-10,Pending
INV07958,S006806,C00968,2026-05-21,43507.63,7831.3733999999995,2026-05-21,Disputed
INV07959,S029483,C00686,2025-03-20,8050.21,1449.0378,2025-03-20,Disputed
INV07960,S064398,C00235,2025-05-26,31688.29,5703.8922,2025-05-26,Paid
INV07961,S038200,C00112,2026-05-05,13258.37,2386.5066,2026-05-05,Overdue
INV07962,S045523,C00506,2025-08-19,24779.41,4460.2937999999995,2025-08-19,Pending
INV07963,S019153,C00935,2024-08-12,23287.32,4191.7176,2024-08-12,Disputed
INV07964,S090096,C00597,2026-05-21,46062.29,8291.2122,2026-05-21,Paid
INV07965,S026049,C00697,2025-04-15,39582.4,7124.832,2025-04-15,Overdue
INV07966,S002566,C00611,2024-09-27,15156.5,2728.17,2024-09-27,Overdue
INV07967,S078215,C00259,2025-11-01,25159.72,4528.7496,2025-11-01,Disputed
INV07968,S047799,C00953,2025-12-21,20839.89,3751.1802,2025-12-21,Pending
INV07969,S021922,C00148,2025-06-04,16262.4,2927.232,2025-06-04,Disputed
INV07970,S013867,C00874,2024-12-03,48688.72,8763.9696,2024-12-03,Overdue
INV07971,S060956,C00318,2025-10-29,33113.16,5960.3688,2025-10-29,Overdue
INV07972,S070603,C00711,2024-07-15,40447.229999999996,7280.501399999999,2024-07-15,Overdue
INV07973,S015222,C00691,2024-10-18,51392.29,9250.6122,2024-10-18,Pending
INV07974,S033662,C00639,2025-06-24,18698.02,3365.6436,2025-06-24,Paid
INV07975,S049746,C00062,2024-11-04,43049.200000000004,7748.856000000001,2024-11-04,Disputed
INV07976,S054630,C00884,2025-10-02,39065.0,7031.7,2025-10-02,Pending
INV07977,S019850,C00655,2025-12-08,10705.130000000001,1926.9234000000001,2025-12-08,Pending
INV07978,S007911,C00070,2025-06-07,30744.54,5534.0172,2025-06-07,Pending
INV07979,S045463,C00105,2025-09-23,18388.27,3309.8885999999998,2025-09-23,Paid
INV07980,S099210,C00360,2026-03-06,14558.39,2620.5101999999997,2026-03-06,Overdue
INV07981,S009614,C00502,2026-01-04,30411.07,5473.9926,2026-01-04,Pending
INV07982,S098117,C00925,2025-04-16,53508.67,9631.560599999999,2025-04-16,Disputed
INV07983,S071306,C00404,2026-03-07,33591.5,6046.469999999999,2026-03-07,Overdue
INV07984,S049717,C00631,2025-03-14,33697.09,6065.476199999999,2025-03-14,Overdue
INV07985,S089862,C00944,2025-06-21,16753.46,3015.6227999999996,2025-06-21,Overdue
INV07986,S073737,C00970,2026-05-13,56845.36,10232.1648,2026-05-13,Overdue
INV07987,S042220,C00235,2024-12-11,26633.33,4793.9994,2024-12-11,Pending
INV07988,S089248,C00596,2024-11-21,36376.259999999995,6547.726799999999,2024-11-21,Pending
INV07989,S042348,C00666,2025-10-27,41260.55,7426.899,2025-10-27,Disputed
INV07990,S037969,C00313,2024-07-31,48212.26,8678.2068,2024-07-31,Overdue
INV07991,S050080,C00388,2024-06-03,57461.36,10343.0448,2024-06-03,Disputed
INV07992,S008762,C00245,2024-07-15,15990.119999999999,2878.2216,2024-07-15,Disputed
INV07993,S063178,C00648,2025-02-26,57099.34,10277.8812,2025-02-26,Pending
INV07994,S009982,C00179,2025-04-02,33683.08,6062.9544000000005,2025-04-02,Overdue
INV07995,S018069,C00755,2026-04-04,44023.25,7924.1849999999995,2026-04-04,Overdue
INV07996,S075134,C00551,2025-06-13,7874.7300000000005,1417.4514,2025-06-13,Pending
INV07997,S020961,C00957,2025-06-18,13440.35,2419.263,2025-06-18,Pending
INV07998,S001532,C00098,2026-05-07,49726.74,8950.813199999999,2026-05-07,Pending
INV07999,S062319,C00722,2024-09-07,45510.630000000005,8191.9134,2024-09-07,Pending
INV08000,S035293,C00711,2025-11-26,10710.91,1927.9638,2025-11-26,Pending
INV08001,S053625,C00330,2025-07-11,35763.84,6437.4911999999995,2025-07-11,Pending
INV08002,S044522,C00704,2026-05-30,20105.1,3618.9179999999997,2026-05-30,Overdue
INV08003,S088641,C00674,2024-06-28,15636.0,2814.48,2024-06-28,Overdue
INV08004,S078326,C00177,2026-05-01,39425.54,7096.5972,2026-05-01,Disputed
INV08005,S029433,C00583,2026-01-06,60269.939999999995,10848.589199999999,2026-01-06,Pending
INV08006,S000073,C00514,2026-02-26,22992.04,4138.5672,2026-02-26,Overdue
INV08007,S061130,C00216,2025-02-15,22774.03,4099.3254,2025-02-15,Disputed
INV08008,S059886,C00017,2025-06-14,3824.71,688.4478,2025-06-14,Pending
INV08009,S030631,C00592,2025-12-03,47662.31,8579.2158,2025-12-03,Pending
INV08010,S039388,C00052,2025-01-06,54619.06,9831.4308,2025-01-06,Paid
INV08011,S044555,C00342,2024-10-30,35026.42,6304.7555999999995,2024-10-30,Paid
INV08012,S006849,C00206,2025-01-03,49577.04,8923.8672,2025-01-03,Disputed
INV08013,S055707,C00848,2025-12-11,17337.09,3120.6762,2025-12-11,Disputed
INV08014,S067254,C00193,2025-07-05,12552.4,2259.432,2025-07-05,Pending
INV08015,S060696,C00098,2025-02-03,27853.08,5013.5544,2025-02-03,Pending
INV08016,S049993,C00541,2026-03-01,21647.71,3896.5878,2026-03-01,Overdue
INV08017,S021040,C00413,2026-02-04,15179.46,2732.3028,2026-02-04,Overdue
INV08018,S048076,C00590,2026-05-04,22818.519999999997,4107.333599999999,2026-05-04,Pending
INV08019,S090829,C00270,2025-11-11,18900.38,3402.0684,2025-11-11,Disputed
INV08020,S033245,C00824,2025-06-12,35124.86,6322.4748,2025-06-12,Pending
INV08021,S021991,C00755,2024-12-09,26658.37,4798.5066,2024-12-09,Paid
INV08022,S065961,C00684,2025-09-28,11693.130000000001,2104.7634000000003,2025-09-28,Disputed
INV08023,S042896,C00774,2025-11-30,28541.02,5137.3836,2025-11-30,Overdue
INV08024,S071213,C00827,2024-10-16,7818.4,1407.312,2024-10-16,Pending
INV08025,S006945,C00116,2025-12-27,34081.82,6134.7276,2025-12-27,Paid
INV08026,S062898,C00110,2026-03-29,19252.09,3465.3761999999997,2026-03-29,Pending
INV08027,S064089,C00575,2025-05-19,41203.22,7416.5796,2025-05-19,Overdue
INV08028,S061210,C00192,2024-07-20,58972.649999999994,10615.077,2024-07-20,Paid
INV08029,S021317,C00053,2026-05-10,41445.9,7460.262,2026-05-10,Overdue
INV08030,S025198,C00917,2026-02-09,41478.55,7466.139,2026-02-09,Disputed
INV08031,S012404,C00736,2024-11-17,34155.600000000006,6148.008000000001,2024-11-17,Paid
INV08032,S014859,C00735,2025-07-29,53618.18,9651.2724,2025-07-29,Disputed
INV08033,S043784,C00387,2025-03-04,57736.61,10392.5898,2025-03-04,Paid
INV08034,S059136,C00909,2024-11-24,20093.85,3616.8929999999996,2024-11-24,Disputed
INV08035,S034745,C00801,2026-04-03,8294.7,1493.046,2026-04-03,Disputed
INV08036,S092165,C00212,2025-02-14,28345.29,5102.1521999999995,2025-02-14,Disputed
INV08037,S042923,C00481,2025-10-28,8433.44,1518.0192,2025-10-28,Disputed
INV08038,S055562,C00580,2025-05-24,60087.87,10815.8166,2025-05-24,Disputed
INV08039,S062680,C00433,2025-12-22,39270.47,7068.6846,2025-12-22,Overdue
INV08040,S013370,C00882,2024-06-07,42609.44,7669.6992,2024-06-07,Paid
INV08041,S063242,C00515,2026-03-09,28418.14,5115.2652,2026-03-09,Overdue
INV08042,S040710,C00333,2024-06-25,20597.74,3707.5932000000003,2024-06-25,Pending
INV08043,S075523,C00323,2026-04-19,57216.4,10298.952,2026-04-19,Disputed
INV08044,S044019,C00905,2024-10-15,22403.489999999998,4032.6281999999997,2024-10-15,Overdue
INV08045,S058564,C00257,2025-11-03,28924.3,5206.374,2025-11-03,Pending
INV08046,S077202,C00078,2025-09-18,56146.87,10106.4366,2025-09-18,Overdue
INV08047,S056417,C00966,2026-02-06,9462.44,1703.2392,2026-02-06,Overdue
INV08048,S052394,C00485,2026-01-16,39751.47,7155.2645999999995,2026-01-16,Pending
INV08049,S065228,C00902,2024-10-11,16114.73,2900.6513999999997,2024-10-11,Pending
INV08050,S027042,C00438,2025-07-18,48170.590000000004,8670.7062,2025-07-18,Disputed
INV08051,S083173,C00378,2026-03-07,55466.6,9983.988,2026-03-07,Overdue
INV08052,S084597,C00983,2025-12-09,33313.34,5996.401199999999,2025-12-09,Overdue
INV08053,S034450,C00538,2024-10-31,11528.68,2075.1624,2024-10-31,Pending
INV08054,S007176,C00475,2025-02-03,40832.98,7349.9364000000005,2025-02-03,Paid
INV08055,S004335,C00189,2025-09-03,18273.9,3289.302,2025-09-03,Overdue
INV08056,S061543,C00500,2025-12-15,29456.43,5302.1574,2025-12-15,Pending
INV08057,S063015,C00290,2025-07-02,46458.17,8362.470599999999,2025-07-02,Pending
INV08058,S073182,C00503,2026-02-13,5243.57,943.8426,2026-02-13,Disputed
INV08059,S052251,C00150,2026-04-07,57585.13,10365.3234,2026-04-07,Paid
INV08060,S094868,C00975,2025-07-07,31664.69,5699.6442,2025-07-07,Paid
INV08061,S022721,C00858,2025-06-04,50293.590000000004,9052.8462,2025-06-04,Overdue
INV08062,S018452,C00955,2026-02-10,26709.42,4807.695599999999,2026-02-10,Disputed
INV08063,S098359,C00328,2024-07-16,32536.31,5856.5358,2024-07-16,Overdue
INV08064,S021572,C00169,2025-01-04,17805.18,3204.9324,2025-01-04,Overdue
INV08065,S031219,C00223,2025-06-17,35337.64,6360.7752,2025-06-17,Pending
INV08066,S009282,C00623,2025-08-17,41113.0,7400.34,2025-08-17,Paid
INV08067,S076481,C00776,2025-10-05,56415.9,10154.862,2025-10-05,Paid
INV08068,S075577,C00054,2026-03-31,45647.94,8216.6292,2026-03-31,Disputed
INV08069,S052835,C00994,2026-06-01,32086.0,5775.48,2026-06-01,Overdue
INV08070,S019301,C00726,2026-01-06,25255.13,4545.9234,2026-01-06,Paid
INV08071,S001873,C00201,2026-05-22,48146.16,8666.3088,2026-05-22,Pending
INV08072,S065266,C00560,2024-09-25,44580.08,8024.4144,2024-09-25,Paid
INV08073,S092846,C00784,2025-07-21,52164.759999999995,9389.656799999999,2025-07-21,Overdue
INV08074,S070633,C00143,2025-02-13,30592.32,5506.6176,2025-02-13,Disputed
INV08075,S057445,C00386,2026-03-22,41293.75,7432.875,2026-03-22,Paid
INV08076,S087147,C00110,2025-09-10,33695.100000000006,6065.118,2025-09-10,Disputed
INV08077,S043002,C00612,2025-09-17,47927.73,8626.9914,2025-09-17,Paid
INV08078,S065777,C00429,2026-04-28,28798.629999999997,5183.7534,2026-04-28,Paid
INV08079,S042602,C00895,2026-01-30,29411.980000000003,5294.156400000001,2026-01-30,Pending
INV08080,S039634,C00687,2024-06-09,30099.21,5417.8578,2024-06-09,Disputed
INV08081,S012706,C00700,2025-12-24,17878.93,3218.2074,2025-12-24,Disputed
INV08082,S037975,C00601,2025-12-18,47446.12,8540.3016,2025-12-18,Overdue
INV08083,S004834,C00407,2025-04-20,44755.54,8055.9972,2025-04-20,Overdue
INV08084,S065348,C00493,2026-01-22,30344.0,5461.92,2026-01-22,Paid
INV08085,S051157,C00907,2024-11-09,38361.72,6905.1096,2024-11-09,Paid
INV08086,S013634,C00209,2025-11-29,50976.02,9175.683599999998,2025-11-29,Overdue
INV08087,S031034,C00458,2025-08-02,22021.510000000002,3963.8718000000003,2025-08-02,Paid
INV08088,S027718,C00919,2025-09-15,14101.46,2538.2628,2025-09-15,Disputed
INV08089,S072413,C00671,2025-01-19,46030.31,8285.4558,2025-01-19,Pending
INV08090,S033405,C00197,2024-09-11,54701.8,9846.324,2024-09-11,Paid
INV08091,S022763,C00273,2024-11-27,33142.96,5965.7328,2024-11-27,Pending
INV08092,S030168,C00059,2026-05-06,49822.090000000004,8967.976200000001,2026-05-06,Pending
INV08093,S018065,C00034,2025-10-10,53062.33,9551.2194,2025-10-10,Pending
INV08094,S073288,C00998,2026-02-19,50500.69,9090.1242,2026-02-19,Disputed
INV08095,S085285,C00791,2026-02-07,47745.35,8594.162999999999,2026-02-07,Paid
INV08096,S088428,C00699,2024-07-10,33545.08,6038.1144,2024-07-10,Pending
INV08097,S015214,C00242,2025-04-20,42644.04,7675.9272,2025-04-20,Overdue
INV08098,S003511,C00249,2024-07-27,38489.92,6928.1856,2024-07-27,Overdue
INV08099,S061250,C00962,2026-05-07,33727.07,6070.8726,2026-05-07,Paid
INV08100,S029797,C00403,2025-07-10,14652.34,2637.4211999999998,2025-07-10,Pending
INV08101,S007865,C00780,2025-07-30,47623.83,8572.2894,2025-07-30,Disputed
INV08102,S030808,C00299,2026-04-20,29665.99,5339.8782,2026-04-20,Paid
INV08103,S015585,C00136,2025-04-11,6549.360000000001,1178.8848,2025-04-11,Disputed
INV08104,S001439,C00467,2026-04-26,15968.76,2874.3768,2026-04-26,Pending
INV08105,S024841,C00196,2026-04-12,23981.79,4316.7222,2026-04-12,Disputed
INV08106,S017606,C00923,2025-10-13,58121.99,10461.9582,2025-10-13,Overdue
INV08107,S058224,C00825,2026-03-23,56095.62,10097.2116,2026-03-23,Paid
INV08108,S016223,C00734,2024-10-23,28955.29,5211.9522,2024-10-23,Disputed
INV08109,S075515,C00819,2025-06-20,30478.39,5486.1102,2025-06-20,Disputed
INV08110,S011674,C00831,2025-02-15,42567.799999999996,7662.203999999999,2025-02-15,Paid
INV08111,S003706,C00326,2025-12-21,47056.28,8470.1304,2025-12-21,Pending
INV08112,S088408,C00888,2024-07-15,45403.55,8172.639,2024-07-15,Pending
INV08113,S021144,C00124,2024-10-20,17483.35,3147.0029999999997,2024-10-20,Disputed
INV08114,S090696,C00205,2025-10-25,9655.75,1738.0349999999999,2025-10-25,Overdue
INV08115,S052421,C00624,2024-12-05,54940.14,9889.225199999999,2024-12-05,Paid
INV08116,S043003,C00286,2024-09-29,8480.56,1526.5007999999998,2024-09-29,Pending
INV08117,S099749,C00360,2025-12-07,46390.130000000005,8350.2234,2025-12-07,Pending
INV08118,S035147,C00170,2024-06-29,29602.02,5328.3636,2024-06-29,Pending
INV08119,S050473,C00891,2025-04-10,58630.71,10553.5278,2025-04-10,Disputed
INV08120,S010375,C00817,2024-11-24,21128.91,3803.2038,2024-11-24,Overdue
INV08121,S044890,C00369,2024-10-29,50712.130000000005,9128.1834,2024-10-29,Pending
INV08122,S067636,C00665,2025-10-05,13395.01,2411.1018,2025-10-05,Disputed
INV08123,S066071,C00637,2025-03-21,40996.42,7379.355599999999,2025-03-21,Disputed
INV08124,S053153,C00986,2025-12-22,13935.36,2508.3648,2025-12-22,Disputed
INV08125,S061639,C00322,2026-04-05,32555.699999999997,5860.025999999999,2026-04-05,Overdue
INV08126,S070722,C00812,2025-12-02,28698.33,5165.6994,2025-12-02,Disputed
INV08127,S046060,C00865,2024-09-28,27278.120000000003,4910.0616,2024-09-28,Pending
INV08128,S036775,C00407,2026-05-26,15061.6,2711.0879999999997,2026-05-26,Overdue
INV08129,S034983,C00695,2024-08-28,48667.2,8760.096,2024-08-28,Pending
INV08130,S093700,C00465,2025-07-16,41900.62,7542.1116,2025-07-16,Disputed
INV08131,S031329,C00493,2025-07-14,28011.99,5042.1582,2025-07-14,Pending
INV08132,S048801,C00165,2025-05-13,28777.64,5179.9752,2025-05-13,Overdue
INV08133,S097753,C00087,2026-01-03,27861.06,5014.9908000000005,2026-01-03,Paid
INV08134,S088563,C00902,2024-06-15,33727.44,6070.9392,2024-06-15,Paid
INV08135,S007836,C00768,2024-09-20,37740.89,6793.3602,2024-09-20,Disputed
INV08136,S009664,C00832,2025-05-23,31396.190000000002,5651.3142,2025-05-23,Paid
INV08137,S099217,C00489,2026-05-16,52030.39,9365.4702,2026-05-16,Disputed
INV08138,S019176,C00272,2024-06-04,60784.81,10941.2658,2024-06-04,Disputed
INV08139,S064293,C00373,2024-06-16,51826.76,9328.8168,2024-06-16,Paid
INV08140,S096730,C00383,2026-01-27,9036.9,1626.6419999999998,2026-01-27,Overdue
INV08141,S007695,C00404,2025-02-15,36027.66,6484.978800000001,2025-02-15,Pending
INV08142,S002279,C00391,2024-08-22,15323.43,2758.2174,2024-08-22,Pending
INV08143,S085291,C00508,2024-08-14,6824.36,1228.3847999999998,2024-08-14,Disputed
INV08144,S001301,C00713,2025-10-04,30129.410000000003,5423.2938,2025-10-04,Pending
INV08145,S087487,C00539,2024-09-18,24120.18,4341.6323999999995,2024-09-18,Paid
INV08146,S084221,C00254,2026-04-08,17772.96,3199.1328,2026-04-08,Paid
INV08147,S026620,C00485,2026-03-09,54089.36,9736.0848,2026-03-09,Disputed
INV08148,S028535,C00029,2025-03-07,57301.25,10314.225,2025-03-07,Overdue
INV08149,S083474,C00340,2026-03-08,22658.43,4078.5173999999997,2026-03-08,Paid
INV08150,S022053,C00682,2026-04-13,20938.05,3768.8489999999997,2026-04-13,Paid
INV08151,S084031,C00040,2026-01-28,28523.239999999998,5134.1831999999995,2026-01-28,Paid
INV08152,S037404,C00821,2025-04-02,12952.67,2331.4806,2025-04-02,Overdue
INV08153,S019080,C00477,2026-05-24,27167.409999999996,4890.133799999999,2026-05-24,Pending
INV08154,S017555,C00445,2026-03-19,35270.96,6348.7728,2026-03-19,Pending
INV08155,S056681,C00276,2025-01-19,9079.64,1634.3351999999998,2025-01-19,Disputed
INV08156,S004514,C00031,2026-03-09,19208.07,3457.4525999999996,2026-03-09,Disputed
INV08157,S013508,C00950,2024-12-24,22613.3,4070.394,2024-12-24,Disputed
INV08158,S051147,C00348,2024-10-30,52708.5,9487.529999999999,2024-10-30,Disputed
INV08159,S062126,C00141,2025-04-16,52800.72,9504.1296,2025-04-16,Paid
INV08160,S091417,C00917,2024-09-06,15678.79,2822.1822,2024-09-06,Pending
INV08161,S083810,C00078,2025-09-21,16420.27,2955.6486,2025-09-21,Pending
INV08162,S048662,C00430,2024-12-13,11252.03,2025.3654000000001,2024-12-13,Overdue
INV08163,S080184,C00165,2024-09-02,54452.28,9801.410399999999,2024-09-02,Pending
INV08164,S093115,C00856,2026-05-06,46804.090000000004,8424.736200000001,2026-05-06,Paid
INV08165,S068693,C00955,2025-08-11,42536.25,7656.525,2025-08-11,Paid
INV08166,S042257,C00012,2025-12-14,23664.86,4259.6748,2025-12-14,Pending
INV08167,S070337,C00183,2025-06-11,12886.73,2319.6114,2025-06-11,Disputed
INV08168,S035438,C00469,2025-02-26,30140.230000000003,5425.241400000001,2025-02-26,Pending
INV08169,S080764,C00516,2024-08-14,46071.92,8292.9456,2024-08-14,Disputed
INV08170,S032365,C00464,2024-07-31,32148.71,5786.7678,2024-07-31,Pending
INV08171,S043961,C00880,2024-09-05,48693.31,8764.7958,2024-09-05,Paid
INV08172,S055812,C00355,2025-09-13,42231.22,7601.6196,2025-09-13,Paid
INV08173,S041972,C00651,2024-12-04,36776.93,6619.8474,2024-12-04,Overdue
INV08174,S019252,C00683,2024-08-30,7684.77,1383.2586000000001,2024-08-30,Overdue
INV08175,S079899,C00776,2025-01-25,43514.58,7832.6244,2025-01-25,Disputed
INV08176,S027630,C00608,2026-03-10,59810.53,10765.8954,2026-03-10,Overdue
INV08177,S091207,C00343,2025-09-18,9498.04,1709.6472,2025-09-18,Paid
INV08178,S011969,C00630,2025-12-23,46261.28,8327.0304,2025-12-23,Paid
INV08179,S009278,C00583,2024-10-19,33205.57,5977.0026,2024-10-19,Disputed
INV08180,S006419,C00363,2024-11-21,44909.87,8083.7766,2024-11-21,Disputed
INV08181,S008629,C00069,2026-01-05,27350.460000000003,4923.0828,2026-01-05,Overdue
INV08182,S028113,C00348,2024-08-13,40033.49,7206.0282,2024-08-13,Pending
INV08183,S096866,C00493,2025-03-31,22569.489999999998,4062.5081999999993,2025-03-31,Pending
INV08184,S050949,C00698,2026-03-21,41609.93,7489.7874,2026-03-21,Paid
INV08185,S024015,C00259,2025-09-18,44458.25,8002.485,2025-09-18,Paid
INV08186,S031218,C00057,2024-07-13,23774.49,4279.4082,2024-07-13,Pending
INV08187,S030572,C00510,2024-08-06,49181.97,8852.7546,2024-08-06,Overdue
INV08188,S008330,C00471,2025-07-20,43701.03,7866.185399999999,2025-07-20,Disputed
INV08189,S008976,C00166,2025-01-22,29231.23,5261.6214,2025-01-22,Overdue
INV08190,S018073,C00990,2025-07-26,36131.810000000005,6503.725800000001,2025-07-26,Overdue
INV08191,S092598,C00905,2025-12-14,8557.95,1540.431,2025-12-14,Paid
INV08192,S086808,C00477,2025-12-09,44932.850000000006,8087.9130000000005,2025-12-09,Disputed
INV08193,S092265,C00789,2024-07-02,40749.19,7334.8542,2024-07-02,Paid
INV08194,S023979,C00428,2025-12-24,28254.1,5085.737999999999,2025-12-24,Overdue
INV08195,S079076,C00167,2025-01-27,15078.23,2714.0814,2025-01-27,Disputed
INV08196,S066276,C00673,2025-09-01,44715.78,8048.840399999999,2025-09-01,Paid
INV08197,S049026,C00413,2024-11-15,53335.97,9600.4746,2024-11-15,Paid
INV08198,S064488,C00361,2026-02-08,21026.45,3784.761,2026-02-08,Pending
INV08199,S029287,C00401,2024-10-18,40255.47,7245.9846,2024-10-18,Disputed
INV08200,S027329,C00353,2025-09-10,11563.79,2081.4822,2025-09-10,Paid
INV08201,S040663,C00274,2025-04-16,50474.98,9085.4964,2025-04-16,Overdue
INV08202,S090793,C00855,2026-02-20,18058.47,3250.5246,2026-02-20,Pending
INV08203,S087579,C00668,2025-08-19,11583.61,2085.0498000000002,2025-08-19,Paid
INV08204,S085981,C00918,2024-07-02,52321.81,9417.925799999999,2024-07-02,Disputed
INV08205,S082891,C00558,2025-03-14,41885.28,7539.350399999999,2025-03-14,Disputed
INV08206,S098536,C00792,2024-09-03,8130.09,1463.4162,2024-09-03,Disputed
INV08207,S036432,C00545,2024-12-04,53398.78999999999,9611.782199999998,2024-12-04,Disputed
INV08208,S082103,C00665,2025-06-11,33647.17,6056.490599999999,2025-06-11,Paid
INV08209,S020878,C00705,2026-04-11,41372.46,7447.042799999999,2026-04-11,Pending
INV08210,S062278,C00527,2026-03-26,26219.510000000002,4719.5118,2026-03-26,Pending
INV08211,S023371,C00448,2026-02-28,23760.36,4276.8648,2026-02-28,Disputed
INV08212,S043598,C00068,2025-09-23,52171.49,9390.868199999999,2025-09-23,Disputed
INV08213,S081556,C00473,2026-02-13,60339.64,10861.135199999999,2026-02-13,Pending
INV08214,S010367,C00339,2025-01-30,13384.28,2409.1704,2025-01-30,Disputed
INV08215,S047846,C00923,2025-10-19,55596.3,10007.334,2025-10-19,Paid
INV08216,S075689,C00128,2024-12-11,13745.3,2474.154,2024-12-11,Paid
INV08217,S014099,C00815,2024-07-17,40575.73,7303.6314,2024-07-17,Disputed
INV08218,S076333,C00249,2024-06-19,26514.910000000003,4772.683800000001,2024-06-19,Pending
INV08219,S045770,C00290,2025-10-15,39627.94,7133.0292,2025-10-15,Pending
INV08220,S081854,C00646,2024-06-10,12742.94,2293.7292,2024-06-10,Disputed
INV08221,S051849,C00290,2025-05-28,35390.34,6370.261199999999,2025-05-28,Pending
INV08222,S024133,C00818,2024-08-16,50539.83,9097.1694,2024-08-16,Paid
INV08223,S099800,C00737,2025-02-20,39088.86,7035.9947999999995,2025-02-20,Pending
INV08224,S037826,C00276,2025-07-21,28786.88,5181.6384,2025-07-21,Pending
INV08225,S053214,C00812,2024-10-16,48366.27,8705.9286,2024-10-16,Pending
INV08226,S031720,C00310,2025-01-11,31503.33,5670.5994,2025-01-11,Disputed
INV08227,S016684,C00522,2026-03-10,22349.01,4022.8217999999997,2026-03-10,Disputed
INV08228,S041812,C00305,2025-01-23,42014.7,7562.645999999999,2025-01-23,Overdue
INV08229,S074188,C00170,2026-02-13,31212.84,5618.3112,2026-02-13,Pending
INV08230,S038407,C00351,2026-02-03,60228.75,10841.175,2026-02-03,Paid
INV08231,S072087,C00760,2025-04-09,29866.59,5375.9862,2025-04-09,Pending
INV08232,S070736,C00658,2025-07-28,50970.47,9174.6846,2025-07-28,Pending
INV08233,S068175,C00837,2024-07-20,22925.33,4126.5594,2024-07-20,Pending
INV08234,S071539,C00518,2025-05-29,46070.97,8292.7746,2025-05-29,Pending
INV08235,S054177,C00333,2025-07-18,46154.65,8307.837,2025-07-18,Overdue
INV08236,S042985,C00493,2026-05-12,32871.65,5916.897,2026-05-12,Pending
INV08237,S071054,C00729,2025-07-27,42344.020000000004,7621.9236,2025-07-27,Overdue
INV08238,S015674,C00645,2025-09-15,12386.150000000001,2229.507,2025-09-15,Overdue
INV08239,S053167,C00341,2025-12-26,47632.71,8573.8878,2025-12-26,Overdue
INV08240,S055147,C00260,2024-07-09,7564.79,1361.6622,2024-07-09,Overdue
INV08241,S061205,C00141,2024-07-08,20309.78,3655.7603999999997,2024-07-08,Disputed
INV08242,S052129,C00123,2025-08-22,15920.01,2865.6018,2025-08-22,Pending
INV08243,S006009,C00822,2025-02-11,53148.740000000005,9566.773200000001,2025-02-11,Pending
INV08244,S059201,C00978,2026-04-13,15594.42,2806.9955999999997,2026-04-13,Overdue
INV08245,S023003,C00351,2025-06-30,39714.32,7148.5776,2025-06-30,Overdue
INV08246,S068674,C00525,2025-07-15,34844.83,6272.0694,2025-07-15,Paid
INV08247,S014408,C00257,2025-03-21,18352.64,3303.4752,2025-03-21,Pending
INV08248,S017129,C00597,2026-05-03,8485.4,1527.3719999999998,2026-05-03,Overdue
INV08249,S074829,C00236,2025-02-08,14898.09,2681.6562,2025-02-08,Pending
INV08250,S058121,C00802,2024-08-26,50681.92,9122.7456,2024-08-26,Overdue
INV08251,S032573,C00125,2025-09-18,47526.64,8554.7952,2025-09-18,Overdue
INV08252,S044376,C00964,2025-08-09,44113.17,7940.370599999999,2025-08-09,Overdue
INV08253,S016560,C00045,2024-10-06,38434.95,6918.290999999999,2024-10-06,Paid
INV08254,S067747,C00668,2025-02-10,56919.33,10245.4794,2025-02-10,Disputed
INV08255,S085465,C00300,2025-02-18,39057.07,7030.272599999999,2025-02-18,Pending
INV08256,S018329,C00332,2025-08-18,26002.52,4680.4536,2025-08-18,Overdue
INV08257,S069114,C00086,2025-09-20,38332.79,6899.9021999999995,2025-09-20,Paid
INV08258,S077772,C00520,2025-04-07,28130.78,5063.5404,2025-04-07,Pending
INV08259,S048770,C00409,2024-08-01,29828.64,5369.1552,2024-08-01,Paid
INV08260,S013906,C00956,2024-09-07,40426.33,7276.7394,2024-09-07,Paid
INV08261,S087682,C00102,2025-05-28,16616.9,2991.0420000000004,2025-05-28,Pending
INV08262,S073574,C00369,2025-03-25,26118.76,4701.376799999999,2025-03-25,Disputed
INV08263,S041737,C00328,2025-04-04,12889.27,2320.0686,2025-04-04,Disputed
INV08264,S095034,C00737,2025-11-27,18146.29,3266.3322,2025-11-27,Disputed
INV08265,S014236,C00778,2025-05-12,34115.03,6140.7054,2025-05-12,Disputed
INV08266,S033237,C00968,2025-08-29,60176.53999999999,10831.777199999999,2025-08-29,Paid
INV08267,S002724,C00819,2026-03-16,9638.83,1734.9894,2026-03-16,Pending
INV08268,S047314,C00368,2025-07-19,29556.15,5320.107,2025-07-19,Overdue
INV08269,S011414,C00808,2026-01-28,37756.56,6796.180799999999,2026-01-28,Pending
INV08270,S034282,C00701,2026-03-05,21457.1,3862.278,2026-03-05,Pending
INV08271,S031093,C00880,2025-02-08,17232.25,3101.805,2025-02-08,Pending
INV08272,S033804,C00268,2024-06-03,50303.53,9054.6354,2024-06-03,Overdue
INV08273,S032583,C00922,2024-11-08,39505.95,7111.070999999999,2024-11-08,Disputed
INV08274,S045475,C00891,2025-11-21,29220.739999999998,5259.7332,2025-11-21,Overdue
INV08275,S050965,C00959,2025-01-05,52801.04,9504.1872,2025-01-05,Disputed
INV08276,S043673,C00177,2025-05-08,36304.26,6534.7668,2025-05-08,Pending
INV08277,S047756,C00758,2024-09-28,39893.71,7180.8678,2024-09-28,Pending
INV08278,S039789,C00009,2025-05-07,28511.33,5132.039400000001,2025-05-07,Pending
INV08279,S070517,C00399,2024-11-22,14220.17,2559.6306,2024-11-22,Overdue
INV08280,S073999,C00168,2025-10-28,31406.690000000002,5653.2042,2025-10-28,Overdue
INV08281,S025414,C00041,2024-06-28,14432.08,2597.7744,2024-06-28,Pending
INV08282,S075899,C00586,2025-04-06,43508.24,7831.4832,2025-04-06,Paid
INV08283,S019194,C00178,2025-12-31,54310.79,9775.9422,2025-12-31,Paid
INV08284,S078932,C00906,2026-03-11,32689.550000000003,5884.119000000001,2026-03-11,Overdue
INV08285,S052652,C00266,2024-10-16,24222.559999999998,4360.060799999999,2024-10-16,Pending
INV08286,S062967,C00434,2024-09-13,60268.619999999995,10848.351599999998,2024-09-13,Pending
INV08287,S035271,C00081,2025-07-28,11329.59,2039.3262,2025-07-28,Overdue
INV08288,S083783,C00819,2025-03-07,7175.92,1291.6656,2025-03-07,Overdue
INV08289,S013967,C00658,2025-10-10,28090.02,5056.2036,2025-10-10,Disputed
INV08290,S095840,C00171,2026-02-11,39376.1,7087.697999999999,2026-02-11,Paid
INV08291,S057897,C00005,2025-12-02,19904.69,3582.8441999999995,2025-12-02,Paid
INV08292,S023683,C00499,2026-05-08,28234.949999999997,5082.290999999999,2026-05-08,Pending
INV08293,S063837,C00223,2025-06-24,22017.54,3963.1572,2025-06-24,Overdue
INV08294,S029308,C00958,2025-05-21,16878.51,3038.1317999999997,2025-05-21,Pending
INV08295,S055373,C00279,2025-11-25,25770.190000000002,4638.6342,2025-11-25,Paid
INV08296,S068609,C00304,2026-01-26,49690.47,8944.284599999999,2026-01-26,Disputed
INV08297,S003614,C00028,2025-04-15,22442.18,4039.5924,2025-04-15,Paid
INV08298,S091670,C00527,2025-06-02,48149.13,8666.8434,2025-06-02,Paid
INV08299,S011761,C00260,2025-02-20,19699.15,3545.847,2025-02-20,Overdue
INV08300,S068119,C00353,2026-05-17,40650.61,7317.1098,2026-05-17,Disputed
INV08301,S060036,C00863,2026-01-03,27923.0,5026.139999999999,2026-01-03,Pending
INV08302,S096503,C00644,2025-12-22,56697.4,10205.532,2025-12-22,Pending
INV08303,S057025,C00406,2024-11-12,21228.16,3821.0688,2024-11-12,Overdue
INV08304,S064141,C00611,2025-04-09,40586.58,7305.5844,2025-04-09,Overdue
INV08305,S081400,C00165,2025-07-25,55746.4,10034.352,2025-07-25,Overdue
INV08306,S055764,C00431,2026-03-13,23898.41,4301.7137999999995,2026-03-13,Overdue
INV08307,S092793,C00439,2025-06-12,32400.01,5832.001799999999,2025-06-12,Overdue
INV08308,S080201,C00951,2026-02-08,52155.579999999994,9388.004399999998,2026-02-08,Paid
INV08309,S089175,C00240,2025-09-17,23472.85,4225.112999999999,2025-09-17,Paid
INV08310,S089641,C00176,2025-10-14,15192.92,2734.7255999999998,2025-10-14,Pending
INV08311,S052031,C00296,2025-10-22,14333.369999999999,2580.0065999999997,2025-10-22,Overdue
INV08312,S004744,C00752,2025-11-07,22008.69,3961.5642,2025-11-07,Pending
INV08313,S012263,C00308,2024-08-20,12782.84,2300.9112,2024-08-20,Overdue
INV08314,S065514,C00448,2024-06-26,16178.56,2912.1407999999997,2024-06-26,Disputed
INV08315,S086877,C00830,2025-07-24,51006.880000000005,9181.2384,2025-07-24,Overdue
INV08316,S065561,C00258,2025-12-31,13497.66,2429.5788,2025-12-31,Disputed
INV08317,S030545,C00038,2026-02-18,53113.19,9560.3742,2026-02-18,Pending
INV08318,S007673,C00778,2025-04-16,36718.68,6609.3624,2025-04-16,Pending
INV08319,S070992,C00260,2026-03-28,17931.6,3227.6879999999996,2026-03-28,Overdue
INV08320,S073444,C00912,2024-07-07,30890.82,5560.3476,2024-07-07,Overdue
INV08321,S062788,C00396,2024-12-11,25641.47,4615.4646,2024-12-11,Paid
INV08322,S044582,C00374,2025-08-21,6598.639999999999,1187.7551999999998,2025-08-21,Pending
INV08323,S040984,C00801,2024-07-26,11646.529999999999,2096.3754,2024-07-26,Disputed
INV08324,S036031,C00376,2026-01-15,62893.5,11320.83,2026-01-15,Paid
INV08325,S051685,C00627,2025-03-27,25671.41,4620.8538,2025-03-27,Disputed
INV08326,S058582,C00762,2025-01-11,12056.46,2170.1627999999996,2025-01-11,Disputed
INV08327,S080324,C00823,2026-02-15,42960.04,7732.8072,2026-02-15,Pending
INV08328,S014803,C00576,2026-04-17,31353.67,5643.660599999999,2026-04-17,Pending
INV08329,S049757,C00917,2024-11-07,40155.97,7228.0746,2024-11-07,Overdue
INV08330,S064082,C00489,2025-11-18,59202.149999999994,10656.386999999999,2025-11-18,Pending
INV08331,S092653,C00634,2026-02-07,12622.51,2272.0517999999997,2026-02-07,Overdue
INV08332,S074398,C00648,2024-06-14,49704.840000000004,8946.8712,2024-06-14,Overdue
INV08333,S092863,C00223,2024-09-13,22174.83,3991.4694,2024-09-13,Paid
INV08334,S025635,C00474,2025-10-16,58654.53,10557.8154,2025-10-16,Disputed
INV08335,S007274,C00849,2025-08-22,51242.53999999999,9223.657199999998,2025-08-22,Disputed
INV08336,S003586,C00948,2026-01-23,52907.340000000004,9523.3212,2026-01-23,Paid
INV08337,S048565,C00747,2025-06-09,19673.940000000002,3541.3092,2025-06-09,Overdue
INV08338,S083486,C00134,2024-06-03,28727.05,5170.869,2024-06-03,Pending
INV08339,S084979,C00416,2025-03-27,13982.099999999999,2516.778,2025-03-27,Overdue
INV08340,S093721,C00780,2026-04-29,38975.28,7015.550399999999,2026-04-29,Overdue
INV08341,S083604,C00812,2026-02-17,44844.409999999996,8071.993799999999,2026-02-17,Pending
INV08342,S046422,C00702,2025-02-24,25245.21,4544.1377999999995,2025-02-24,Overdue
INV08343,S041421,C00441,2024-08-22,49804.560000000005,8964.820800000001,2024-08-22,Disputed
INV08344,S029921,C00512,2025-07-16,27892.67,5020.6806,2025-07-16,Overdue
INV08345,S072743,C00079,2026-01-15,43641.43,7855.457399999999,2026-01-15,Paid
INV08346,S093324,C00273,2025-01-31,28302.0,5094.36,2025-01-31,Overdue
INV08347,S088743,C00253,2024-12-04,24887.32,4479.7176,2024-12-04,Disputed
INV08348,S079523,C00927,2026-02-10,53651.33,9657.2394,2026-02-10,Disputed
INV08349,S033663,C00333,2026-05-10,41406.97,7453.2546,2026-05-10,Paid
INV08350,S075726,C00973,2026-01-19,36972.32,6655.0176,2026-01-19,Overdue
INV08351,S019644,C00868,2026-03-10,40572.92,7303.125599999999,2026-03-10,Pending
INV08352,S055917,C00330,2024-09-09,46926.049999999996,8446.688999999998,2024-09-09,Pending
INV08353,S029594,C00701,2024-10-10,50122.34,9022.0212,2024-10-10,Pending
INV08354,S038571,C00292,2025-04-15,53458.759999999995,9622.576799999999,2025-04-15,Disputed
INV08355,S009318,C00506,2026-02-14,8814.33,1586.5793999999999,2026-02-14,Paid
INV08356,S028317,C00798,2025-11-01,18309.65,3295.737,2025-11-01,Paid
INV08357,S079232,C00875,2026-03-18,16960.4,3052.8720000000003,2026-03-18,Paid
INV08358,S031352,C00847,2026-05-10,24604.670000000002,4428.8406,2026-05-10,Disputed
INV08359,S051809,C00127,2025-10-19,50689.86,9124.174799999999,2025-10-19,Overdue
INV08360,S004815,C00631,2025-07-30,34002.17,6120.3906,2025-07-30,Pending
INV08361,S053438,C00304,2025-08-19,52917.759999999995,9525.196799999998,2025-08-19,Pending
INV08362,S012739,C00411,2025-10-13,20595.57,3707.2025999999996,2025-10-13,Disputed
INV08363,S090567,C00303,2025-07-29,43522.64,7834.075199999999,2025-07-29,Paid
INV08364,S023526,C00566,2025-11-30,32679.21,5882.257799999999,2025-11-30,Disputed
INV08365,S065181,C00317,2026-05-22,36430.01,6557.401800000001,2026-05-22,Overdue
INV08366,S059125,C00446,2025-11-20,12031.8,2165.7239999999997,2025-11-20,Overdue
INV08367,S045368,C00718,2024-06-26,27003.28,4860.5904,2024-06-26,Pending
INV08368,S093580,C00640,2025-07-03,47292.22,8512.5996,2025-07-03,Overdue
INV08369,S081197,C00885,2025-02-24,18256.260000000002,3286.1268000000005,2025-02-24,Paid
INV08370,S039037,C00481,2025-09-11,56654.939999999995,10197.8892,2025-09-11,Disputed
INV08371,S086484,C00113,2024-09-06,25334.89,4560.2802,2024-09-06,Overdue
INV08372,S091263,C00490,2025-03-12,22217.449999999997,3999.140999999999,2025-03-12,Overdue
INV08373,S091439,C00541,2024-06-09,27672.510000000002,4981.0518,2024-06-09,Pending
INV08374,S042500,C00599,2025-03-23,22252.05,4005.3689999999997,2025-03-23,Pending
INV08375,S060611,C00317,2026-03-01,54557.82,9820.4076,2026-03-01,Paid
INV08376,S048298,C00831,2025-01-30,31540.38,5677.2684,2025-01-30,Paid
INV08377,S057850,C00127,2024-08-07,44925.9,8086.662,2024-08-07,Overdue
INV08378,S066275,C00709,2026-02-21,38109.25,6859.665,2026-02-21,Pending
INV08379,S094361,C00507,2025-02-02,41396.13,7451.303399999999,2025-02-02,Disputed
INV08380,S001047,C00631,2026-03-31,54291.340000000004,9772.441200000001,2026-03-31,Paid
INV08381,S034233,C00074,2025-01-18,30580.62,5504.5116,2025-01-18,Pending
INV08382,S028008,C00644,2025-04-29,17024.42,3064.3955999999994,2025-04-29,Pending
INV08383,S057532,C00536,2025-11-03,56615.28,10190.750399999999,2025-11-03,Overdue
INV08384,S079101,C00056,2025-12-26,4868.83,876.3893999999999,2025-12-26,Paid
INV08385,S030663,C00351,2024-10-14,42188.520000000004,7593.9336,2024-10-14,Paid
INV08386,S088589,C00976,2024-10-17,25342.61,4561.6698,2024-10-17,Overdue
INV08387,S073018,C00949,2025-01-04,26241.88,4723.5384,2025-01-04,Overdue
INV08388,S085462,C00621,2024-10-10,49303.71000000001,8874.667800000001,2024-10-10,Overdue
INV08389,S086019,C00939,2025-03-28,22764.8,4097.664,2025-03-28,Paid
INV08390,S093367,C00850,2026-04-17,19449.4,3500.8920000000003,2026-04-17,Paid
INV08391,S014547,C00113,2026-02-01,48379.38,8708.2884,2026-02-01,Paid
INV08392,S026993,C00941,2024-06-07,32241.64,5803.495199999999,2024-06-07,Paid
INV08393,S039430,C00497,2024-09-18,19789.48,3562.1063999999997,2024-09-18,Overdue
INV08394,S073931,C00811,2026-05-03,40479.12,7286.2416,2026-05-03,Overdue
INV08395,S078985,C00277,2024-12-04,38533.14,6935.9652,2024-12-04,Disputed
INV08396,S018764,C00553,2025-09-06,44966.32,8093.937599999999,2025-09-06,Overdue
INV08397,S000420,C00537,2024-09-28,16509.27,2971.6686,2024-09-28,Paid
INV08398,S001544,C00589,2025-04-04,49213.26,8858.3868,2025-04-04,Pending
INV08399,S060810,C00294,2025-02-27,21444.440000000002,3859.9992,2025-02-27,Disputed
INV08400,S034121,C00647,2026-04-24,32888.38,5919.908399999999,2026-04-24,Pending
INV08401,S012683,C00982,2025-11-11,41534.979999999996,7476.296399999999,2025-11-11,Paid
INV08402,S017516,C00494,2026-02-08,49323.71,8878.2678,2026-02-08,Paid
INV08403,S099936,C00441,2025-05-08,40561.83,7301.1294,2025-05-08,Disputed
INV08404,S050952,C00411,2026-01-15,35957.3,6472.314,2026-01-15,Paid
INV08405,S052248,C00126,2025-10-27,35532.38,6395.828399999999,2025-10-27,Disputed
INV08406,S001099,C00106,2024-11-21,47204.83,8496.8694,2024-11-21,Overdue
INV08407,S092496,C00297,2024-07-12,17689.5,3184.1099999999997,2024-07-12,Paid
INV08408,S020153,C00210,2024-06-08,23483.170000000002,4226.970600000001,2024-06-08,Disputed
INV08409,S042000,C00482,2024-12-17,11312.35,2036.223,2024-12-17,Disputed
INV08410,S096860,C00738,2025-07-18,54403.84,9792.6912,2025-07-18,Paid
INV08411,S093062,C00788,2026-05-21,20809.14,3745.6452,2026-05-21,Overdue
INV08412,S018154,C00779,2026-03-30,24893.37,4480.8066,2026-03-30,Disputed
INV08413,S027118,C00954,2026-01-14,55850.42,10053.0756,2026-01-14,Overdue
INV08414,S006899,C00319,2025-04-27,40515.7,7292.825999999999,2025-04-27,Paid
INV08415,S089192,C00089,2025-06-16,35088.95,6316.0109999999995,2025-06-16,Paid
INV08416,S040398,C00417,2025-10-20,53126.189999999995,9562.714199999999,2025-10-20,Overdue
INV08417,S066986,C00716,2025-12-21,32273.73,5809.2714,2025-12-21,Overdue
INV08418,S030736,C00897,2025-08-14,24927.86,4487.0148,2025-08-14,Overdue
INV08419,S051127,C00924,2024-07-15,27011.23,4862.0214,2024-07-15,Disputed
INV08420,S064019,C00705,2026-05-27,53584.75,9645.255,2026-05-27,Paid
INV08421,S029179,C00354,2024-10-08,28025.29,5044.5522,2024-10-08,Pending
INV08422,S066144,C00559,2026-01-27,42084.880000000005,7575.2784,2026-01-27,Overdue
INV08423,S007664,C00063,2026-04-11,28333.69,5100.0642,2026-04-11,Pending
INV08424,S005717,C00707,2025-12-13,17546.29,3158.3322,2025-12-13,Paid
INV08425,S038330,C00030,2024-09-07,27857.79,5014.4021999999995,2024-09-07,Disputed
INV08426,S057422,C00987,2026-01-03,54436.47,9798.5646,2026-01-03,Disputed
INV08427,S017947,C00345,2025-01-26,25319.11,4557.4398,2025-01-26,Pending
INV08428,S065664,C00301,2026-02-07,32165.35,5789.763,2026-02-07,Paid
INV08429,S063917,C00356,2024-10-26,14358.98,2584.6164,2024-10-26,Disputed
INV08430,S065240,C00120,2024-07-11,40641.33,7315.4394,2024-07-11,Pending
INV08431,S022159,C00547,2024-08-14,50567.64,9102.1752,2024-08-14,Paid
INV08432,S018540,C00721,2024-06-09,50507.92,9091.425599999999,2024-06-09,Pending
INV08433,S031647,C00883,2025-11-30,23758.14,4276.4652,2025-11-30,Disputed
INV08434,S013622,C00819,2026-05-17,28424.620000000003,5116.4316,2026-05-17,Paid
INV08435,S087150,C00634,2024-07-10,32819.9,5907.582,2024-07-10,Paid
INV08436,S039020,C00895,2025-10-18,13496.470000000001,2429.3646000000003,2025-10-18,Disputed
INV08437,S041406,C00528,2024-10-02,16019.82,2883.5676,2024-10-02,Pending
INV08438,S024438,C00146,2025-11-06,8234.43,1482.1974,2025-11-06,Paid
INV08439,S010726,C00980,2025-05-26,31260.07,5626.812599999999,2025-05-26,Pending
INV08440,S096256,C00223,2024-08-11,25516.86,4593.0348,2024-08-11,Paid
INV08441,S049952,C00043,2026-03-10,28595.51,5147.1918,2026-03-10,Disputed
INV08442,S054350,C00154,2025-06-27,50574.83,9103.4694,2025-06-27,Pending
INV08443,S076173,C00396,2025-10-10,20615.25,3710.745,2025-10-10,Disputed
INV08444,S036740,C00904,2025-03-14,21396.5,3851.37,2025-03-14,Pending
INV08445,S055897,C00770,2024-08-11,34158.77,6148.578599999999,2024-08-11,Pending
INV08446,S041348,C00399,2024-11-30,20406.65,3673.197,2024-11-30,Paid
INV08447,S031407,C00333,2025-03-26,46253.08,8325.5544,2025-03-26,Paid
INV08448,S040569,C00769,2025-07-14,23045.39,4148.1702,2025-07-14,Disputed
INV08449,S018111,C00622,2025-11-03,30116.03,5420.885399999999,2025-11-03,Paid
INV08450,S050711,C00609,2025-07-03,18413.1,3314.3579999999997,2025-07-03,Overdue
INV08451,S028459,C00131,2025-12-19,47746.75,8594.414999999999,2025-12-19,Pending
INV08452,S053322,C00281,2024-10-21,47462.05,8543.169,2024-10-21,Paid
INV08453,S020360,C00895,2024-12-01,13115.8,2360.8439999999996,2024-12-01,Overdue
INV08454,S057710,C00580,2025-10-27,41631.78,7493.720399999999,2025-10-27,Paid
INV08455,S086167,C00778,2026-05-03,25015.170000000002,4502.7306,2026-05-03,Disputed
INV08456,S045166,C00521,2024-08-20,25882.760000000002,4658.8968,2024-08-20,Overdue
INV08457,S050260,C00428,2026-05-11,59787.22,10761.6996,2026-05-11,Pending
INV08458,S006132,C00557,2024-12-10,48640.43,8755.277399999999,2024-12-10,Paid
INV08459,S090550,C00824,2025-01-03,9890.03,1780.2054,2025-01-03,Pending
INV08460,S094957,C00586,2024-06-12,13750.98,2475.1764,2024-06-12,Disputed
INV08461,S009075,C00587,2025-02-09,59808.729999999996,10765.571399999999,2025-02-09,Disputed
INV08462,S006069,C00981,2025-04-25,31949.92,5750.985599999999,2025-04-25,Disputed
INV08463,S039377,C00852,2024-07-24,28669.92,5160.585599999999,2024-07-24,Disputed
INV08464,S020207,C00031,2026-04-12,29875.120000000003,5377.5216,2026-04-12,Disputed
INV08465,S082331,C00352,2026-02-05,19196.239999999998,3455.3231999999994,2026-02-05,Disputed
INV08466,S031861,C00352,2025-01-27,55548.43,9998.7174,2025-01-27,Disputed
INV08467,S058558,C00090,2026-02-12,38760.119999999995,6976.821599999999,2026-02-12,Overdue
INV08468,S030368,C00410,2025-10-05,20140.16,3625.2288,2025-10-05,Disputed
INV08469,S026099,C00535,2025-07-29,44380.03,7988.4054,2025-07-29,Pending
INV08470,S030695,C00678,2025-01-01,61259.799999999996,11026.764,2025-01-01,Paid
INV08471,S014833,C00383,2025-05-03,34458.81,6202.585799999999,2025-05-03,Pending
INV08472,S021634,C00687,2026-04-10,45226.04,8140.6872,2026-04-10,Pending
INV08473,S031927,C00680,2025-07-02,54934.72,9888.2496,2025-07-02,Overdue
INV08474,S074351,C00290,2024-07-23,23315.739999999998,4196.833199999999,2024-07-23,Disputed
INV08475,S058285,C00460,2025-09-12,31893.350000000002,5740.803,2025-09-12,Overdue
INV08476,S064661,C00594,2026-05-15,59966.44,10793.9592,2026-05-15,Overdue
INV08477,S073577,C00278,2024-10-28,27556.17,4960.110599999999,2024-10-28,Disputed
INV08478,S011482,C00121,2025-09-03,52633.840000000004,9474.0912,2025-09-03,Pending
INV08479,S008362,C00712,2026-04-18,12222.94,2200.1292,2026-04-18,Pending
INV08480,S052438,C00054,2025-08-18,34469.02,6204.423599999999,2025-08-18,Overdue
INV08481,S052019,C00323,2026-02-26,24332.24,4379.8032,2026-02-26,Overdue
INV08482,S094781,C00741,2024-12-31,55323.119999999995,9958.1616,2024-12-31,Paid
INV08483,S056247,C00674,2025-11-06,34404.97,6192.8946,2025-11-06,Paid
INV08484,S087988,C00603,2025-01-28,28116.079999999998,5060.894399999999,2025-01-28,Pending
INV08485,S081003,C00574,2024-11-01,24008.77,4321.5786,2024-11-01,Overdue
INV08486,S074367,C00518,2024-08-01,56138.729999999996,10104.971399999999,2024-08-01,Pending
INV08487,S045504,C00044,2025-09-16,51554.75,9279.855,2025-09-16,Disputed
INV08488,S083106,C00954,2026-05-19,29498.059999999998,5309.650799999999,2026-05-19,Pending
INV08489,S040450,C00341,2026-05-14,18141.39,3265.4501999999998,2026-05-14,Pending
INV08490,S020887,C00743,2025-11-15,12529.23,2255.2614,2025-11-15,Pending
INV08491,S043227,C00312,2025-02-19,16097.599999999999,2897.5679999999998,2025-02-19,Disputed
INV08492,S046144,C00621,2024-07-25,51090.95,9196.371,2024-07-25,Overdue
INV08493,S087826,C00490,2024-07-15,13750.220000000001,2475.0396,2024-07-15,Disputed
INV08494,S016608,C00052,2025-03-09,26502.13,4770.3834,2025-03-09,Pending
INV08495,S005930,C00650,2024-09-10,16790.1,3022.218,2024-09-10,Overdue
INV08496,S091841,C00033,2024-10-11,14472.32,2605.0175999999997,2024-10-11,Overdue
INV08497,S025015,C00702,2024-07-20,25275.4,4549.572,2024-07-20,Pending
INV08498,S068985,C00681,2024-12-02,40376.77,7267.8186,2024-12-02,Disputed
INV08499,S009790,C00310,2024-07-22,28028.25,5045.085,2024-07-22,Paid
INV08500,S093508,C00764,2024-11-26,42525.3,7654.554,2024-11-26,Overdue
INV08501,S028163,C00476,2024-08-07,41089.24,7396.0632,2024-08-07,Paid
INV08502,S063902,C00948,2025-09-11,12956.82,2332.2275999999997,2025-09-11,Disputed
INV08503,S006289,C00569,2025-10-03,39424.13,7096.343399999999,2025-10-03,Paid
INV08504,S088389,C00954,2024-06-09,25110.15,4519.827,2024-06-09,Disputed
INV08505,S051205,C00117,2025-11-28,21143.37,3805.8066,2025-11-28,Paid
INV08506,S082245,C00022,2024-11-20,17848.23,3212.6814,2024-11-20,Overdue
INV08507,S033597,C00587,2025-01-07,46160.53,8308.8954,2025-01-07,Disputed
INV08508,S010001,C00300,2024-07-16,45499.49,8189.908199999999,2024-07-16,Paid
INV08509,S011695,C00992,2025-02-28,44851.63,8073.2934,2025-02-28,Overdue
INV08510,S095529,C00352,2025-12-11,56419.310000000005,10155.4758,2025-12-11,Overdue
INV08511,S053937,C00894,2024-10-15,46736.18000000001,8412.512400000001,2024-10-15,Paid
INV08512,S045115,C00188,2025-07-21,31167.41,5610.1338,2025-07-21,Disputed
INV08513,S092156,C00134,2025-10-25,31524.980000000003,5674.4964,2025-10-25,Overdue
INV08514,S000246,C00227,2026-02-14,29794.82,5363.067599999999,2026-02-14,Paid
INV08515,S061667,C00210,2025-02-28,56715.48,10208.7864,2025-02-28,Paid
INV08516,S097376,C00834,2026-05-07,35404.759999999995,6372.856799999999,2026-05-07,Paid
INV08517,S070804,C00428,2025-10-31,22006.93,3961.2473999999997,2025-10-31,Paid
INV08518,S006229,C00801,2024-07-10,7195.030000000001,1295.1054000000001,2024-07-10,Disputed
INV08519,S094647,C00325,2025-10-24,44563.56,8021.440799999999,2025-10-24,Overdue
INV08520,S069653,C00062,2025-03-05,24377.37,4387.9266,2025-03-05,Disputed
INV08521,S046167,C00077,2024-11-13,36496.61,6569.3898,2024-11-13,Pending
INV08522,S003746,C00670,2025-11-07,36408.520000000004,6553.533600000001,2025-11-07,Pending
INV08523,S018998,C00676,2025-11-14,53667.91,9660.2238,2025-11-14,Disputed
INV08524,S051746,C00857,2025-09-30,40698.28,7325.6903999999995,2025-09-30,Disputed
INV08525,S044213,C00768,2026-01-14,42843.17,7711.7706,2026-01-14,Disputed
INV08526,S043420,C00760,2024-06-21,21068.86,3792.3948,2024-06-21,Pending
INV08527,S034533,C00377,2024-10-28,35845.55,6452.1990000000005,2024-10-28,Overdue
INV08528,S090693,C00596,2024-11-10,32828.7,5909.165999999999,2024-11-10,Overdue
INV08529,S095404,C00473,2025-07-22,28922.53,5206.055399999999,2025-07-22,Disputed
INV08530,S076653,C00889,2024-07-08,47218.22,8499.2796,2024-07-08,Overdue
INV08531,S088423,C00039,2025-10-20,20281.25,3650.625,2025-10-20,Overdue
INV08532,S058704,C00372,2026-02-13,17307.23,3115.3014,2026-02-13,Disputed
INV08533,S012291,C00535,2026-03-30,25448.95,4580.811,2026-03-30,Overdue
INV08534,S036195,C00017,2025-02-08,38177.17,6871.8906,2025-02-08,Disputed
INV08535,S029388,C00497,2025-07-11,37446.850000000006,6740.433000000001,2025-07-11,Paid
INV08536,S056860,C00216,2024-11-02,10316.49,1856.9681999999998,2024-11-02,Disputed
INV08537,S051249,C00767,2026-05-24,30132.100000000002,5423.778,2026-05-24,Disputed
INV08538,S099273,C00730,2026-03-29,58357.06,10504.270799999998,2026-03-29,Pending
INV08539,S055861,C00064,2025-06-29,13015.849999999999,2342.8529999999996,2025-06-29,Disputed
INV08540,S084121,C00486,2025-04-29,61754.479999999996,11115.8064,2025-04-29,Pending
INV08541,S008424,C00824,2025-01-18,48392.22,8710.5996,2025-01-18,Paid
INV08542,S066890,C00811,2025-10-22,21928.4,3947.112,2025-10-22,Pending
INV08543,S002694,C00326,2025-03-01,43193.84,7774.891199999999,2025-03-01,Paid
INV08544,S077137,C00473,2024-12-12,18456.55,3322.1789999999996,2024-12-12,Disputed
INV08545,S007285,C00856,2024-12-02,45848.490000000005,8252.728200000001,2024-12-02,Overdue
INV08546,S040103,C00035,2024-12-24,29174.98,5251.4964,2024-12-24,Paid
INV08547,S040592,C00220,2024-07-07,20208.65,3637.5570000000002,2024-07-07,Paid
INV08548,S069712,C00681,2026-02-07,52968.22,9534.2796,2026-02-07,Pending
INV08549,S019439,C00305,2024-12-29,26452.07,4761.3726,2024-12-29,Disputed
INV08550,S016166,C00476,2026-01-12,37337.45,6720.740999999999,2026-01-12,Overdue
INV08551,S023614,C00954,2025-04-24,19318.83,3477.3894,2025-04-24,Paid
INV08552,S072733,C00213,2025-12-02,28253.01,5085.5418,2025-12-02,Paid
INV08553,S006854,C00235,2025-10-01,35900.71,6462.127799999999,2025-10-01,Overdue
INV08554,S090850,C00214,2025-06-30,22305.41,4014.9737999999998,2025-06-30,Paid
INV08555,S066924,C00363,2025-10-19,15564.349999999999,2801.5829999999996,2025-10-19,Pending
INV08556,S022144,C00166,2025-05-26,46843.26,8431.7868,2025-05-26,Pending
INV08557,S012274,C00344,2025-04-02,12894.64,2321.0352,2025-04-02,Paid
INV08558,S005616,C00553,2025-05-21,31048.8,5588.784,2025-05-21,Disputed
INV08559,S095095,C00145,2024-11-04,27618.71,4971.3678,2024-11-04,Overdue
INV08560,S045750,C00141,2025-09-28,32625.9,5872.662,2025-09-28,Paid
INV08561,S010816,C00413,2025-08-30,17564.73,3161.6513999999997,2025-08-30,Disputed
INV08562,S035309,C00057,2025-09-24,43079.07,7754.232599999999,2025-09-24,Paid
INV08563,S053339,C00835,2026-05-08,18818.0,3387.24,2026-05-08,Overdue
INV08564,S050602,C00684,2025-06-29,48930.39,8807.4702,2025-06-29,Disputed
INV08565,S077707,C00774,2025-09-28,45388.490000000005,8169.9282,2025-09-28,Overdue
INV08566,S090592,C00168,2025-06-01,38060.74,6850.9331999999995,2025-06-01,Overdue
INV08567,S057661,C00894,2024-07-21,58079.65,10454.337,2024-07-21,Disputed
INV08568,S053857,C00690,2024-08-07,57188.35,10293.903,2024-08-07,Overdue
INV08569,S076711,C00968,2025-12-10,48473.5,8725.23,2025-12-10,Overdue
INV08570,S048972,C00289,2025-03-28,53460.98,9622.9764,2025-03-28,Disputed
INV08571,S027135,C00874,2024-10-03,25853.79,4653.6822,2024-10-03,Overdue
INV08572,S001773,C00359,2026-03-30,16120.85,2901.753,2026-03-30,Overdue
INV08573,S046715,C00252,2024-10-31,20334.19,3660.1541999999995,2024-10-31,Overdue
INV08574,S080391,C00209,2024-07-12,27138.09,4884.8562,2024-07-12,Paid
INV08575,S092740,C00760,2025-06-17,49297.229999999996,8873.5014,2025-06-17,Overdue
INV08576,S059298,C00647,2026-01-08,47430.28,8537.4504,2026-01-08,Disputed
INV08577,S099930,C00524,2024-10-19,30233.670000000002,5442.0606,2024-10-19,Paid
INV08578,S061000,C00553,2025-10-27,34037.0,6126.66,2025-10-27,Pending
INV08579,S077619,C00272,2024-11-08,23477.0,4225.86,2024-11-08,Overdue
INV08580,S045923,C00155,2025-01-23,16423.83,2956.2894,2025-01-23,Pending
INV08581,S080386,C00742,2024-09-15,8068.530000000001,1452.3354000000002,2024-09-15,Paid
INV08582,S096710,C00475,2026-03-15,22406.07,4033.0926,2026-03-15,Paid
INV08583,S017470,C00362,2024-12-28,4175.8,751.644,2024-12-28,Pending
INV08584,S006333,C00027,2026-05-08,33733.4,6072.012,2026-05-08,Disputed
INV08585,S069020,C00333,2026-04-23,54346.71,9782.407799999999,2026-04-23,Disputed
INV08586,S028683,C00164,2025-08-19,10168.53,1830.3354000000002,2025-08-19,Disputed
INV08587,S063727,C00253,2026-01-14,38000.99,6840.178199999999,2026-01-14,Overdue
INV08588,S099427,C00437,2026-05-02,16019.95,2883.591,2026-05-02,Paid
INV08589,S001800,C00263,2025-07-25,10165.96,1829.8727999999999,2025-07-25,Paid
INV08590,S082580,C00511,2024-07-03,38816.46,6986.962799999999,2024-07-03,Paid
INV08591,S052223,C00881,2026-05-17,21878.23,3938.0813999999996,2026-05-17,Overdue
INV08592,S085438,C00715,2025-12-15,42200.75,7596.134999999999,2025-12-15,Pending
INV08593,S030122,C00396,2025-05-29,46756.97,8416.2546,2025-05-29,Disputed
INV08594,S054208,C00659,2026-03-13,25476.68,4585.8024,2026-03-13,Pending
INV08595,S051202,C00119,2025-07-03,44586.51,8025.5718,2025-07-03,Pending
INV08596,S077538,C00608,2025-10-02,33238.47,5982.9246,2025-10-02,Paid
INV08597,S044910,C00431,2026-03-12,38371.020000000004,6906.783600000001,2026-03-12,Disputed
INV08598,S023783,C00870,2025-12-22,11486.58,2067.5843999999997,2025-12-22,Overdue
INV08599,S005456,C00102,2024-07-24,21438.079999999998,3858.8543999999997,2024-07-24,Pending
INV08600,S042259,C00006,2026-05-05,39125.82,7042.647599999999,2026-05-05,Disputed
INV08601,S023810,C00322,2025-03-02,29279.809999999998,5270.3658,2025-03-02,Disputed
INV08602,S070024,C00010,2025-09-10,18785.760000000002,3381.4368000000004,2025-09-10,Disputed
INV08603,S087385,C00237,2024-11-25,59030.39,10625.4702,2024-11-25,Paid
INV08604,S083301,C00969,2026-02-02,54336.52,9780.5736,2026-02-02,Disputed
INV08605,S053566,C00487,2024-10-28,20380.11,3668.4198,2024-10-28,Overdue
INV08606,S090407,C00734,2025-03-13,7425.889999999999,1336.6601999999998,2025-03-13,Overdue
INV08607,S092675,C00697,2024-07-07,36132.17,6503.790599999999,2024-07-07,Disputed
INV08608,S009784,C00119,2026-02-16,14465.67,2603.8206,2026-02-16,Paid
INV08609,S059597,C00928,2024-07-28,55053.06,9909.550799999999,2024-07-28,Disputed
INV08610,S078421,C00408,2024-12-28,14127.48,2542.9464,2024-12-28,Paid
INV08611,S046580,C00804,2025-11-26,44704.42999999999,8046.797399999999,2025-11-26,Overdue
INV08612,S035208,C00975,2025-07-03,31390.62,5650.3116,2025-07-03,Paid
INV08613,S030893,C00464,2025-07-07,46649.73,8396.9514,2025-07-07,Overdue
INV08614,S081047,C00254,2024-11-06,13100.78,2358.1404,2024-11-06,Disputed
INV08615,S022365,C00326,2025-09-26,38899.159999999996,7001.848799999999,2025-09-26,Disputed
INV08616,S026909,C00531,2025-08-01,45902.060000000005,8262.3708,2025-08-01,Pending
INV08617,S076128,C00493,2024-08-14,25600.11,4608.0198,2024-08-14,Disputed
INV08618,S022155,C00967,2024-08-20,15587.52,2805.7536,2024-08-20,Pending
INV08619,S059607,C00193,2024-11-13,19271.77,3468.9186,2024-11-13,Overdue
INV08620,S061385,C00404,2026-05-19,30651.39,5517.2501999999995,2026-05-19,Pending
INV08621,S042447,C00913,2024-08-18,59016.26,10622.9268,2024-08-18,Pending
INV08622,S054959,C00648,2025-12-15,40966.48,7373.9664,2025-12-15,Paid
INV08623,S082559,C00324,2025-05-30,26785.26,4821.346799999999,2025-05-30,Overdue
INV08624,S001181,C00387,2025-09-09,43757.25,7876.304999999999,2025-09-09,Pending
INV08625,S035198,C00150,2025-05-04,8352.650000000001,1503.4770000000003,2025-05-04,Overdue
INV08626,S044879,C00775,2025-01-19,43948.26,7910.6868,2025-01-19,Pending
INV08627,S012362,C00873,2025-04-20,45808.42,8245.515599999999,2025-04-20,Pending
INV08628,S045165,C00212,2025-08-06,16168.259999999998,2910.2867999999994,2025-08-06,Pending
INV08629,S068766,C00927,2024-09-07,16411.71,2954.1077999999998,2024-09-07,Disputed
INV08630,S053344,C00737,2025-03-30,16827.17,3028.8905999999997,2025-03-30,Pending
INV08631,S014861,C00780,2024-12-30,38776.09,6979.696199999999,2024-12-30,Pending
INV08632,S035783,C00701,2025-06-19,8790.77,1582.3386,2025-06-19,Overdue
INV08633,S099003,C00843,2025-09-18,21655.91,3898.0638,2025-09-18,Disputed
INV08634,S092558,C00638,2026-01-11,49857.14,8974.2852,2026-01-11,Overdue
INV08635,S065892,C00810,2024-10-11,45140.04,8125.2072,2024-10-11,Pending
INV08636,S096837,C00242,2025-10-26,45095.049999999996,8117.108999999999,2025-10-26,Disputed
INV08637,S061870,C00669,2026-01-23,52014.420000000006,9362.5956,2026-01-23,Disputed
INV08638,S042560,C00747,2024-10-23,19450.36,3501.0648,2024-10-23,Paid
INV08639,S047289,C00802,2025-11-29,43813.12,7886.3616,2025-11-29,Pending
INV08640,S036478,C00751,2024-06-27,18846.85,3392.4329999999995,2024-06-27,Pending
INV08641,S035675,C00057,2025-12-28,30842.5,5551.65,2025-12-28,Disputed
INV08642,S022972,C00422,2025-09-11,36078.1,6494.057999999999,2025-09-11,Paid
INV08643,S002037,C00977,2026-04-27,20922.48,3766.0463999999997,2026-04-27,Pending
INV08644,S018088,C00576,2025-07-15,15953.82,2871.6875999999997,2025-07-15,Disputed
INV08645,S037531,C00242,2025-08-23,39335.229999999996,7080.341399999999,2025-08-23,Disputed
INV08646,S038352,C00979,2025-01-29,33180.92,5972.5656,2025-01-29,Disputed
INV08647,S064047,C00937,2025-08-23,22316.96,4017.0527999999995,2025-08-23,Paid
INV08648,S025048,C00884,2026-04-04,31476.91,5665.8438,2026-04-04,Overdue
INV08649,S096706,C00036,2024-10-06,30668.98,5520.4164,2024-10-06,Pending
INV08650,S076885,C00816,2025-09-12,46015.02,8282.703599999999,2025-09-12,Pending
INV08651,S075744,C00203,2025-01-21,48784.10999999999,8781.139799999999,2025-01-21,Pending
INV08652,S087491,C00981,2025-11-03,32021.57,5763.8826,2025-11-03,Paid
INV08653,S038125,C00530,2025-01-30,19185.46,3453.3828,2025-01-30,Paid
INV08654,S024766,C00827,2025-07-12,47296.43,8513.357399999999,2025-07-12,Paid
INV08655,S018652,C00545,2024-10-16,9763.23,1757.3813999999998,2024-10-16,Paid
INV08656,S017909,C00346,2024-06-10,37760.98,6796.9764000000005,2024-06-10,Pending
INV08657,S017718,C00890,2024-09-05,13228.650000000001,2381.157,2024-09-05,Overdue
INV08658,S011852,C00137,2024-11-06,29241.01,5263.381799999999,2024-11-06,Overdue
INV08659,S087473,C00585,2024-09-27,33109.55,5959.719,2024-09-27,Disputed
INV08660,S015492,C00323,2024-11-30,23745.879999999997,4274.2584,2024-11-30,Disputed
INV08661,S007711,C00139,2024-10-15,57385.5,10329.39,2024-10-15,Overdue
INV08662,S056207,C00002,2025-05-20,14688.49,2643.9282,2025-05-20,Disputed
INV08663,S009805,C00824,2024-10-07,52632.630000000005,9473.8734,2024-10-07,Pending
INV08664,S074429,C00751,2024-08-13,43255.07,7785.9126,2024-08-13,Paid
INV08665,S046793,C00872,2025-05-26,37562.0,6761.16,2025-05-26,Overdue
INV08666,S039195,C00539,2024-07-25,18724.66,3370.4388,2024-07-25,Disputed
INV08667,S089165,C00122,2024-07-22,35758.69,6436.5642,2024-07-22,Disputed
INV08668,S091865,C00557,2024-08-20,50155.97,9028.0746,2024-08-20,Paid
INV08669,S085765,C00816,2025-06-29,38135.28,6864.350399999999,2025-06-29,Overdue
INV08670,S099568,C00279,2026-05-27,42566.3,7661.934,2026-05-27,Paid
INV08671,S064294,C00010,2025-01-19,48919.9,8805.582,2025-01-19,Paid
INV08672,S070850,C00417,2025-07-03,59143.74,10645.8732,2025-07-03,Paid
INV08673,S027296,C00633,2025-06-19,48871.740000000005,8796.9132,2025-06-19,Disputed
INV08674,S084323,C00899,2024-10-12,50484.68,9087.2424,2024-10-12,Overdue
INV08675,S052499,C00052,2025-11-24,19081.449999999997,3434.660999999999,2025-11-24,Pending
INV08676,S021109,C00606,2024-07-13,51981.329999999994,9356.639399999998,2024-07-13,Overdue
INV08677,S019565,C00572,2025-10-24,28742.0,5173.5599999999995,2025-10-24,Pending
INV08678,S039770,C00355,2025-09-12,49104.229999999996,8838.7614,2025-09-12,Disputed
INV08679,S009492,C00022,2025-03-16,35653.09,6417.556199999999,2025-03-16,Pending
INV08680,S086345,C00371,2025-06-16,41498.729999999996,7469.771399999999,2025-06-16,Paid
INV08681,S041393,C00305,2024-07-20,55685.04,10023.3072,2024-07-20,Paid
INV08682,S014360,C00557,2024-08-21,31844.940000000002,5732.0892,2024-08-21,Paid
INV08683,S080280,C00425,2026-02-18,21184.31,3813.1758,2026-02-18,Disputed
INV08684,S058550,C00313,2025-06-12,39757.94,7156.4292000000005,2025-06-12,Disputed
INV08685,S078434,C00785,2025-06-16,29514.769999999997,5312.658599999999,2025-06-16,Pending
INV08686,S076289,C00286,2025-05-03,23671.37,4260.8466,2025-05-03,Disputed
INV08687,S089041,C00624,2026-02-18,15192.33,2734.6194,2026-02-18,Paid
INV08688,S053656,C00540,2024-09-08,42473.28,7645.1903999999995,2024-09-08,Overdue
INV08689,S066513,C00477,2025-10-24,34071.36,6132.8448,2025-10-24,Paid
INV08690,S089307,C00200,2024-09-03,16345.91,2942.2637999999997,2024-09-03,Disputed
INV08691,S097794,C00015,2025-09-06,39645.82,7136.2476,2025-09-06,Overdue
INV08692,S052767,C00936,2025-01-17,53029.03,9545.2254,2025-01-17,Paid
INV08693,S037398,C00918,2026-05-02,59394.77,10691.058599999998,2026-05-02,Disputed
INV08694,S099432,C00765,2024-11-23,13228.060000000001,2381.0508,2024-11-23,Disputed
INV08695,S082868,C00381,2024-07-17,26173.92,4711.3056,2024-07-17,Disputed
INV08696,S026628,C00754,2025-04-12,33306.24,5995.123199999999,2025-04-12,Paid
INV08697,S098362,C00080,2026-04-06,6524.79,1174.4622,2026-04-06,Paid
INV08698,S002666,C00414,2025-12-08,48412.73,8714.2914,2025-12-08,Disputed
INV08699,S046316,C00636,2024-12-15,34200.16,6156.0288,2024-12-15,Paid
INV08700,S073860,C00739,2024-10-22,33470.84,6024.751199999999,2024-10-22,Overdue
INV08701,S062474,C00189,2026-06-02,31091.83,5596.5294,2026-06-02,Disputed
INV08702,S085957,C00356,2026-02-08,19708.72,3547.5696000000003,2026-02-08,Overdue
INV08703,S028488,C00766,2024-12-24,11006.16,1981.1088,2024-12-24,Paid
INV08704,S019508,C00188,2025-02-19,13551.59,2439.2862,2025-02-19,Pending
INV08705,S067852,C00444,2025-05-23,52759.61,9496.7298,2025-05-23,Disputed
INV08706,S064577,C00291,2026-04-06,50898.63,9161.7534,2026-04-06,Pending
INV08707,S043136,C00403,2025-04-01,53771.82,9678.927599999999,2025-04-01,Overdue
INV08708,S077203,C00790,2025-12-20,25954.02,4671.7236,2025-12-20,Pending
INV08709,S090826,C00635,2026-01-22,18842.72,3391.6896,2026-01-22,Pending
INV08710,S015971,C00952,2024-11-21,13086.8,2355.624,2024-11-21,Paid
INV08711,S043129,C00388,2026-04-23,32399.45,5831.901,2026-04-23,Disputed
INV08712,S093824,C00798,2026-04-24,21255.27,3825.9485999999997,2026-04-24,Disputed
INV08713,S049371,C00873,2024-11-06,9108.46,1639.5227999999997,2024-11-06,Paid
INV08714,S070092,C00544,2026-04-17,25489.89,4588.1802,2026-04-17,Overdue
INV08715,S004325,C00174,2025-07-26,18387.18,3309.6924,2025-07-26,Disputed
INV08716,S018582,C00418,2025-02-26,14741.45,2653.4610000000002,2025-02-26,Paid
INV08717,S040655,C00624,2024-12-21,40753.97,7335.7146,2024-12-21,Overdue
INV08718,S052246,C00876,2025-10-03,43629.42,7853.2955999999995,2025-10-03,Paid
INV08719,S012049,C00095,2026-05-03,40062.979999999996,7211.336399999999,2026-05-03,Overdue
INV08720,S096700,C00322,2024-09-26,16881.38,3038.6484,2024-09-26,Paid
INV08721,S090153,C00500,2025-03-08,45421.59,8175.886199999999,2025-03-08,Paid
INV08722,S054476,C00013,2025-09-18,13220.96,2379.7727999999997,2025-09-18,Paid
INV08723,S078279,C00616,2024-11-05,16024.630000000001,2884.4334,2024-11-05,Pending
INV08724,S023721,C00352,2025-06-24,13190.02,2374.2036,2025-06-24,Pending
INV08725,S088420,C00413,2025-02-07,56396.4,10151.352,2025-02-07,Disputed
INV08726,S011380,C00263,2024-06-09,26938.78,4848.9803999999995,2024-06-09,Pending
INV08727,S063441,C00118,2024-07-30,28675.07,5161.5126,2024-07-30,Paid
INV08728,S091472,C00429,2026-05-15,21242.75,3823.6949999999997,2026-05-15,Disputed
INV08729,S013809,C00489,2026-04-09,35802.200000000004,6444.396000000001,2026-04-09,Pending
INV08730,S019437,C00746,2025-12-22,24006.44,4321.1592,2025-12-22,Paid
INV08731,S000528,C00873,2024-12-17,9824.0,1768.32,2024-12-17,Overdue
INV08732,S084923,C00789,2024-09-09,30904.75,5562.855,2024-09-09,Paid
INV08733,S001751,C00048,2024-06-12,20340.87,3661.3565999999996,2024-06-12,Disputed
INV08734,S061558,C00530,2024-11-11,41450.200000000004,7461.036,2024-11-11,Overdue
INV08735,S028898,C00533,2026-04-29,31134.18,5604.1524,2026-04-29,Pending
INV08736,S081247,C00860,2025-10-08,19978.510000000002,3596.1318,2025-10-08,Pending
INV08737,S003432,C00093,2024-07-14,24841.03,4471.385399999999,2024-07-14,Overdue
INV08738,S008243,C00672,2025-02-20,14180.529999999999,2552.4954,2025-02-20,Disputed
INV08739,S081516,C00515,2024-12-26,50107.55,9019.359,2024-12-26,Overdue
INV08740,S069022,C00542,2026-04-16,52440.33,9439.2594,2026-04-16,Overdue
INV08741,S007505,C00392,2026-06-01,15722.16,2829.9888,2026-06-01,Disputed
INV08742,S025801,C00095,2025-02-12,26073.829999999998,4693.2894,2025-02-12,Paid
INV08743,S081631,C00936,2025-02-25,40715.91,7328.8638,2025-02-25,Paid
INV08744,S033356,C00659,2025-07-27,51811.65,9326.097,2025-07-27,Paid
INV08745,S039664,C00349,2024-12-07,52026.03,9364.6854,2024-12-07,Overdue
INV08746,S077985,C00727,2024-07-20,24239.8,4363.164,2024-07-20,Overdue
INV08747,S066670,C00572,2025-06-26,33933.53,6108.0354,2025-06-26,Overdue
INV08748,S000097,C00966,2025-06-30,12261.77,2207.1186,2025-06-30,Disputed
INV08749,S068914,C00056,2026-05-16,24342.03,4381.5653999999995,2026-05-16,Disputed
INV08750,S095442,C00559,2024-11-21,20682.22,3722.7996000000003,2024-11-21,Pending
INV08751,S018661,C00799,2025-04-24,35192.12,6334.5816,2025-04-24,Overdue
INV08752,S013272,C00828,2025-05-17,44195.1,7955.1179999999995,2025-05-17,Pending
INV08753,S036918,C00425,2025-01-19,16533.54,2976.0372,2025-01-19,Paid
INV08754,S058808,C00277,2024-06-12,20084.43,3615.1974,2024-06-12,Disputed
INV08755,S046579,C00965,2025-11-29,44609.5,8029.71,2025-11-29,Pending
INV08756,S051872,C00163,2026-05-03,48669.44,8760.4992,2026-05-03,Pending
INV08757,S079666,C00875,2025-02-13,50426.049999999996,9076.688999999998,2025-02-13,Pending
INV08758,S018798,C00396,2025-11-09,22186.92,3993.6455999999994,2025-11-09,Overdue
INV08759,S056282,C00731,2026-06-02,32812.93,5906.3274,2026-06-02,Pending
INV08760,S038199,C00360,2025-10-05,57130.87,10283.5566,2025-10-05,Pending
INV08761,S076211,C00758,2025-08-20,28159.95,5068.791,2025-08-20,Overdue
INV08762,S024754,C00179,2025-07-19,44504.8,8010.8640000000005,2025-07-19,Disputed
INV08763,S069932,C00566,2024-06-13,39338.09,7080.856199999999,2024-06-13,Disputed
INV08764,S060186,C00027,2025-03-16,17897.56,3221.5608,2025-03-16,Paid
INV08765,S049923,C00664,2026-01-31,20686.21,3723.5177999999996,2026-01-31,Paid
INV08766,S079000,C00134,2026-01-04,52432.86,9437.9148,2026-01-04,Pending
INV08767,S022809,C00539,2025-06-27,27541.61,4957.4898,2025-06-27,Overdue
INV08768,S004060,C00516,2026-01-10,18106.55,3259.1789999999996,2026-01-10,Disputed
INV08769,S086942,C00593,2025-09-01,33175.6,5971.607999999999,2025-09-01,Overdue
INV08770,S049775,C00606,2025-11-15,13208.130000000001,2377.4634,2025-11-15,Pending
INV08771,S069048,C00841,2025-02-11,42879.88,7718.3784,2025-02-11,Paid
INV08772,S091064,C00114,2024-11-01,35147.31,6326.515799999999,2024-11-01,Overdue
INV08773,S001853,C00889,2026-05-27,26849.43,4832.8974,2026-05-27,Disputed
INV08774,S098308,C00784,2025-02-24,40082.619999999995,7214.871599999999,2025-02-24,Overdue
INV08775,S022671,C00701,2025-05-03,34745.33,6254.1594000000005,2025-05-03,Disputed
INV08776,S007147,C00426,2025-09-09,31868.5,5736.33,2025-09-09,Pending
INV08777,S083162,C00476,2025-03-04,32721.71,5889.9078,2025-03-04,Paid
INV08778,S049985,C00723,2025-08-19,21970.15,3954.627,2025-08-19,Pending
INV08779,S090906,C00655,2025-01-28,44012.1,7922.178,2025-01-28,Disputed
INV08780,S029547,C00190,2025-08-06,39096.77,7037.418599999999,2025-08-06,Disputed
INV08781,S077665,C00713,2025-10-06,26430.019999999997,4757.4036,2025-10-06,Disputed
INV08782,S008478,C00876,2026-03-25,53995.49,9719.188199999999,2026-03-25,Overdue
INV08783,S017454,C00199,2025-02-06,52299.26,9413.8668,2025-02-06,Paid
INV08784,S096455,C00061,2024-11-17,43293.74,7792.873199999999,2024-11-17,Paid
INV08785,S015232,C00135,2026-05-28,40317.22,7257.0996,2026-05-28,Overdue
INV08786,S087602,C00336,2024-08-05,30104.910000000003,5418.8838000000005,2024-08-05,Disputed
INV08787,S014936,C00310,2025-03-05,43968.26,7914.2868,2025-03-05,Pending
INV08788,S060954,C00075,2024-06-18,30637.94,5514.829199999999,2024-06-18,Paid
INV08789,S068918,C00610,2024-06-22,18685.13,3363.3234,2024-06-22,Pending
INV08790,S059775,C00579,2024-11-09,37369.42,6726.495599999999,2024-11-09,Pending
INV08791,S002483,C00792,2024-08-05,41577.89,7484.0202,2024-08-05,Overdue
INV08792,S046866,C00069,2024-12-26,38555.130000000005,6939.923400000001,2024-12-26,Pending
INV08793,S021106,C00666,2024-08-26,29979.609999999997,5396.3297999999995,2024-08-26,Paid
INV08794,S000953,C00312,2024-11-15,24431.31,4397.6358,2024-11-15,Paid
INV08795,S025244,C00948,2024-06-25,40042.68,7207.6824,2024-06-25,Pending
INV08796,S009236,C00575,2025-05-30,42989.49,7738.1082,2025-05-30,Disputed
INV08797,S013944,C00055,2025-08-28,63554.81,11439.8658,2025-08-28,Pending
INV08798,S015992,C00231,2024-12-08,50467.12,9084.0816,2024-12-08,Pending
INV08799,S024463,C00807,2025-11-14,39429.71,7097.3478,2025-11-14,Pending
INV08800,S047751,C00522,2025-07-28,57204.07,10296.7326,2025-07-28,Paid
INV08801,S011437,C00721,2025-07-01,25398.620000000003,4571.7516000000005,2025-07-01,Overdue
INV08802,S013125,C00493,2025-06-21,51947.04,9350.4672,2025-06-21,Paid
INV08803,S063879,C00188,2026-05-22,52043.469999999994,9367.824599999998,2026-05-22,Paid
INV08804,S007099,C00158,2025-08-08,47724.72,8590.4496,2025-08-08,Disputed
INV08805,S041915,C00098,2024-08-26,27032.6,4865.8679999999995,2024-08-26,Disputed
INV08806,S034777,C00784,2026-03-31,44217.049999999996,7959.068999999999,2026-03-31,Paid
INV08807,S081425,C00429,2025-10-14,10423.130000000001,1876.1634000000001,2025-10-14,Paid
INV08808,S060484,C00867,2024-12-02,39446.170000000006,7100.310600000001,2024-12-02,Paid
INV08809,S073397,C00129,2024-11-16,26950.15,4851.027,2024-11-16,Pending
INV08810,S070680,C00821,2026-04-21,30463.899999999998,5483.5019999999995,2026-04-21,Pending
INV08811,S085762,C00534,2025-12-17,58853.799999999996,10593.684,2025-12-17,Disputed
INV08812,S096239,C00749,2024-11-04,45527.869999999995,8195.016599999999,2024-11-04,Disputed
INV08813,S038478,C00824,2024-08-03,25462.870000000003,4583.3166,2024-08-03,Overdue
INV08814,S022366,C00171,2024-12-30,12623.68,2272.2624,2024-12-30,Paid
INV08815,S014290,C00721,2025-09-09,56432.06,10157.770799999998,2025-09-09,Paid
INV08816,S076303,C00436,2024-08-12,17450.27,3141.0486,2024-08-12,Paid
INV08817,S029804,C00161,2025-12-22,27137.59,4884.7662,2025-12-22,Pending
INV08818,S021412,C00816,2024-08-19,39503.69,7110.6642,2024-08-19,Overdue
INV08819,S055235,C00090,2025-03-31,56161.740000000005,10109.1132,2025-03-31,Overdue
INV08820,S062023,C00593,2024-06-14,42416.84,7635.031199999999,2024-06-14,Paid
INV08821,S032555,C00786,2024-11-25,49061.95,8831.151,2024-11-25,Pending
INV08822,S027567,C00774,2024-06-21,44789.659999999996,8062.138799999999,2024-06-21,Disputed
INV08823,S018882,C00214,2025-09-22,27652.82,4977.5076,2025-09-22,Pending
INV08824,S076818,C00032,2024-09-22,47486.67,8547.6006,2024-09-22,Disputed
INV08825,S000499,C00684,2025-07-25,52223.82,9400.2876,2025-07-25,Pending
INV08826,S024874,C00950,2026-04-14,46850.11,8433.0198,2026-04-14,Pending
INV08827,S044787,C00469,2026-03-27,37657.54,6778.3571999999995,2026-03-27,Overdue
INV08828,S010613,C00920,2024-08-30,10262.24,1847.2032,2024-08-30,Overdue
INV08829,S086588,C00977,2026-04-02,14253.59,2565.6462,2026-04-02,Pending
INV08830,S015274,C00327,2025-05-07,46002.259999999995,8280.406799999999,2025-05-07,Pending
INV08831,S033455,C00155,2024-09-15,34857.17,6274.290599999999,2024-09-15,Overdue
INV08832,S094492,C00737,2025-11-05,33273.71,5989.2678,2025-11-05,Disputed
INV08833,S054330,C00491,2024-11-22,43949.07,7910.8326,2024-11-22,Pending
INV08834,S028718,C00656,2025-09-09,26433.629999999997,4758.0534,2025-09-09,Paid
INV08835,S023296,C00188,2025-08-23,23495.379999999997,4229.1684,2025-08-23,Paid
INV08836,S045708,C00180,2026-01-14,13498.3,2429.694,2026-01-14,Pending
INV08837,S037016,C00998,2026-01-31,55586.340000000004,10005.5412,2026-01-31,Paid
INV08838,S081420,C00533,2026-03-17,26787.51,4821.751799999999,2026-03-17,Pending
INV08839,S095304,C00404,2025-01-29,20198.79,3635.7822,2025-01-29,Overdue
INV08840,S009155,C00149,2025-05-21,25582.239999999998,4604.803199999999,2025-05-21,Overdue
INV08841,S034805,C00959,2024-08-02,43778.08,7880.0544,2024-08-02,Pending
INV08842,S067379,C00026,2026-03-14,30161.350000000002,5429.043000000001,2026-03-14,Pending
INV08843,S033774,C00113,2025-10-18,46603.19,8388.574200000001,2025-10-18,Overdue
INV08844,S065214,C00031,2026-05-05,42904.35,7722.782999999999,2026-05-05,Pending
INV08845,S032504,C00484,2025-03-25,50364.46000000001,9065.6028,2025-03-25,Paid
INV08846,S099154,C00123,2025-05-15,33750.909999999996,6075.163799999999,2025-05-15,Disputed
INV08847,S068129,C00592,2024-12-27,10133.130000000001,1823.9634,2024-12-27,Pending
INV08848,S028212,C00777,2025-08-08,22255.91,4006.0638,2025-08-08,Overdue
INV08849,S057252,C00432,2025-07-22,19534.6,3516.2279999999996,2025-07-22,Overdue
INV08850,S007253,C00174,2024-09-11,36210.76,6517.9368,2024-09-11,Pending
INV08851,S051296,C00906,2024-10-14,29368.47,5286.3246,2024-10-14,Disputed
INV08852,S093086,C00944,2026-02-12,34162.88,6149.318399999999,2026-02-12,Paid
INV08853,S072415,C00362,2026-05-26,46457.299999999996,8362.313999999998,2026-05-26,Overdue
INV08854,S074606,C00104,2025-07-14,21465.050000000003,3863.7090000000003,2025-07-14,Disputed
INV08855,S026963,C00452,2026-02-03,24574.55,4423.419,2026-02-03,Overdue
INV08856,S010160,C00659,2024-06-14,6932.1,1247.778,2024-06-14,Overdue
INV08857,S071749,C00889,2025-06-16,9955.25,1791.945,2025-06-16,Paid
INV08858,S042278,C00340,2024-09-30,25038.83,4506.9894,2024-09-30,Disputed
INV08859,S048723,C00387,2026-03-15,25854.649999999998,4653.8369999999995,2026-03-15,Pending
INV08860,S046946,C00202,2026-03-27,54382.01,9788.7618,2026-03-27,Disputed
INV08861,S094104,C00400,2025-02-22,13872.81,2497.1058,2025-02-22,Overdue
INV08862,S004283,C00649,2025-03-25,31773.46,5719.2228,2025-03-25,Pending
INV08863,S008579,C00773,2026-01-28,26424.64,4756.4352,2026-01-28,Overdue
INV08864,S082977,C00541,2024-10-07,44217.77,7959.198599999999,2024-10-07,Disputed
INV08865,S052056,C00583,2024-10-24,30453.55,5481.638999999999,2024-10-24,Disputed
INV08866,S098838,C00768,2025-04-11,27217.59,4899.1662,2025-04-11,Pending
INV08867,S022281,C00983,2025-06-20,31024.64,5584.4352,2025-06-20,Overdue
INV08868,S030178,C00641,2026-02-04,45564.76,8201.6568,2026-02-04,Pending
INV08869,S029402,C00546,2025-06-06,48967.29,8814.1122,2025-06-06,Pending
INV08870,S011586,C00459,2025-07-23,29551.33,5319.2394,2025-07-23,Overdue
INV08871,S021107,C00440,2026-05-03,37807.47,6805.3446,2026-05-03,Overdue
INV08872,S020543,C00396,2024-06-08,49060.53,8830.8954,2024-06-08,Pending
INV08873,S091385,C00655,2025-10-02,38328.62,6899.1516,2025-10-02,Overdue
INV08874,S094014,C00113,2025-08-22,12670.09,2280.6162,2025-08-22,Paid
INV08875,S020621,C00691,2024-07-16,40358.39,7264.5102,2024-07-16,Pending
INV08876,S090255,C00052,2024-07-28,23488.48,4227.926399999999,2024-07-28,Disputed
INV08877,S026000,C00523,2026-05-28,39113.2,7040.375999999999,2026-05-28,Paid
INV08878,S000122,C00244,2025-04-14,44856.53,8074.175399999999,2025-04-14,Disputed
INV08879,S056280,C00753,2025-09-15,49613.58,8930.4444,2025-09-15,Paid
INV08880,S010004,C00413,2025-08-21,43079.8,7754.3640000000005,2025-08-21,Paid
INV08881,S092544,C00986,2026-03-03,25685.86,4623.4547999999995,2026-03-03,Pending
INV08882,S081678,C00809,2025-07-18,5565.9400000000005,1001.8692000000001,2025-07-18,Pending
INV08883,S074753,C00613,2024-10-01,13994.99,2519.0982,2024-10-01,Overdue
INV08884,S021410,C00431,2024-09-16,12553.55,2259.6389999999997,2024-09-16,Pending
INV08885,S075779,C00230,2026-04-26,25720.84,4629.7512,2026-04-26,Overdue
INV08886,S007106,C00444,2026-04-22,26005.5,4680.99,2026-04-22,Disputed
INV08887,S068485,C00684,2026-05-06,7108.72,1279.5696,2026-05-06,Disputed
INV08888,S018474,C00434,2025-05-19,37634.65,6774.237,2025-05-19,Paid
INV08889,S068721,C00653,2025-03-11,35454.87,6381.8766000000005,2025-03-11,Disputed
INV08890,S022507,C00316,2025-10-01,40671.54,7320.8772,2025-10-01,Disputed
INV08891,S046425,C00130,2025-09-16,21488.53,3867.9354,2025-09-16,Disputed
INV08892,S074812,C00812,2025-08-29,49481.06,8906.5908,2025-08-29,Pending
INV08893,S056606,C00174,2025-01-29,11876.6,2137.788,2025-01-29,Paid
INV08894,S076933,C00045,2026-05-09,53234.12,9582.1416,2026-05-09,Overdue
INV08895,S051896,C00887,2025-04-21,30024.059999999998,5404.3308,2025-04-21,Pending
INV08896,S071929,C00400,2025-09-11,53572.880000000005,9643.118400000001,2025-09-11,Overdue
INV08897,S014986,C00911,2024-09-23,44149.600000000006,7946.928000000001,2024-09-23,Pending
INV08898,S006517,C00094,2024-10-09,55528.02,9995.043599999999,2024-10-09,Paid
INV08899,S055754,C00784,2026-05-08,56559.16,10180.6488,2026-05-08,Paid
INV08900,S012939,C00505,2024-06-30,9905.1,1782.918,2024-06-30,Paid
INV08901,S060029,C00684,2025-05-23,51674.27,9301.3686,2025-05-23,Disputed
INV08902,S018763,C00837,2025-11-30,24258.42,4366.5156,2025-11-30,Disputed
INV08903,S029867,C00537,2025-07-15,32131.78,5783.720399999999,2025-07-15,Disputed
INV08904,S088678,C00602,2025-05-10,18138.760000000002,3264.9768000000004,2025-05-10,Paid
INV08905,S096831,C00207,2024-12-07,50934.24,9168.163199999999,2024-12-07,Disputed
INV08906,S024705,C00494,2026-05-08,44309.740000000005,7975.753200000001,2026-05-08,Overdue
INV08907,S087947,C00267,2025-07-16,34323.56,6178.2408,2025-07-16,Disputed
INV08908,S003859,C00064,2024-10-29,31771.98,5718.9564,2024-10-29,Overdue
INV08909,S042003,C00813,2026-04-25,52015.46000000001,9362.7828,2026-04-25,Paid
INV08910,S086958,C00626,2025-10-31,33098.729999999996,5957.771399999999,2025-10-31,Disputed
INV08911,S002484,C00565,2025-04-29,31614.25,5690.565,2025-04-29,Disputed
INV08912,S005082,C00138,2026-01-09,34793.81,6262.885799999999,2026-01-09,Disputed
INV08913,S059883,C00808,2024-10-02,32727.09,5890.8762,2024-10-02,Overdue
INV08914,S049996,C00097,2024-12-12,29958.469999999998,5392.5246,2024-12-12,Overdue
INV08915,S099307,C00751,2025-09-15,36192.01,6514.5618,2025-09-15,Paid
INV08916,S099407,C00510,2025-03-11,42402.51,7632.4518,2025-03-11,Disputed
INV08917,S051873,C00243,2025-12-17,52980.07000000001,9536.412600000001,2025-12-17,Disputed
INV08918,S043181,C00699,2024-09-23,31722.57,5710.062599999999,2024-09-23,Overdue
INV08919,S064106,C00383,2024-07-20,41040.57,7387.3026,2024-07-20,Paid
INV08920,S041968,C00402,2025-11-24,9178.42,1652.1155999999999,2025-11-24,Pending
INV08921,S009385,C00418,2025-06-08,48869.259999999995,8796.466799999998,2025-06-08,Paid
INV08922,S001058,C00145,2025-06-21,19359.66,3484.7387999999996,2025-06-21,Pending
INV08923,S016672,C00476,2024-07-08,58616.22,10550.9196,2024-07-08,Disputed
INV08924,S092651,C00964,2025-07-31,56395.880000000005,10151.2584,2025-07-31,Overdue
INV08925,S048366,C00220,2025-11-08,49999.07,8999.8326,2025-11-08,Pending
INV08926,S095584,C00928,2025-11-28,25429.22,4577.2596,2025-11-28,Overdue
INV08927,S029311,C00887,2024-09-28,33813.68,6086.462399999999,2024-09-28,Disputed
INV08928,S094850,C00445,2026-02-11,57365.009999999995,10325.701799999999,2026-02-11,Pending
INV08929,S060492,C00990,2026-01-29,33481.46,6026.6628,2026-01-29,Paid
INV08930,S099344,C00766,2026-03-24,33565.740000000005,6041.833200000001,2026-03-24,Disputed
INV08931,S052978,C00153,2025-06-27,44918.310000000005,8085.295800000001,2025-06-27,Paid
INV08932,S019846,C00239,2026-05-18,25996.71,4679.4078,2026-05-18,Paid
INV08933,S002376,C00650,2026-04-10,34332.41,6179.8338,2026-04-10,Paid
INV08934,S025200,C00248,2024-12-29,19476.78,3505.8203999999996,2024-12-29,Overdue
INV08935,S025795,C00244,2024-12-18,30839.85,5551.173,2024-12-18,Disputed
INV08936,S040674,C00543,2025-05-15,27885.84,5019.4511999999995,2025-05-15,Overdue
INV08937,S074272,C00417,2024-12-16,50219.829999999994,9039.569399999998,2024-12-16,Disputed
INV08938,S099404,C00740,2025-03-10,41878.93,7538.207399999999,2025-03-10,Overdue
INV08939,S033218,C00355,2026-03-24,35239.86,6343.1748,2026-03-24,Overdue
INV08940,S047903,C00718,2025-03-19,56259.78,10126.7604,2025-03-19,Disputed
INV08941,S051885,C00159,2024-11-03,47781.19,8600.6142,2024-11-03,Pending
INV08942,S032272,C00311,2025-07-20,51582.17,9284.790599999998,2025-07-20,Pending
INV08943,S080509,C00935,2026-05-22,33122.020000000004,5961.963600000001,2026-05-22,Pending
INV08944,S004568,C00778,2025-12-19,43291.520000000004,7792.4736,2025-12-19,Pending
INV08945,S043255,C00769,2025-02-01,54176.090000000004,9751.6962,2025-02-01,Disputed
INV08946,S012576,C00097,2024-12-14,27925.65,5026.617,2024-12-14,Disputed
INV08947,S054961,C00786,2024-10-25,31545.66,5678.2188,2024-10-25,Disputed
INV08948,S031831,C00895,2024-10-17,29110.18,5239.8324,2024-10-17,Disputed
INV08949,S043804,C00830,2026-03-30,47581.8,8564.724,2026-03-30,Paid
INV08950,S030010,C00376,2024-06-26,52554.71,9459.8478,2024-06-26,Paid
INV08951,S052804,C00873,2025-01-29,25645.670000000002,4616.220600000001,2025-01-29,Disputed
INV08952,S041215,C00405,2026-02-26,43139.33,7765.0794,2026-02-26,Paid
INV08953,S017537,C00619,2025-06-17,13806.630000000001,2485.1934,2025-06-17,Paid
INV08954,S072456,C00138,2025-04-22,35918.03,6465.2454,2025-04-22,Paid
INV08955,S036230,C00721,2024-10-25,36925.58,6646.6044,2024-10-25,Overdue
INV08956,S079174,C00345,2024-06-24,47088.56,8475.940799999998,2024-06-24,Disputed
INV08957,S077977,C00306,2025-01-17,15419.48,2775.5063999999998,2025-01-17,Overdue
INV08958,S066331,C00157,2025-12-30,11383.79,2049.0822000000003,2025-12-30,Pending
INV08959,S088491,C00206,2025-06-01,9069.900000000001,1632.582,2025-06-01,Pending
INV08960,S018446,C00386,2026-03-28,54299.3,9773.874,2026-03-28,Pending
INV08961,S024655,C00788,2026-02-18,16308.46,2935.5227999999997,2026-02-18,Paid
INV08962,S067180,C00793,2025-06-16,41626.4,7492.752,2025-06-16,Paid
INV08963,S090777,C00050,2024-12-26,54663.7,9839.465999999999,2024-12-26,Overdue
INV08964,S071464,C00454,2025-09-07,49681.16,8942.6088,2025-09-07,Pending
INV08965,S022220,C00644,2025-03-17,58995.899999999994,10619.261999999999,2025-03-17,Disputed
INV08966,S082096,C00199,2025-09-19,29278.55,5270.139,2025-09-19,Disputed
INV08967,S025083,C00688,2024-11-17,11401.45,2052.261,2024-11-17,Paid
INV08968,S065161,C00525,2025-07-01,55451.41,9981.2538,2025-07-01,Overdue
INV08969,S007515,C00857,2025-04-30,49056.89,8830.2402,2025-04-30,Pending
INV08970,S050177,C00470,2025-12-27,22586.84,4065.6312,2025-12-27,Disputed
INV08971,S061887,C00571,2024-11-03,24222.17,4359.990599999999,2024-11-03,Paid
INV08972,S018594,C00134,2024-06-03,15630.57,2813.5026,2024-06-03,Disputed
INV08973,S002141,C00495,2025-06-12,46379.649999999994,8348.337,2025-06-12,Overdue
INV08974,S060922,C00032,2026-04-13,53562.63,9641.2734,2026-04-13,Disputed
INV08975,S049356,C00359,2025-12-03,29337.38,5280.7284,2025-12-03,Paid
INV08976,S034109,C00057,2026-01-21,19822.129999999997,3567.9833999999996,2026-01-21,Disputed
INV08977,S047851,C00265,2025-07-09,36005.74,6481.033199999999,2025-07-09,Overdue
INV08978,S051386,C00830,2025-12-22,13624.44,2452.3992,2025-12-22,Paid
INV08979,S067355,C00464,2025-02-11,34912.49,6284.248199999999,2025-02-11,Pending
INV08980,S052496,C00591,2025-05-19,44742.58,8053.6644,2025-05-19,Pending
INV08981,S051328,C00515,2026-03-19,54038.71,9726.9678,2026-03-19,Pending
INV08982,S015343,C00273,2024-11-30,54473.06,9805.1508,2024-11-30,Overdue
INV08983,S016162,C00317,2024-12-03,8252.69,1485.4842,2024-12-03,Pending
INV08984,S070577,C00513,2024-09-22,8188.34,1473.9012,2024-09-22,Pending
INV08985,S086037,C00787,2026-04-04,29295.190000000002,5273.1342,2026-04-04,Overdue
INV08986,S048452,C00314,2024-10-22,21595.260000000002,3887.1468000000004,2024-10-22,Paid
INV08987,S076415,C00406,2024-08-28,19891.75,3580.515,2024-08-28,Overdue
INV08988,S017918,C00827,2025-01-06,46257.72,8326.3896,2025-01-06,Pending
INV08989,S054321,C00625,2026-04-27,7124.82,1282.4676,2026-04-27,Pending
INV08990,S032684,C00354,2025-01-03,6884.68,1239.2424,2025-01-03,Pending
INV08991,S078290,C00357,2026-01-11,32472.7,5845.086,2026-01-11,Overdue
INV08992,S054202,C00166,2025-06-12,51100.42,9198.0756,2025-06-12,Disputed
INV08993,S042197,C00081,2024-11-17,37134.29,6684.1722,2024-11-17,Pending
INV08994,S030651,C00711,2026-05-20,18218.43,3279.3174,2026-05-20,Overdue
INV08995,S029086,C00133,2025-12-14,15941.54,2869.4772000000003,2025-12-14,Disputed
INV08996,S002102,C00549,2024-11-11,31315.989999999998,5636.878199999999,2024-11-11,Overdue
INV08997,S050394,C00981,2024-12-09,26537.769999999997,4776.798599999999,2024-12-09,Pending
INV08998,S098811,C00739,2025-11-20,26113.09,4700.3562,2025-11-20,Disputed
INV08999,S080846,C00833,2024-12-02,26651.25,4797.224999999999,2024-12-02,Pending
INV09000,S031217,C00198,2024-10-23,10763.86,1937.4948,2024-10-23,Pending
INV09001,S044564,C00401,2025-03-14,29229.079999999998,5261.234399999999,2025-03-14,Paid
INV09002,S068634,C00310,2025-10-14,45502.76,8190.4968,2025-10-14,Disputed
INV09003,S043082,C00306,2024-12-10,27902.949999999997,5022.530999999999,2024-12-10,Paid
INV09004,S054315,C00536,2025-06-23,30005.27,5400.9486,2025-06-23,Pending
INV09005,S075751,C00781,2025-06-06,28192.54,5074.6572,2025-06-06,Pending
INV09006,S080788,C00857,2024-08-15,32275.19,5809.534199999999,2024-08-15,Paid
INV09007,S060850,C00606,2025-01-17,47493.16,8548.7688,2025-01-17,Disputed
INV09008,S093440,C00365,2026-02-04,18518.63,3333.3534,2026-02-04,Overdue
INV09009,S037365,C00263,2025-09-17,13279.89,2390.3801999999996,2025-09-17,Disputed
INV09010,S072011,C00109,2024-10-17,39349.03,7082.8254,2024-10-17,Disputed
INV09011,S021461,C00215,2025-12-27,39459.74,7102.753199999999,2025-12-27,Overdue
INV09012,S092680,C00215,2024-10-07,32636.45,5874.561,2024-10-07,Pending
INV09013,S051415,C00763,2025-04-29,15030.1,2705.418,2025-04-29,Pending
INV09014,S096361,C00924,2024-10-11,32193.22,5794.7796,2024-10-11,Paid
INV09015,S007498,C00361,2025-04-24,15035.32,2706.3576,2025-04-24,Pending
INV09016,S091873,C00965,2024-11-07,20826.55,3748.7789999999995,2024-11-07,Pending
INV09017,S046387,C00754,2025-05-25,41246.200000000004,7424.316000000001,2025-05-25,Disputed
INV09018,S025439,C00153,2024-07-09,12193.630000000001,2194.8534,2024-07-09,Paid
INV09019,S099887,C00682,2025-05-18,24280.079999999998,4370.4144,2025-05-18,Overdue
INV09020,S042277,C00432,2025-01-03,39773.58,7159.2444000000005,2025-01-03,Overdue
INV09021,S082088,C00653,2025-12-17,21275.84,3829.6512,2025-12-17,Disputed
INV09022,S049437,C00815,2026-04-18,16177.24,2911.9031999999997,2026-04-18,Disputed
INV09023,S082558,C00442,2024-12-25,58304.6,10494.828,2024-12-25,Pending
INV09024,S029759,C00739,2024-10-19,14493.08,2608.7544,2024-10-19,Overdue
INV09025,S035854,C00225,2025-11-15,21112.8,3800.3039999999996,2025-11-15,Paid
INV09026,S014796,C00511,2024-06-29,39696.17,7145.3106,2024-06-29,Overdue
INV09027,S058646,C00387,2025-01-23,32150.29,5787.0522,2025-01-23,Paid
INV09028,S082707,C00806,2025-08-14,32441.12,5839.401599999999,2025-08-14,Pending
INV09029,S028140,C00067,2025-07-21,39313.520000000004,7076.4336,2025-07-21,Pending
INV09030,S057715,C00656,2024-09-13,53081.13,9554.6034,2024-09-13,Pending
INV09031,S082877,C00247,2024-07-01,42328.39,7619.110199999999,2024-07-01,Disputed
INV09032,S061714,C00868,2025-01-23,42994.4,7738.992,2025-01-23,Paid
INV09033,S065500,C00633,2025-12-05,41088.46,7395.922799999999,2025-12-05,Disputed
INV09034,S046625,C00068,2024-12-22,50182.69,9032.8842,2024-12-22,Paid
INV09035,S045585,C00770,2024-10-05,15677.5,2821.95,2024-10-05,Paid
INV09036,S078917,C00112,2025-03-06,11518.74,2073.3732,2025-03-06,Pending
INV09037,S038010,C00929,2026-01-01,46442.83,8359.7094,2026-01-01,Disputed
INV09038,S080962,C00122,2025-04-07,56655.55,10197.999,2025-04-07,Pending
INV09039,S078656,C00483,2026-04-22,32491.2,5848.416,2026-04-22,Paid
INV09040,S037040,C00872,2024-07-30,11991.03,2158.3854,2024-07-30,Pending
INV09041,S037162,C00086,2024-08-03,24743.14,4453.7652,2024-08-03,Pending
INV09042,S049181,C00261,2026-05-11,20447.190000000002,3680.4942,2026-05-11,Disputed
INV09043,S090118,C00198,2024-12-18,53910.04,9703.8072,2024-12-18,Paid
INV09044,S008872,C00125,2026-02-20,38079.65,6854.337,2026-02-20,Paid
INV09045,S092234,C00983,2024-07-26,49978.8,8996.184,2024-07-26,Overdue
INV09046,S002609,C00499,2026-05-13,24692.92,4444.7256,2026-05-13,Paid
INV09047,S066021,C00854,2025-11-12,17509.510000000002,3151.7118,2025-11-12,Overdue
INV09048,S025780,C00640,2025-06-04,16408.14,2953.4651999999996,2025-06-04,Paid
INV09049,S069688,C00967,2024-06-28,10480.91,1886.5638,2024-06-28,Overdue
INV09050,S098715,C00334,2024-09-17,49508.77,8911.578599999999,2024-09-17,Paid
INV09051,S094940,C00226,2025-08-16,37136.25,6684.525,2025-08-16,Disputed
INV09052,S078793,C00302,2024-09-15,45976.06,8275.690799999998,2024-09-15,Pending
INV09053,S057298,C00305,2024-09-06,53292.23,9592.6014,2024-09-06,Overdue
INV09054,S057351,C00373,2025-09-09,40235.05,7242.309,2025-09-09,Pending
INV09055,S057636,C00579,2025-11-19,40070.240000000005,7212.6432,2025-11-19,Pending
INV09056,S024485,C00773,2024-09-07,7277.63,1309.9734,2024-09-07,Pending
INV09057,S046376,C00942,2025-03-01,26496.41,4769.3538,2025-03-01,Pending
INV09058,S041334,C00114,2024-06-19,22509.260000000002,4051.6668000000004,2024-06-19,Overdue
INV09059,S093628,C00320,2025-03-04,47047.78,8468.6004,2025-03-04,Paid
INV09060,S093329,C00879,2026-02-24,38668.97,6960.4146,2026-02-24,Disputed
INV09061,S074291,C00810,2025-08-14,42998.78,7739.7804,2025-08-14,Disputed
INV09062,S041524,C00008,2024-10-17,46034.4,8286.192,2024-10-17,Paid
INV09063,S078556,C00224,2025-08-29,52241.85,9403.533,2025-08-29,Overdue
INV09064,S081331,C00628,2024-10-30,25900.92,4662.165599999999,2024-10-30,Disputed
INV09065,S053012,C00819,2025-09-04,24927.59,4486.9662,2025-09-04,Overdue
INV09066,S053076,C00673,2026-05-16,22040.0,3967.2,2026-05-16,Overdue
INV09067,S086427,C00106,2026-05-02,53490.619999999995,9628.311599999999,2026-05-02,Disputed
INV09068,S025561,C00691,2025-10-02,53075.94,9553.6692,2025-10-02,Disputed
INV09069,S046880,C00173,2024-12-13,57374.22,10327.3596,2024-12-13,Disputed
INV09070,S049911,C00943,2024-07-01,52995.12,9539.1216,2024-07-01,Disputed
INV09071,S080136,C00440,2025-03-07,16164.060000000001,2909.5308,2025-03-07,Overdue
INV09072,S054545,C00188,2025-11-02,51500.06,9270.0108,2025-11-02,Disputed
INV09073,S051130,C00532,2024-11-17,50093.07,9016.7526,2024-11-17,Disputed
INV09074,S089068,C00928,2025-12-28,43335.630000000005,7800.4134,2025-12-28,Overdue
INV09075,S068692,C00395,2025-06-18,12529.76,2255.3568,2025-06-18,Pending
INV09076,S086964,C00692,2024-06-24,48197.79,8675.6022,2024-06-24,Disputed
INV09077,S036760,C00235,2024-08-29,46607.03,8389.2654,2024-08-29,Disputed
INV09078,S090385,C00872,2024-09-28,28718.129999999997,5169.263399999999,2024-09-28,Pending
INV09079,S084829,C00260,2025-06-17,21036.78,3786.6204,2025-06-17,Overdue
INV09080,S055155,C00069,2026-04-20,53450.799999999996,9621.143999999998,2026-04-20,Paid
INV09081,S058158,C00568,2026-01-25,12749.49,2294.9082,2026-01-25,Paid
INV09082,S042761,C00523,2026-03-15,45358.58,8164.5444,2026-03-15,Disputed
INV09083,S043309,C00127,2024-06-20,32760.829999999998,5896.9493999999995,2024-06-20,Disputed
INV09084,S065577,C00039,2025-10-17,50619.04,9111.4272,2025-10-17,Pending
INV09085,S020229,C00935,2026-04-11,21268.12,3828.2616,2026-04-11,Disputed
INV09086,S052162,C00079,2024-12-30,40286.42,7251.5556,2024-12-30,Overdue
INV09087,S054778,C00193,2024-09-16,54836.659999999996,9870.5988,2024-09-16,Pending
INV09088,S045478,C00964,2024-11-23,55606.62,10009.1916,2024-11-23,Overdue
INV09089,S057584,C00101,2026-03-30,49852.450000000004,8973.441,2026-03-30,Pending
INV09090,S069989,C00960,2025-07-07,47583.08,8564.9544,2025-07-07,Paid
INV09091,S004863,C00097,2024-06-07,33280.869999999995,5990.556599999999,2024-06-07,Paid
INV09092,S038921,C00451,2026-05-22,10774.26,1939.3668,2026-05-22,Disputed
INV09093,S096951,C00988,2025-12-11,22286.61,4011.5897999999997,2025-12-11,Pending
INV09094,S013208,C00815,2025-10-07,36147.26,6506.5068,2025-10-07,Disputed
INV09095,S008174,C00546,2025-03-23,49041.67999999999,8827.502399999998,2025-03-23,Disputed
INV09096,S077720,C00659,2025-02-13,53677.48,9661.9464,2025-02-13,Overdue
INV09097,S080932,C00116,2024-10-31,16080.59,2894.5062,2024-10-31,Disputed
INV09098,S022041,C00762,2024-09-13,41109.32,7399.6776,2024-09-13,Disputed
INV09099,S062152,C00665,2024-06-19,14321.26,2577.8268,2024-06-19,Pending
INV09100,S036753,C00562,2025-01-25,20015.94,3602.8691999999996,2025-01-25,Overdue
INV09101,S020553,C00589,2024-07-03,29822.649999999998,5368.076999999999,2024-07-03,Paid
INV09102,S082995,C00721,2025-12-24,50252.49,9045.448199999999,2025-12-24,Disputed
INV09103,S053847,C00598,2025-01-04,29974.77,5395.4586,2025-01-04,Pending
INV09104,S022280,C00162,2026-03-06,36777.5,6619.95,2026-03-06,Pending
INV09105,S083622,C00262,2024-06-09,38602.89,6948.5202,2024-06-09,Disputed
INV09106,S071148,C00017,2024-11-26,56203.96,10116.7128,2024-11-26,Overdue
INV09107,S064808,C00586,2026-04-24,45720.24,8229.643199999999,2026-04-24,Pending
INV09108,S067645,C00074,2025-01-16,24621.87,4431.9366,2025-01-16,Paid
INV09109,S072778,C00066,2025-01-09,39727.020000000004,7150.863600000001,2025-01-09,Overdue
INV09110,S064641,C00125,2026-03-09,17832.37,3209.8266,2026-03-09,Pending
INV09111,S051006,C00962,2025-01-18,57042.6,10267.668,2025-01-18,Pending
INV09112,S045321,C00151,2025-03-20,29064.64,5231.6352,2025-03-20,Paid
INV09113,S058738,C00633,2025-12-06,52349.68,9422.9424,2025-12-06,Overdue
INV09114,S004619,C00495,2026-01-01,36102.2,6498.395999999999,2026-01-01,Disputed
INV09115,S048731,C00422,2025-10-14,16496.15,2969.3070000000002,2025-10-14,Overdue
INV09116,S015009,C00849,2024-12-31,21096.45,3797.361,2024-12-31,Pending
INV09117,S084839,C00608,2025-09-08,49706.439999999995,8947.159199999998,2025-09-08,Pending
INV09118,S070018,C00576,2025-10-12,25012.15,4502.187,2025-10-12,Paid
INV09119,S040515,C00161,2024-06-16,29586.21,5325.5178,2024-06-16,Pending
INV09120,S023892,C00612,2025-06-01,10367.560000000001,1866.1608,2025-06-01,Overdue
INV09121,S052077,C00287,2025-11-01,61702.42,11106.435599999999,2025-11-01,Paid
INV09122,S030887,C00467,2024-08-23,48036.79,8646.6222,2024-08-23,Disputed
INV09123,S020741,C00271,2026-04-11,49787.920000000006,8961.8256,2026-04-11,Disputed
INV09124,S005343,C00048,2025-11-27,14865.859999999999,2675.8547999999996,2025-11-27,Overdue
INV09125,S008745,C00935,2025-10-16,41416.94,7455.0492,2025-10-16,Disputed
INV09126,S060610,C00131,2024-06-10,43563.34,7841.401199999999,2024-06-10,Pending
INV09127,S056115,C00764,2024-06-25,39114.07,7040.5326,2024-06-25,Pending
INV09128,S089392,C00984,2025-04-19,26239.14,4723.0452,2025-04-19,Pending
INV09129,S028764,C00969,2025-11-30,56841.729999999996,10231.5114,2025-11-30,Pending
INV09130,S010165,C00962,2024-11-20,22114.18,3980.5524,2024-11-20,Overdue
INV09131,S028947,C00249,2025-05-07,51781.94,9320.7492,2025-05-07,Overdue
INV09132,S041068,C00646,2025-04-09,37030.619999999995,6665.511599999999,2025-04-09,Paid
INV09133,S090302,C00466,2025-11-07,30358.71,5464.5678,2025-11-07,Paid
INV09134,S021030,C00258,2024-12-28,23971.59,4314.8862,2024-12-28,Paid
INV09135,S010624,C00754,2025-05-03,18749.36,3374.8848,2025-05-03,Overdue
INV09136,S052062,C00128,2026-05-08,39350.57,7083.102599999999,2026-05-08,Disputed
INV09137,S081677,C00981,2024-11-12,32910.17,5923.830599999999,2024-11-12,Overdue
INV09138,S019855,C00256,2026-05-22,57786.99,10401.6582,2026-05-22,Disputed
INV09139,S058248,C00851,2025-05-07,55737.51,10032.7518,2025-05-07,Disputed
INV09140,S078103,C00551,2025-04-01,50031.17,9005.6106,2025-04-01,Pending
INV09141,S093930,C00423,2026-02-08,53686.7,9663.606,2026-02-08,Paid
INV09142,S091729,C00994,2025-06-24,39027.299999999996,7024.913999999999,2025-06-24,Pending
INV09143,S086346,C00706,2026-05-21,25406.07,4573.0926,2026-05-21,Paid
INV09144,S073555,C00052,2025-04-10,26744.59,4814.0262,2025-04-10,Paid
INV09145,S063217,C00564,2025-09-30,9901.869999999999,1782.3365999999999,2025-09-30,Paid
INV09146,S040702,C00373,2024-12-05,21974.53,3955.4154,2024-12-05,Overdue
INV09147,S078027,C00951,2025-01-27,27042.13,4867.5834,2025-01-27,Overdue
INV09148,S005799,C00854,2025-11-16,23722.85,4270.112999999999,2025-11-16,Paid
INV09149,S016734,C00206,2024-06-03,27672.7,4981.086,2024-06-03,Disputed
INV09150,S020181,C00693,2024-06-17,16190.810000000001,2914.3458,2024-06-17,Overdue
INV09151,S010428,C00346,2026-05-14,43444.38,7819.988399999999,2026-05-14,Pending
INV09152,S089537,C00154,2025-10-10,28972.86,5215.1148,2025-10-10,Paid
INV09153,S075694,C00243,2024-09-17,13698.16,2465.6688,2024-09-17,Overdue
INV09154,S010087,C00686,2024-06-10,52342.02,9421.5636,2024-06-10,Disputed
INV09155,S007312,C00879,2025-07-15,54157.22,9748.2996,2025-07-15,Overdue
INV09156,S042245,C00614,2024-08-22,47208.99,8497.618199999999,2024-08-22,Pending
INV09157,S098968,C00295,2025-12-20,53972.51,9715.0518,2025-12-20,Disputed
INV09158,S098282,C00416,2025-11-02,45909.34,8263.681199999999,2025-11-02,Disputed
INV09159,S094951,C00883,2024-09-25,31223.829999999998,5620.2894,2024-09-25,Overdue
INV09160,S096460,C00303,2024-07-14,53201.51,9576.2718,2024-07-14,Pending
INV09161,S093779,C00565,2025-07-09,37482.14,6746.785199999999,2025-07-09,Overdue
INV09162,S013618,C00921,2024-10-11,23856.93,4294.2474,2024-10-11,Pending
INV09163,S074885,C00047,2024-07-14,30622.77,5512.0986,2024-07-14,Disputed
INV09164,S044632,C00089,2024-08-09,11981.539999999999,2156.6771999999996,2024-08-09,Disputed
INV09165,S079129,C00110,2025-05-10,42465.64,7643.8152,2025-05-10,Paid
INV09166,S081673,C00066,2025-06-04,22555.86,4060.0548,2025-06-04,Disputed
INV09167,S075345,C00612,2024-07-12,33638.79,6054.9822,2024-07-12,Pending
INV09168,S088202,C00105,2025-04-02,50010.65,9001.917,2025-04-02,Paid
INV09169,S043338,C00818,2026-04-24,22605.72,4069.0296,2026-04-24,Paid
INV09170,S079518,C00019,2026-01-17,32867.89,5916.2202,2026-01-17,Pending
INV09171,S063705,C00090,2026-01-04,19004.83,3420.8694,2026-01-04,Disputed
INV09172,S083561,C00587,2025-12-04,44218.909999999996,7959.403799999999,2025-12-04,Disputed
INV09173,S059724,C00810,2026-01-23,10462.5,1883.25,2026-01-23,Overdue
INV09174,S049795,C00841,2026-04-02,35234.33,6342.1794,2026-04-02,Paid
INV09175,S009389,C00326,2026-05-02,10515.52,1892.7936,2026-05-02,Disputed
INV09176,S024612,C00490,2025-05-19,33105.34,5958.961199999999,2025-05-19,Disputed
INV09177,S071388,C00972,2026-01-12,44244.509999999995,7964.011799999998,2026-01-12,Overdue
INV09178,S011741,C00148,2024-11-17,41585.590000000004,7485.4062,2024-11-17,Overdue
INV09179,S002338,C00852,2025-01-18,14146.630000000001,2546.3934,2025-01-18,Paid
INV09180,S009382,C00398,2026-02-28,61112.37,11000.2266,2026-02-28,Disputed
INV09181,S002825,C00217,2026-01-19,22009.05,3961.629,2026-01-19,Paid
INV09182,S018612,C00540,2025-11-19,12518.230000000001,2253.2814000000003,2025-11-19,Disputed
INV09183,S046749,C00301,2025-12-26,28996.32,5219.3376,2025-12-26,Pending
INV09184,S051555,C00185,2025-11-22,23335.88,4200.4584,2025-11-22,Overdue
INV09185,S069870,C00486,2025-10-26,33230.61,5981.5098,2025-10-26,Disputed
INV09186,S010775,C00855,2024-09-16,30964.309999999998,5573.5758,2024-09-16,Paid
INV09187,S081581,C00880,2025-10-26,51569.189999999995,9282.454199999998,2025-10-26,Pending
INV09188,S040923,C00336,2026-04-28,41295.130000000005,7433.1234,2026-04-28,Disputed
INV09189,S091600,C00130,2025-04-18,26037.3,4686.714,2025-04-18,Overdue
INV09190,S034285,C00794,2025-06-19,30333.87,5460.0966,2025-06-19,Paid
INV09191,S046754,C00917,2026-04-25,28426.809999999998,5116.8258,2026-04-25,Paid
INV09192,S079865,C00035,2025-03-14,48755.79,8776.0422,2025-03-14,Paid
INV09193,S061342,C00257,2025-11-04,17122.300000000003,3082.0140000000006,2025-11-04,Pending
INV09194,S028082,C00241,2025-06-22,24769.649999999998,4458.536999999999,2025-06-22,Overdue
INV09195,S037307,C00607,2025-01-10,35922.28,6466.010399999999,2025-01-10,Disputed
INV09196,S054305,C00184,2025-05-21,5960.58,1072.9044,2025-05-21,Overdue
INV09197,S071821,C00372,2024-09-24,28708.6,5167.548,2024-09-24,Overdue
INV09198,S024297,C00741,2025-02-15,54641.03,9835.3854,2025-02-15,Disputed
INV09199,S019036,C00702,2025-11-07,49011.66,8822.0988,2025-11-07,Pending
INV09200,S066196,C00705,2025-06-20,27298.46,4913.7228,2025-06-20,Overdue
INV09201,S037421,C00435,2025-07-30,57130.51,10283.4918,2025-07-30,Paid
INV09202,S072860,C00695,2025-12-25,13359.76,2404.7568,2025-12-25,Pending
INV09203,S001723,C00646,2026-06-01,32510.04,5851.8072,2026-06-01,Overdue
INV09204,S025102,C00858,2025-08-29,16952.79,3051.5022,2025-08-29,Paid
INV09205,S066024,C00238,2024-12-31,22526.28,4054.7303999999995,2024-12-31,Pending
INV09206,S047469,C00886,2025-12-27,38326.299999999996,6898.733999999999,2025-12-27,Paid
INV09207,S016115,C00845,2025-06-21,28676.38,5161.7484,2025-06-21,Overdue
INV09208,S055294,C00538,2025-06-17,56934.11,10248.139799999999,2025-06-17,Paid
INV09209,S087351,C00906,2025-12-18,37655.06,6777.9108,2025-12-18,Overdue
INV09210,S082881,C00836,2025-07-30,30297.09,5453.4762,2025-07-30,Overdue
INV09211,S074667,C00814,2026-03-04,33269.46,5988.502799999999,2026-03-04,Pending
INV09212,S050823,C00077,2024-10-05,17974.47,3235.4046000000003,2024-10-05,Overdue
INV09213,S050344,C00944,2026-03-20,33424.39,6016.3902,2026-03-20,Disputed
INV09214,S029532,C00037,2026-05-28,51542.090000000004,9277.5762,2026-05-28,Overdue
INV09215,S097320,C00944,2024-08-20,57743.759999999995,10393.876799999998,2024-08-20,Pending
INV09216,S082358,C00063,2025-10-16,27978.68,5036.1624,2025-10-16,Disputed
INV09217,S011903,C00976,2024-08-19,17862.35,3215.2229999999995,2024-08-19,Disputed
INV09218,S068267,C00080,2026-02-02,44695.83,8045.2494,2026-02-02,Pending
INV09219,S076856,C00740,2024-12-04,38949.78,7010.9604,2024-12-04,Overdue
INV09220,S044430,C00023,2025-03-28,49519.479999999996,8913.506399999998,2025-03-28,Pending
INV09221,S047301,C00894,2025-08-18,35898.57,6461.7426,2025-08-18,Paid
INV09222,S011465,C00334,2024-10-27,19350.91,3483.1638,2024-10-27,Paid
INV09223,S029838,C00452,2026-01-25,10168.24,1830.2831999999999,2026-01-25,Paid
INV09224,S060486,C00460,2025-12-17,27452.899999999998,4941.521999999999,2025-12-17,Overdue
INV09225,S040697,C00289,2025-09-15,20923.620000000003,3766.2516000000005,2025-09-15,Overdue
INV09226,S037285,C00641,2025-01-08,12280.46,2210.4827999999998,2025-01-08,Pending
INV09227,S018372,C00644,2026-03-17,6885.38,1239.3684,2026-03-17,Overdue
INV09228,S082390,C00756,2025-10-26,46360.270000000004,8344.848600000001,2025-10-26,Paid
INV09229,S063390,C00014,2025-04-06,56617.340000000004,10191.1212,2025-04-06,Overdue
INV09230,S018026,C00480,2025-04-18,21591.51,3886.4717999999993,2025-04-18,Overdue
INV09231,S075440,C00928,2025-04-25,15000.08,2700.0144,2025-04-25,Disputed
INV09232,S009228,C00304,2025-12-22,28615.25,5150.745,2025-12-22,Pending
INV09233,S047658,C00174,2024-12-03,50844.409999999996,9151.993799999998,2024-12-03,Overdue
INV09234,S005615,C00335,2025-01-02,52383.880000000005,9429.0984,2025-01-02,Pending
INV09235,S055087,C00535,2025-06-03,11725.99,2110.6782,2025-06-03,Paid
INV09236,S000682,C00852,2024-12-16,62121.03999999999,11181.787199999999,2024-12-16,Overdue
INV09237,S060112,C00392,2025-02-11,13021.310000000001,2343.8358000000003,2025-02-11,Pending
INV09238,S064621,C00410,2025-04-12,35119.6,6321.527999999999,2025-04-12,Paid
INV09239,S094822,C00683,2025-06-21,41700.52,7506.093599999999,2025-06-21,Disputed
INV09240,S001610,C00554,2025-03-21,24853.86,4473.6948,2025-03-21,Overdue
INV09241,S074158,C00268,2026-05-12,21461.440000000002,3863.0592,2026-05-12,Overdue
INV09242,S080992,C00113,2026-04-16,19922.579999999998,3586.0643999999998,2026-04-16,Pending
INV09243,S006296,C00716,2025-08-20,16744.3,3013.9739999999997,2025-08-20,Pending
INV09244,S075781,C00764,2025-08-02,29448.21,5300.6777999999995,2025-08-02,Disputed
INV09245,S026044,C00876,2025-02-27,20594.58,3707.0244000000002,2025-02-27,Disputed
INV09246,S006346,C00224,2025-03-07,15318.91,2757.4038,2025-03-07,Pending
INV09247,S098455,C00407,2026-01-24,45689.87,8224.1766,2026-01-24,Paid
INV09248,S077995,C00188,2026-05-25,37426.68,6736.8024,2026-05-25,Disputed
INV09249,S085914,C00223,2024-09-17,37958.37,6832.506600000001,2024-09-17,Pending
INV09250,S070195,C00766,2025-04-21,50811.9,9146.142,2025-04-21,Disputed
INV09251,S044972,C00493,2024-10-01,24663.84,4439.4911999999995,2024-10-01,Paid
INV09252,S056874,C00150,2024-07-03,52970.759999999995,9534.736799999999,2024-07-03,Overdue
INV09253,S076694,C00528,2024-09-28,22348.22,4022.6796,2024-09-28,Paid
INV09254,S040708,C00838,2025-05-25,30706.16,5527.1088,2025-05-25,Disputed
INV09255,S046233,C00753,2024-12-13,10100.2,1818.036,2024-12-13,Overdue
INV09256,S035110,C00969,2024-10-09,12298.91,2213.8037999999997,2024-10-09,Paid
INV09257,S052465,C00574,2025-09-27,34991.55,6298.479,2025-09-27,Pending
INV09258,S092282,C00890,2025-09-05,14244.15,2563.9469999999997,2025-09-05,Paid
INV09259,S091975,C00789,2026-04-24,48375.14,8707.5252,2026-04-24,Disputed
INV09260,S008169,C00149,2025-11-28,23612.739999999998,4250.293199999999,2025-11-28,Paid
INV09261,S002904,C00076,2026-05-24,38929.92,7007.3856,2026-05-24,Disputed
INV09262,S018283,C00779,2024-07-21,49940.590000000004,8989.3062,2024-07-21,Pending
INV09263,S023764,C00214,2025-11-05,36969.020000000004,6654.4236,2025-11-05,Pending
INV09264,S090379,C00713,2024-09-24,47010.28,8461.8504,2024-09-24,Overdue
INV09265,S004883,C00911,2025-01-18,10056.59,1810.1861999999999,2025-01-18,Paid
INV09266,S058825,C00883,2026-01-27,29540.79,5317.3422,2026-01-27,Pending
INV09267,S016365,C00822,2025-01-14,7173.299999999999,1291.1939999999997,2025-01-14,Paid
INV09268,S040109,C00005,2026-02-18,17683.31,3182.9958,2026-02-18,Overdue
INV09269,S042280,C00973,2025-09-09,22036.73,3966.6114,2025-09-09,Overdue
INV09270,S049728,C00072,2025-01-24,43841.75,7891.514999999999,2025-01-24,Overdue
INV09271,S061224,C00656,2026-03-17,23696.87,4265.4366,2026-03-17,Paid
INV09272,S022097,C00984,2025-09-28,55572.03,10002.9654,2025-09-28,Overdue
INV09273,S000412,C00550,2024-12-10,24576.97,4423.8546,2024-12-10,Paid
INV09274,S029360,C00600,2025-08-05,49087.52,8835.7536,2025-08-05,Overdue
INV09275,S035723,C00880,2024-10-16,43835.600000000006,7890.408,2024-10-16,Disputed
INV09276,S049674,C00131,2025-12-26,42272.68,7609.082399999999,2025-12-26,Overdue
INV09277,S019459,C00772,2025-07-07,10058.59,1810.5462,2025-07-07,Disputed
INV09278,S067096,C00209,2024-09-11,40912.35,7364.222999999999,2024-09-11,Overdue
INV09279,S048194,C00732,2025-09-17,14451.079999999998,2601.1943999999994,2025-09-17,Disputed
INV09280,S093606,C00584,2026-01-01,49516.54,8912.9772,2026-01-01,Disputed
INV09281,S025672,C00356,2024-09-29,52923.01,9526.1418,2024-09-29,Pending
INV09282,S088427,C00380,2026-05-04,40288.62,7251.9516,2026-05-04,Pending
INV09283,S068183,C00985,2025-07-27,35095.850000000006,6317.253000000001,2025-07-27,Disputed
INV09284,S071710,C00089,2024-08-17,18647.43,3356.5373999999997,2024-08-17,Disputed
INV09285,S036975,C00236,2025-01-23,37176.79,6691.8222,2025-01-23,Pending
INV09286,S002594,C00797,2025-07-23,43542.23,7837.6014000000005,2025-07-23,Pending
INV09287,S007984,C00534,2025-12-04,20581.559999999998,3704.6807999999996,2025-12-04,Pending
INV09288,S066760,C00479,2025-01-30,11551.68,2079.3024,2025-01-30,Paid
INV09289,S085428,C00241,2025-05-03,11170.52,2010.6936,2025-05-03,Disputed
INV09290,S084456,C00512,2026-01-05,22525.809999999998,4054.6457999999993,2026-01-05,Overdue
INV09291,S070216,C00686,2026-02-28,51393.72,9250.8696,2026-02-28,Overdue
INV09292,S030522,C00563,2026-05-02,33546.3,6038.334000000001,2026-05-02,Overdue
INV09293,S062821,C00802,2026-04-23,48827.13,8788.883399999999,2026-04-23,Overdue
INV09294,S053196,C00699,2026-03-23,15502.77,2790.4986,2026-03-23,Paid
INV09295,S064482,C00777,2025-05-25,27362.38,4925.2284,2025-05-25,Paid
INV09296,S062859,C00918,2024-06-22,27414.960000000003,4934.692800000001,2024-06-22,Disputed
INV09297,S012987,C00798,2026-06-02,21701.489999999998,3906.2681999999995,2026-06-02,Overdue
INV09298,S050797,C00447,2025-05-22,46698.049999999996,8405.649,2025-05-22,Pending
INV09299,S037722,C00134,2025-06-03,43332.91,7799.9238000000005,2025-06-03,Paid
INV09300,S086299,C00359,2026-05-30,55921.869999999995,10065.936599999999,2026-05-30,Pending
INV09301,S066700,C00799,2025-09-24,32281.35,5810.642999999999,2025-09-24,Disputed
INV09302,S042864,C00229,2025-12-31,43642.82,7855.7076,2025-12-31,Pending
INV09303,S037991,C00513,2026-02-15,47085.64,8475.4152,2026-02-15,Disputed
INV09304,S011320,C00503,2025-03-08,52476.119999999995,9445.701599999999,2025-03-08,Paid
INV09305,S087063,C00567,2025-09-03,53979.64,9716.3352,2025-09-03,Disputed
INV09306,S009892,C00206,2025-05-17,59406.17,10693.1106,2025-05-17,Pending
INV09307,S048917,C00589,2025-01-13,22762.780000000002,4097.3004,2025-01-13,Disputed
INV09308,S089197,C00321,2025-04-22,17399.129999999997,3131.8433999999993,2025-04-22,Disputed
INV09309,S016049,C00531,2024-09-06,24165.59,4349.8062,2024-09-06,Overdue
INV09310,S040011,C00758,2025-01-08,57757.22,10396.2996,2025-01-08,Paid
INV09311,S076517,C00486,2026-04-25,39233.26,7061.9868,2026-04-25,Disputed
INV09312,S090227,C00714,2025-09-21,18006.52,3241.1736,2025-09-21,Pending
INV09313,S017906,C00855,2024-09-14,17674.16,3181.3487999999998,2024-09-14,Paid
INV09314,S098532,C00593,2026-05-03,26018.53,4683.3354,2026-05-03,Overdue
INV09315,S099621,C00944,2024-08-17,33633.5,6054.03,2024-08-17,Disputed
INV09316,S023754,C00783,2025-02-22,45714.659999999996,8228.638799999999,2025-02-22,Overdue
INV09317,S045140,C00722,2025-05-09,15765.160000000002,2837.7288000000003,2025-05-09,Disputed
INV09318,S073536,C00896,2025-01-02,22157.37,3988.3266,2025-01-02,Pending
INV09319,S089285,C00075,2025-09-01,41075.520000000004,7393.5936,2025-09-01,Disputed
INV09320,S071476,C00561,2026-04-10,29702.730000000003,5346.491400000001,2026-04-10,Paid
INV09321,S067865,C00141,2024-11-26,23570.81,4242.7458,2024-11-26,Paid
INV09322,S064275,C00668,2024-12-15,45273.35,8149.2029999999995,2024-12-15,Paid
INV09323,S031884,C00055,2025-04-05,38005.14,6840.9252,2025-04-05,Overdue
INV09324,S081132,C00538,2024-11-06,35218.19,6339.2742,2024-11-06,Disputed
INV09325,S088961,C00898,2024-06-14,32140.780000000002,5785.3404,2024-06-14,Disputed
INV09326,S041246,C00698,2024-07-06,32624.09,5872.3362,2024-07-06,Overdue
INV09327,S018222,C00893,2024-11-16,17544.83,3158.0694000000003,2024-11-16,Overdue
INV09328,S056406,C00618,2024-08-25,35212.11,6338.1798,2024-08-25,Paid
INV09329,S015696,C00684,2024-06-23,25883.82,4659.0876,2024-06-23,Disputed
INV09330,S057155,C00991,2026-01-18,10325.01,1858.5018,2026-01-18,Overdue
INV09331,S037635,C00248,2025-01-15,32557.41,5860.333799999999,2025-01-15,Pending
INV09332,S098058,C00202,2024-08-17,58842.42,10591.6356,2024-08-17,Pending
INV09333,S094739,C00820,2024-08-17,36058.79,6490.5822,2024-08-17,Pending
INV09334,S094208,C00262,2025-02-19,39194.520000000004,7055.0136,2025-02-19,Paid
INV09335,S089361,C00492,2025-04-01,12510.95,2251.971,2025-04-01,Paid
INV09336,S006355,C00253,2025-06-01,41878.71000000001,7538.167800000001,2025-06-01,Disputed
INV09337,S048948,C00494,2024-06-26,31278.760000000002,5630.1768,2024-06-26,Overdue
INV09338,S009003,C00844,2025-05-04,35216.43,6338.9574,2025-05-04,Disputed
INV09339,S088012,C00961,2025-05-02,41341.549999999996,7441.478999999999,2025-05-02,Disputed
INV09340,S064950,C00982,2024-10-16,33059.4,5950.692,2024-10-16,Pending
INV09341,S096084,C00036,2026-03-12,19440.989999999998,3499.3781999999997,2026-03-12,Overdue
INV09342,S085342,C00127,2026-03-28,20394.010000000002,3670.9218,2026-03-28,Paid
INV09343,S072209,C00387,2025-08-21,40241.22,7243.4196,2025-08-21,Overdue
INV09344,S002454,C00882,2025-01-30,21710.57,3907.9026,2025-01-30,Paid
INV09345,S053814,C00819,2025-09-10,29504.730000000003,5310.8514000000005,2025-09-10,Paid
INV09346,S004894,C00742,2025-12-27,12826.02,2308.6836,2025-12-27,Disputed
INV09347,S052489,C00381,2025-08-19,59121.57,10641.882599999999,2025-08-19,Disputed
INV09348,S018197,C00169,2024-12-05,27469.67,4944.540599999999,2024-12-05,Pending
INV09349,S013874,C00893,2026-01-13,34899.39,6281.8902,2026-01-13,Paid
INV09350,S025874,C00284,2026-02-07,14138.65,2544.957,2026-02-07,Pending
INV09351,S050119,C00596,2026-03-29,51690.1,9304.217999999999,2026-03-29,Overdue
INV09352,S084057,C00282,2025-10-18,31425.350000000002,5656.563,2025-10-18,Pending
INV09353,S078128,C00396,2025-12-20,33563.08,6041.3544,2025-12-20,Pending
INV09354,S062162,C00032,2024-12-17,21734.760000000002,3912.2568,2024-12-17,Pending
INV09355,S040031,C00308,2026-04-30,35312.130000000005,6356.183400000001,2026-04-30,Paid
INV09356,S097477,C00784,2025-04-03,20057.82,3610.4076,2025-04-03,Pending
INV09357,S015191,C00299,2025-10-03,33265.98,5987.8764,2025-10-03,Disputed
INV09358,S012338,C00411,2025-07-22,15987.220000000001,2877.6996,2025-07-22,Overdue
INV09359,S055198,C00403,2026-01-07,10244.52,1844.0136,2026-01-07,Overdue
INV09360,S038625,C00502,2024-07-29,26865.89,4835.8602,2024-07-29,Overdue
INV09361,S002031,C00428,2025-05-21,34851.76,6273.3168000000005,2025-05-21,Disputed
INV09362,S001953,C00337,2025-09-06,24846.190000000002,4472.3142,2025-09-06,Paid
INV09363,S045593,C00682,2024-06-14,48421.26,8715.8268,2024-06-14,Pending
INV09364,S067972,C00282,2025-10-05,40873.92,7357.3056,2025-10-05,Paid
INV09365,S070132,C00654,2026-04-12,22552.18,4059.3923999999997,2026-04-12,Disputed
INV09366,S051434,C00773,2024-07-07,21491.54,3868.4772,2024-07-07,Disputed
INV09367,S007334,C00948,2024-10-14,18812.11,3386.1798,2024-10-14,Overdue
INV09368,S006762,C00066,2025-02-15,53112.71,9560.2878,2025-02-15,Pending
INV09369,S026269,C00407,2026-02-10,57811.649999999994,10406.096999999998,2026-02-10,Paid
INV09370,S039531,C00194,2026-03-23,17523.1,3154.1579999999994,2026-03-23,Paid
INV09371,S096852,C00416,2025-09-13,43216.5,7778.969999999999,2025-09-13,Overdue
INV09372,S070361,C00065,2024-07-13,53429.11,9617.2398,2024-07-13,Pending
INV09373,S040239,C00756,2025-04-21,25296.02,4553.2836,2025-04-21,Paid
INV09374,S056583,C00453,2025-05-18,30813.870000000003,5546.4966,2025-05-18,Disputed
INV09375,S001104,C00712,2025-04-21,39889.1,7180.038,2025-04-21,Disputed
INV09376,S058546,C00271,2025-04-15,41440.22,7459.2396,2025-04-15,Overdue
INV09377,S061837,C00329,2025-08-10,23880.440000000002,4298.479200000001,2025-08-10,Paid
INV09378,S056746,C00124,2025-11-25,17280.66,3110.5188,2025-11-25,Overdue
INV09379,S049081,C00879,2026-05-31,45591.729999999996,8206.5114,2026-05-31,Pending
INV09380,S055158,C00869,2026-01-11,51387.670000000006,9249.7806,2026-01-11,Disputed
INV09381,S092663,C00163,2025-07-21,44237.87,7962.8166,2025-07-21,Overdue
INV09382,S070042,C00714,2026-05-13,58407.66,10513.3788,2026-05-13,Pending
INV09383,S080485,C00630,2025-07-06,28329.489999999998,5099.3081999999995,2025-07-06,Paid
INV09384,S093842,C00945,2025-06-29,18921.1,3405.798,2025-06-29,Overdue
INV09385,S062889,C00548,2025-07-04,41252.93,7425.5274,2025-07-04,Overdue
INV09386,S064458,C00513,2026-04-15,48830.57000000001,8789.502600000002,2026-04-15,Overdue
INV09387,S030662,C00465,2025-12-29,30754.5,5535.8099999999995,2025-12-29,Paid
INV09388,S018340,C00500,2025-06-12,45058.67,8110.5606,2025-06-12,Disputed
INV09389,S045461,C00885,2025-11-13,19598.53,3527.7353999999996,2025-11-13,Overdue
INV09390,S002897,C00451,2024-10-25,34675.21,6241.5378,2024-10-25,Overdue
INV09391,S026005,C00021,2025-05-25,8179.08,1472.2343999999998,2025-05-25,Pending
INV09392,S067371,C00586,2024-10-24,17112.0,3080.16,2024-10-24,Pending
INV09393,S093734,C00918,2026-05-31,54301.079999999994,9774.194399999998,2026-05-31,Overdue
INV09394,S067643,C00477,2024-09-15,33256.03,5986.0854,2024-09-15,Overdue
INV09395,S028011,C00989,2025-11-30,50972.700000000004,9175.086000000001,2025-11-30,Disputed
INV09396,S074724,C00240,2025-06-12,38593.35,6946.803,2025-06-12,Pending
INV09397,S091513,C00401,2026-01-11,31406.46,5653.1628,2026-01-11,Overdue
INV09398,S052610,C00422,2024-07-29,29520.760000000002,5313.736800000001,2024-07-29,Disputed
INV09399,S026885,C00385,2025-10-20,24483.3,4406.994,2025-10-20,Paid
INV09400,S032984,C00569,2025-07-04,18780.73,3380.5314,2025-07-04,Disputed
INV09401,S009353,C00322,2025-09-16,45777.73,8239.9914,2025-09-16,Disputed
INV09402,S048074,C00578,2025-07-01,43191.020000000004,7774.3836,2025-07-01,Pending
INV09403,S072035,C00916,2025-08-10,40150.49,7227.088199999999,2025-08-10,Paid
INV09404,S035715,C00376,2025-12-11,19474.05,3505.3289999999997,2025-12-11,Pending
INV09405,S063238,C00573,2025-05-31,18370.2,3306.636,2025-05-31,Overdue
INV09406,S026690,C00336,2024-11-21,17391.16,3130.4087999999997,2024-11-21,Pending
INV09407,S057853,C00285,2024-11-13,50488.74,9087.973199999999,2024-11-13,Pending
INV09408,S082942,C00934,2025-01-21,10479.17,1886.2505999999998,2025-01-21,Pending
INV09409,S081241,C00690,2026-01-11,48502.04,8730.3672,2026-01-11,Disputed
INV09410,S029348,C00321,2025-01-05,38281.7,6890.705999999999,2025-01-05,Paid
INV09411,S088893,C00963,2025-04-13,28758.850000000002,5176.593,2025-04-13,Disputed
INV09412,S099882,C00623,2024-11-11,23979.33,4316.2794,2024-11-11,Pending
INV09413,S013776,C00507,2025-03-26,36651.229999999996,6597.221399999999,2025-03-26,Paid
INV09414,S096028,C00343,2026-03-21,22375.63,4027.6134,2026-03-21,Pending
INV09415,S022373,C00010,2025-03-14,27189.77,4894.1586,2025-03-14,Overdue
INV09416,S067935,C00575,2025-03-11,16087.02,2895.6636,2025-03-11,Overdue
INV09417,S064527,C00428,2025-06-30,49978.439999999995,8996.1192,2025-06-30,Pending
INV09418,S024633,C00975,2025-07-10,20633.239999999998,3713.9831999999997,2025-07-10,Paid
INV09419,S087612,C00144,2025-06-03,25271.85,4548.933,2025-06-03,Overdue
INV09420,S005541,C00012,2025-12-29,25338.370000000003,4560.9066,2025-12-29,Overdue
INV09421,S055523,C00464,2024-12-14,9315.41,1676.7738,2024-12-14,Pending
INV09422,S042714,C00539,2025-06-22,14910.75,2683.935,2025-06-22,Disputed
INV09423,S099507,C00149,2026-05-19,8279.48,1490.3064,2026-05-19,Paid
INV09424,S001743,C00811,2026-01-20,43833.96,7890.1128,2026-01-20,Pending
INV09425,S075393,C00644,2024-11-07,30386.97,5469.6546,2024-11-07,Paid
INV09426,S005103,C00010,2025-09-03,30713.49,5528.4282,2025-09-03,Pending
INV09427,S040460,C00266,2024-08-03,44562.79,8021.3022,2024-08-03,Overdue
INV09428,S070220,C00898,2024-06-10,15420.82,2775.7475999999997,2024-06-10,Disputed
INV09429,S032649,C00089,2025-01-22,49679.79,8942.3622,2025-01-22,Paid
INV09430,S009392,C00562,2025-07-17,34919.61,6285.5298,2025-07-17,Disputed
INV09431,S084547,C00996,2025-09-22,16845.78,3032.2403999999997,2025-09-22,Pending
INV09432,S093933,C00737,2026-01-28,60966.619999999995,10973.9916,2026-01-28,Paid
INV09433,S047994,C00140,2025-11-17,11502.04,2070.3672,2025-11-17,Overdue
INV09434,S040538,C00708,2025-02-21,9775.15,1759.5269999999998,2025-02-21,Overdue
INV09435,S006171,C00419,2025-09-06,41953.850000000006,7551.693000000001,2025-09-06,Disputed
INV09436,S093892,C00822,2026-04-12,31227.6,5620.968,2026-04-12,Paid
INV09437,S071193,C00945,2025-03-30,52598.5,9467.73,2025-03-30,Paid
INV09438,S002533,C00608,2024-06-05,31447.46,5660.542799999999,2024-06-05,Overdue
INV09439,S099746,C00267,2025-06-10,6884.13,1239.1434,2025-06-10,Pending
INV09440,S070844,C00964,2025-08-28,50700.96000000001,9126.1728,2025-08-28,Overdue
INV09441,S052007,C00192,2025-12-10,35461.89,6383.1402,2025-12-10,Disputed
INV09442,S077371,C00714,2025-02-03,24280.13,4370.4234,2025-02-03,Pending
INV09443,S033254,C00462,2025-04-16,44119.81,7941.565799999999,2025-04-16,Paid
INV09444,S067077,C00536,2026-05-29,56944.82000000001,10250.0676,2026-05-29,Paid
INV09445,S054150,C00667,2026-03-21,51100.200000000004,9198.036,2026-03-21,Paid
INV09446,S098610,C00383,2024-10-08,49824.119999999995,8968.341599999998,2024-10-08,Overdue
INV09447,S053989,C00503,2024-10-02,35004.509999999995,6300.811799999999,2024-10-02,Paid
INV09448,S032795,C00280,2026-01-19,37483.46,6747.0228,2026-01-19,Paid
INV09449,S047956,C00513,2024-09-23,16082.41,2894.8338,2024-09-23,Disputed
INV09450,S035294,C00769,2024-10-11,43921.01,7905.7818,2024-10-11,Disputed
INV09451,S051922,C00986,2025-02-02,21656.18,3898.1124,2025-02-02,Overdue
INV09452,S065148,C00753,2025-07-01,8489.19,1528.0542,2025-07-01,Paid
INV09453,S015107,C00753,2024-11-10,11346.45,2042.361,2024-11-10,Pending
INV09454,S002753,C00203,2025-07-09,21678.34,3902.1012,2025-07-09,Paid
INV09455,S056692,C00254,2026-02-27,54593.99,9826.9182,2026-02-27,Paid
INV09456,S041036,C00755,2026-01-19,61253.91,11025.7038,2026-01-19,Disputed
INV09457,S072307,C00594,2025-04-14,51392.130000000005,9250.583400000001,2025-04-14,Overdue
INV09458,S093024,C00114,2025-01-03,28004.82,5040.8676,2025-01-03,Pending
INV09459,S078211,C00013,2024-12-31,35461.96,6383.1528,2024-12-31,Pending
INV09460,S048528,C00153,2026-01-15,34054.31,6129.775799999999,2026-01-15,Overdue
INV09461,S056174,C00814,2024-12-13,13110.43,2359.8774,2024-12-13,Overdue
INV09462,S097252,C00026,2026-01-22,14799.02,2663.8236,2026-01-22,Overdue
INV09463,S055854,C00795,2024-08-12,56108.670000000006,10099.5606,2024-08-12,Pending
INV09464,S082064,C00274,2025-06-04,19539.8,3517.1639999999998,2025-06-04,Disputed
INV09465,S025342,C00463,2025-11-20,39369.86,7086.574799999999,2025-11-20,Disputed
INV09466,S035457,C00816,2026-05-11,16358.929999999998,2944.6073999999994,2026-05-11,Disputed
INV09467,S029667,C00454,2025-03-07,34332.51,6179.8518,2025-03-07,Pending
INV09468,S031159,C00176,2026-03-22,60876.72,10957.8096,2026-03-22,Overdue
INV09469,S046241,C00212,2025-11-18,44980.299999999996,8096.453999999999,2025-11-18,Pending
INV09470,S050060,C00496,2024-09-16,41721.619999999995,7509.891599999999,2024-09-16,Overdue
INV09471,S009633,C00833,2024-07-26,35436.88,6378.638399999999,2024-07-26,Pending
INV09472,S017758,C00688,2025-12-25,35683.46,6423.0228,2025-12-25,Pending
INV09473,S012772,C00966,2024-06-12,58026.55,10444.779,2024-06-12,Overdue
INV09474,S010220,C00835,2025-08-05,34826.79,6268.8222,2025-08-05,Overdue
INV09475,S090268,C00666,2025-11-07,29262.13,5267.1834,2025-11-07,Pending
INV09476,S001036,C00316,2025-11-20,15209.31,2737.6758,2025-11-20,Pending
INV09477,S070765,C00914,2026-05-24,15548.18,2798.6724,2026-05-24,Paid
INV09478,S073066,C00632,2025-11-07,13566.12,2441.9016,2025-11-07,Paid
INV09479,S028230,C00609,2025-10-06,15192.359999999999,2734.6247999999996,2025-10-06,Paid
INV09480,S034123,C00455,2024-08-09,30107.190000000002,5419.2942,2024-08-09,Paid
INV09481,S076790,C00039,2024-07-07,26172.579999999998,4711.064399999999,2024-07-07,Paid
INV09482,S074335,C00593,2024-07-10,23215.68,4178.8224,2024-07-10,Paid
INV09483,S099870,C00713,2025-03-12,38511.57,6932.0826,2025-03-12,Paid
INV09484,S083028,C00989,2025-02-24,37925.2,6826.535999999999,2025-02-24,Paid
INV09485,S003265,C00568,2025-07-29,16832.07,3029.7726,2025-07-29,Overdue
INV09486,S025913,C00481,2025-11-16,4182.97,752.9346,2025-11-16,Paid
INV09487,S088891,C00279,2024-12-06,26059.65,4690.737,2024-12-06,Disputed
INV09488,S084249,C00326,2025-05-03,33560.770000000004,6040.9386,2025-05-03,Disputed
INV09489,S009299,C00265,2026-04-10,44763.68,8057.462399999999,2026-04-10,Overdue
INV09490,S078368,C00697,2026-02-21,53768.21000000001,9678.277800000002,2026-02-21,Disputed
INV09491,S008132,C00555,2026-05-09,54564.28,9821.570399999999,2026-05-09,Pending
INV09492,S007412,C00543,2025-11-09,30009.47,5401.7046,2025-11-09,Disputed
INV09493,S010350,C00109,2024-09-19,27681.79,4982.7222,2024-09-19,Pending
INV09494,S056044,C00252,2025-08-20,20794.85,3743.0729999999994,2025-08-20,Paid
INV09495,S074008,C00941,2024-08-06,12263.470000000001,2207.4246000000003,2024-08-06,Disputed
INV09496,S060700,C00006,2025-11-26,44020.91,7923.763800000001,2025-11-26,Paid
INV09497,S083344,C00429,2024-10-24,50555.0,9099.9,2024-10-24,Overdue
INV09498,S087050,C00790,2025-01-01,48599.73,8747.9514,2025-01-01,Overdue
INV09499,S055492,C00399,2024-07-13,24079.980000000003,4334.3964000000005,2024-07-13,Paid
INV09500,S080963,C00942,2024-08-09,42972.52,7735.053599999999,2024-08-09,Disputed
INV09501,S076286,C00355,2025-01-09,18500.88,3330.1584000000003,2025-01-09,Pending
INV09502,S012973,C00014,2024-08-11,10247.36,1844.5248000000001,2024-08-11,Pending
INV09503,S000564,C00429,2025-10-10,12354.68,2223.8424,2025-10-10,Paid
INV09504,S099141,C00871,2026-02-27,32245.66,5804.2188,2026-02-27,Overdue
INV09505,S062600,C00709,2025-11-17,12020.57,2163.7026,2025-11-17,Disputed
INV09506,S090598,C00232,2024-09-23,40797.71,7343.587799999999,2024-09-23,Disputed
INV09507,S010307,C00017,2026-04-14,27134.02,4884.1236,2026-04-14,Paid
INV09508,S033130,C00455,2024-11-22,53101.9,9558.342,2024-11-22,Paid
INV09509,S084799,C00584,2024-12-25,28709.85,5167.772999999999,2024-12-25,Overdue
INV09510,S072125,C00571,2025-04-27,55563.03,10001.3454,2025-04-27,Disputed
INV09511,S080066,C00409,2025-05-14,10877.58,1957.9643999999998,2025-05-14,Pending
INV09512,S021688,C00445,2026-01-21,30418.61,5475.3498,2026-01-21,Disputed
INV09513,S056803,C00821,2024-08-18,39842.7,7171.685999999999,2024-08-18,Overdue
INV09514,S005860,C00029,2024-10-17,25038.87,4506.9965999999995,2024-10-17,Paid
INV09515,S033488,C00650,2026-01-21,19382.93,3488.9274,2026-01-21,Disputed
INV09516,S055231,C00411,2024-11-04,54528.55,9815.139000000001,2024-11-04,Disputed
INV09517,S007240,C00288,2024-11-19,49232.85,8861.912999999999,2024-11-19,Disputed
INV09518,S058387,C00647,2026-05-05,17267.11,3108.0798,2026-05-05,Pending
INV09519,S041861,C00833,2025-07-30,31949.170000000002,5750.8506,2025-07-30,Pending
INV09520,S077850,C00887,2025-02-05,22485.120000000003,4047.3216,2025-02-05,Overdue
INV09521,S013553,C00569,2025-09-10,49966.490000000005,8993.968200000001,2025-09-10,Pending
INV09522,S094004,C00951,2025-08-12,36375.33,6547.5594,2025-08-12,Paid
INV09523,S073256,C00680,2025-10-20,53389.0,9610.02,2025-10-20,Paid
INV09524,S017941,C00465,2026-03-23,22715.39,4088.7702,2026-03-23,Paid
INV09525,S053544,C00070,2026-05-05,19270.079999999998,3468.6143999999995,2026-05-05,Overdue
INV09526,S017761,C00956,2025-06-02,22526.19,4054.7141999999994,2025-06-02,Disputed
INV09527,S095144,C00086,2024-10-06,43425.64,7816.615199999999,2024-10-06,Paid
INV09528,S025550,C00936,2025-08-24,41490.82,7468.3476,2025-08-24,Disputed
INV09529,S052580,C00092,2025-07-11,11041.4,1987.4519999999998,2025-07-11,Pending
INV09530,S048096,C00195,2024-11-27,45344.229999999996,8161.961399999999,2024-11-27,Disputed
INV09531,S091494,C00465,2025-04-02,10302.83,1854.5094,2025-04-02,Overdue
INV09532,S070175,C00845,2025-11-22,24374.82,4387.4676,2025-11-22,Overdue
INV09533,S083247,C00284,2025-03-11,49215.19,8858.7342,2025-03-11,Pending
INV09534,S088293,C00134,2026-04-20,50010.32000000001,9001.857600000001,2026-04-20,Pending
INV09535,S009822,C00870,2026-01-14,38884.65,6999.237,2026-01-14,Overdue
INV09536,S014863,C00648,2025-07-20,15877.76,2857.9968,2025-07-20,Pending
INV09537,S029662,C00565,2025-06-20,15558.66,2800.5588,2025-06-20,Overdue
INV09538,S089480,C00550,2025-03-16,31603.61,5688.6498,2025-03-16,Paid
INV09539,S058743,C00428,2026-04-18,21514.46,3872.6027999999997,2026-04-18,Paid
INV09540,S069067,C00805,2024-08-03,19622.91,3532.1238,2024-08-03,Disputed
INV09541,S098750,C00023,2025-11-05,42431.34,7637.641199999999,2025-11-05,Pending
INV09542,S009616,C00669,2025-12-09,52656.04,9478.0872,2025-12-09,Disputed
INV09543,S036057,C00860,2025-01-09,17356.04,3124.0872,2025-01-09,Disputed
INV09544,S026582,C00972,2024-09-28,40786.119999999995,7341.501599999999,2024-09-28,Disputed
INV09545,S046768,C00519,2025-06-20,23914.71,4304.6478,2025-06-20,Paid
INV09546,S013902,C00695,2024-10-04,27946.239999999998,5030.3232,2024-10-04,Pending
INV09547,S071007,C00564,2026-04-23,52739.090000000004,9493.0362,2026-04-23,Paid
INV09548,S072980,C00537,2025-01-20,32786.880000000005,5901.638400000001,2025-01-20,Paid
INV09549,S070049,C00141,2026-01-21,7818.280000000001,1407.2904,2026-01-21,Pending
INV09550,S056743,C00357,2026-02-13,47000.87,8460.1566,2026-02-13,Disputed
INV09551,S066304,C00988,2025-12-29,54555.19,9819.9342,2025-12-29,Overdue
INV09552,S038252,C00653,2025-01-15,23555.93,4240.0674,2025-01-15,Paid
INV09553,S081295,C00267,2024-12-13,32430.05,5837.409,2024-12-13,Disputed
INV09554,S096509,C00432,2026-01-22,59879.29,10778.2722,2026-01-22,Overdue
INV09555,S035876,C00374,2025-09-23,17967.15,3234.087,2025-09-23,Paid
INV09556,S092342,C00833,2025-05-21,48382.62,8708.8716,2025-05-21,Pending
INV09557,S008473,C00507,2026-01-27,17999.260000000002,3239.8668000000002,2026-01-27,Paid
INV09558,S031289,C00581,2025-07-20,17610.5,3169.89,2025-07-20,Paid
INV09559,S045930,C00534,2025-05-22,29329.129999999997,5279.243399999999,2025-05-22,Paid
INV09560,S070194,C00562,2024-08-30,31205.36,5616.9648,2024-08-30,Paid
INV09561,S088243,C00136,2026-05-31,22887.72,4119.7896,2026-05-31,Disputed
INV09562,S062789,C00803,2024-11-23,8930.81,1607.5457999999999,2024-11-23,Paid
INV09563,S054033,C00104,2025-09-10,23643.25,4255.785,2025-09-10,Disputed
INV09564,S012169,C00745,2024-12-31,39649.19,7136.8542,2024-12-31,Overdue
INV09565,S083655,C00576,2025-11-16,37790.97,6802.3746,2025-11-16,Paid
INV09566,S060270,C00827,2025-07-24,51159.350000000006,9208.683,2025-07-24,Overdue
INV09567,S041912,C00121,2025-10-10,14675.01,2641.5018,2025-10-10,Disputed
INV09568,S034837,C00525,2025-03-10,38703.03,6966.5454,2025-03-10,Pending
INV09569,S027880,C00668,2025-05-11,22968.54,4134.3372,2025-05-11,Paid
INV09570,S070538,C00176,2024-06-30,32209.54,5797.7172,2024-06-30,Overdue
INV09571,S091963,C00515,2024-07-16,46607.28,8389.3104,2024-07-16,Pending
INV09572,S023390,C00907,2024-11-02,9881.33,1778.6394,2024-11-02,Disputed
INV09573,S094761,C00761,2024-07-28,24443.030000000002,4399.745400000001,2024-07-28,Paid
INV09574,S017011,C00308,2024-12-13,22624.75,4072.455,2024-12-13,Paid
INV09575,S084985,C00299,2025-05-25,22216.8,3999.024,2025-05-25,Disputed
INV09576,S012847,C00965,2026-05-25,39831.29,7169.6322,2026-05-25,Pending
INV09577,S092459,C00778,2025-01-23,40732.35,7331.822999999999,2025-01-23,Overdue
INV09578,S062591,C00461,2025-05-10,32034.0,5766.12,2025-05-10,Paid
INV09579,S020894,C00507,2026-04-14,31157.239999999998,5608.303199999999,2026-04-14,Pending
INV09580,S094121,C00531,2024-09-06,14868.57,2676.3426,2024-09-06,Disputed
INV09581,S052252,C00099,2025-07-05,29286.260000000002,5271.526800000001,2025-07-05,Overdue
INV09582,S051950,C00333,2024-07-11,37622.87,6772.1166,2024-07-11,Paid
INV09583,S001472,C00154,2025-10-23,16528.58,2975.1444,2025-10-23,Disputed
INV09584,S058013,C00076,2024-09-02,21086.29,3795.5322,2024-09-02,Pending
INV09585,S041669,C00222,2025-04-28,41112.61,7400.2698,2025-04-28,Disputed
INV09586,S070858,C00421,2025-02-03,14869.0,2676.42,2025-02-03,Disputed
INV09587,S004660,C00768,2025-08-10,50330.67,9059.5206,2025-08-10,Overdue
INV09588,S032963,C00638,2025-02-05,31526.85,5674.833,2025-02-05,Disputed
INV09589,S048521,C00016,2026-01-20,15032.189999999999,2705.7942,2026-01-20,Overdue
INV09590,S031785,C00849,2026-02-24,38991.479999999996,7018.466399999999,2026-02-24,Disputed
INV09591,S014784,C00010,2025-09-17,45541.520000000004,8197.473600000001,2025-09-17,Pending
INV09592,S078898,C00632,2025-02-14,36916.79,6645.0222,2025-02-14,Disputed
INV09593,S015380,C00841,2025-11-28,52079.88,9374.3784,2025-11-28,Overdue
INV09594,S072924,C00866,2025-04-12,46722.98,8410.1364,2025-04-12,Overdue
INV09595,S030669,C00633,2025-12-24,17948.63,3230.7534,2025-12-24,Overdue
INV09596,S069892,C00432,2025-02-27,29188.43,5253.9174,2025-02-27,Overdue
INV09597,S051866,C00517,2026-05-24,13280.0,2390.4,2026-05-24,Overdue
INV09598,S003966,C00210,2025-02-06,38035.729999999996,6846.431399999999,2025-02-06,Disputed
INV09599,S057230,C00504,2025-07-18,45286.979999999996,8151.656399999999,2025-07-18,Paid
INV09600,S091217,C00507,2025-05-23,17633.42,3174.0155999999997,2025-05-23,Overdue
INV09601,S066362,C00712,2024-09-29,31076.64,5593.7952,2024-09-29,Disputed
INV09602,S050546,C00050,2025-12-20,16969.33,3054.4794,2025-12-20,Disputed
INV09603,S053723,C00311,2024-07-22,18400.92,3312.1655999999994,2024-07-22,Disputed
INV09604,S059204,C00901,2026-06-01,30435.85,5478.4529999999995,2026-06-01,Overdue
INV09605,S026429,C00969,2024-08-27,32678.41,5882.1138,2024-08-27,Overdue
INV09606,S021580,C00582,2024-11-07,20044.72,3608.0496000000003,2024-11-07,Paid
INV09607,S015581,C00818,2025-04-19,34215.18,6158.7324,2025-04-19,Paid
INV09608,S009675,C00595,2024-10-18,38462.39,6923.2302,2024-10-18,Overdue
INV09609,S025692,C00094,2025-07-27,50249.99,9044.9982,2025-07-27,Pending
INV09610,S089283,C00946,2025-02-23,44388.83,7989.9894,2025-02-23,Paid
INV09611,S030337,C00185,2024-07-04,32001.86,5760.3348,2024-07-04,Overdue
INV09612,S093349,C00746,2025-08-09,51369.17,9246.4506,2025-08-09,Paid
INV09613,S058936,C00825,2026-05-04,45661.469999999994,8219.064599999998,2026-05-04,Pending
INV09614,S041850,C00253,2026-05-17,59905.869999999995,10783.056599999998,2026-05-17,Paid
INV09615,S076336,C00163,2025-02-19,56612.880000000005,10190.3184,2025-02-19,Overdue
INV09616,S092659,C00833,2024-06-06,12941.76,2329.5168,2024-06-06,Disputed
INV09617,S025395,C00262,2024-08-02,50714.69,9128.6442,2024-08-02,Overdue
INV09618,S072398,C00666,2024-06-15,14947.740000000002,2690.5932000000003,2024-06-15,Overdue
INV09619,S026233,C00326,2025-12-02,43988.939999999995,7918.009199999999,2025-12-02,Pending
INV09620,S011878,C00255,2024-11-02,33513.73,6032.4714,2024-11-02,Overdue
INV09621,S029007,C00197,2024-11-30,26668.100000000002,4800.258,2024-11-30,Disputed
INV09622,S012396,C00900,2025-05-18,39521.979999999996,7113.956399999999,2025-05-18,Paid
INV09623,S076681,C00349,2025-03-28,37936.83,6828.6294,2025-03-28,Paid
INV09624,S053063,C00754,2025-12-30,39004.66,7020.8388,2025-12-30,Pending
INV09625,S098574,C00248,2025-01-06,34798.8,6263.784000000001,2025-01-06,Disputed
INV09626,S012954,C00120,2026-01-25,10489.73,1888.1513999999997,2026-01-25,Paid
INV09627,S042374,C00554,2025-05-19,9500.93,1710.1674,2025-05-19,Disputed
INV09628,S040491,C00168,2025-05-18,39163.75,7049.474999999999,2025-05-18,Paid
INV09629,S032426,C00038,2024-07-06,25477.690000000002,4585.9842,2024-07-06,Overdue
INV09630,S074058,C00311,2026-02-19,37631.61,6773.6898,2026-02-19,Disputed
INV09631,S080727,C00990,2025-10-01,44397.340000000004,7991.5212,2025-10-01,Pending
INV09632,S096399,C00576,2025-06-14,32634.850000000002,5874.273,2025-06-14,Pending
INV09633,S044359,C00944,2024-10-12,54099.450000000004,9737.901,2024-10-12,Overdue
INV09634,S041609,C00689,2025-03-09,20534.34,3696.1812,2025-03-09,Pending
INV09635,S030676,C00553,2025-11-30,31460.23,5662.841399999999,2025-11-30,Disputed
INV09636,S007218,C00353,2025-03-26,42339.07,7621.0326,2025-03-26,Paid
INV09637,S001600,C00170,2024-09-05,42599.97,7667.9946,2024-09-05,Paid
INV09638,S017625,C00170,2025-02-26,50885.28,9159.3504,2025-02-26,Overdue
INV09639,S025366,C00834,2024-08-25,43428.74,7817.173199999999,2024-08-25,Pending
INV09640,S059570,C00994,2025-05-22,40747.57,7334.562599999999,2025-05-22,Disputed
INV09641,S034597,C00889,2025-11-17,32881.61,5918.6898,2025-11-17,Paid
INV09642,S016575,C00802,2026-05-28,29237.239999999998,5262.703199999999,2026-05-28,Overdue
INV09643,S070396,C00530,2025-05-31,57429.96,10337.3928,2025-05-31,Paid
INV09644,S039722,C00207,2024-06-06,40729.33,7331.2794,2024-06-06,Paid
INV09645,S092344,C00086,2025-11-16,20256.08,3646.0944000000004,2025-11-16,Pending
INV09646,S007601,C00890,2025-05-16,57919.259999999995,10425.466799999998,2025-05-16,Pending
INV09647,S056559,C00751,2025-02-19,56877.15,10237.887,2025-02-19,Disputed
INV09648,S041032,C00390,2024-12-08,12034.69,2166.2442,2024-12-08,Paid
INV09649,S079964,C00651,2026-03-28,46766.47,8417.9646,2026-03-28,Pending
INV09650,S083733,C00877,2025-07-27,18607.6,3349.3679999999995,2025-07-27,Overdue
INV09651,S062621,C00414,2024-09-23,36852.06,6633.3708,2024-09-23,Pending
INV09652,S091819,C00978,2026-01-11,58560.39,10540.8702,2026-01-11,Paid
INV09653,S082980,C00249,2024-08-30,35897.52,6461.553599999999,2024-08-30,Disputed
INV09654,S060463,C00620,2024-08-27,41691.369999999995,7504.446599999999,2024-08-27,Pending
INV09655,S051951,C00861,2025-07-11,4705.82,847.0475999999999,2025-07-11,Pending
INV09656,S099915,C00885,2025-03-02,40988.14,7377.865199999999,2025-03-02,Pending
INV09657,S085713,C00737,2025-12-05,22858.399999999998,4114.512,2025-12-05,Disputed
INV09658,S054491,C00009,2026-03-01,42260.28,7606.850399999999,2026-03-01,Disputed
INV09659,S010482,C00592,2025-04-02,23883.809999999998,4299.0858,2025-04-02,Pending
INV09660,S046543,C00052,2025-03-21,56935.96000000001,10248.472800000001,2025-03-21,Paid
INV09661,S086261,C00852,2025-06-15,24230.879999999997,4361.558399999999,2025-06-15,Overdue
INV09662,S078825,C00864,2025-02-22,46920.4,8445.672,2025-02-22,Pending
INV09663,S083736,C00155,2025-01-26,55476.32,9985.7376,2025-01-26,Overdue
INV09664,S005028,C00617,2024-06-11,44560.1,8020.817999999999,2024-06-11,Disputed
INV09665,S035138,C00340,2026-05-22,6427.25,1156.905,2026-05-22,Overdue
INV09666,S027345,C00476,2026-04-17,54319.619999999995,9777.531599999998,2026-04-17,Pending
INV09667,S069916,C00063,2025-03-21,32099.62,5777.9316,2025-03-21,Disputed
INV09668,S067607,C00849,2024-10-20,8074.6,1453.428,2024-10-20,Paid
INV09669,S043093,C00389,2024-10-10,35456.48,6382.1664,2024-10-10,Disputed
INV09670,S067497,C00851,2026-04-22,38458.32,6922.4976,2026-04-22,Disputed
INV09671,S022923,C00936,2026-05-29,47125.79,8482.6422,2026-05-29,Pending
INV09672,S064375,C00727,2025-08-17,54349.21000000001,9782.857800000002,2025-08-17,Paid
INV09673,S007053,C00746,2025-09-12,20109.58,3619.7244,2025-09-12,Paid
INV09674,S003535,C00782,2025-01-17,53521.670000000006,9633.9006,2025-01-17,Paid
INV09675,S081852,C00959,2026-01-09,23334.83,4200.2694,2026-01-09,Paid
INV09676,S021633,C00834,2025-08-24,55454.31,9981.7758,2025-08-24,Overdue
INV09677,S073456,C00929,2024-11-17,41134.46,7404.202799999999,2024-11-17,Overdue
INV09678,S001607,C00317,2026-04-07,54768.5,9858.33,2026-04-07,Disputed
INV09679,S087662,C00834,2025-09-24,23279.39,4190.2901999999995,2025-09-24,Overdue
INV09680,S003738,C00763,2025-11-18,56582.85,10184.912999999999,2025-11-18,Disputed
INV09681,S021559,C00912,2025-08-25,50977.130000000005,9175.8834,2025-08-25,Pending
INV09682,S039334,C00278,2024-09-10,49255.2,8865.936,2024-09-10,Paid
INV09683,S001079,C00419,2025-02-22,23226.83,4180.8294000000005,2025-02-22,Paid
INV09684,S026152,C00973,2024-11-07,47409.76,8533.7568,2024-11-07,Overdue
INV09685,S073196,C00843,2025-04-12,35700.36,6426.0648,2025-04-12,Disputed
INV09686,S069256,C00767,2025-05-19,20820.81,3747.7458,2025-05-19,Overdue
INV09687,S015395,C00342,2024-10-29,16437.97,2958.8346,2024-10-29,Disputed
INV09688,S086820,C00320,2025-03-11,53770.57,9678.702599999999,2025-03-11,Pending
INV09689,S012647,C00024,2025-10-21,50158.24,9028.483199999999,2025-10-21,Pending
INV09690,S052196,C00974,2025-01-30,35996.130000000005,6479.303400000001,2025-01-30,Overdue
INV09691,S029707,C00975,2025-04-17,51614.5,9290.609999999999,2025-04-17,Overdue
INV09692,S030249,C00394,2025-10-19,28869.170000000002,5196.4506,2025-10-19,Overdue
INV09693,S098683,C00644,2025-06-04,54789.42,9862.095599999999,2025-06-04,Overdue
INV09694,S025828,C00790,2024-07-19,42146.2,7586.315999999999,2024-07-19,Pending
INV09695,S060830,C00660,2024-07-02,39352.049999999996,7083.368999999999,2024-07-02,Disputed
INV09696,S090343,C00725,2025-05-01,43569.11,7842.4398,2025-05-01,Paid
INV09697,S007607,C00592,2025-07-25,30158.18,5428.4724,2025-07-25,Disputed
INV09698,S005257,C00407,2025-03-31,19154.08,3447.7344000000003,2025-03-31,Disputed
INV09699,S034534,C00365,2025-07-18,37898.95,6821.810999999999,2025-07-18,Disputed
INV09700,S016236,C00252,2025-06-14,57522.39,10354.0302,2025-06-14,Overdue
INV09701,S056556,C00452,2024-06-06,18596.44,3347.3591999999994,2024-06-06,Paid
INV09702,S071435,C00819,2024-11-06,48461.479999999996,8723.0664,2024-11-06,Paid
INV09703,S060212,C00706,2025-12-25,34694.21,6244.957799999999,2025-12-25,Overdue
INV09704,S027112,C00205,2025-05-19,18622.6,3352.0679999999998,2025-05-19,Disputed
INV09705,S033563,C00152,2025-06-20,44601.78,8028.3204,2025-06-20,Pending
INV09706,S060386,C00779,2024-08-17,51721.11,9309.799799999999,2024-08-17,Paid
INV09707,S070107,C00231,2024-11-15,33580.57,6044.5026,2024-11-15,Overdue
INV09708,S080540,C00034,2024-09-04,51946.85,9350.432999999999,2024-09-04,Pending
INV09709,S087389,C00798,2024-10-21,56622.740000000005,10192.093200000001,2024-10-21,Disputed
INV09710,S010215,C00841,2024-09-28,6077.18,1093.8924,2024-09-28,Paid
INV09711,S077990,C00580,2025-09-01,54565.98,9821.876400000001,2025-09-01,Disputed
INV09712,S038327,C00876,2024-08-30,16461.239999999998,2963.0231999999996,2024-08-30,Overdue
INV09713,S041956,C00763,2026-04-01,47270.96,8508.772799999999,2026-04-01,Pending
INV09714,S021460,C00625,2024-10-01,12910.55,2323.899,2024-10-01,Disputed
INV09715,S021705,C00121,2025-05-04,37345.8,6722.244000000001,2025-05-04,Paid
INV09716,S065304,C00697,2025-08-12,56536.45,10176.561,2025-08-12,Pending
INV09717,S098771,C00082,2025-12-08,35619.67,6411.540599999999,2025-12-08,Disputed
INV09718,S067732,C00557,2026-02-06,34274.81,6169.465799999999,2026-02-06,Paid
INV09719,S002699,C00825,2025-06-27,17016.94,3063.0491999999995,2025-06-27,Paid
INV09720,S070886,C00903,2026-04-09,42497.24,7649.503199999999,2026-04-09,Disputed
INV09721,S064221,C00087,2025-10-07,32182.13,5792.7834,2025-10-07,Overdue
INV09722,S026715,C00233,2024-11-10,30202.53,5436.4554,2024-11-10,Paid
INV09723,S018091,C00520,2025-06-24,12377.35,2227.923,2025-06-24,Pending
INV09724,S076055,C00775,2024-06-22,47760.5,8596.89,2024-06-22,Overdue
INV09725,S029932,C00975,2025-05-01,38346.17,6902.3106,2025-05-01,Pending
INV09726,S090558,C00168,2024-10-15,34674.630000000005,6241.433400000001,2024-10-15,Overdue
INV09727,S049496,C00282,2024-09-03,29948.79,5390.7822,2024-09-03,Pending
INV09728,S007577,C00912,2025-02-18,13185.31,2373.3558,2025-02-18,Disputed
INV09729,S070491,C00023,2026-04-15,28451.87,5121.3366,2026-04-15,Pending
INV09730,S037232,C00439,2025-06-05,18069.87,3252.5766,2025-06-05,Paid
INV09731,S054363,C00358,2024-09-18,18196.17,3275.3105999999993,2024-09-18,Paid
INV09732,S099398,C00598,2025-07-14,55514.520000000004,9992.6136,2025-07-14,Pending
INV09733,S009659,C00615,2024-11-26,50531.98,9095.7564,2024-11-26,Disputed
INV09734,S077672,C00936,2026-01-06,27468.19,4944.2742,2026-01-06,Pending
INV09735,S047728,C00626,2024-10-06,56639.62,10195.1316,2024-10-06,Overdue
INV09736,S029711,C00525,2024-12-07,45015.05,8102.709,2024-12-07,Paid
INV09737,S050501,C00045,2025-05-04,44611.149999999994,8030.006999999999,2025-05-04,Paid
INV09738,S018784,C00723,2024-06-14,56453.93,10161.7074,2024-06-14,Overdue
INV09739,S098516,C00362,2026-01-23,21517.85,3873.2129999999997,2026-01-23,Paid
INV09740,S045136,C00167,2025-05-14,37528.03,6755.0454,2025-05-14,Paid
INV09741,S038821,C00587,2024-12-29,32865.29,5915.7522,2024-12-29,Pending
INV09742,S024324,C00214,2025-02-20,44267.86,7968.2148,2025-02-20,Overdue
INV09743,S038353,C00027,2026-06-02,38497.229999999996,6929.501399999999,2026-06-02,Pending
INV09744,S069011,C00495,2025-09-17,33841.5,6091.469999999999,2025-09-17,Overdue
INV09745,S082066,C00347,2024-08-20,12002.0,2160.36,2024-08-20,Paid
INV09746,S090905,C00579,2024-12-12,26150.68,4707.1224,2024-12-12,Pending
INV09747,S087993,C00063,2024-07-15,25996.53,4679.3754,2024-07-15,Overdue
INV09748,S086556,C00756,2026-05-01,40402.72,7272.4896,2026-05-01,Overdue
INV09749,S019075,C00060,2024-06-11,25671.39,4620.8502,2024-06-11,Overdue
INV09750,S053718,C00967,2026-04-15,39184.21,7053.1578,2026-04-15,Overdue
INV09751,S072164,C00348,2025-10-18,42719.62,7689.5316,2025-10-18,Disputed
INV09752,S067717,C00697,2024-07-16,7641.34,1375.4412,2024-07-16,Paid
INV09753,S011471,C00360,2026-04-07,26886.379999999997,4839.5484,2026-04-07,Pending
INV09754,S024202,C00216,2024-10-09,45541.61,8197.4898,2024-10-09,Pending
INV09755,S040712,C00936,2025-02-10,34752.3,6255.414000000001,2025-02-10,Paid
INV09756,S016983,C00970,2024-09-14,44307.090000000004,7975.2762,2024-09-14,Pending
INV09757,S056680,C00928,2024-07-08,11053.08,1989.5544,2024-07-08,Pending
INV09758,S059901,C00389,2024-11-08,61109.950000000004,10999.791000000001,2024-11-08,Disputed
INV09759,S074146,C00969,2025-10-28,34768.520000000004,6258.333600000001,2025-10-28,Disputed
INV09760,S042305,C00554,2026-05-11,51425.43,9256.5774,2026-05-11,Disputed
INV09761,S068542,C00491,2025-02-01,15257.64,2746.3752,2025-02-01,Disputed
INV09762,S064954,C00006,2026-05-15,11239.01,2023.0218,2026-05-15,Overdue
INV09763,S099811,C00555,2025-09-22,29492.97,5308.7346,2025-09-22,Pending
INV09764,S037960,C00296,2024-06-03,43781.12,7880.6016,2024-06-03,Pending
INV09765,S080545,C00680,2026-01-30,40945.65,7370.217,2026-01-30,Pending
INV09766,S027633,C00899,2025-06-12,50160.549999999996,9028.899,2025-06-12,Disputed
INV09767,S055356,C00348,2026-05-08,49100.100000000006,8838.018,2026-05-08,Disputed
INV09768,S005191,C00030,2026-02-13,40948.6,7370.748,2026-02-13,Paid
INV09769,S074103,C00080,2026-04-26,30458.76,5482.5768,2026-04-26,Disputed
INV09770,S079031,C00292,2026-02-12,29559.67,5320.740599999999,2026-02-12,Disputed
INV09771,S025788,C00853,2025-06-17,51717.399999999994,9309.131999999998,2025-06-17,Disputed
INV09772,S033653,C00708,2025-11-02,47818.26,8607.2868,2025-11-02,Overdue
INV09773,S067817,C00787,2024-07-21,46871.869999999995,8436.936599999999,2024-07-21,Overdue
INV09774,S076832,C00329,2025-11-13,17206.71,3097.2077999999997,2025-11-13,Disputed
INV09775,S034992,C00952,2025-08-30,46000.73,8280.1314,2025-08-30,Paid
INV09776,S002280,C00722,2024-08-12,53504.46,9630.8028,2024-08-12,Disputed
INV09777,S020679,C00958,2026-04-02,15161.58,2729.0843999999997,2026-04-02,Pending
INV09778,S011403,C00042,2025-07-13,50301.39,9054.2502,2025-07-13,Paid
INV09779,S036380,C00167,2024-07-15,19538.15,3516.867,2024-07-15,Paid
INV09780,S093316,C00232,2025-05-15,18234.33,3282.1794,2025-05-15,Paid
INV09781,S037839,C00954,2024-12-09,11218.19,2019.2742,2024-12-09,Disputed
INV09782,S044061,C00988,2025-07-19,35722.47,6430.0446,2025-07-19,Pending
INV09783,S052452,C00543,2024-06-10,54262.450000000004,9767.241,2024-06-10,Disputed
INV09784,S069385,C00707,2024-11-04,14983.699999999999,2697.066,2024-11-04,Overdue
INV09785,S099559,C00168,2026-05-31,16003.16,2880.5688,2026-05-31,Pending
INV09786,S026048,C00678,2025-09-04,4018.77,723.3786,2025-09-04,Pending
INV09787,S025416,C00978,2025-08-08,13821.05,2487.7889999999998,2025-08-08,Disputed
INV09788,S024799,C00047,2026-05-25,34974.340000000004,6295.381200000001,2026-05-25,Pending
INV09789,S076539,C00538,2026-03-03,54345.189999999995,9782.134199999999,2026-03-03,Disputed
INV09790,S047466,C00231,2024-07-12,22818.57,4107.3426,2024-07-12,Disputed
INV09791,S061957,C00568,2025-03-20,43527.189999999995,7834.894199999999,2025-03-20,Pending
INV09792,S071293,C00915,2024-10-28,43257.97,7786.4346,2024-10-28,Pending
INV09793,S024006,C00062,2025-07-18,29253.690000000002,5265.6642,2025-07-18,Overdue
INV09794,S029753,C00486,2024-12-04,38769.520000000004,6978.5136,2024-12-04,Pending
INV09795,S037268,C00960,2026-02-24,34082.94,6134.9292000000005,2026-02-24,Overdue
INV09796,S001492,C00947,2024-08-27,26428.88,4757.1984,2024-08-27,Pending
INV09797,S027492,C00736,2025-11-03,53294.57,9593.0226,2025-11-03,Paid
INV09798,S080445,C00563,2026-04-27,27594.48,4967.006399999999,2026-04-27,Paid
INV09799,S004804,C00524,2025-12-01,24156.51,4348.171799999999,2025-12-01,Disputed
INV09800,S067488,C00917,2026-03-20,20069.69,3612.5442,2026-03-20,Pending
INV09801,S007985,C00303,2025-12-05,54462.47,9803.2446,2025-12-05,Overdue
INV09802,S085791,C00922,2024-11-16,47715.57,8588.802599999999,2024-11-16,Paid
INV09803,S034764,C00100,2024-12-12,41130.24,7403.4432,2024-12-12,Pending
INV09804,S016857,C00224,2025-03-04,45053.56,8109.640799999999,2025-03-04,Pending
INV09805,S088120,C00480,2025-01-23,42490.78,7648.340399999999,2025-01-23,Overdue
INV09806,S083102,C00132,2025-01-13,47687.21,8583.6978,2025-01-13,Paid
INV09807,S079888,C00275,2026-01-20,46611.67,8390.1006,2026-01-20,Pending
INV09808,S071682,C00902,2024-12-24,37345.909999999996,6722.263799999999,2024-12-24,Pending
INV09809,S073180,C00027,2024-11-28,36593.39,6586.8102,2024-11-28,Overdue
INV09810,S038483,C00838,2025-10-11,46951.030000000006,8451.1854,2025-10-11,Paid
INV09811,S068039,C00611,2025-01-14,32453.05,5841.549,2025-01-14,Disputed
INV09812,S061963,C00985,2026-03-17,13029.730000000001,2345.3514,2026-03-17,Paid
INV09813,S080599,C00066,2024-12-18,37902.75,6822.495,2024-12-18,Pending
INV09814,S006709,C00821,2024-08-25,17408.88,3133.5984,2024-08-25,Paid
INV09815,S092524,C00692,2026-02-02,23767.170000000002,4278.0906,2026-02-02,Overdue
INV09816,S047405,C00100,2025-10-16,21260.82,3826.9476,2025-10-16,Overdue
INV09817,S082838,C00252,2024-10-11,15733.029999999999,2831.9453999999996,2024-10-11,Overdue
INV09818,S002952,C00363,2025-11-15,22135.93,3984.4674,2025-11-15,Paid
INV09819,S030038,C00199,2026-05-21,17047.260000000002,3068.5068,2026-05-21,Disputed
INV09820,S043489,C00080,2025-06-23,11085.82,1995.4476,2025-06-23,Disputed
INV09821,S085845,C00409,2025-08-03,56329.51,10139.3118,2025-08-03,Pending
INV09822,S076112,C00336,2026-04-02,59230.840000000004,10661.5512,2026-04-02,Pending
INV09823,S027232,C00655,2024-11-16,14691.48,2644.4664,2024-11-16,Overdue
INV09824,S012469,C00786,2024-09-17,7833.24,1409.9832,2024-09-17,Paid
INV09825,S057354,C00314,2025-09-03,23144.09,4165.9362,2025-09-03,Overdue
INV09826,S012896,C00283,2026-05-18,13910.900000000001,2503.962,2026-05-18,Overdue
INV09827,S023341,C00436,2025-02-12,57772.72,10399.0896,2025-02-12,Paid
INV09828,S026304,C00417,2024-11-01,47789.66,8602.1388,2024-11-01,Overdue
INV09829,S028215,C00723,2026-02-06,9519.19,1713.4542000000001,2026-02-06,Overdue
INV09830,S041289,C00426,2024-08-04,12732.68,2291.8824,2024-08-04,Disputed
INV09831,S046827,C00878,2025-08-28,23193.92,4174.905599999999,2025-08-28,Disputed
INV09832,S017684,C00880,2025-02-03,50917.58,9165.1644,2025-02-03,Paid
INV09833,S077781,C00921,2025-07-31,8801.4,1584.252,2025-07-31,Pending
INV09834,S058048,C00846,2024-11-08,34072.81,6133.105799999999,2024-11-08,Paid
INV09835,S059503,C00894,2025-06-07,34198.97,6155.8146,2025-06-07,Disputed
INV09836,S026534,C00640,2025-12-18,23034.13,4146.1434,2025-12-18,Paid
INV09837,S093723,C00775,2026-03-01,54265.26,9767.7468,2026-03-01,Pending
INV09838,S024779,C00976,2024-07-11,20043.370000000003,3607.8066000000003,2024-07-11,Pending
INV09839,S053652,C00989,2026-01-22,23793.91,4282.9038,2026-01-22,Paid
INV09840,S008987,C00682,2025-08-21,20431.879999999997,3677.7383999999993,2025-08-21,Paid
INV09841,S042513,C00819,2025-10-27,23188.76,4173.9767999999995,2025-10-27,Overdue
INV09842,S023591,C00841,2025-09-19,13056.44,2350.1592,2025-09-19,Pending
INV09843,S064678,C00666,2024-08-21,26246.08,4724.2944,2024-08-21,Paid
INV09844,S043423,C00321,2025-06-21,37787.94,6801.8292,2025-06-21,Pending
INV09845,S058678,C00094,2026-02-05,40783.99,7341.118199999999,2026-02-05,Overdue
INV09846,S078927,C00250,2025-04-16,18497.65,3329.577,2025-04-16,Overdue
INV09847,S001061,C00142,2025-09-28,18701.77,3366.3186,2025-09-28,Overdue
INV09848,S066236,C00966,2025-06-06,50115.01,9020.7018,2025-06-06,Paid
INV09849,S050967,C00355,2025-08-04,24215.26,4358.7468,2025-08-04,Paid
INV09850,S034182,C00474,2024-11-12,37655.31,6777.9558,2024-11-12,Disputed
INV09851,S038001,C00401,2024-12-03,60145.33,10826.1594,2024-12-03,Overdue
INV09852,S027278,C00358,2025-06-29,53796.7,9683.405999999999,2025-06-29,Pending
INV09853,S083605,C00962,2026-01-03,33145.69,5966.224200000001,2026-01-03,Pending
INV09854,S054863,C00910,2025-07-08,45035.880000000005,8106.4584,2025-07-08,Paid
INV09855,S060888,C00409,2026-03-30,14984.91,2697.2837999999997,2026-03-30,Paid
INV09856,S017357,C00005,2025-08-09,20557.04,3700.2672000000002,2025-08-09,Paid
INV09857,S027425,C00386,2024-12-05,32106.04,5779.0872,2024-12-05,Pending
INV09858,S057781,C00538,2026-01-24,15336.45,2760.561,2026-01-24,Pending
INV09859,S042540,C00463,2025-07-08,59768.44,10758.3192,2025-07-08,Paid
INV09860,S024289,C00138,2024-06-06,51891.329999999994,9340.4394,2024-06-06,Disputed
INV09861,S034013,C00114,2026-04-25,51278.399999999994,9230.112,2026-04-25,Pending
INV09862,S068396,C00214,2025-09-27,12372.960000000001,2227.1328,2025-09-27,Pending
INV09863,S077326,C00118,2026-03-26,40827.59,7348.966199999999,2026-03-26,Paid
INV09864,S004530,C00081,2024-07-07,54956.73,9892.2114,2024-07-07,Paid
INV09865,S019376,C00279,2025-01-19,46667.55,8400.159,2025-01-19,Disputed
INV09866,S012517,C00276,2025-06-24,19442.14,3499.5852,2025-06-24,Pending
INV09867,S016820,C00637,2024-09-08,19026.38,3424.7484,2024-09-08,Disputed
INV09868,S081385,C00320,2024-08-31,14416.310000000001,2594.9358,2024-08-31,Disputed
INV09869,S052771,C00937,2025-08-07,45221.14,8139.8052,2025-08-07,Paid
INV09870,S054927,C00840,2025-01-08,50919.189999999995,9165.454199999998,2025-01-08,Paid
INV09871,S042499,C00794,2024-06-10,15381.96,2768.7527999999998,2024-06-10,Disputed
INV09872,S032373,C00771,2024-10-15,13242.460000000001,2383.6428,2024-10-15,Disputed
INV09873,S087290,C00907,2024-11-17,11851.93,2133.3474,2024-11-17,Disputed
INV09874,S050553,C00136,2025-12-25,23397.55,4211.558999999999,2025-12-25,Overdue
INV09875,S031653,C00994,2025-01-23,57893.090000000004,10420.7562,2025-01-23,Overdue
INV09876,S018734,C00708,2024-06-23,30506.64,5491.1952,2024-06-23,Overdue
INV09877,S025797,C00611,2024-09-21,42033.19,7565.974200000001,2024-09-21,Disputed
INV09878,S060681,C00733,2025-05-22,54615.28999999999,9830.752199999999,2025-05-22,Paid
INV09879,S091055,C00777,2024-11-19,40190.84,7234.351199999999,2024-11-19,Overdue
INV09880,S016698,C00721,2026-02-10,9008.39,1621.5102,2026-02-10,Paid
INV09881,S038216,C00954,2026-02-28,7797.370000000001,1403.5266000000001,2026-02-28,Pending
INV09882,S057001,C00861,2026-05-11,29799.840000000004,5363.971200000001,2026-05-11,Paid
INV09883,S021554,C00657,2026-04-13,31158.25,5608.485,2026-04-13,Paid
INV09884,S008444,C00965,2025-03-28,18847.76,3392.5968,2025-03-28,Pending
INV09885,S084895,C00197,2026-02-13,44325.0,7978.5,2026-02-13,Disputed
INV09886,S049017,C00882,2026-01-01,3972.14,714.9852,2026-01-01,Pending
INV09887,S051553,C00270,2024-10-18,43180.869999999995,7772.556599999999,2024-10-18,Overdue
INV09888,S027732,C00344,2026-05-01,37681.71,6782.707799999999,2026-05-01,Pending
INV09889,S084413,C00134,2025-08-20,40274.41,7249.393800000001,2025-08-20,Overdue
INV09890,S053915,C00490,2024-09-20,43280.47,7790.4846,2024-09-20,Paid
INV09891,S078100,C00397,2025-08-30,52704.72,9486.8496,2025-08-30,Disputed
INV09892,S006625,C00518,2024-08-06,46433.97,8358.1146,2024-08-06,Pending
INV09893,S056792,C00962,2024-11-30,45271.659999999996,8148.898799999999,2024-11-30,Pending
INV09894,S053984,C00711,2024-10-21,19585.170000000002,3525.3306000000002,2024-10-21,Overdue
INV09895,S084085,C00752,2025-07-24,42549.74,7658.953199999999,2025-07-24,Overdue
INV09896,S013367,C00639,2025-04-29,58013.869999999995,10442.496599999999,2025-04-29,Pending
INV09897,S061114,C00946,2026-02-17,16689.6,3004.1279999999997,2026-02-17,Pending
INV09898,S079711,C00627,2024-08-29,60876.61,10957.7898,2024-08-29,Overdue
INV09899,S003352,C00730,2026-02-15,15675.01,2821.5018,2026-02-15,Disputed
INV09900,S079573,C00429,2025-11-17,16239.04,2923.0272,2025-11-17,Disputed
INV09901,S046560,C00790,2026-01-01,47801.13,8604.203399999999,2026-01-01,Paid
INV09902,S004897,C00803,2024-09-02,38142.79,6865.7022,2024-09-02,Pending
INV09903,S002683,C00095,2025-08-20,37485.58,6747.4044,2025-08-20,Pending
INV09904,S084355,C00435,2025-05-03,49271.42,8868.855599999999,2025-05-03,Overdue
INV09905,S039151,C00302,2025-12-03,32417.940000000002,5835.2292,2025-12-03,Paid
INV09906,S010175,C00878,2025-06-18,41630.16,7493.428800000001,2025-06-18,Paid
INV09907,S019000,C00374,2025-09-19,54380.05,9788.409,2025-09-19,Pending
INV09908,S023451,C00103,2026-03-21,47616.799999999996,8571.024,2026-03-21,Pending
INV09909,S093979,C00808,2024-06-23,8951.279999999999,1611.2303999999997,2024-06-23,Pending
INV09910,S028229,C00013,2025-01-28,31014.06,5582.5308,2025-01-28,Overdue
INV09911,S003956,C00008,2025-11-15,20396.19,3671.3142,2025-11-15,Disputed
INV09912,S015133,C00764,2025-03-18,29296.32,5273.3376,2025-03-18,Disputed
INV09913,S019807,C00547,2025-04-22,13745.6,2474.208,2025-04-22,Pending
INV09914,S020510,C00118,2025-11-13,41156.24,7408.123199999999,2025-11-13,Paid
INV09915,S024714,C00637,2024-08-12,47609.04,8569.627199999999,2024-08-12,Overdue
INV09916,S040991,C00181,2024-08-14,56809.71,10225.7478,2024-08-14,Paid
INV09917,S093176,C00978,2025-07-02,44600.579999999994,8028.104399999998,2025-07-02,Pending
INV09918,S098173,C00824,2025-10-19,41497.47,7469.5446,2025-10-19,Paid
INV09919,S063979,C00831,2024-06-13,32258.66,5806.5588,2024-06-13,Disputed
INV09920,S054903,C00979,2025-09-10,54118.11,9741.2598,2025-09-10,Overdue
INV09921,S045101,C00783,2026-02-15,43248.67,7784.7606,2026-02-15,Overdue
INV09922,S013359,C00167,2025-09-07,16595.77,2987.2386,2025-09-07,Paid
INV09923,S079537,C00187,2025-06-03,9407.71,1693.3877999999997,2025-06-03,Paid
INV09924,S064061,C00243,2025-08-17,13714.6,2468.628,2025-08-17,Pending
INV09925,S000839,C00101,2025-05-29,14713.36,2648.4048,2025-05-29,Disputed
INV09926,S087156,C00232,2024-10-31,55453.340000000004,9981.601200000001,2024-10-31,Disputed
INV09927,S007995,C00666,2024-10-29,22553.46,4059.6227999999996,2024-10-29,Paid
INV09928,S028434,C00552,2025-11-01,43417.4,7815.132,2025-11-01,Overdue
INV09929,S032702,C00228,2025-11-08,29218.340000000004,5259.301200000001,2025-11-08,Paid
INV09930,S067503,C00257,2026-04-21,16484.53,2967.2153999999996,2026-04-21,Overdue
INV09931,S024069,C00370,2026-01-02,53008.009999999995,9541.441799999999,2026-01-02,Disputed
INV09932,S060522,C00996,2024-08-07,48118.41,8661.3138,2024-08-07,Paid
INV09933,S053372,C00511,2024-10-13,29721.45,5349.861,2024-10-13,Overdue
INV09934,S024998,C00875,2024-08-04,23916.58,4304.9844,2024-08-04,Pending
INV09935,S053411,C00475,2026-03-09,16577.84,2984.0112,2026-03-09,Disputed
INV09936,S023938,C00980,2025-06-22,13291.59,2392.4862,2025-06-22,Paid
INV09937,S035288,C00552,2024-10-22,45969.29,8274.4722,2024-10-22,Disputed
INV09938,S027466,C00029,2025-03-01,53185.15,9573.327,2025-03-01,Overdue
INV09939,S033713,C00643,2025-05-12,44619.75,8031.554999999999,2025-05-12,Overdue
INV09940,S008625,C00181,2024-12-24,18973.66,3415.2588,2024-12-24,Paid
INV09941,S058069,C00014,2025-01-06,14298.16,2573.6688,2025-01-06,Pending
INV09942,S096366,C00006,2025-09-24,13008.31,2341.4957999999997,2025-09-24,Overdue
INV09943,S006101,C00435,2025-10-22,42616.22,7670.9196,2025-10-22,Overdue
INV09944,S073861,C00574,2024-10-01,20810.52,3745.8936,2024-10-01,Disputed
INV09945,S032947,C00488,2025-05-29,16993.06,3058.7508000000003,2025-05-29,Disputed
INV09946,S045220,C00134,2025-11-26,12930.3,2327.4539999999997,2025-11-26,Pending
INV09947,S059401,C00668,2024-08-21,50218.119999999995,9039.261599999998,2024-08-21,Paid
INV09948,S079646,C00468,2024-12-26,19767.699999999997,3558.1859999999992,2024-12-26,Disputed
INV09949,S099446,C00565,2025-11-24,54183.45,9753.020999999999,2025-11-24,Disputed
INV09950,S005423,C00042,2024-12-02,52557.03,9460.2654,2024-12-02,Overdue
INV09951,S074915,C00894,2024-09-21,38634.39,6954.1902,2024-09-21,Pending
INV09952,S030440,C00074,2024-09-08,37360.509999999995,6724.8917999999985,2024-09-08,Pending
INV09953,S046550,C00349,2024-06-08,43502.25,7830.405,2024-06-08,Disputed
INV09954,S043549,C00503,2024-11-14,51053.74,9189.6732,2024-11-14,Overdue
INV09955,S046031,C00277,2025-01-31,25755.46,4635.9828,2025-01-31,Paid
INV09956,S071542,C00863,2024-06-24,14083.669999999998,2535.0606,2024-06-24,Paid
INV09957,S080225,C00103,2025-12-31,25294.199999999997,4552.955999999999,2025-12-31,Disputed
INV09958,S080617,C00679,2024-07-02,34958.42,6292.5156,2024-07-02,Pending
INV09959,S040501,C00789,2025-09-22,46009.0,8281.619999999999,2025-09-22,Paid
INV09960,S052756,C00923,2026-05-30,46526.469999999994,8374.764599999999,2026-05-30,Paid
INV09961,S074765,C00304,2025-02-16,27600.33,4968.0594,2025-02-16,Overdue
INV09962,S060759,C00516,2026-04-11,32877.21,5917.8978,2026-04-11,Overdue
INV09963,S027656,C00479,2025-08-24,38860.38,6994.868399999999,2025-08-24,Disputed
INV09964,S085711,C00285,2026-05-14,30735.55,5532.398999999999,2026-05-14,Disputed
INV09965,S080770,C00621,2026-05-17,50329.689999999995,9059.3442,2026-05-17,Overdue
INV09966,S059497,C00146,2026-01-31,24600.449999999997,4428.080999999999,2026-01-31,Overdue
INV09967,S054020,C00334,2024-06-29,11122.49,2002.0482,2024-06-29,Paid
INV09968,S058882,C00320,2024-08-19,57002.25,10260.404999999999,2024-08-19,Paid
INV09969,S066649,C00026,2025-06-16,31719.89,5709.580199999999,2025-06-16,Disputed
INV09970,S066988,C00521,2025-09-23,29511.160000000003,5312.0088000000005,2025-09-23,Pending
INV09971,S078424,C00706,2026-02-27,38908.88,7003.598399999999,2026-02-27,Overdue
INV09972,S001328,C00330,2024-07-03,36524.36,6574.3848,2024-07-03,Paid
INV09973,S075979,C00939,2025-05-24,14724.420000000002,2650.3956000000003,2025-05-24,Pending
INV09974,S071721,C00007,2026-05-30,39468.86,7104.3948,2026-05-30,Pending
INV09975,S050885,C00557,2024-06-25,47617.299999999996,8571.114,2024-06-25,Disputed
INV09976,S079481,C00754,2025-09-09,26590.05,4786.209,2025-09-09,Disputed
INV09977,S008299,C00731,2025-06-05,37817.37,6807.1266000000005,2025-06-05,Overdue
INV09978,S045633,C00777,2024-08-01,40810.83,7345.9494,2024-08-01,Overdue
INV09979,S023952,C00202,2025-08-08,22413.239999999998,4034.3831999999993,2025-08-08,Pending
INV09980,S054600,C00240,2024-10-16,41154.770000000004,7407.8586000000005,2024-10-16,Disputed
INV09981,S082614,C00341,2025-09-11,50241.57,9043.4826,2025-09-11,Paid
INV09982,S030475,C00191,2024-10-12,35985.76,6477.4368,2024-10-12,Overdue
INV09983,S022234,C00951,2025-02-26,10372.72,1867.0895999999998,2025-02-26,Overdue
INV09984,S094548,C00807,2025-07-01,40077.32,7213.9176,2025-07-01,Overdue
INV09985,S057148,C00613,2025-11-21,29091.29,5236.4322,2025-11-21,Paid
INV09986,S050681,C00674,2025-11-29,51025.700000000004,9184.626,2025-11-29,Paid
INV09987,S052080,C00685,2026-04-11,44492.53,8008.6554,2026-04-11,Overdue
INV09988,S006494,C00675,2025-12-13,30672.589999999997,5521.066199999999,2025-12-13,Disputed
INV09989,S008726,C00952,2026-02-08,49507.78,8911.400399999999,2026-02-08,Pending
INV09990,S037217,C00808,2025-10-02,41166.85,7410.032999999999,2025-10-02,Paid
INV09991,S012570,C00661,2025-07-28,15119.33,2721.4793999999997,2025-07-28,Paid
INV09992,S094322,C00921,2024-11-18,38583.22,6944.9796,2024-11-18,Disputed
INV09993,S066974,C00291,2025-04-18,46072.19,8292.994200000001,2025-04-18,Disputed
INV09994,S064111,C00149,2026-04-18,21844.28,3931.9703999999997,2026-04-18,Paid
INV09995,S012423,C00581,2025-05-31,42555.369999999995,7659.966599999999,2025-05-31,Disputed
INV09996,S031462,C00379,2025-08-13,48209.97,8677.7946,2025-08-13,Disputed
INV09997,S099223,C00603,2025-03-13,23422.54,4216.0572,2025-03-13,Disputed
INV09998,S093885,C00398,2026-05-28,19977.09,3595.8761999999997,2026-05-28,Pending
INV09999,S038849,C00361,2025-01-26,15823.57,2848.2426,2025-01-26,Disputed
