payment_id,invoice_id,payment_date,payment_amount,payment_method,payment_status
P000000,INV00000,2024-11-25,34301.43,Wire,Full
P000001,INV00001,2025-08-28,17965.95,Bank Transfer,Partial
P000002,INV00002,2025-12-09,9377.84,Credit Card,Full
P000003,INV00003,2025-03-10,49289.42,Wire,Full
P000004,INV00004,2024-11-22,42000.56,Credit Card,Full
P000005,INV00005,2024-07-17,15157.97,Bank Transfer,Partial
P000006,INV00006,2025-04-03,18654.22,Wire,Full
P000007,INV00007,2025-06-02,50805.14000000001,Wire,Full
P000008,INV00008,2024-06-26,56207.46000000001,Wire,Full
P000009,INV00009,2024-08-25,21749.05,Bank Transfer,Partial
P000010,INV00010,2025-02-19,24817.75,Credit Card,Full
P000011,INV00011,2024-12-31,0.0,Credit Card,Failed
P000012,INV00012,2025-06-14,20197.78,Credit Card,Full
P000013,INV00013,2026-03-29,34226.32,Wire,Full
P000014,INV00014,2026-02-20,26661.4,Wire,Full
P000015,INV00015,2025-12-27,16425.48,Credit Card,Full
P000016,INV00016,2024-12-06,8006.629999999999,Credit Card,Full
P000017,INV00017,2024-10-26,8160.18,Wire,Full
P000018,INV00018,2024-11-29,52183.950000000004,Wire,Full
P000019,INV00019,2026-04-06,47668.840000000004,Bank Transfer,Full
P000020,INV00020,2026-04-21,0.0,Credit Card,Failed
P000021,INV00021,2025-01-08,16169.1,Credit Card,Partial
P000022,INV00022,2024-09-03,41560.399999999994,Bank Transfer,Full
P000023,INV00023,2026-04-27,31193.18,Bank Transfer,Partial
P000024,INV00024,2024-12-07,36168.38,Credit Card,Full
P000025,INV00025,2025-09-22,9271.63,Credit Card,Partial
P000026,INV00026,2024-12-17,19262.08,Credit Card,Partial
P000027,INV00027,2024-07-21,10073.33,Wire,Partial
P000028,INV00028,2025-01-15,40067.34,Bank Transfer,Full
P000029,INV00029,2025-01-27,0.0,Credit Card,Failed
P000030,INV00030,2025-09-15,47503.420000000006,Wire,Full
P000031,INV00031,2025-01-14,18060.45,Credit Card,Full
P000032,INV00032,2025-07-30,50720.79,Wire,Full
P000033,INV00033,2024-07-08,39399.98,Bank Transfer,Full
P000034,INV00034,2025-04-09,42479.73,Bank Transfer,Full
P000035,INV00035,2025-10-15,0.0,Credit Card,Failed
P000036,INV00036,2024-09-30,18216.01,Bank Transfer,Partial
P000037,INV00037,2025-06-16,16201.41,Bank Transfer,Partial
P000038,INV00038,2025-06-05,25317.8,Credit Card,Full
P000039,INV00039,2026-05-17,51489.26,Wire,Full
P000040,INV00040,2025-09-11,25997.3,Credit Card,Full
P000041,INV00041,2025-10-27,16861.45,Bank Transfer,Full
P000042,INV00042,2025-10-19,42909.35,Bank Transfer,Full
P000043,INV00043,2025-01-28,27273.45,Credit Card,Full
P000044,INV00044,2025-06-18,0.0,Bank Transfer,Failed
P000045,INV00045,2025-05-29,36467.67,Wire,Full
P000046,INV00046,2026-01-04,24545.1,Credit Card,Full
P000047,INV00047,2025-07-12,35718.26,Wire,Full
P000048,INV00048,2024-10-21,0.0,Credit Card,Failed
P000049,INV00049,2025-12-27,33317.01,Credit Card,Full
P000050,INV00050,2025-07-29,36728.42,Bank Transfer,Full
P000051,INV00051,2025-07-27,14871.27,Bank Transfer,Full
P000052,INV00052,2026-06-13,15659.46,Bank Transfer,Partial
P000053,INV00053,2025-08-12,23398.0,Wire,Full
P000054,INV00054,2025-12-08,10522.87,Credit Card,Partial
P000055,INV00055,2025-08-06,46503.79,Wire,Full
P000056,INV00056,2025-12-06,14691.5,Bank Transfer,Partial
P000057,INV00057,2025-03-31,26493.04,Wire,Full
P000058,INV00058,2024-12-25,34495.31,Wire,Full
P000059,INV00059,2024-10-11,0.0,Wire,Failed
P000060,INV00060,2025-12-23,8895.67,Credit Card,Partial
P000061,INV00061,2024-12-27,22929.84,Credit Card,Partial
P000062,INV00062,2024-12-06,19788.059999999998,Wire,Full
P000063,INV00063,2024-11-18,45828.509999999995,Credit Card,Full
P000064,INV00064,2024-08-24,29784.93,Bank Transfer,Full
P000065,INV00065,2026-03-04,54742.73,Credit Card,Full
P000066,INV00066,2026-01-06,6871.66,Credit Card,Full
P000067,INV00067,2024-12-10,8473.02,Credit Card,Partial
P000068,INV00068,2025-12-27,10208.400000000001,Wire,Full
P000069,INV00069,2025-02-04,24562.02,Credit Card,Partial
P000070,INV00070,2026-05-16,55905.12,Wire,Full
P000071,INV00071,2026-05-11,41098.75,Credit Card,Full
P000072,INV00072,2026-01-29,14085.48,Wire,Partial
P000073,INV00073,2025-06-07,26144.46,Wire,Partial
P000074,INV00074,2026-02-17,34965.850000000006,Wire,Full
P000075,INV00075,2025-01-11,34951.49,Wire,Full
P000076,INV00076,2025-12-04,16521.87,Credit Card,Full
P000077,INV00077,2025-05-25,28421.84,Wire,Full
P000078,INV00078,2025-07-17,21533.62,Bank Transfer,Partial
P000079,INV00079,2024-09-11,53890.7,Bank Transfer,Full
P000080,INV00080,2026-04-01,38232.47,Bank Transfer,Full
P000081,INV00081,2026-06-03,25983.9,Bank Transfer,Full
P000082,INV00082,2025-09-28,57034.630000000005,Credit Card,Full
P000083,INV00083,2026-04-21,29300.82,Bank Transfer,Full
P000084,INV00084,2024-08-28,13905.07,Credit Card,Full
P000085,INV00085,2026-03-19,35986.69,Credit Card,Full
P000086,INV00086,2026-02-02,34230.689999999995,Wire,Full
P000087,INV00087,2025-08-29,45626.28,Bank Transfer,Full
P000088,INV00088,2025-06-03,32207.23,Bank Transfer,Full
P000089,INV00089,2024-12-21,23748.71,Bank Transfer,Full
P000090,INV00090,2025-02-03,16484.64,Bank Transfer,Full
P000091,INV00091,2025-05-31,9260.0,Bank Transfer,Partial
P000092,INV00092,2025-03-24,17758.04,Credit Card,Partial
P000093,INV00093,2026-01-31,12561.01,Bank Transfer,Partial
P000094,INV00094,2025-11-18,61093.86,Wire,Full
P000095,INV00095,2026-06-09,52247.229999999996,Bank Transfer,Full
P000096,INV00096,2025-06-13,40446.48,Credit Card,Full
P000097,INV00097,2025-10-20,8385.76,Bank Transfer,Partial
P000098,INV00098,2024-10-14,13329.01,Wire,Partial
P000099,INV00099,2025-04-22,40415.81,Credit Card,Full
P000100,INV00100,2025-07-08,11181.22,Bank Transfer,Partial
P000101,INV00101,2025-05-27,36169.04,Wire,Full
P000102,INV00102,2025-07-10,41076.39,Wire,Full
P000103,INV00103,2025-08-12,22522.93,Wire,Full
P000104,INV00104,2026-04-03,23610.12,Credit Card,Full
P000105,INV00105,2026-02-20,36092.53,Wire,Full
P000106,INV00106,2024-10-21,16289.84,Credit Card,Partial
P000107,INV00107,2024-12-08,34801.07,Wire,Full
P000108,INV00108,2024-11-27,33392.71000000001,Credit Card,Full
P000109,INV00109,2025-03-21,13623.98,Bank Transfer,Full
P000110,INV00110,2026-01-15,8384.67,Bank Transfer,Partial
P000111,INV00111,2025-09-24,59491.66,Bank Transfer,Full
P000112,INV00112,2026-04-02,31976.04,Wire,Full
P000113,INV00113,2024-07-21,7034.55,Credit Card,Full
P000114,INV00114,2024-06-26,13437.73,Wire,Full
P000115,INV00115,2025-11-04,52909.54,Bank Transfer,Full
P000116,INV00116,2026-06-24,13697.98,Wire,Full
P000117,INV00117,2026-02-08,47157.68,Bank Transfer,Full
P000118,INV00118,2025-06-09,48524.88,Bank Transfer,Full
P000119,INV00119,2024-08-21,6070.41,Bank Transfer,Partial
P000120,INV00120,2026-05-22,49163.66,Wire,Full
P000121,INV00121,2025-01-03,5436.0,Bank Transfer,Partial
P000122,INV00122,2024-07-06,11432.1,Credit Card,Full
P000123,INV00123,2024-09-11,45006.57,Wire,Full
P000124,INV00124,2026-04-13,43195.92,Bank Transfer,Full
P000125,INV00125,2026-05-27,37113.87,Bank Transfer,Partial
P000126,INV00126,2025-01-14,52558.99,Bank Transfer,Full
P000127,INV00127,2026-04-24,12320.42,Wire,Full
P000128,INV00128,2026-06-19,8324.61,Credit Card,Partial
P000129,INV00129,2025-12-06,4951.78,Credit Card,Partial
P000130,INV00130,2025-01-20,25532.8,Credit Card,Partial
P000131,INV00131,2025-03-06,49199.56,Credit Card,Partial
P000132,INV00132,2024-11-13,22634.93,Credit Card,Full
P000133,INV00133,2025-09-15,51155.3,Credit Card,Full
P000134,INV00134,2025-07-23,14706.67,Credit Card,Full
P000135,INV00135,2025-02-23,22392.14,Wire,Full
P000136,INV00136,2024-07-13,47418.46,Credit Card,Full
P000137,INV00137,2026-05-19,30658.92,Credit Card,Full
P000138,INV00138,2025-09-20,55122.45,Credit Card,Full
P000139,INV00139,2025-09-06,48473.25,Credit Card,Full
P000140,INV00140,2024-11-12,24143.28,Bank Transfer,Full
P000141,INV00141,2026-02-08,35019.17,Wire,Full
P000142,INV00142,2024-12-29,19572.68,Bank Transfer,Full
P000143,INV00143,2024-10-02,49744.93,Credit Card,Full
P000144,INV00144,2024-06-28,26309.33,Bank Transfer,Full
P000145,INV00145,2025-02-28,13592.18,Wire,Partial
P000146,INV00146,2026-03-10,0.0,Credit Card,Failed
P000147,INV00147,2026-04-18,0.0,Wire,Failed
P000148,INV00148,2025-07-14,0.0,Bank Transfer,Failed
P000149,INV00149,2026-01-26,7264.54,Credit Card,Partial
P000150,INV00150,2024-08-03,15677.82,Bank Transfer,Partial
P000151,INV00151,2024-10-24,56969.67,Bank Transfer,Full
P000152,INV00152,2024-10-12,10679.76,Wire,Full
P000153,INV00153,2026-07-11,51164.86,Wire,Full
P000154,INV00154,2025-04-22,4116.01,Wire,Partial
P000155,INV00155,2025-07-29,21930.18,Bank Transfer,Full
P000156,INV00156,2025-12-12,48783.299999999996,Wire,Full
P000157,INV00157,2026-07-03,9140.7,Bank Transfer,Full
P000158,INV00158,2024-11-02,18110.1,Wire,Full
P000159,INV00159,2025-02-19,37134.83,Bank Transfer,Partial
P000160,INV00160,2026-03-09,6872.77,Credit Card,Partial
P000161,INV00161,2024-07-24,8685.22,Bank Transfer,Full
P000162,INV00162,2024-07-26,8663.69,Credit Card,Partial
P000163,INV00163,2024-09-27,35578.23,Wire,Full
P000164,INV00164,2025-11-04,53741.89,Wire,Full
P000165,INV00165,2025-04-13,0.0,Credit Card,Failed
P000166,INV00166,2026-01-13,24047.48,Wire,Full
P000167,INV00167,2024-11-17,32369.66,Credit Card,Full
P000168,INV00168,2026-03-28,0.0,Bank Transfer,Failed
P000169,INV00169,2025-04-29,48199.71,Wire,Full
P000170,INV00170,2025-10-31,27180.31,Bank Transfer,Full
P000171,INV00171,2025-03-06,25493.84,Credit Card,Full
P000172,INV00172,2025-12-10,56292.96,Bank Transfer,Full
P000173,INV00173,2026-04-26,14058.02,Bank Transfer,Full
P000174,INV00174,2026-06-19,39251.65,Wire,Full
P000175,INV00175,2024-08-04,0.0,Bank Transfer,Failed
P000176,INV00176,2025-03-23,34471.619999999995,Bank Transfer,Full
P000177,INV00177,2025-06-27,17466.91,Credit Card,Full
P000178,INV00178,2025-12-23,10031.26,Bank Transfer,Partial
P000179,INV00179,2025-10-11,24635.75,Wire,Full
P000180,INV00180,2024-08-23,27814.93,Credit Card,Partial
P000181,INV00181,2025-08-31,22855.04,Bank Transfer,Full
P000182,INV00182,2025-10-20,16368.91,Wire,Full
P000183,INV00183,2024-09-20,41137.649999999994,Wire,Full
P000184,INV00184,2026-06-11,12956.81,Wire,Full
P000185,INV00185,2026-06-01,40679.0,Wire,Full
P000186,INV00186,2025-09-24,36106.75,Bank Transfer,Partial
P000187,INV00187,2026-02-27,20711.12,Credit Card,Partial
P000188,INV00188,2024-11-11,43242.14,Bank Transfer,Full
P000189,INV00189,2026-06-17,40456.2,Bank Transfer,Full
P000190,INV00190,2025-01-06,18359.72,Wire,Full
P000191,INV00191,2025-01-08,18161.0,Bank Transfer,Partial
P000192,INV00192,2025-01-05,14327.15,Bank Transfer,Partial
P000193,INV00193,2025-05-18,9588.65,Credit Card,Partial
P000194,INV00194,2025-10-26,42815.67,Wire,Full
P000195,INV00195,2024-08-30,17053.510000000002,Wire,Full
P000196,INV00196,2024-11-19,58052.96,Wire,Full
P000197,INV00197,2025-05-19,0.0,Wire,Failed
P000198,INV00198,2026-02-08,20900.96,Bank Transfer,Full
P000199,INV00199,2025-11-16,5449.67,Credit Card,Full
P000200,INV00200,2026-03-12,30865.82,Credit Card,Full
P000201,INV00201,2025-07-14,0.0,Wire,Failed
P000202,INV00202,2025-08-26,47169.71,Wire,Full
P000203,INV00203,2024-12-15,48947.329999999994,Credit Card,Full
P000204,INV00204,2024-10-10,43953.9,Wire,Full
P000205,INV00205,2025-12-28,33868.11,Bank Transfer,Full
P000206,INV00206,2025-04-24,0.0,Bank Transfer,Failed
P000207,INV00207,2025-08-15,10120.61,Bank Transfer,Partial
P000208,INV00208,2025-11-24,31609.469999999998,Credit Card,Full
P000209,INV00209,2025-04-30,39395.07,Wire,Partial
P000210,INV00210,2024-12-28,38057.72,Credit Card,Full
P000211,INV00211,2024-09-25,29491.309999999998,Bank Transfer,Full
P000212,INV00212,2025-10-20,10980.22,Bank Transfer,Full
P000213,INV00213,2026-03-22,23855.300000000003,Bank Transfer,Full
P000214,INV00214,2026-06-23,0.0,Wire,Failed
P000215,INV00215,2024-11-03,18244.45,Bank Transfer,Partial
P000216,INV00216,2024-09-30,55603.88,Credit Card,Full
P000217,INV00217,2025-03-17,21848.62,Bank Transfer,Partial
P000218,INV00218,2025-07-23,30986.4,Bank Transfer,Full
P000219,INV00219,2025-05-22,18779.48,Wire,Full
P000220,INV00220,2025-03-19,20828.63,Credit Card,Full
P000221,INV00221,2025-02-03,30576.54,Credit Card,Partial
P000222,INV00222,2025-07-09,52790.93,Bank Transfer,Full
P000223,INV00223,2024-10-19,28949.16,Credit Card,Full
P000224,INV00224,2026-05-10,52263.57,Credit Card,Full
P000225,INV00225,2025-08-09,47914.08,Bank Transfer,Full
P000226,INV00226,2025-11-22,40250.93,Wire,Full
P000227,INV00227,2024-12-02,4301.94,Wire,Partial
P000228,INV00228,2025-06-11,56042.25,Wire,Full
P000229,INV00229,2025-09-25,29466.6,Wire,Partial
P000230,INV00230,2024-12-13,33983.31,Bank Transfer,Full
P000231,INV00231,2025-04-06,8453.91,Credit Card,Partial
P000232,INV00232,2025-09-18,22217.1,Wire,Partial
P000233,INV00233,2025-02-20,23274.170000000002,Credit Card,Full
P000234,INV00234,2024-11-18,52320.62,Bank Transfer,Full
P000235,INV00235,2026-01-17,33705.78,Bank Transfer,Full
P000236,INV00236,2025-06-27,14132.61,Wire,Partial
P000237,INV00237,2025-03-22,30801.399999999998,Wire,Full
P000238,INV00238,2026-06-03,12538.08,Bank Transfer,Full
P000239,INV00239,2025-04-12,28232.260000000002,Wire,Full
P000240,INV00240,2024-07-04,22081.43,Bank Transfer,Full
P000241,INV00241,2025-12-14,10263.79,Bank Transfer,Full
P000242,INV00242,2025-12-16,15145.36,Wire,Partial
P000243,INV00243,2025-01-12,17396.96,Wire,Full
P000244,INV00244,2025-02-16,28537.31,Wire,Partial
P000245,INV00245,2025-03-14,0.0,Credit Card,Failed
P000246,INV00246,2025-01-17,32811.83,Credit Card,Full
P000247,INV00247,2026-03-24,7948.17,Wire,Full
P000248,INV00248,2024-09-04,49991.479999999996,Wire,Full
P000249,INV00249,2026-05-23,33822.2,Bank Transfer,Full
P000250,INV00250,2025-08-03,46825.36,Bank Transfer,Full
P000251,INV00251,2026-04-13,55190.17,Bank Transfer,Full
P000252,INV00252,2024-12-30,20920.73,Credit Card,Full
P000253,INV00253,2025-03-15,28223.68,Bank Transfer,Full
P000254,INV00254,2024-12-28,7486.13,Credit Card,Full
P000255,INV00255,2025-09-27,22095.45,Wire,Full
P000256,INV00256,2026-04-08,38959.009999999995,Bank Transfer,Full
P000257,INV00257,2025-01-18,38271.87,Credit Card,Full
P000258,INV00258,2026-01-08,52233.04,Bank Transfer,Full
P000259,INV00259,2025-07-12,28322.88,Wire,Partial
P000260,INV00260,2025-05-01,17051.35,Bank Transfer,Full
P000261,INV00261,2024-08-27,22327.42,Wire,Partial
P000262,INV00262,2024-09-11,27382.57,Credit Card,Partial
P000263,INV00263,2025-05-15,20138.48,Credit Card,Partial
P000264,INV00264,2026-03-27,27469.61,Wire,Full
P000265,INV00265,2025-06-28,17220.44,Credit Card,Partial
P000266,INV00266,2025-01-21,21502.07,Bank Transfer,Full
P000267,INV00267,2025-10-22,23459.559999999998,Wire,Full
P000268,INV00268,2025-05-06,17289.579999999998,Wire,Full
P000269,INV00269,2026-05-31,50286.54,Credit Card,Full
P000270,INV00270,2024-11-11,24697.03,Wire,Full
P000271,INV00271,2025-07-22,16326.91,Credit Card,Full
P000272,INV00272,2025-09-30,15096.62,Bank Transfer,Partial
P000273,INV00273,2025-02-23,17297.72,Wire,Full
P000274,INV00274,2026-05-20,56297.31,Credit Card,Full
P000275,INV00275,2026-01-04,28088.550000000003,Bank Transfer,Full
P000276,INV00276,2025-06-30,18765.14,Bank Transfer,Partial
P000277,INV00277,2024-06-30,15820.26,Credit Card,Full
P000278,INV00278,2025-07-21,37000.83,Credit Card,Full
P000279,INV00279,2026-01-21,52835.18,Bank Transfer,Partial
P000280,INV00280,2025-08-06,12121.24,Wire,Full
P000281,INV00281,2025-04-08,43557.37,Credit Card,Full
P000282,INV00282,2024-11-29,46369.85,Credit Card,Full
P000283,INV00283,2025-08-11,38682.32,Wire,Full
P000284,INV00284,2026-04-25,0.0,Wire,Failed
P000285,INV00285,2024-12-26,21620.47,Wire,Full
P000286,INV00286,2025-09-06,14692.72,Bank Transfer,Full
P000287,INV00287,2025-02-18,50451.2,Credit Card,Full
P000288,INV00288,2024-08-01,17374.760000000002,Bank Transfer,Full
P000289,INV00289,2024-10-21,0.0,Credit Card,Failed
P000290,INV00290,2024-09-28,33457.93,Bank Transfer,Full
P000291,INV00291,2025-11-21,0.0,Bank Transfer,Failed
P000292,INV00292,2025-04-07,24420.06,Bank Transfer,Partial
P000293,INV00293,2026-04-12,47622.29,Credit Card,Full
P000294,INV00294,2026-05-31,53543.71,Wire,Full
P000295,INV00295,2024-12-25,51147.850000000006,Wire,Full
P000296,INV00296,2026-03-28,4627.16,Bank Transfer,Partial
P000297,INV00297,2024-09-01,39380.54,Wire,Full
P000298,INV00298,2024-11-16,27578.9,Bank Transfer,Full
P000299,INV00299,2025-11-27,36366.5,Credit Card,Full
P000300,INV00300,2025-09-27,44398.81,Credit Card,Full
P000301,INV00301,2024-06-20,17107.95,Bank Transfer,Full
P000302,INV00302,2026-03-26,23661.62,Credit Card,Partial
P000303,INV00303,2025-07-07,0.0,Credit Card,Failed
P000304,INV00304,2024-08-06,37277.42,Bank Transfer,Full
P000305,INV00305,2025-05-08,22496.38,Wire,Partial
P000306,INV00306,2024-10-24,33712.21,Bank Transfer,Full
P000307,INV00307,2024-07-07,27771.920000000002,Wire,Full
P000308,INV00308,2026-05-07,38574.450000000004,Credit Card,Full
P000309,INV00309,2024-09-04,19959.84,Bank Transfer,Full
P000310,INV00310,2026-06-01,37143.72,Credit Card,Full
P000311,INV00311,2025-01-16,0.0,Bank Transfer,Failed
P000312,INV00312,2024-08-11,0.0,Credit Card,Failed
P000313,INV00313,2025-01-15,38233.74,Wire,Full
P000314,INV00314,2025-07-22,0.0,Credit Card,Failed
P000315,INV00315,2024-07-14,50293.93000000001,Bank Transfer,Full
P000316,INV00316,2025-04-29,11501.89,Credit Card,Partial
P000317,INV00317,2024-08-06,26710.27,Wire,Partial
P000318,INV00318,2025-02-27,0.0,Credit Card,Failed
P000319,INV00319,2024-12-14,15247.44,Bank Transfer,Partial
P000320,INV00320,2024-10-24,39513.71,Bank Transfer,Full
P000321,INV00321,2026-05-07,23826.77,Bank Transfer,Full
P000322,INV00322,2024-08-25,44780.46000000001,Bank Transfer,Full
P000323,INV00323,2025-06-10,49173.520000000004,Wire,Full
P000324,INV00324,2025-11-01,26157.47,Credit Card,Partial
P000325,INV00325,2024-10-18,3523.78,Credit Card,Partial
P000326,INV00326,2026-05-11,17630.309999999998,Bank Transfer,Full
P000327,INV00327,2025-05-07,32503.47,Bank Transfer,Full
P000328,INV00328,2026-01-26,14703.929999999998,Bank Transfer,Full
P000329,INV00329,2024-10-21,53179.17,Wire,Full
P000330,INV00330,2024-12-06,0.0,Bank Transfer,Failed
P000331,INV00331,2026-06-08,45482.36,Wire,Full
P000332,INV00332,2025-02-20,44448.119999999995,Bank Transfer,Full
P000333,INV00333,2026-06-03,7731.44,Credit Card,Partial
P000334,INV00334,2025-10-20,44052.2,Wire,Full
P000335,INV00335,2026-02-06,0.0,Wire,Failed
P000336,INV00336,2025-01-03,35019.16,Credit Card,Full
P000337,INV00337,2026-05-25,48424.48,Bank Transfer,Full
P000338,INV00338,2024-08-27,14125.369999999999,Bank Transfer,Full
P000339,INV00339,2026-05-23,49592.630000000005,Credit Card,Full
P000340,INV00340,2026-06-27,28078.64,Credit Card,Full
P000341,INV00341,2024-11-08,36210.01,Credit Card,Full
P000342,INV00342,2024-09-21,36215.77,Wire,Full
P000343,INV00343,2025-03-21,24668.8,Credit Card,Full
P000344,INV00344,2025-04-20,45987.19,Bank Transfer,Full
P000345,INV00345,2025-05-22,30109.84,Bank Transfer,Full
P000346,INV00346,2024-08-16,37871.969999999994,Wire,Full
P000347,INV00347,2025-01-22,12749.9,Credit Card,Partial
P000348,INV00348,2025-08-28,27097.21,Bank Transfer,Partial
P000349,INV00349,2025-09-21,30874.82,Credit Card,Full
P000350,INV00350,2026-05-04,0.0,Credit Card,Failed
P000351,INV00351,2025-09-28,56784.33,Bank Transfer,Full
P000352,INV00352,2026-02-11,8454.0,Wire,Partial
P000353,INV00353,2025-10-25,56518.36,Bank Transfer,Full
P000354,INV00354,2026-03-13,12368.42,Bank Transfer,Full
P000355,INV00355,2025-05-03,5049.23,Credit Card,Partial
P000356,INV00356,2024-11-24,37548.009999999995,Credit Card,Full
P000357,INV00357,2025-10-04,20377.09,Wire,Full
P000358,INV00358,2024-10-18,54215.95,Wire,Full
P000359,INV00359,2025-03-08,53487.5,Wire,Full
P000360,INV00360,2025-09-15,48437.13,Bank Transfer,Full
P000361,INV00361,2024-08-10,29023.14,Credit Card,Partial
P000362,INV00362,2025-07-02,10084.34,Credit Card,Full
P000363,INV00363,2024-12-10,28160.55,Credit Card,Partial
P000364,INV00364,2025-09-10,19818.8,Wire,Partial
P000365,INV00365,2026-01-09,0.0,Wire,Failed
P000366,INV00366,2026-04-07,17151.02,Credit Card,Partial
P000367,INV00367,2024-08-11,0.0,Credit Card,Failed
P000368,INV00368,2024-10-11,56782.7,Bank Transfer,Full
P000369,INV00369,2024-07-12,37785.42,Wire,Full
P000370,INV00370,2025-07-19,17079.11,Credit Card,Full
P000371,INV00371,2025-12-04,51213.14,Wire,Full
P000372,INV00372,2025-01-02,46281.55,Credit Card,Full
P000373,INV00373,2025-11-10,14400.650000000001,Credit Card,Full
P000374,INV00374,2025-05-31,0.0,Credit Card,Failed
P000375,INV00375,2025-06-09,27815.55,Wire,Full
P000376,INV00376,2024-09-21,52106.34,Bank Transfer,Full
P000377,INV00377,2026-05-23,0.0,Wire,Failed
P000378,INV00378,2024-12-28,34856.17,Wire,Full
P000379,INV00379,2024-11-30,36107.399999999994,Bank Transfer,Full
P000380,INV00380,2026-05-29,57978.31,Bank Transfer,Full
P000381,INV00381,2026-02-15,32752.61,Bank Transfer,Full
P000382,INV00382,2026-02-23,47869.11,Bank Transfer,Full
P000383,INV00383,2025-06-24,9672.16,Credit Card,Partial
P000384,INV00384,2025-07-13,2604.96,Credit Card,Partial
P000385,INV00385,2025-05-12,56024.29,Bank Transfer,Full
P000386,INV00386,2024-07-15,22334.18,Bank Transfer,Full
P000387,INV00387,2026-03-31,41987.77,Wire,Full
P000388,INV00388,2024-09-12,21658.28,Wire,Full
P000389,INV00389,2025-05-27,20004.39,Credit Card,Full
P000390,INV00390,2026-05-08,51344.65,Wire,Full
P000391,INV00391,2025-02-21,27997.27,Wire,Full
P000392,INV00392,2025-01-25,36761.58,Credit Card,Full
P000393,INV00393,2025-08-12,11650.23,Bank Transfer,Full
P000394,INV00394,2025-04-19,28271.82,Credit Card,Full
P000395,INV00395,2025-02-16,50923.0,Bank Transfer,Full
P000396,INV00396,2025-05-04,51535.4,Wire,Full
P000397,INV00397,2025-03-13,0.0,Credit Card,Failed
P000398,INV00398,2024-09-18,35384.21,Wire,Full
P000399,INV00399,2025-02-21,23911.54,Wire,Full
P000400,INV00400,2024-07-09,8545.5,Credit Card,Full
P000401,INV00401,2026-06-16,0.0,Credit Card,Failed
P000402,INV00402,2026-05-20,19077.1,Bank Transfer,Full
P000403,INV00403,2025-02-04,20694.629999999997,Bank Transfer,Full
P000404,INV00404,2024-11-07,33556.88,Wire,Full
P000405,INV00405,2024-08-16,52273.54,Wire,Full
P000406,INV00406,2026-06-30,10355.23,Credit Card,Full
P000407,INV00407,2025-05-01,23961.6,Bank Transfer,Partial
P000408,INV00408,2025-01-18,29131.25,Wire,Full
P000409,INV00409,2025-04-04,18706.97,Bank Transfer,Partial
P000410,INV00410,2025-10-15,18003.8,Bank Transfer,Partial
P000411,INV00411,2025-10-06,35761.810000000005,Wire,Full
P000412,INV00412,2024-10-13,29170.86,Bank Transfer,Full
P000413,INV00413,2026-01-28,36293.96,Credit Card,Full
P000414,INV00414,2024-11-17,59846.95,Credit Card,Full
P000415,INV00415,2025-05-05,12692.73,Credit Card,Full
P000416,INV00416,2025-07-02,23588.129999999997,Wire,Full
P000417,INV00417,2025-07-22,32844.32,Credit Card,Partial
P000418,INV00418,2024-10-14,14567.11,Bank Transfer,Full
P000419,INV00419,2025-12-20,49494.170000000006,Bank Transfer,Full
P000420,INV00420,2024-07-05,21948.42,Bank Transfer,Full
P000421,INV00421,2025-11-18,29954.34,Wire,Partial
P000422,INV00422,2025-09-01,0.0,Bank Transfer,Failed
P000423,INV00423,2025-07-05,54836.5,Credit Card,Full
P000424,INV00424,2026-01-24,17874.56,Bank Transfer,Full
P000425,INV00425,2024-10-15,21038.47,Wire,Full
P000426,INV00426,2025-09-06,5554.86,Bank Transfer,Partial
P000427,INV00427,2026-05-24,24252.59,Bank Transfer,Full
P000428,INV00428,2025-12-09,39747.770000000004,Credit Card,Full
P000429,INV00429,2024-06-21,20979.660000000003,Credit Card,Full
P000430,INV00430,2024-10-02,5760.89,Wire,Partial
P000431,INV00431,2025-01-04,31924.87,Bank Transfer,Full
P000432,INV00432,2026-02-22,25065.87,Wire,Full
P000433,INV00433,2026-02-09,18379.11,Bank Transfer,Full
P000434,INV00434,2025-11-15,30215.670000000002,Credit Card,Full
P000435,INV00435,2026-05-22,35700.05,Wire,Full
P000436,INV00436,2026-03-04,43816.38,Bank Transfer,Partial
P000437,INV00437,2024-09-02,24041.77,Wire,Full
P000438,INV00438,2024-12-20,0.0,Bank Transfer,Failed
P000439,INV00439,2024-10-03,12277.33,Bank Transfer,Full
P000440,INV00440,2025-03-23,28531.53,Wire,Full
P000441,INV00441,2024-08-13,45376.43,Bank Transfer,Full
P000442,INV00442,2024-08-17,34236.04,Wire,Full
P000443,INV00443,2025-12-18,35888.89,Wire,Full
P000444,INV00444,2025-02-22,16888.92,Wire,Full
P000445,INV00445,2025-10-18,49766.590000000004,Bank Transfer,Full
P000446,INV00446,2026-03-29,22607.149999999998,Bank Transfer,Full
P000447,INV00447,2025-06-11,48240.58,Wire,Full
P000448,INV00448,2025-03-17,17088.89,Bank Transfer,Full
P000449,INV00449,2026-04-02,0.0,Wire,Failed
P000450,INV00450,2025-06-09,12381.289999999999,Bank Transfer,Full
P000451,INV00451,2025-03-03,0.0,Credit Card,Failed
P000452,INV00452,2025-11-15,39788.56,Credit Card,Full
P000453,INV00453,2024-10-27,58566.12,Credit Card,Full
P000454,INV00454,2026-01-26,0.0,Wire,Failed
P000455,INV00455,2025-07-04,13466.18,Credit Card,Partial
P000456,INV00456,2025-04-11,23131.14,Wire,Full
P000457,INV00457,2026-02-24,9782.7,Wire,Partial
P000458,INV00458,2025-11-16,0.0,Credit Card,Failed
P000459,INV00459,2024-08-09,13110.0,Wire,Partial
P000460,INV00460,2026-06-04,19058.83,Bank Transfer,Partial
P000461,INV00461,2026-05-13,25469.12,Wire,Partial
P000462,INV00462,2025-04-01,3884.79,Wire,Partial
P000463,INV00463,2025-07-09,19072.59,Bank Transfer,Partial
P000464,INV00464,2025-07-21,35633.78,Wire,Full
P000465,INV00465,2026-04-13,0.0,Bank Transfer,Failed
P000466,INV00466,2025-09-12,15879.05,Bank Transfer,Full
P000467,INV00467,2025-03-25,31863.219999999998,Credit Card,Full
P000468,INV00468,2026-06-26,10124.12,Bank Transfer,Partial
P000469,INV00469,2025-01-29,36231.619999999995,Bank Transfer,Full
P000470,INV00470,2025-09-19,27157.670000000002,Credit Card,Full
P000471,INV00471,2025-03-13,20469.91,Wire,Full
P000472,INV00472,2025-08-02,16886.27,Bank Transfer,Partial
P000473,INV00473,2024-09-22,25411.64,Credit Card,Partial
P000474,INV00474,2025-07-30,26268.29,Bank Transfer,Full
P000475,INV00475,2026-04-29,5217.68,Bank Transfer,Partial
P000476,INV00476,2024-08-16,26898.55,Wire,Full
P000477,INV00477,2026-05-19,39556.94,Wire,Full
P000478,INV00478,2025-11-03,10732.91,Wire,Partial
P000479,INV00479,2025-10-14,20574.32,Bank Transfer,Full
P000480,INV00480,2025-06-19,47270.94,Bank Transfer,Full
P000481,INV00481,2026-03-26,33391.72,Bank Transfer,Full
P000482,INV00482,2025-07-05,11845.97,Bank Transfer,Full
P000483,INV00483,2026-01-12,18244.67,Credit Card,Full
P000484,INV00484,2026-05-12,16013.04,Bank Transfer,Full
P000485,INV00485,2025-05-31,41035.06,Bank Transfer,Full
P000486,INV00486,2025-07-15,23787.0,Credit Card,Partial
P000487,INV00487,2026-03-04,42164.61,Credit Card,Full
P000488,INV00488,2025-03-17,46363.83,Credit Card,Full
P000489,INV00489,2026-01-16,51198.509999999995,Wire,Full
P000490,INV00490,2024-10-27,16413.36,Credit Card,Full
P000491,INV00491,2025-09-22,54191.18,Credit Card,Full
P000492,INV00492,2026-04-03,22429.03,Credit Card,Full
P000493,INV00493,2024-09-27,42619.98,Bank Transfer,Full
P000494,INV00494,2025-05-28,20871.49,Bank Transfer,Partial
P000495,INV00495,2025-07-20,23148.79,Wire,Full
P000496,INV00496,2025-12-23,34439.79,Wire,Full
P000497,INV00497,2025-03-22,28725.53,Credit Card,Full
P000498,INV00498,2025-10-21,0.0,Credit Card,Failed
P000499,INV00499,2025-05-18,13098.74,Credit Card,Full
P000500,INV00500,2024-10-20,19182.69,Wire,Full
P000501,INV00501,2026-05-18,24963.85,Wire,Full
P000502,INV00502,2025-05-16,12142.05,Wire,Full
P000503,INV00503,2024-11-12,6635.4,Wire,Full
P000504,INV00504,2025-05-02,20626.89,Wire,Full
P000505,INV00505,2026-06-25,30967.65,Wire,Full
P000506,INV00506,2026-02-28,24395.48,Bank Transfer,Full
P000507,INV00507,2025-05-06,11881.89,Wire,Partial
P000508,INV00508,2025-04-16,18447.550000000003,Credit Card,Full
P000509,INV00509,2026-02-21,43714.5,Credit Card,Full
P000510,INV00510,2026-01-27,43567.85999999999,Credit Card,Full
P000511,INV00511,2025-03-13,49464.86,Bank Transfer,Full
P000512,INV00512,2024-06-28,54479.86,Bank Transfer,Full
P000513,INV00513,2025-08-06,0.0,Credit Card,Failed
P000514,INV00514,2024-11-26,12029.27,Credit Card,Full
P000515,INV00515,2025-02-17,48164.94,Wire,Full
P000516,INV00516,2025-10-04,50027.130000000005,Credit Card,Full
P000517,INV00517,2025-05-06,0.0,Bank Transfer,Failed
P000518,INV00518,2024-07-16,4958.13,Wire,Partial
P000519,INV00519,2024-12-26,50993.66,Bank Transfer,Full
P000520,INV00520,2025-10-21,43366.3,Wire,Full
P000521,INV00521,2026-05-14,40945.69,Credit Card,Full
P000522,INV00522,2024-08-10,29261.88,Bank Transfer,Full
P000523,INV00523,2024-09-02,17619.309999999998,Credit Card,Full
P000524,INV00524,2025-02-13,9561.21,Bank Transfer,Partial
P000525,INV00525,2026-05-10,53413.63,Wire,Full
P000526,INV00526,2024-09-05,0.0,Wire,Failed
P000527,INV00527,2026-06-06,43045.75,Credit Card,Full
P000528,INV00528,2025-08-18,50218.53,Wire,Full
P000529,INV00529,2024-08-17,46104.39,Wire,Full
P000530,INV00530,2026-02-23,19534.440000000002,Wire,Full
P000531,INV00531,2024-08-18,29091.44,Credit Card,Partial
P000532,INV00532,2025-02-25,0.0,Credit Card,Failed
P000533,INV00533,2024-08-29,25591.5,Credit Card,Partial
P000534,INV00534,2025-12-07,22206.34,Credit Card,Full
P000535,INV00535,2025-04-07,11061.81,Wire,Full
P000536,INV00536,2025-04-09,39102.91,Wire,Full
P000537,INV00537,2024-12-06,20301.93,Credit Card,Full
P000538,INV00538,2025-08-05,29424.47,Credit Card,Full
P000539,INV00539,2025-01-22,47336.25,Wire,Full
P000540,INV00540,2024-11-18,42828.3,Bank Transfer,Full
P000541,INV00541,2024-11-10,51533.88,Wire,Full
P000542,INV00542,2026-03-18,41400.05,Bank Transfer,Full
P000543,INV00543,2026-03-19,51421.8,Wire,Full
P000544,INV00544,2025-01-27,0.0,Wire,Failed
P000545,INV00545,2025-11-19,46535.57,Bank Transfer,Full
P000546,INV00546,2026-06-01,33952.94,Wire,Partial
P000547,INV00547,2025-05-25,18866.77,Credit Card,Full
P000548,INV00548,2026-06-11,13069.91,Bank Transfer,Full
P000549,INV00549,2025-06-10,15099.82,Credit Card,Full
P000550,INV00550,2026-05-15,48581.06,Bank Transfer,Full
P000551,INV00551,2026-04-17,33944.92,Wire,Full
P000552,INV00552,2025-12-05,3321.3,Bank Transfer,Partial
P000553,INV00553,2026-06-14,14811.83,Bank Transfer,Full
P000554,INV00554,2026-05-08,18359.5,Credit Card,Full
P000555,INV00555,2024-08-29,22777.93,Bank Transfer,Full
P000556,INV00556,2025-06-18,16832.67,Wire,Full
P000557,INV00557,2025-02-08,44682.3,Wire,Full
P000558,INV00558,2024-11-11,16904.51,Bank Transfer,Partial
P000559,INV00559,2025-08-22,44294.41,Wire,Full
P000560,INV00560,2025-08-21,18581.17,Credit Card,Full
P000561,INV00561,2025-04-17,24020.53,Credit Card,Partial
P000562,INV00562,2024-08-20,52222.37,Credit Card,Full
P000563,INV00563,2026-03-01,11828.68,Wire,Full
P000564,INV00564,2025-01-17,55032.0,Credit Card,Full
P000565,INV00565,2026-05-27,22969.79,Wire,Full
P000566,INV00566,2025-05-14,8903.71,Bank Transfer,Full
P000567,INV00567,2025-11-13,37956.88,Wire,Partial
P000568,INV00568,2025-01-22,0.0,Bank Transfer,Failed
P000569,INV00569,2025-07-10,41204.98,Wire,Full
P000570,INV00570,2025-03-28,0.0,Wire,Failed
P000571,INV00571,2025-07-24,32491.11,Credit Card,Full
P000572,INV00572,2025-12-24,35408.3,Credit Card,Partial
P000573,INV00573,2024-12-15,27620.48,Credit Card,Full
P000574,INV00574,2025-03-26,16363.97,Bank Transfer,Full
P000575,INV00575,2025-06-24,27482.269999999997,Bank Transfer,Full
P000576,INV00576,2025-06-29,18628.95,Credit Card,Partial
P000577,INV00577,2026-02-26,13127.23,Bank Transfer,Full
P000578,INV00578,2026-04-04,19977.84,Wire,Partial
P000579,INV00579,2025-12-07,43813.71,Credit Card,Full
P000580,INV00580,2025-08-27,14803.45,Credit Card,Full
P000581,INV00581,2025-12-02,10083.51,Credit Card,Full
P000582,INV00582,2025-10-15,5761.96,Bank Transfer,Partial
P000583,INV00583,2025-08-11,26966.94,Wire,Full
P000584,INV00584,2024-07-24,29418.71,Wire,Full
P000585,INV00585,2025-12-03,51652.229999999996,Wire,Full
P000586,INV00586,2024-09-29,35670.67,Wire,Full
P000587,INV00587,2024-08-25,29994.06,Bank Transfer,Full
P000588,INV00588,2025-03-07,29721.120000000003,Wire,Full
P000589,INV00589,2025-10-30,31936.27,Wire,Full
P000590,INV00590,2025-08-06,55599.31,Bank Transfer,Full
P000591,INV00591,2025-01-17,51124.58,Credit Card,Full
P000592,INV00592,2026-02-20,34356.369999999995,Credit Card,Full
P000593,INV00593,2026-01-17,28752.8,Bank Transfer,Full
P000594,INV00594,2025-04-20,13528.01,Bank Transfer,Full
P000595,INV00595,2025-06-21,27043.53,Bank Transfer,Full
P000596,INV00596,2025-05-18,46254.9,Bank Transfer,Full
P000597,INV00597,2026-02-04,58785.8,Wire,Full
P000598,INV00598,2024-08-19,10317.37,Credit Card,Partial
P000599,INV00599,2026-01-20,43582.82,Credit Card,Full
P000600,INV00600,2026-04-20,38193.619999999995,Credit Card,Full
P000601,INV00601,2025-09-21,0.0,Wire,Failed
P000602,INV00602,2026-05-28,20146.11,Credit Card,Partial
P000603,INV00603,2025-04-13,33838.92,Bank Transfer,Full
P000604,INV00604,2025-01-05,31388.36,Bank Transfer,Full
P000605,INV00605,2025-08-16,48847.85,Wire,Full
P000606,INV00606,2026-02-21,14581.68,Bank Transfer,Full
P000607,INV00607,2026-02-05,48177.469999999994,Wire,Full
P000608,INV00608,2026-06-26,6897.71,Bank Transfer,Partial
P000609,INV00609,2025-11-13,58785.83,Wire,Full
P000610,INV00610,2025-07-24,24630.870000000003,Credit Card,Full
P000611,INV00611,2025-11-01,31139.14,Wire,Full
P000612,INV00612,2024-11-26,53648.08,Credit Card,Full
P000613,INV00613,2025-02-03,25645.2,Credit Card,Partial
P000614,INV00614,2026-06-28,22723.33,Credit Card,Full
P000615,INV00615,2025-06-20,12007.45,Wire,Partial
P000616,INV00616,2025-08-12,11275.9,Bank Transfer,Full
P000617,INV00617,2024-10-25,21660.55,Credit Card,Partial
P000618,INV00618,2025-08-12,27191.38,Credit Card,Full
P000619,INV00619,2026-06-28,41730.49,Credit Card,Full
P000620,INV00620,2024-11-06,13619.36,Credit Card,Partial
P000621,INV00621,2025-05-25,53277.95,Wire,Full
P000622,INV00622,2025-01-29,24257.949999999997,Wire,Full
P000623,INV00623,2025-06-19,13700.58,Credit Card,Partial
P000624,INV00624,2025-04-24,32543.53,Bank Transfer,Full
P000625,INV00625,2026-03-06,0.0,Credit Card,Failed
P000626,INV00626,2026-01-19,0.0,Wire,Failed
P000627,INV00627,2025-08-02,23553.11,Wire,Partial
P000628,INV00628,2025-07-07,35022.95,Credit Card,Full
P000629,INV00629,2025-06-26,25760.48,Bank Transfer,Full
P000630,INV00630,2025-10-29,0.0,Wire,Failed
P000631,INV00631,2024-08-26,25938.05,Credit Card,Full
P000632,INV00632,2026-04-28,8629.67,Credit Card,Full
P000633,INV00633,2025-07-24,7290.28,Bank Transfer,Full
P000634,INV00634,2026-02-19,32724.21,Bank Transfer,Partial
P000635,INV00635,2026-04-07,10931.19,Wire,Full
P000636,INV00636,2024-08-01,7815.29,Bank Transfer,Full
P000637,INV00637,2024-08-27,48567.52,Credit Card,Full
P000638,INV00638,2025-02-03,12930.369999999999,Credit Card,Full
P000639,INV00639,2024-09-20,15282.01,Bank Transfer,Full
P000640,INV00640,2026-01-24,10235.41,Bank Transfer,Partial
P000641,INV00641,2026-06-23,47663.4,Bank Transfer,Full
P000642,INV00642,2024-10-16,14349.849999999999,Bank Transfer,Full
P000643,INV00643,2024-09-26,0.0,Credit Card,Failed
P000644,INV00644,2024-11-08,5472.93,Wire,Partial
P000645,INV00645,2025-02-21,23797.19,Wire,Full
P000646,INV00646,2024-07-26,9477.02,Wire,Full
P000647,INV00647,2024-08-04,28671.43,Bank Transfer,Partial
P000648,INV00648,2026-01-25,11533.37,Credit Card,Partial
P000649,INV00649,2025-10-19,33821.86,Credit Card,Full
P000650,INV00650,2026-05-11,60956.33,Bank Transfer,Full
P000651,INV00651,2025-04-24,20235.92,Bank Transfer,Full
P000652,INV00652,2025-07-18,41348.48,Bank Transfer,Full
P000653,INV00653,2026-01-29,54400.58,Credit Card,Full
P000654,INV00654,2024-08-23,12657.23,Credit Card,Full
P000655,INV00655,2026-01-25,23077.92,Wire,Partial
P000656,INV00656,2025-03-02,13934.369999999999,Bank Transfer,Full
P000657,INV00657,2025-05-28,14757.79,Wire,Partial
P000658,INV00658,2025-01-08,37378.74,Wire,Full
P000659,INV00659,2025-08-03,7876.14,Wire,Full
P000660,INV00660,2024-11-16,42098.58,Credit Card,Full
P000661,INV00661,2025-01-08,0.0,Wire,Failed
P000662,INV00662,2025-08-06,0.0,Credit Card,Failed
P000663,INV00663,2024-08-21,0.0,Credit Card,Failed
P000664,INV00664,2025-04-04,0.0,Credit Card,Failed
P000665,INV00665,2024-08-23,48200.02,Bank Transfer,Full
P000666,INV00666,2024-10-11,48422.97,Bank Transfer,Full
P000667,INV00667,2025-04-26,0.0,Wire,Failed
P000668,INV00668,2025-08-14,16973.26,Credit Card,Partial
P000669,INV00669,2025-12-20,52876.58,Credit Card,Full
P000670,INV00670,2026-05-30,52453.4,Wire,Full
P000671,INV00671,2025-09-20,38947.899999999994,Credit Card,Full
P000672,INV00672,2026-03-13,39463.45,Wire,Full
P000673,INV00673,2025-11-29,11749.19,Credit Card,Full
P000674,INV00674,2025-09-20,34121.99,Credit Card,Full
P000675,INV00675,2025-08-10,30301.61,Wire,Full
P000676,INV00676,2025-02-10,27751.86,Bank Transfer,Full
P000677,INV00677,2025-06-29,29840.4,Wire,Full
P000678,INV00678,2025-04-13,6889.25,Wire,Partial
P000679,INV00679,2025-07-29,55407.99,Bank Transfer,Full
P000680,INV00680,2024-07-09,51691.57,Credit Card,Full
P000681,INV00681,2025-01-05,38566.54,Credit Card,Full
P000682,INV00682,2025-04-13,11995.73,Bank Transfer,Partial
P000683,INV00683,2025-11-29,36153.47,Wire,Full
P000684,INV00684,2024-07-24,19249.03,Credit Card,Full
P000685,INV00685,2024-10-10,33864.64,Credit Card,Partial
P000686,INV00686,2026-04-04,16025.21,Bank Transfer,Full
P000687,INV00687,2025-08-03,27075.21,Wire,Partial
P000688,INV00688,2025-12-09,31158.600000000002,Wire,Full
P000689,INV00689,2025-11-16,42125.0,Credit Card,Full
P000690,INV00690,2025-05-16,11744.57,Wire,Partial
P000691,INV00691,2025-08-26,24529.71,Bank Transfer,Partial
P000692,INV00692,2026-05-11,45416.530000000006,Wire,Full
P000693,INV00693,2026-04-24,58297.45,Wire,Full
P000694,INV00694,2024-07-24,18245.99,Credit Card,Partial
P000695,INV00695,2024-09-28,23828.190000000002,Bank Transfer,Full
P000696,INV00696,2026-02-28,24731.050000000003,Credit Card,Full
P000697,INV00697,2026-01-13,15628.310000000001,Wire,Full
P000698,INV00698,2025-09-03,56237.47,Wire,Full
P000699,INV00699,2025-10-21,20276.78,Bank Transfer,Full
P000700,INV00700,2026-05-19,0.0,Credit Card,Failed
P000701,INV00701,2025-09-11,25227.66,Credit Card,Partial
P000702,INV00702,2025-01-02,42961.81,Wire,Full
P000703,INV00703,2026-03-26,38101.88,Bank Transfer,Full
P000704,INV00704,2025-06-18,19453.23,Credit Card,Partial
P000705,INV00705,2026-04-06,37510.04,Wire,Full
P000706,INV00706,2025-10-28,27137.64,Bank Transfer,Full
P000707,INV00707,2024-07-10,57929.380000000005,Wire,Full
P000708,INV00708,2025-06-15,16662.43,Credit Card,Full
P000709,INV00709,2026-01-09,0.0,Bank Transfer,Failed
P000710,INV00710,2024-09-26,41849.9,Wire,Full
P000711,INV00711,2024-07-22,44252.9,Wire,Full
P000712,INV00712,2025-10-25,0.0,Credit Card,Failed
P000713,INV00713,2024-10-17,13298.7,Bank Transfer,Partial
P000714,INV00714,2025-09-04,24301.54,Bank Transfer,Full
P000715,INV00715,2025-09-29,15370.73,Credit Card,Full
P000716,INV00716,2026-01-14,19185.04,Credit Card,Partial
P000717,INV00717,2026-05-01,43863.44,Wire,Full
P000718,INV00718,2025-08-21,42832.32,Bank Transfer,Full
P000719,INV00719,2025-12-27,37958.240000000005,Bank Transfer,Full
P000720,INV00720,2026-06-07,21862.480000000003,Wire,Full
P000721,INV00721,2024-10-08,51099.83,Credit Card,Full
P000722,INV00722,2025-02-23,0.0,Credit Card,Failed
P000723,INV00723,2025-01-18,0.0,Bank Transfer,Failed
P000724,INV00724,2025-04-15,17230.52,Bank Transfer,Full
P000725,INV00725,2025-03-15,23557.55,Wire,Full
P000726,INV00726,2025-01-17,53672.579999999994,Wire,Full
P000727,INV00727,2025-11-27,31256.6,Bank Transfer,Full
P000728,INV00728,2024-12-16,42606.05,Bank Transfer,Full
P000729,INV00729,2026-06-14,48586.71,Credit Card,Full
P000730,INV00730,2025-01-24,30747.059999999998,Wire,Full
P000731,INV00731,2024-07-01,45158.479999999996,Bank Transfer,Full
P000732,INV00732,2025-03-20,38353.15,Bank Transfer,Full
P000733,INV00733,2024-10-12,0.0,Bank Transfer,Failed
P000734,INV00734,2025-08-04,49532.100000000006,Wire,Full
P000735,INV00735,2025-04-13,37737.09,Wire,Full
P000736,INV00736,2025-07-17,33356.61,Wire,Full
P000737,INV00737,2025-04-16,46167.54,Wire,Full
P000738,INV00738,2026-03-23,54807.270000000004,Bank Transfer,Full
P000739,INV00739,2026-03-18,20663.18,Wire,Full
P000740,INV00740,2026-05-16,41940.62,Credit Card,Partial
P000741,INV00741,2025-05-08,38769.14,Wire,Full
P000742,INV00742,2026-02-16,13081.29,Wire,Partial
P000743,INV00743,2024-10-07,14592.75,Wire,Full
P000744,INV00744,2026-03-06,50599.38,Credit Card,Full
P000745,INV00745,2026-03-06,35092.76,Wire,Full
P000746,INV00746,2025-01-19,27879.38,Bank Transfer,Full
P000747,INV00747,2025-07-05,41348.16,Credit Card,Full
P000748,INV00748,2024-11-06,32123.83,Wire,Full
P000749,INV00749,2026-02-28,15363.83,Bank Transfer,Partial
P000750,INV00750,2025-08-08,52393.380000000005,Bank Transfer,Full
P000751,INV00751,2025-06-04,39700.69,Wire,Full
P000752,INV00752,2024-09-02,25881.68,Credit Card,Full
P000753,INV00753,2025-01-21,24031.59,Wire,Full
P000754,INV00754,2026-04-27,32091.55,Wire,Full
P000755,INV00755,2026-02-07,15093.61,Credit Card,Full
P000756,INV00756,2024-11-16,21967.6,Bank Transfer,Full
P000757,INV00757,2025-07-07,16838.71,Wire,Full
P000758,INV00758,2025-05-06,49203.13,Bank Transfer,Full
P000759,INV00759,2025-09-19,42638.92,Bank Transfer,Full
P000760,INV00760,2024-12-03,13732.849999999999,Credit Card,Full
P000761,INV00761,2024-07-12,17946.55,Wire,Partial
P000762,INV00762,2025-07-10,15318.31,Credit Card,Partial
P000763,INV00763,2025-05-10,36103.86,Credit Card,Full
P000764,INV00764,2025-04-06,40691.8,Wire,Full
P000765,INV00765,2025-05-19,49350.53999999999,Credit Card,Full
P000766,INV00766,2025-09-05,14928.84,Bank Transfer,Full
P000767,INV00767,2025-11-18,14563.25,Bank Transfer,Full
P000768,INV00768,2025-06-11,38121.92,Wire,Full
P000769,INV00769,2024-09-30,12003.96,Credit Card,Full
P000770,INV00770,2025-10-08,16811.54,Wire,Partial
P000771,INV00771,2024-11-28,30846.870000000003,Wire,Full
P000772,INV00772,2025-08-09,0.0,Wire,Failed
P000773,INV00773,2024-08-08,21969.44,Bank Transfer,Partial
P000774,INV00774,2025-09-27,24359.73,Bank Transfer,Full
P000775,INV00775,2025-02-13,0.0,Wire,Failed
P000776,INV00776,2025-05-27,25837.19,Wire,Partial
P000777,INV00777,2025-04-26,0.0,Bank Transfer,Failed
P000778,INV00778,2025-07-19,15738.16,Credit Card,Full
P000779,INV00779,2025-01-02,39151.01,Wire,Full
P000780,INV00780,2025-03-26,18280.96,Wire,Partial
P000781,INV00781,2025-10-19,55075.03,Bank Transfer,Full
P000782,INV00782,2026-01-04,30357.980000000003,Wire,Full
P000783,INV00783,2024-07-12,20045.09,Credit Card,Partial
P000784,INV00784,2024-11-14,26519.63,Credit Card,Full
P000785,INV00785,2025-06-24,6272.77,Credit Card,Partial
P000786,INV00786,2025-01-20,0.0,Bank Transfer,Failed
P000787,INV00787,2026-02-10,17600.78,Bank Transfer,Partial
P000788,INV00788,2024-11-21,23464.63,Credit Card,Partial
P000789,INV00789,2024-07-18,54853.66,Credit Card,Full
P000790,INV00790,2024-07-30,21623.629999999997,Wire,Full
P000791,INV00791,2025-06-03,41037.86,Wire,Full
P000792,INV00792,2025-04-26,44244.04,Bank Transfer,Full
P000793,INV00793,2026-03-16,53885.5,Bank Transfer,Full
P000794,INV00794,2024-09-03,13215.74,Credit Card,Partial
P000795,INV00795,2026-03-16,35178.82,Wire,Full
P000796,INV00796,2025-02-18,17284.38,Wire,Full
P000797,INV00797,2026-04-20,5996.35,Wire,Partial
P000798,INV00798,2026-05-18,14449.45,Bank Transfer,Full
P000799,INV00799,2026-05-01,24072.27,Wire,Full
P000800,INV00800,2025-11-29,31179.600000000002,Bank Transfer,Full
P000801,INV00801,2024-08-08,15532.43,Credit Card,Full
P000802,INV00802,2026-04-02,21680.83,Bank Transfer,Partial
P000803,INV00803,2026-01-21,0.0,Wire,Failed
P000804,INV00804,2024-08-19,22496.84,Credit Card,Full
P000805,INV00805,2026-05-29,30888.03,Bank Transfer,Partial
P000806,INV00806,2025-03-27,57268.78,Wire,Full
P000807,INV00807,2026-02-03,27478.12,Bank Transfer,Full
P000808,INV00808,2024-07-16,39064.399999999994,Credit Card,Full
P000809,INV00809,2024-06-19,56013.5,Bank Transfer,Full
P000810,INV00810,2026-06-17,20509.030000000002,Credit Card,Full
P000811,INV00811,2025-10-10,37564.92,Wire,Full
P000812,INV00812,2025-01-19,21337.75,Bank Transfer,Full
P000813,INV00813,2026-05-24,38270.0,Wire,Full
P000814,INV00814,2026-04-03,20110.92,Bank Transfer,Full
P000815,INV00815,2025-05-23,51935.53999999999,Wire,Full
P000816,INV00816,2025-12-10,22374.9,Bank Transfer,Full
P000817,INV00817,2025-11-10,17847.97,Wire,Partial
P000818,INV00818,2025-09-15,18606.87,Bank Transfer,Full
P000819,INV00819,2026-06-04,18079.6,Wire,Partial
P000820,INV00820,2026-03-05,41903.939999999995,Wire,Full
P000821,INV00821,2025-07-04,15480.37,Wire,Full
P000822,INV00822,2026-02-07,25554.390000000003,Credit Card,Full
P000823,INV00823,2024-07-05,28204.31,Credit Card,Full
P000824,INV00824,2024-11-30,17300.83,Credit Card,Full
P000825,INV00825,2026-05-20,13628.95,Bank Transfer,Full
P000826,INV00826,2024-11-26,27780.23,Wire,Full
P000827,INV00827,2026-03-01,28348.28,Credit Card,Full
P000828,INV00828,2026-04-30,40315.46,Credit Card,Full
P000829,INV00829,2025-04-29,4917.23,Credit Card,Partial
P000830,INV00830,2025-06-23,11618.95,Credit Card,Partial
P000831,INV00831,2026-04-13,21131.12,Bank Transfer,Full
P000832,INV00832,2024-10-16,33288.2,Credit Card,Full
P000833,INV00833,2026-02-15,40382.94,Credit Card,Full
P000834,INV00834,2025-11-01,42417.96,Credit Card,Full
P000835,INV00835,2024-07-28,25146.74,Wire,Partial
P000836,INV00836,2024-10-03,50524.83,Credit Card,Partial
P000837,INV00837,2024-10-06,6423.14,Wire,Full
P000838,INV00838,2024-11-07,41068.64,Bank Transfer,Full
P000839,INV00839,2024-08-18,23086.809999999998,Bank Transfer,Full
P000840,INV00840,2025-01-05,29382.0,Wire,Full
P000841,INV00841,2024-12-14,32573.56,Bank Transfer,Partial
P000842,INV00842,2026-03-10,19120.47,Wire,Partial
P000843,INV00843,2025-04-06,38354.14,Bank Transfer,Partial
P000844,INV00844,2025-07-16,53403.38,Wire,Full
P000845,INV00845,2025-04-14,12530.91,Bank Transfer,Full
P000846,INV00846,2025-08-17,21078.27,Credit Card,Full
P000847,INV00847,2025-08-16,36035.52,Wire,Full
P000848,INV00848,2025-02-07,47820.55,Bank Transfer,Full
P000849,INV00849,2025-03-21,26655.99,Bank Transfer,Full
P000850,INV00850,2026-04-11,0.0,Wire,Failed
P000851,INV00851,2026-05-31,47209.77,Credit Card,Full
P000852,INV00852,2025-09-24,54477.21,Credit Card,Full
P000853,INV00853,2026-04-18,35598.76,Wire,Full
P000854,INV00854,2024-12-05,31860.2,Bank Transfer,Full
P000855,INV00855,2025-05-11,25384.210000000003,Wire,Full
P000856,INV00856,2025-12-07,50848.88,Wire,Full
P000857,INV00857,2026-01-15,20745.17,Wire,Full
P000858,INV00858,2024-07-17,17148.79,Wire,Full
P000859,INV00859,2025-06-09,29412.12,Credit Card,Full
P000860,INV00860,2024-10-04,33881.48,Wire,Partial
P000861,INV00861,2026-07-10,8791.71,Bank Transfer,Partial
P000862,INV00862,2025-10-07,26802.77,Wire,Full
P000863,INV00863,2026-04-29,6690.21,Bank Transfer,Partial
P000864,INV00864,2024-11-01,51895.8,Credit Card,Full
P000865,INV00865,2025-10-05,19398.73,Credit Card,Partial
P000866,INV00866,2024-08-03,19464.28,Bank Transfer,Partial
P000867,INV00867,2025-06-18,56312.33,Wire,Full
P000868,INV00868,2024-10-03,0.0,Bank Transfer,Failed
P000869,INV00869,2024-10-03,45126.03,Credit Card,Full
P000870,INV00870,2025-10-20,21182.75,Credit Card,Full
P000871,INV00871,2025-09-02,13618.849999999999,Credit Card,Full
P000872,INV00872,2025-05-26,30627.120000000003,Credit Card,Full
P000873,INV00873,2026-04-15,5571.04,Bank Transfer,Partial
P000874,INV00874,2024-07-09,22737.63,Credit Card,Partial
P000875,INV00875,2024-09-29,0.0,Credit Card,Failed
P000876,INV00876,2026-02-23,4187.77,Credit Card,Partial
P000877,INV00877,2025-05-15,59143.009999999995,Bank Transfer,Full
P000878,INV00878,2024-09-16,48756.46000000001,Credit Card,Full
P000879,INV00879,2024-11-16,31943.670000000002,Credit Card,Full
P000880,INV00880,2025-12-28,26526.55,Bank Transfer,Full
P000881,INV00881,2025-07-04,25275.39,Bank Transfer,Full
P000882,INV00882,2025-09-24,12433.41,Credit Card,Full
P000883,INV00883,2024-08-06,25665.16,Credit Card,Full
P000884,INV00884,2026-02-17,48073.86,Credit Card,Full
P000885,INV00885,2026-01-26,10373.7,Bank Transfer,Partial
P000886,INV00886,2024-06-27,44106.240000000005,Bank Transfer,Full
P000887,INV00887,2025-01-17,24138.87,Credit Card,Full
P000888,INV00888,2026-04-04,16077.08,Credit Card,Full
P000889,INV00889,2025-11-14,0.0,Wire,Failed
P000890,INV00890,2026-02-09,25060.75,Wire,Full
P000891,INV00891,2025-06-08,23717.129999999997,Wire,Full
P000892,INV00892,2025-12-25,16938.98,Credit Card,Partial
P000893,INV00893,2026-07-09,0.0,Credit Card,Failed
P000894,INV00894,2024-07-16,53578.95,Wire,Full
P000895,INV00895,2025-07-18,10034.84,Credit Card,Partial
P000896,INV00896,2024-12-27,45352.85,Bank Transfer,Full
P000897,INV00897,2024-08-01,43916.1,Credit Card,Full
P000898,INV00898,2024-11-30,32990.119999999995,Bank Transfer,Full
P000899,INV00899,2025-06-14,20180.15,Bank Transfer,Full
P000900,INV00900,2025-01-28,9956.96,Bank Transfer,Partial
P000901,INV00901,2024-11-07,53861.66,Wire,Full
P000902,INV00902,2025-10-02,24309.699999999997,Credit Card,Full
P000903,INV00903,2025-03-28,36332.31,Bank Transfer,Full
P000904,INV00904,2024-10-29,29995.05,Wire,Partial
P000905,INV00905,2024-10-08,44158.21,Wire,Full
P000906,INV00906,2024-08-07,43993.46,Wire,Full
P000907,INV00907,2025-06-19,9761.7,Credit Card,Full
P000908,INV00908,2025-09-22,23779.02,Bank Transfer,Full
P000909,INV00909,2025-06-14,15952.869999999999,Bank Transfer,Full
P000910,INV00910,2024-07-05,54600.03,Credit Card,Full
P000911,INV00911,2025-02-20,0.0,Credit Card,Failed
P000912,INV00912,2024-11-14,11745.17,Wire,Full
P000913,INV00913,2025-08-28,51436.64,Wire,Full
P000914,INV00914,2025-10-20,24136.41,Credit Card,Full
P000915,INV00915,2025-04-17,21717.71,Bank Transfer,Full
P000916,INV00916,2025-11-02,21834.04,Bank Transfer,Full
P000917,INV00917,2026-04-07,25333.989999999998,Bank Transfer,Full
P000918,INV00918,2025-07-10,23892.37,Credit Card,Full
P000919,INV00919,2025-12-24,58621.17999999999,Bank Transfer,Full
P000920,INV00920,2024-12-31,39615.89,Credit Card,Full
P000921,INV00921,2025-11-02,51177.08,Wire,Full
P000922,INV00922,2026-03-23,53270.31999999999,Credit Card,Full
P000923,INV00923,2026-03-13,32331.22,Wire,Full
P000924,INV00924,2026-01-02,0.0,Wire,Failed
P000925,INV00925,2025-01-06,17431.370000000003,Wire,Full
P000926,INV00926,2025-03-14,12748.830000000002,Bank Transfer,Full
P000927,INV00927,2025-05-26,55218.8,Wire,Full
P000928,INV00928,2025-02-25,16838.16,Bank Transfer,Full
P000929,INV00929,2024-12-06,24494.36,Bank Transfer,Full
P000930,INV00930,2025-10-24,31991.16,Credit Card,Partial
P000931,INV00931,2025-09-14,34697.56,Bank Transfer,Full
P000932,INV00932,2025-04-03,46160.619999999995,Bank Transfer,Full
P000933,INV00933,2024-10-24,19976.91,Credit Card,Full
P000934,INV00934,2026-04-04,20560.11,Bank Transfer,Full
P000935,INV00935,2024-06-21,3033.4,Bank Transfer,Partial
P000936,INV00936,2025-04-06,57023.17,Credit Card,Full
P000937,INV00937,2025-07-03,18423.65,Wire,Partial
P000938,INV00938,2024-06-22,18633.23,Bank Transfer,Full
P000939,INV00939,2026-05-07,0.0,Wire,Failed
P000940,INV00940,2026-02-03,0.0,Credit Card,Failed
P000941,INV00941,2025-08-12,3758.09,Bank Transfer,Partial
P000942,INV00942,2025-03-30,45342.29,Credit Card,Full
P000943,INV00943,2025-02-09,40043.560000000005,Wire,Full
P000944,INV00944,2025-05-03,29214.07,Credit Card,Full
P000945,INV00945,2025-06-25,27000.27,Wire,Full
P000946,INV00946,2025-10-15,23869.75,Credit Card,Partial
P000947,INV00947,2024-11-11,22992.82,Bank Transfer,Full
P000948,INV00948,2026-03-07,10813.91,Bank Transfer,Full
P000949,INV00949,2026-05-30,13012.3,Bank Transfer,Partial
P000950,INV00950,2025-04-09,39202.74,Bank Transfer,Full
P000951,INV00951,2025-04-09,34734.17,Wire,Full
P000952,INV00952,2026-04-25,24287.47,Wire,Full
P000953,INV00953,2026-02-22,31847.34,Bank Transfer,Full
P000954,INV00954,2025-12-16,14513.59,Bank Transfer,Full
P000955,INV00955,2024-10-10,51752.25,Bank Transfer,Full
P000956,INV00956,2025-09-30,8172.59,Bank Transfer,Partial
P000957,INV00957,2026-04-29,46137.950000000004,Wire,Full
P000958,INV00958,2025-05-24,41744.08,Credit Card,Full
P000959,INV00959,2024-09-17,0.0,Credit Card,Failed
P000960,INV00960,2025-12-01,17617.739999999998,Bank Transfer,Full
P000961,INV00961,2026-04-17,47720.81,Credit Card,Full
P000962,INV00962,2024-11-21,55666.18,Credit Card,Full
P000963,INV00963,2025-03-20,17755.91,Credit Card,Full
P000964,INV00964,2026-03-05,53205.71,Credit Card,Full
P000965,INV00965,2026-02-24,40639.28,Wire,Full
P000966,INV00966,2024-11-07,19569.690000000002,Wire,Full
P000967,INV00967,2025-11-16,50099.840000000004,Wire,Full
P000968,INV00968,2026-05-13,20101.89,Bank Transfer,Full
P000969,INV00969,2025-09-10,26606.5,Wire,Partial
P000970,INV00970,2024-10-06,28454.13,Credit Card,Full
P000971,INV00971,2026-02-22,30808.879999999997,Bank Transfer,Full
P000972,INV00972,2026-04-05,14440.31,Credit Card,Partial
P000973,INV00973,2025-07-31,11790.61,Credit Card,Full
P000974,INV00974,2026-03-06,43511.03,Credit Card,Full
P000975,INV00975,2025-09-26,45889.28,Bank Transfer,Full
P000976,INV00976,2026-01-03,56780.25,Wire,Full
P000977,INV00977,2025-04-22,0.0,Bank Transfer,Failed
P000978,INV00978,2026-01-17,34766.21000000001,Bank Transfer,Full
P000979,INV00979,2025-07-10,36005.43,Wire,Full
P000980,INV00980,2026-05-14,39902.14,Wire,Full
P000981,INV00981,2025-04-14,7805.33,Wire,Full
P000982,INV00982,2024-11-20,48863.55,Wire,Full
P000983,INV00983,2024-08-17,0.0,Wire,Failed
P000984,INV00984,2024-09-12,43740.49,Bank Transfer,Full
P000985,INV00985,2026-02-23,25994.899999999998,Wire,Full
P000986,INV00986,2025-02-16,35932.04,Credit Card,Full
P000987,INV00987,2024-07-20,35173.48,Bank Transfer,Full
P000988,INV00988,2026-02-25,13962.59,Credit Card,Full
P000989,INV00989,2026-03-27,0.0,Credit Card,Failed
P000990,INV00990,2026-06-06,27544.53,Bank Transfer,Partial
P000991,INV00991,2025-08-11,50885.490000000005,Wire,Full
P000992,INV00992,2025-05-21,53324.68,Wire,Full
P000993,INV00993,2025-05-10,22361.71,Bank Transfer,Full
P000994,INV00994,2026-02-22,6008.12,Bank Transfer,Partial
P000995,INV00995,2024-08-23,20730.37,Bank Transfer,Partial
P000996,INV00996,2025-06-08,50009.590000000004,Wire,Full
P000997,INV00997,2024-10-25,29831.73,Bank Transfer,Full
P000998,INV00998,2025-05-03,55284.92,Wire,Full
P000999,INV00999,2025-05-10,16684.59,Wire,Full
P001000,INV01000,2024-09-19,43484.009999999995,Credit Card,Full
P001001,INV01001,2026-02-25,41062.31,Credit Card,Full
P001002,INV01002,2025-01-22,34589.41,Bank Transfer,Full
P001003,INV01003,2025-12-03,0.0,Bank Transfer,Failed
P001004,INV01004,2024-10-30,23884.26,Credit Card,Partial
P001005,INV01005,2024-10-22,20961.4,Wire,Partial
P001006,INV01006,2025-02-04,19041.91,Wire,Full
P001007,INV01007,2026-06-04,17987.43,Bank Transfer,Full
P001008,INV01008,2026-05-07,23677.59,Wire,Full
P001009,INV01009,2025-02-21,31937.73,Bank Transfer,Full
P001010,INV01010,2025-03-07,19720.42,Credit Card,Partial
P001011,INV01011,2025-07-23,18434.66,Bank Transfer,Full
P001012,INV01012,2026-02-15,27885.829999999998,Wire,Full
P001013,INV01013,2024-09-11,0.0,Credit Card,Failed
P001014,INV01014,2026-05-10,13281.380000000001,Bank Transfer,Full
P001015,INV01015,2025-12-15,22556.83,Bank Transfer,Partial
P001016,INV01016,2026-01-09,27415.67,Credit Card,Full
P001017,INV01017,2026-02-20,45376.26,Bank Transfer,Partial
P001018,INV01018,2024-08-11,20070.61,Wire,Partial
P001019,INV01019,2025-03-29,32704.32,Wire,Full
P001020,INV01020,2026-05-03,32177.07,Wire,Partial
P001021,INV01021,2025-08-04,27649.56,Wire,Full
P001022,INV01022,2026-03-04,12598.56,Credit Card,Partial
P001023,INV01023,2025-09-09,37404.6,Bank Transfer,Full
P001024,INV01024,2025-11-08,47684.21,Wire,Full
P001025,INV01025,2025-01-03,9491.65,Credit Card,Partial
P001026,INV01026,2026-01-10,0.0,Wire,Failed
P001027,INV01027,2025-01-23,14575.48,Credit Card,Full
P001028,INV01028,2024-10-31,39431.44,Wire,Full
P001029,INV01029,2025-06-19,10152.29,Bank Transfer,Full
P001030,INV01030,2025-08-17,17632.21,Wire,Full
P001031,INV01031,2025-08-14,15078.63,Wire,Partial
P001032,INV01032,2025-11-08,43221.869999999995,Bank Transfer,Full
P001033,INV01033,2025-12-30,29010.82,Credit Card,Full
P001034,INV01034,2025-12-12,40805.77,Credit Card,Full
P001035,INV01035,2025-10-22,15811.990000000002,Bank Transfer,Full
P001036,INV01036,2026-07-11,16674.83,Bank Transfer,Full
P001037,INV01037,2025-09-29,41832.770000000004,Bank Transfer,Full
P001038,INV01038,2025-08-17,13769.09,Wire,Full
P001039,INV01039,2026-03-29,10356.87,Credit Card,Partial
P001040,INV01040,2025-02-01,24122.46,Bank Transfer,Full
P001041,INV01041,2025-12-12,13984.529999999999,Bank Transfer,Full
P001042,INV01042,2025-06-18,57261.83,Wire,Full
P001043,INV01043,2025-12-06,43335.57,Credit Card,Full
P001044,INV01044,2024-08-17,29695.47,Wire,Partial
P001045,INV01045,2026-04-03,37716.240000000005,Wire,Full
P001046,INV01046,2024-06-27,23035.98,Wire,Partial
P001047,INV01047,2026-06-18,29111.940000000002,Wire,Full
P001048,INV01048,2024-10-30,44143.6,Bank Transfer,Full
P001049,INV01049,2024-09-16,13270.23,Bank Transfer,Full
P001050,INV01050,2025-01-06,22614.34,Wire,Partial
P001051,INV01051,2026-01-07,27350.92,Wire,Full
P001052,INV01052,2025-01-30,50586.5,Wire,Partial
P001053,INV01053,2025-06-05,10767.03,Credit Card,Full
P001054,INV01054,2024-10-08,37241.840000000004,Bank Transfer,Full
P001055,INV01055,2026-04-08,24683.81,Wire,Partial
P001056,INV01056,2024-12-16,48939.02,Bank Transfer,Full
P001057,INV01057,2024-11-03,23095.91,Wire,Partial
P001058,INV01058,2025-08-24,16102.25,Credit Card,Partial
P001059,INV01059,2025-03-26,40279.82,Wire,Full
P001060,INV01060,2025-12-15,0.0,Wire,Failed
P001061,INV01061,2025-05-10,26562.76,Wire,Partial
P001062,INV01062,2025-01-05,0.0,Wire,Failed
P001063,INV01063,2024-11-18,30923.859999999997,Wire,Full
P001064,INV01064,2024-08-24,18662.42,Wire,Full
P001065,INV01065,2025-10-31,2834.9,Bank Transfer,Partial
P001066,INV01066,2025-11-21,16306.95,Credit Card,Full
P001067,INV01067,2025-03-13,28054.95,Credit Card,Full
P001068,INV01068,2025-12-10,27549.99,Credit Card,Full
P001069,INV01069,2025-03-02,15667.21,Wire,Partial
P001070,INV01070,2026-02-24,39256.45,Credit Card,Partial
P001071,INV01071,2024-09-09,7859.99,Bank Transfer,Full
P001072,INV01072,2025-08-16,23879.65,Credit Card,Full
P001073,INV01073,2025-05-11,38951.68,Wire,Partial
P001074,INV01074,2024-07-19,14329.670000000002,Credit Card,Full
P001075,INV01075,2026-01-25,22143.32,Credit Card,Partial
P001076,INV01076,2024-10-10,26374.61,Bank Transfer,Full
P001077,INV01077,2024-08-30,0.0,Wire,Failed
P001078,INV01078,2025-04-01,8030.0,Credit Card,Partial
P001079,INV01079,2024-12-31,13707.26,Wire,Full
P001080,INV01080,2026-02-24,8714.23,Wire,Full
P001081,INV01081,2025-11-20,9366.26,Wire,Partial
P001082,INV01082,2024-10-04,14846.5,Credit Card,Partial
P001083,INV01083,2026-03-23,19861.83,Wire,Full
P001084,INV01084,2026-01-12,0.0,Credit Card,Failed
P001085,INV01085,2025-02-09,58615.81,Wire,Full
P001086,INV01086,2026-06-10,10420.94,Bank Transfer,Partial
P001087,INV01087,2025-08-07,0.0,Bank Transfer,Failed
P001088,INV01088,2026-04-02,54066.28,Bank Transfer,Full
P001089,INV01089,2025-08-25,51372.590000000004,Bank Transfer,Full
P001090,INV01090,2025-01-02,15079.44,Bank Transfer,Full
P001091,INV01091,2025-12-08,0.0,Wire,Failed
P001092,INV01092,2026-04-19,38611.43,Bank Transfer,Full
P001093,INV01093,2025-11-22,0.0,Credit Card,Failed
P001094,INV01094,2025-09-15,57456.740000000005,Credit Card,Full
P001095,INV01095,2024-11-01,56371.96,Bank Transfer,Full
P001096,INV01096,2025-11-24,50348.05,Credit Card,Full
P001097,INV01097,2025-09-19,28762.870000000003,Wire,Full
P001098,INV01098,2025-08-07,34151.42,Wire,Full
P001099,INV01099,2025-03-09,15376.279999999999,Credit Card,Full
P001100,INV01100,2025-10-26,44355.36,Credit Card,Full
P001101,INV01101,2026-06-07,29032.86,Wire,Partial
P001102,INV01102,2026-01-30,11879.19,Wire,Full
P001103,INV01103,2026-03-17,12917.130000000001,Bank Transfer,Full
P001104,INV01104,2025-01-26,19149.14,Wire,Full
P001105,INV01105,2026-04-26,24005.41,Credit Card,Full
P001106,INV01106,2024-07-14,14380.85,Bank Transfer,Full
P001107,INV01107,2026-02-11,30965.089999999997,Credit Card,Full
P001108,INV01108,2025-09-21,46431.96,Wire,Partial
P001109,INV01109,2024-07-31,42491.64,Bank Transfer,Full
P001110,INV01110,2025-03-27,35115.33,Wire,Full
P001111,INV01111,2025-07-10,43238.79,Bank Transfer,Full
P001112,INV01112,2025-01-20,17487.35,Wire,Full
P001113,INV01113,2024-11-19,52554.89,Bank Transfer,Full
P001114,INV01114,2024-10-13,26199.52,Credit Card,Full
P001115,INV01115,2026-01-17,7246.46,Credit Card,Partial
P001116,INV01116,2025-11-03,60228.61,Credit Card,Full
P001117,INV01117,2024-07-08,0.0,Wire,Failed
P001118,INV01118,2024-12-14,13647.87,Credit Card,Full
P001119,INV01119,2026-01-20,51420.579999999994,Bank Transfer,Full
P001120,INV01120,2025-11-11,11946.91,Credit Card,Partial
P001121,INV01121,2026-02-09,49434.08,Bank Transfer,Full
P001122,INV01122,2024-11-12,10195.71,Credit Card,Full
P001123,INV01123,2025-10-25,48254.65,Bank Transfer,Full
P001124,INV01124,2024-08-06,56647.75,Wire,Full
P001125,INV01125,2025-09-05,35254.61,Credit Card,Full
P001126,INV01126,2024-12-20,14286.38,Bank Transfer,Full
P001127,INV01127,2025-03-21,34654.880000000005,Wire,Full
P001128,INV01128,2025-03-03,9576.88,Bank Transfer,Partial
P001129,INV01129,2025-01-12,32607.260000000002,Credit Card,Full
P001130,INV01130,2024-10-13,33255.03999999999,Bank Transfer,Full
P001131,INV01131,2024-10-22,21205.52,Bank Transfer,Partial
P001132,INV01132,2024-11-03,14790.119999999999,Credit Card,Full
P001133,INV01133,2026-05-19,19471.08,Credit Card,Partial
P001134,INV01134,2024-09-20,11642.1,Credit Card,Full
P001135,INV01135,2026-02-17,31149.3,Credit Card,Full
P001136,INV01136,2024-12-16,52255.36,Bank Transfer,Full
P001137,INV01137,2025-12-09,14652.92,Bank Transfer,Full
P001138,INV01138,2025-03-27,27558.7,Wire,Full
P001139,INV01139,2026-06-25,22789.33,Wire,Full
P001140,INV01140,2025-07-12,30518.260000000002,Credit Card,Full
P001141,INV01141,2025-05-21,32045.980000000003,Wire,Full
P001142,INV01142,2026-04-17,17532.1,Wire,Full
P001143,INV01143,2025-05-18,13198.42,Wire,Full
P001144,INV01144,2025-07-28,18887.56,Credit Card,Full
P001145,INV01145,2025-05-05,0.0,Wire,Failed
P001146,INV01146,2026-04-27,44874.8,Credit Card,Full
P001147,INV01147,2026-01-09,16139.15,Wire,Partial
P001148,INV01148,2026-02-04,0.0,Bank Transfer,Failed
P001149,INV01149,2025-05-05,5575.94,Credit Card,Partial
P001150,INV01150,2025-07-29,28681.690000000002,Bank Transfer,Full
P001151,INV01151,2024-09-18,0.0,Credit Card,Failed
P001152,INV01152,2024-11-03,13818.83,Wire,Full
P001153,INV01153,2025-04-13,0.0,Bank Transfer,Failed
P001154,INV01154,2025-11-29,43789.01,Bank Transfer,Full
P001155,INV01155,2026-05-03,16149.01,Credit Card,Full
P001156,INV01156,2026-01-09,19298.16,Credit Card,Full
P001157,INV01157,2025-01-04,55381.47,Bank Transfer,Full
P001158,INV01158,2025-08-06,35159.01,Bank Transfer,Full
P001159,INV01159,2025-10-18,8814.1,Bank Transfer,Full
P001160,INV01160,2024-11-22,27227.48,Wire,Full
P001161,INV01161,2024-12-21,47482.78,Bank Transfer,Full
P001162,INV01162,2024-09-24,6626.71,Bank Transfer,Full
P001163,INV01163,2025-10-27,50232.259999999995,Bank Transfer,Full
P001164,INV01164,2025-08-09,51729.13,Wire,Full
P001165,INV01165,2024-11-29,13788.92,Credit Card,Full
P001166,INV01166,2026-05-30,27579.9,Wire,Full
P001167,INV01167,2025-02-20,19600.38,Credit Card,Partial
P001168,INV01168,2025-10-20,29778.129999999997,Credit Card,Full
P001169,INV01169,2024-09-15,51370.04,Wire,Full
P001170,INV01170,2025-10-14,0.0,Wire,Failed
P001171,INV01171,2026-01-07,17270.1,Bank Transfer,Full
P001172,INV01172,2025-04-12,42834.44,Wire,Full
P001173,INV01173,2024-08-25,24457.88,Wire,Full
P001174,INV01174,2025-04-23,52612.94,Wire,Full
P001175,INV01175,2024-07-07,15896.599999999999,Credit Card,Full
P001176,INV01176,2025-11-23,0.0,Wire,Failed
P001177,INV01177,2026-01-15,15451.54,Wire,Full
P001178,INV01178,2024-09-30,27938.41,Wire,Partial
P001179,INV01179,2025-10-27,30727.85,Credit Card,Full
P001180,INV01180,2026-02-02,41221.78,Bank Transfer,Full
P001181,INV01181,2025-04-15,3988.96,Bank Transfer,Full
P001182,INV01182,2026-01-08,22394.82,Wire,Full
P001183,INV01183,2026-02-27,59976.03,Credit Card,Full
P001184,INV01184,2024-09-12,24859.88,Bank Transfer,Full
P001185,INV01185,2024-11-30,13892.439999999999,Credit Card,Full
P001186,INV01186,2025-02-12,23177.41,Credit Card,Full
P001187,INV01187,2025-08-19,0.0,Wire,Failed
P001188,INV01188,2026-02-12,11458.76,Bank Transfer,Full
P001189,INV01189,2025-01-20,51317.130000000005,Bank Transfer,Full
P001190,INV01190,2026-01-18,0.0,Credit Card,Failed
P001191,INV01191,2026-06-11,21386.79,Credit Card,Full
P001192,INV01192,2025-08-01,15067.7,Wire,Full
P001193,INV01193,2025-06-21,15642.88,Bank Transfer,Full
P001194,INV01194,2026-03-04,0.0,Credit Card,Failed
P001195,INV01195,2025-04-12,42119.4,Credit Card,Full
P001196,INV01196,2025-08-30,19885.170000000002,Bank Transfer,Full
P001197,INV01197,2025-09-22,22912.2,Credit Card,Full
P001198,INV01198,2026-02-14,8330.24,Bank Transfer,Partial
P001199,INV01199,2024-11-16,0.0,Wire,Failed
P001200,INV01200,2025-03-28,39977.35,Bank Transfer,Full
P001201,INV01201,2024-12-04,13974.01,Wire,Full
P001202,INV01202,2024-12-14,25111.53,Credit Card,Full
P001203,INV01203,2025-07-19,0.0,Credit Card,Failed
P001204,INV01204,2024-09-10,37135.2,Wire,Full
P001205,INV01205,2024-12-11,0.0,Credit Card,Failed
P001206,INV01206,2026-05-23,57520.420000000006,Bank Transfer,Full
P001207,INV01207,2024-08-20,27382.71,Credit Card,Full
P001208,INV01208,2025-02-07,24907.0,Credit Card,Full
P001209,INV01209,2025-09-14,25013.38,Bank Transfer,Full
P001210,INV01210,2026-02-08,34314.6,Credit Card,Full
P001211,INV01211,2026-06-04,0.0,Bank Transfer,Failed
P001212,INV01212,2024-12-24,58773.350000000006,Credit Card,Full
P001213,INV01213,2026-05-02,0.0,Bank Transfer,Failed
P001214,INV01214,2025-07-07,18179.39,Credit Card,Partial
P001215,INV01215,2024-07-12,0.0,Wire,Failed
P001216,INV01216,2025-04-14,39657.47,Credit Card,Full
P001217,INV01217,2024-10-18,46503.270000000004,Bank Transfer,Full
P001218,INV01218,2026-06-20,31533.94,Credit Card,Partial
P001219,INV01219,2026-05-23,47854.73,Wire,Full
P001220,INV01220,2026-05-18,26040.98,Bank Transfer,Full
P001221,INV01221,2024-11-03,0.0,Wire,Failed
P001222,INV01222,2026-04-05,39497.68,Bank Transfer,Full
P001223,INV01223,2026-06-28,0.0,Bank Transfer,Failed
P001224,INV01224,2025-12-13,24304.5,Credit Card,Partial
P001225,INV01225,2025-11-17,23639.11,Bank Transfer,Full
P001226,INV01226,2025-09-19,56833.27,Wire,Full
P001227,INV01227,2024-11-08,20568.07,Credit Card,Partial
P001228,INV01228,2026-02-28,25602.059999999998,Bank Transfer,Full
P001229,INV01229,2024-10-25,18784.37,Wire,Full
P001230,INV01230,2025-08-25,56271.03,Credit Card,Full
P001231,INV01231,2024-07-24,32288.44,Wire,Full
P001232,INV01232,2026-02-08,51557.159999999996,Bank Transfer,Full
P001233,INV01233,2025-06-27,0.0,Bank Transfer,Failed
P001234,INV01234,2024-09-23,12554.990000000002,Credit Card,Full
P001235,INV01235,2025-09-29,11141.810000000001,Credit Card,Full
P001236,INV01236,2026-02-24,15898.77,Credit Card,Partial
P001237,INV01237,2026-03-31,21255.56,Credit Card,Partial
P001238,INV01238,2024-07-26,53819.58,Bank Transfer,Full
P001239,INV01239,2025-05-01,30203.86,Wire,Full
P001240,INV01240,2025-02-17,34577.82,Wire,Partial
P001241,INV01241,2025-11-17,23011.78,Bank Transfer,Partial
P001242,INV01242,2025-10-01,53757.89,Wire,Full
P001243,INV01243,2025-02-09,0.0,Credit Card,Failed
P001244,INV01244,2025-03-24,13277.92,Wire,Full
P001245,INV01245,2025-01-22,41695.579999999994,Credit Card,Full
P001246,INV01246,2025-08-28,40983.22,Credit Card,Full
P001247,INV01247,2024-11-21,47078.44,Credit Card,Full
P001248,INV01248,2025-01-15,58484.07,Credit Card,Full
P001249,INV01249,2025-05-04,45115.11,Credit Card,Full
P001250,INV01250,2025-03-04,9604.4,Bank Transfer,Full
P001251,INV01251,2025-02-28,33436.270000000004,Wire,Full
P001252,INV01252,2026-04-05,23111.14,Bank Transfer,Partial
P001253,INV01253,2026-01-27,8291.34,Wire,Full
P001254,INV01254,2025-09-25,3451.38,Credit Card,Full
P001255,INV01255,2026-02-16,20939.27,Credit Card,Partial
P001256,INV01256,2025-11-23,47322.409999999996,Wire,Full
P001257,INV01257,2025-09-30,50895.9,Wire,Full
P001258,INV01258,2026-02-27,17570.55,Wire,Full
P001259,INV01259,2026-04-15,14861.32,Bank Transfer,Full
P001260,INV01260,2025-08-27,0.0,Bank Transfer,Failed
P001261,INV01261,2025-04-03,39933.73,Credit Card,Full
P001262,INV01262,2026-05-11,0.0,Bank Transfer,Failed
P001263,INV01263,2025-03-06,10335.49,Credit Card,Partial
P001264,INV01264,2024-09-17,51233.39,Wire,Full
P001265,INV01265,2026-06-02,21819.32,Bank Transfer,Full
P001266,INV01266,2026-06-03,30124.05,Credit Card,Full
P001267,INV01267,2025-10-14,0.0,Credit Card,Failed
P001268,INV01268,2026-03-20,41207.59,Bank Transfer,Full
P001269,INV01269,2026-01-21,56637.99,Credit Card,Full
P001270,INV01270,2025-05-14,24845.07,Credit Card,Partial
P001271,INV01271,2026-01-30,29339.14,Credit Card,Partial
P001272,INV01272,2025-02-21,28359.01,Wire,Full
P001273,INV01273,2025-02-18,8726.86,Credit Card,Full
P001274,INV01274,2025-12-10,45175.66,Credit Card,Full
P001275,INV01275,2025-07-12,15061.79,Bank Transfer,Partial
P001276,INV01276,2025-10-20,25791.54,Bank Transfer,Full
P001277,INV01277,2024-09-24,43992.21,Wire,Full
P001278,INV01278,2025-05-18,46919.520000000004,Wire,Full
P001279,INV01279,2024-07-05,46794.2,Wire,Full
P001280,INV01280,2025-05-31,15063.82,Wire,Full
P001281,INV01281,2025-01-01,49522.009999999995,Bank Transfer,Full
P001282,INV01282,2025-01-25,50074.73,Credit Card,Full
P001283,INV01283,2025-02-24,26546.55,Bank Transfer,Full
P001284,INV01284,2026-07-02,21126.67,Wire,Partial
P001285,INV01285,2026-03-15,14714.28,Credit Card,Full
P001286,INV01286,2026-04-22,48819.65,Bank Transfer,Full
P001287,INV01287,2026-03-11,41003.66,Wire,Full
P001288,INV01288,2026-02-28,52985.409999999996,Wire,Full
P001289,INV01289,2025-09-16,27387.6,Wire,Partial
P001290,INV01290,2026-04-13,56220.42999999999,Wire,Full
P001291,INV01291,2024-08-04,48115.9,Wire,Full
P001292,INV01292,2025-05-06,0.0,Bank Transfer,Failed
P001293,INV01293,2024-07-04,54728.990000000005,Wire,Full
P001294,INV01294,2024-10-10,8007.08,Credit Card,Partial
P001295,INV01295,2024-12-18,17818.93,Wire,Full
P001296,INV01296,2026-03-08,9163.33,Credit Card,Partial
P001297,INV01297,2024-10-24,8776.39,Bank Transfer,Full
P001298,INV01298,2026-07-01,52800.77,Credit Card,Full
P001299,INV01299,2025-01-07,27152.57,Credit Card,Full
P001300,INV01300,2025-11-01,45570.81,Bank Transfer,Full
P001301,INV01301,2025-01-02,32215.34,Credit Card,Full
P001302,INV01302,2024-11-27,46235.59,Credit Card,Full
P001303,INV01303,2024-07-20,17553.83,Bank Transfer,Partial
P001304,INV01304,2026-04-10,50405.340000000004,Bank Transfer,Full
P001305,INV01305,2024-09-11,60282.29,Credit Card,Full
P001306,INV01306,2024-10-04,36092.19,Credit Card,Full
P001307,INV01307,2026-01-27,0.0,Credit Card,Failed
P001308,INV01308,2024-09-12,28289.66,Wire,Partial
P001309,INV01309,2025-04-17,31678.86,Bank Transfer,Full
P001310,INV01310,2024-09-04,26539.75,Bank Transfer,Full
P001311,INV01311,2025-10-25,28021.77,Bank Transfer,Full
P001312,INV01312,2025-01-11,10388.119999999999,Credit Card,Full
P001313,INV01313,2025-08-15,50848.270000000004,Wire,Full
P001314,INV01314,2024-07-03,31047.27,Credit Card,Full
P001315,INV01315,2026-06-22,14485.42,Bank Transfer,Full
P001316,INV01316,2026-01-24,0.0,Wire,Failed
P001317,INV01317,2026-01-28,48909.67,Bank Transfer,Full
P001318,INV01318,2025-04-14,15181.73,Credit Card,Full
P001319,INV01319,2025-07-22,14182.85,Bank Transfer,Full
P001320,INV01320,2025-10-15,15201.25,Bank Transfer,Full
P001321,INV01321,2026-02-10,54764.219999999994,Bank Transfer,Full
P001322,INV01322,2024-08-20,32497.01,Bank Transfer,Full
P001323,INV01323,2025-11-22,30900.86,Bank Transfer,Full
P001324,INV01324,2024-08-30,48828.280000000006,Credit Card,Full
P001325,INV01325,2024-09-23,55639.86,Credit Card,Full
P001326,INV01326,2025-08-07,34812.65,Credit Card,Full
P001327,INV01327,2026-01-21,20233.46,Bank Transfer,Full
P001328,INV01328,2025-08-22,19394.14,Bank Transfer,Full
P001329,INV01329,2025-02-14,20134.84,Bank Transfer,Partial
P001330,INV01330,2024-11-22,26947.339999999997,Wire,Full
P001331,INV01331,2026-01-24,35522.5,Wire,Full
P001332,INV01332,2025-12-14,52126.68,Wire,Full
P001333,INV01333,2026-01-06,6289.6,Bank Transfer,Full
P001334,INV01334,2025-01-13,41320.62,Wire,Partial
P001335,INV01335,2025-12-20,49578.670000000006,Credit Card,Full
P001336,INV01336,2024-08-01,42766.32,Wire,Full
P001337,INV01337,2024-11-07,34812.880000000005,Wire,Full
P001338,INV01338,2025-02-04,16839.59,Bank Transfer,Full
P001339,INV01339,2024-12-29,28636.55,Wire,Partial
P001340,INV01340,2026-06-19,26081.09,Credit Card,Full
P001341,INV01341,2025-03-25,52635.83,Bank Transfer,Full
P001342,INV01342,2024-07-20,5838.03,Bank Transfer,Full
P001343,INV01343,2024-07-22,6013.49,Wire,Partial
P001344,INV01344,2026-01-21,48130.97,Bank Transfer,Full
P001345,INV01345,2025-04-12,0.0,Wire,Failed
P001346,INV01346,2026-02-13,49960.729999999996,Bank Transfer,Full
P001347,INV01347,2025-12-07,12350.82,Bank Transfer,Partial
P001348,INV01348,2026-05-22,37555.08,Wire,Full
P001349,INV01349,2024-08-18,21709.489999999998,Wire,Full
P001350,INV01350,2025-08-24,14207.970000000001,Credit Card,Full
P001351,INV01351,2025-05-13,16684.48,Bank Transfer,Partial
P001352,INV01352,2025-01-21,42594.46,Wire,Full
P001353,INV01353,2025-02-20,12638.47,Bank Transfer,Full
P001354,INV01354,2024-11-29,36788.18,Credit Card,Full
P001355,INV01355,2025-01-31,32981.700000000004,Credit Card,Full
P001356,INV01356,2025-06-03,13812.599999999999,Credit Card,Full
P001357,INV01357,2025-07-22,10625.47,Wire,Partial
P001358,INV01358,2024-07-17,50309.520000000004,Wire,Full
P001359,INV01359,2026-04-15,37556.19,Wire,Full
P001360,INV01360,2024-11-28,22228.04,Wire,Full
P001361,INV01361,2025-11-04,54480.69,Wire,Full
P001362,INV01362,2026-05-31,43494.729999999996,Bank Transfer,Full
P001363,INV01363,2024-09-08,21434.6,Bank Transfer,Full
P001364,INV01364,2025-04-16,22212.13,Wire,Full
P001365,INV01365,2025-10-10,42510.759999999995,Credit Card,Full
P001366,INV01366,2024-10-17,45114.04,Credit Card,Full
P001367,INV01367,2025-08-28,0.0,Bank Transfer,Failed
P001368,INV01368,2025-08-29,39388.009999999995,Credit Card,Full
P001369,INV01369,2025-05-03,13365.09,Wire,Partial
P001370,INV01370,2025-12-20,0.0,Wire,Failed
P001371,INV01371,2026-05-27,15106.67,Bank Transfer,Partial
P001372,INV01372,2025-05-01,52739.31999999999,Wire,Full
P001373,INV01373,2026-05-01,8574.0,Bank Transfer,Full
P001374,INV01374,2025-10-22,18005.36,Wire,Full
P001375,INV01375,2026-02-17,42688.06,Wire,Full
P001376,INV01376,2025-04-06,0.0,Wire,Failed
P001377,INV01377,2025-04-17,22563.11,Wire,Full
P001378,INV01378,2025-11-13,17050.129999999997,Credit Card,Full
P001379,INV01379,2024-09-02,31645.63,Wire,Partial
P001380,INV01380,2024-12-27,3414.48,Bank Transfer,Full
P001381,INV01381,2025-08-21,4745.83,Credit Card,Partial
P001382,INV01382,2026-04-15,22574.29,Bank Transfer,Full
P001383,INV01383,2025-04-30,19278.42,Credit Card,Partial
P001384,INV01384,2025-02-07,29488.559999999998,Wire,Full
P001385,INV01385,2024-09-27,21287.04,Wire,Full
P001386,INV01386,2025-06-03,33315.34,Wire,Full
P001387,INV01387,2025-09-18,22651.07,Wire,Full
P001388,INV01388,2026-04-02,11044.85,Wire,Full
P001389,INV01389,2024-07-16,41499.01,Credit Card,Full
P001390,INV01390,2024-09-25,29537.74,Bank Transfer,Full
P001391,INV01391,2025-08-13,49940.07,Wire,Full
P001392,INV01392,2025-08-04,34802.78,Wire,Full
P001393,INV01393,2025-12-01,24345.67,Wire,Full
P001394,INV01394,2025-01-05,18438.36,Bank Transfer,Partial
P001395,INV01395,2025-06-15,11802.52,Bank Transfer,Full
P001396,INV01396,2026-04-04,36538.05,Wire,Full
P001397,INV01397,2025-05-15,39582.75,Bank Transfer,Full
P001398,INV01398,2024-10-27,12910.29,Wire,Partial
P001399,INV01399,2025-04-06,7356.65,Bank Transfer,Partial
P001400,INV01400,2024-08-28,0.0,Credit Card,Failed
P001401,INV01401,2024-12-26,17148.86,Wire,Partial
P001402,INV01402,2026-04-29,31504.42,Wire,Full
P001403,INV01403,2024-08-27,23684.53,Bank Transfer,Full
P001404,INV01404,2026-02-27,22291.309999999998,Credit Card,Full
P001405,INV01405,2025-11-13,40687.78,Bank Transfer,Full
P001406,INV01406,2025-01-20,8239.86,Bank Transfer,Partial
P001407,INV01407,2025-06-08,31057.61,Wire,Full
P001408,INV01408,2026-02-21,53917.83,Credit Card,Full
P001409,INV01409,2025-02-14,43395.21,Wire,Full
P001410,INV01410,2024-12-22,31001.12,Credit Card,Full
P001411,INV01411,2025-10-09,0.0,Credit Card,Failed
P001412,INV01412,2026-03-26,37762.64,Bank Transfer,Full
P001413,INV01413,2024-09-09,52227.090000000004,Wire,Full
P001414,INV01414,2025-12-12,23636.08,Credit Card,Full
P001415,INV01415,2024-08-25,12354.43,Credit Card,Full
P001416,INV01416,2025-07-29,17765.45,Bank Transfer,Full
P001417,INV01417,2025-08-20,16663.9,Credit Card,Full
P001418,INV01418,2024-10-10,9408.2,Bank Transfer,Full
P001419,INV01419,2025-08-20,41666.47,Bank Transfer,Full
P001420,INV01420,2026-02-23,28842.58,Bank Transfer,Full
P001421,INV01421,2026-06-19,34569.34,Wire,Full
P001422,INV01422,2025-01-30,47547.89,Credit Card,Full
P001423,INV01423,2025-05-19,0.0,Wire,Failed
P001424,INV01424,2025-06-30,33138.74,Bank Transfer,Full
P001425,INV01425,2025-11-02,0.0,Credit Card,Failed
P001426,INV01426,2026-04-14,0.0,Wire,Failed
P001427,INV01427,2025-05-09,36515.84,Wire,Full
P001428,INV01428,2024-09-08,39820.17,Credit Card,Full
P001429,INV01429,2024-09-05,38356.119999999995,Bank Transfer,Full
P001430,INV01430,2025-08-16,22467.58,Wire,Partial
P001431,INV01431,2024-10-31,0.0,Wire,Failed
P001432,INV01432,2025-06-07,52322.64,Wire,Full
P001433,INV01433,2024-11-03,16591.32,Wire,Full
P001434,INV01434,2026-03-12,0.0,Credit Card,Failed
P001435,INV01435,2025-03-14,4727.17,Bank Transfer,Partial
P001436,INV01436,2025-11-20,39147.27,Wire,Partial
P001437,INV01437,2026-02-14,29061.07,Bank Transfer,Full
P001438,INV01438,2025-01-21,47719.16,Wire,Full
P001439,INV01439,2026-02-06,13381.89,Bank Transfer,Partial
P001440,INV01440,2024-09-06,9655.07,Credit Card,Full
P001441,INV01441,2024-08-03,55719.35,Credit Card,Full
P001442,INV01442,2025-08-11,18784.87,Bank Transfer,Full
P001443,INV01443,2024-06-13,45993.71,Credit Card,Full
P001444,INV01444,2025-04-21,45733.88,Credit Card,Full
P001445,INV01445,2025-01-28,41594.94,Wire,Full
P001446,INV01446,2024-12-19,8636.19,Credit Card,Partial
P001447,INV01447,2026-02-04,30916.72,Bank Transfer,Partial
P001448,INV01448,2026-01-09,32761.4,Credit Card,Full
P001449,INV01449,2025-03-03,46122.94,Wire,Full
P001450,INV01450,2025-12-09,43793.659999999996,Wire,Full
P001451,INV01451,2024-08-01,0.0,Bank Transfer,Failed
P001452,INV01452,2025-07-06,0.0,Wire,Failed
P001453,INV01453,2024-09-21,11321.71,Bank Transfer,Partial
P001454,INV01454,2024-09-17,45070.84,Bank Transfer,Partial
P001455,INV01455,2026-01-12,13643.97,Credit Card,Partial
P001456,INV01456,2025-07-11,25172.879999999997,Bank Transfer,Full
P001457,INV01457,2024-09-16,45246.93,Bank Transfer,Full
P001458,INV01458,2025-02-27,0.0,Wire,Failed
P001459,INV01459,2025-08-27,29076.95,Credit Card,Full
P001460,INV01460,2025-04-30,42404.63,Wire,Full
P001461,INV01461,2025-02-03,35304.75,Wire,Partial
P001462,INV01462,2024-07-10,28658.76,Wire,Full
P001463,INV01463,2026-01-18,7426.17,Bank Transfer,Partial
P001464,INV01464,2024-09-15,0.0,Credit Card,Failed
P001465,INV01465,2025-09-18,30081.34,Credit Card,Full
P001466,INV01466,2024-11-28,14716.55,Bank Transfer,Full
P001467,INV01467,2025-08-01,48564.03,Bank Transfer,Full
P001468,INV01468,2025-06-30,27332.11,Credit Card,Full
P001469,INV01469,2025-06-09,42412.55,Credit Card,Full
P001470,INV01470,2024-12-03,7479.52,Bank Transfer,Partial
P001471,INV01471,2026-04-29,49115.39,Credit Card,Full
P001472,INV01472,2025-10-22,52500.21,Bank Transfer,Full
P001473,INV01473,2024-10-27,41745.18000000001,Bank Transfer,Full
P001474,INV01474,2024-11-26,19307.079999999998,Wire,Full
P001475,INV01475,2024-10-29,41347.82,Wire,Full
P001476,INV01476,2026-01-30,52195.27,Wire,Full
P001477,INV01477,2026-06-18,43765.9,Bank Transfer,Full
P001478,INV01478,2026-06-01,42990.54,Credit Card,Full
P001479,INV01479,2024-09-17,34384.0,Credit Card,Full
P001480,INV01480,2024-10-01,0.0,Bank Transfer,Failed
P001481,INV01481,2025-07-01,7985.89,Bank Transfer,Partial
P001482,INV01482,2025-03-02,13563.81,Bank Transfer,Partial
P001483,INV01483,2026-01-21,33351.42,Credit Card,Full
P001484,INV01484,2024-09-25,25679.78,Bank Transfer,Full
P001485,INV01485,2024-12-23,15410.02,Bank Transfer,Full
P001486,INV01486,2025-06-04,20697.58,Credit Card,Full
P001487,INV01487,2026-01-17,30404.949999999997,Bank Transfer,Full
P001488,INV01488,2025-09-22,40029.25,Wire,Full
P001489,INV01489,2026-01-06,33667.14,Credit Card,Full
P001490,INV01490,2025-05-27,13243.310000000001,Bank Transfer,Full
P001491,INV01491,2025-03-30,11926.84,Bank Transfer,Partial
P001492,INV01492,2025-10-15,0.0,Wire,Failed
P001493,INV01493,2024-12-27,48099.95,Wire,Full
P001494,INV01494,2025-01-26,12077.46,Wire,Partial
P001495,INV01495,2025-11-01,50437.24,Bank Transfer,Full
P001496,INV01496,2026-04-30,20367.47,Bank Transfer,Full
P001497,INV01497,2026-01-07,45154.99,Wire,Full
P001498,INV01498,2025-03-20,30077.45,Wire,Full
P001499,INV01499,2024-08-03,43279.86,Credit Card,Full
P001500,INV01500,2024-08-18,12079.53,Bank Transfer,Partial
P001501,INV01501,2025-09-28,8315.19,Bank Transfer,Partial
P001502,INV01502,2025-05-23,10742.19,Bank Transfer,Partial
P001503,INV01503,2024-09-22,15578.52,Credit Card,Partial
P001504,INV01504,2026-02-04,33697.03,Credit Card,Full
P001505,INV01505,2026-04-20,0.0,Wire,Failed
P001506,INV01506,2025-01-17,47980.28,Bank Transfer,Full
P001507,INV01507,2026-01-11,13532.74,Bank Transfer,Partial
P001508,INV01508,2024-07-10,0.0,Credit Card,Failed
P001509,INV01509,2026-02-18,19808.71,Credit Card,Full
P001510,INV01510,2025-12-20,9260.46,Wire,Partial
P001511,INV01511,2025-02-07,38410.77,Credit Card,Partial
P001512,INV01512,2026-04-29,56099.590000000004,Bank Transfer,Full
P001513,INV01513,2026-01-29,46263.600000000006,Credit Card,Full
P001514,INV01514,2025-12-10,26243.910000000003,Credit Card,Full
P001515,INV01515,2025-10-27,9983.99,Credit Card,Full
P001516,INV01516,2026-04-19,4894.98,Credit Card,Partial
P001517,INV01517,2026-06-11,0.0,Credit Card,Failed
P001518,INV01518,2026-07-03,19334.77,Credit Card,Full
P001519,INV01519,2025-06-09,55464.41,Credit Card,Full
P001520,INV01520,2024-08-19,29505.55,Bank Transfer,Partial
P001521,INV01521,2024-08-18,51182.25,Wire,Full
P001522,INV01522,2025-01-24,13519.5,Bank Transfer,Partial
P001523,INV01523,2025-12-05,34667.57,Credit Card,Full
P001524,INV01524,2025-09-20,53222.48,Wire,Full
P001525,INV01525,2026-06-02,21906.61,Wire,Full
P001526,INV01526,2026-05-28,29076.67,Credit Card,Full
P001527,INV01527,2026-01-21,12157.06,Wire,Partial
P001528,INV01528,2026-03-07,53278.49,Wire,Full
P001529,INV01529,2025-11-03,26287.68,Credit Card,Full
P001530,INV01530,2025-02-04,41133.33,Bank Transfer,Partial
P001531,INV01531,2025-01-20,30302.93,Wire,Full
P001532,INV01532,2025-11-13,27332.79,Wire,Full
P001533,INV01533,2024-08-11,23107.77,Bank Transfer,Partial
P001534,INV01534,2026-02-01,0.0,Bank Transfer,Failed
P001535,INV01535,2025-02-01,15676.66,Bank Transfer,Partial
P001536,INV01536,2025-05-30,0.0,Bank Transfer,Failed
P001537,INV01537,2024-10-14,41303.68,Credit Card,Full
P001538,INV01538,2026-04-27,21041.77,Credit Card,Full
P001539,INV01539,2026-05-14,39237.26,Credit Card,Full
P001540,INV01540,2025-08-06,42342.57,Bank Transfer,Full
P001541,INV01541,2025-09-12,31341.86,Wire,Partial
P001542,INV01542,2026-06-22,12886.55,Wire,Partial
P001543,INV01543,2024-08-16,13960.84,Bank Transfer,Full
P001544,INV01544,2026-05-21,57586.84,Wire,Full
P001545,INV01545,2025-12-23,40815.68,Credit Card,Full
P001546,INV01546,2024-11-06,26775.100000000002,Credit Card,Full
P001547,INV01547,2025-04-08,54708.21000000001,Wire,Full
P001548,INV01548,2026-05-14,13575.1,Bank Transfer,Partial
P001549,INV01549,2025-05-03,38097.380000000005,Wire,Full
P001550,INV01550,2025-07-05,41067.7,Wire,Full
P001551,INV01551,2024-11-06,10320.42,Credit Card,Partial
P001552,INV01552,2025-08-15,16227.36,Bank Transfer,Partial
P001553,INV01553,2024-11-22,0.0,Wire,Failed
P001554,INV01554,2025-10-22,20314.14,Bank Transfer,Full
P001555,INV01555,2026-03-16,47708.88,Credit Card,Full
P001556,INV01556,2025-06-17,18697.01,Bank Transfer,Partial
P001557,INV01557,2024-09-20,19605.57,Wire,Full
P001558,INV01558,2026-01-27,51732.49,Bank Transfer,Full
P001559,INV01559,2025-04-19,56020.89,Wire,Full
P001560,INV01560,2024-12-29,15411.170000000002,Credit Card,Full
P001561,INV01561,2025-08-21,45263.31,Credit Card,Full
P001562,INV01562,2026-05-20,21674.39,Wire,Full
P001563,INV01563,2024-07-31,17664.14,Bank Transfer,Full
P001564,INV01564,2026-04-06,26831.14,Credit Card,Full
P001565,INV01565,2025-08-04,10485.26,Wire,Full
P001566,INV01566,2024-09-23,43162.490000000005,Credit Card,Full
P001567,INV01567,2024-10-27,35521.909999999996,Credit Card,Full
P001568,INV01568,2025-10-24,57991.189999999995,Bank Transfer,Full
P001569,INV01569,2025-02-15,17476.19,Credit Card,Full
P001570,INV01570,2026-02-28,24358.94,Bank Transfer,Partial
P001571,INV01571,2025-05-17,40365.15,Bank Transfer,Full
P001572,INV01572,2025-01-16,26281.5,Bank Transfer,Partial
P001573,INV01573,2024-12-15,43092.729999999996,Wire,Full
P001574,INV01574,2025-08-22,30797.37,Credit Card,Full
P001575,INV01575,2026-04-09,46747.729999999996,Bank Transfer,Full
P001576,INV01576,2025-05-25,32028.92,Wire,Full
P001577,INV01577,2025-05-22,13633.91,Bank Transfer,Full
P001578,INV01578,2025-01-03,35256.72,Credit Card,Full
P001579,INV01579,2025-09-25,30374.5,Credit Card,Partial
P001580,INV01580,2025-09-09,24469.440000000002,Credit Card,Full
P001581,INV01581,2025-03-28,19024.4,Bank Transfer,Full
P001582,INV01582,2024-12-06,31247.39,Bank Transfer,Full
P001583,INV01583,2025-09-21,21840.07,Wire,Partial
P001584,INV01584,2026-01-30,41554.78,Credit Card,Full
P001585,INV01585,2025-02-01,48699.74,Wire,Full
P001586,INV01586,2024-08-07,14021.9,Bank Transfer,Partial
P001587,INV01587,2026-06-13,32430.52,Credit Card,Full
P001588,INV01588,2025-03-29,44631.47,Credit Card,Full
P001589,INV01589,2026-06-26,33149.46,Wire,Partial
P001590,INV01590,2025-02-02,22772.04,Bank Transfer,Full
P001591,INV01591,2025-09-17,0.0,Bank Transfer,Failed
P001592,INV01592,2025-09-06,31672.36,Wire,Partial
P001593,INV01593,2025-07-25,18170.85,Credit Card,Full
P001594,INV01594,2025-03-10,19014.11,Wire,Full
P001595,INV01595,2026-06-13,0.0,Credit Card,Failed
P001596,INV01596,2024-12-04,41764.49,Bank Transfer,Full
P001597,INV01597,2024-12-24,25718.6,Bank Transfer,Partial
P001598,INV01598,2024-09-13,0.0,Wire,Failed
P001599,INV01599,2024-09-13,45582.490000000005,Bank Transfer,Full
P001600,INV01600,2025-11-20,17775.85,Wire,Full
P001601,INV01601,2026-02-05,15472.84,Bank Transfer,Full
P001602,INV01602,2025-11-28,9150.01,Wire,Partial
P001603,INV01603,2024-07-02,15238.59,Wire,Partial
P001604,INV01604,2026-02-26,38609.479999999996,Credit Card,Full
P001605,INV01605,2026-05-04,15289.98,Wire,Partial
P001606,INV01606,2025-02-25,7375.29,Wire,Full
P001607,INV01607,2024-11-18,26417.85,Credit Card,Full
P001608,INV01608,2024-08-21,17105.79,Wire,Full
P001609,INV01609,2025-09-01,60392.81999999999,Credit Card,Full
P001610,INV01610,2025-07-12,8130.64,Wire,Partial
P001611,INV01611,2025-04-13,11490.34,Wire,Full
P001612,INV01612,2026-03-18,37933.14,Credit Card,Full
P001613,INV01613,2025-03-23,0.0,Wire,Failed
P001614,INV01614,2025-02-11,33084.49,Bank Transfer,Partial
P001615,INV01615,2024-12-01,54842.25,Credit Card,Full
P001616,INV01616,2025-05-21,20764.37,Bank Transfer,Full
P001617,INV01617,2024-12-06,39596.840000000004,Credit Card,Full
P001618,INV01618,2026-06-24,0.0,Wire,Failed
P001619,INV01619,2025-10-13,50908.55,Credit Card,Full
P001620,INV01620,2026-06-21,7858.39,Wire,Full
P001621,INV01621,2025-04-27,42092.07,Credit Card,Full
P001622,INV01622,2025-04-29,44266.63,Wire,Full
P001623,INV01623,2024-08-22,29896.37,Bank Transfer,Full
P001624,INV01624,2026-04-16,20605.73,Credit Card,Partial
P001625,INV01625,2024-11-10,19488.04,Bank Transfer,Full
P001626,INV01626,2025-12-18,44578.35,Credit Card,Full
P001627,INV01627,2025-07-23,16331.17,Credit Card,Partial
P001628,INV01628,2024-11-05,19298.65,Wire,Full
P001629,INV01629,2025-10-15,18571.920000000002,Wire,Full
P001630,INV01630,2025-02-14,0.0,Bank Transfer,Failed
P001631,INV01631,2026-01-27,15123.32,Credit Card,Full
P001632,INV01632,2025-01-29,0.0,Wire,Failed
P001633,INV01633,2025-11-18,10392.06,Credit Card,Partial
P001634,INV01634,2024-09-28,0.0,Credit Card,Failed
P001635,INV01635,2024-07-19,12076.11,Credit Card,Partial
P001636,INV01636,2025-10-20,17100.62,Wire,Partial
P001637,INV01637,2025-06-24,22134.239999999998,Wire,Full
P001638,INV01638,2025-05-14,0.0,Bank Transfer,Failed
P001639,INV01639,2024-06-23,44942.67,Credit Card,Full
P001640,INV01640,2025-05-19,11817.6,Wire,Full
P001641,INV01641,2024-10-23,53304.950000000004,Credit Card,Full
P001642,INV01642,2024-10-10,4567.099999999999,Credit Card,Full
P001643,INV01643,2024-11-24,43994.020000000004,Bank Transfer,Full
P001644,INV01644,2024-11-28,37186.61,Bank Transfer,Partial
P001645,INV01645,2025-12-11,52605.43,Bank Transfer,Full
P001646,INV01646,2024-08-05,0.0,Wire,Failed
P001647,INV01647,2026-02-21,44036.2,Wire,Full
P001648,INV01648,2024-10-01,16232.79,Credit Card,Full
P001649,INV01649,2024-07-11,42761.799999999996,Bank Transfer,Full
P001650,INV01650,2024-09-30,16804.08,Credit Card,Full
P001651,INV01651,2025-02-01,41293.31,Wire,Full
P001652,INV01652,2025-09-22,35802.31,Wire,Full
P001653,INV01653,2026-04-03,27325.98,Wire,Full
P001654,INV01654,2026-04-14,43936.4,Wire,Full
P001655,INV01655,2024-11-11,23948.61,Bank Transfer,Full
P001656,INV01656,2026-02-28,7364.17,Wire,Full
P001657,INV01657,2024-10-02,46414.46,Wire,Full
P001658,INV01658,2024-11-19,24851.34,Bank Transfer,Full
P001659,INV01659,2025-06-05,41245.5,Bank Transfer,Full
P001660,INV01660,2025-02-27,23634.49,Wire,Partial
P001661,INV01661,2024-07-14,11603.53,Credit Card,Partial
P001662,INV01662,2024-11-11,51044.1,Credit Card,Full
P001663,INV01663,2025-05-03,28731.33,Bank Transfer,Full
P001664,INV01664,2025-07-07,17690.71,Wire,Full
P001665,INV01665,2025-07-07,12599.74,Bank Transfer,Partial
P001666,INV01666,2024-07-30,14821.26,Bank Transfer,Partial
P001667,INV01667,2026-01-21,42645.41,Credit Card,Full
P001668,INV01668,2025-10-03,44434.89,Credit Card,Full
P001669,INV01669,2025-11-12,38898.75,Wire,Full
P001670,INV01670,2026-05-13,28090.26,Credit Card,Partial
P001671,INV01671,2025-01-14,11888.5,Bank Transfer,Full
P001672,INV01672,2025-02-27,57270.46,Bank Transfer,Full
P001673,INV01673,2024-12-09,30471.2,Bank Transfer,Partial
P001674,INV01674,2024-11-05,0.0,Wire,Failed
P001675,INV01675,2024-10-19,51879.8,Bank Transfer,Full
P001676,INV01676,2025-11-13,9001.41,Wire,Full
P001677,INV01677,2024-08-12,35792.27,Credit Card,Full
P001678,INV01678,2026-05-08,32516.039999999997,Credit Card,Full
P001679,INV01679,2025-04-15,18309.739999999998,Credit Card,Full
P001680,INV01680,2025-07-11,36975.630000000005,Wire,Full
P001681,INV01681,2026-03-15,36468.9,Bank Transfer,Full
P001682,INV01682,2026-02-25,0.0,Credit Card,Failed
P001683,INV01683,2026-02-04,22692.45,Bank Transfer,Full
P001684,INV01684,2025-06-07,53074.32,Wire,Full
P001685,INV01685,2026-01-05,15213.56,Credit Card,Partial
P001686,INV01686,2025-11-16,40419.78,Credit Card,Full
P001687,INV01687,2024-11-06,8884.279999999999,Credit Card,Full
P001688,INV01688,2024-11-08,20651.0,Bank Transfer,Full
P001689,INV01689,2026-01-31,53943.549999999996,Wire,Full
P001690,INV01690,2025-06-05,41746.99,Wire,Partial
P001691,INV01691,2026-05-26,38630.729999999996,Bank Transfer,Full
P001692,INV01692,2025-01-24,39033.310000000005,Bank Transfer,Full
P001693,INV01693,2024-11-04,44872.72,Wire,Full
P001694,INV01694,2025-08-15,52002.57,Credit Card,Full
P001695,INV01695,2025-02-23,39179.33,Bank Transfer,Full
P001696,INV01696,2024-06-30,0.0,Wire,Failed
P001697,INV01697,2026-02-23,36315.63,Credit Card,Full
P001698,INV01698,2026-01-28,0.0,Credit Card,Failed
P001699,INV01699,2024-06-23,20116.85,Wire,Full
P001700,INV01700,2025-02-03,26791.17,Credit Card,Full
P001701,INV01701,2025-02-27,35393.869999999995,Wire,Full
P001702,INV01702,2024-07-21,35448.78,Bank Transfer,Partial
P001703,INV01703,2026-03-17,21691.699999999997,Bank Transfer,Full
P001704,INV01704,2025-04-07,15375.39,Bank Transfer,Full
P001705,INV01705,2026-03-21,31979.16,Bank Transfer,Partial
P001706,INV01706,2024-11-28,0.0,Credit Card,Failed
P001707,INV01707,2026-03-03,33832.24,Credit Card,Full
P001708,INV01708,2025-06-20,28826.71,Bank Transfer,Full
P001709,INV01709,2026-06-29,34933.42,Wire,Partial
P001710,INV01710,2025-08-24,11425.130000000001,Bank Transfer,Full
P001711,INV01711,2024-08-04,42170.88,Bank Transfer,Partial
P001712,INV01712,2025-04-14,0.0,Bank Transfer,Failed
P001713,INV01713,2025-10-31,12294.46,Credit Card,Full
P001714,INV01714,2025-02-18,46068.71,Credit Card,Partial
P001715,INV01715,2026-02-07,7453.610000000001,Credit Card,Full
P001716,INV01716,2025-12-14,11957.0,Wire,Full
P001717,INV01717,2025-07-28,54315.49,Credit Card,Full
P001718,INV01718,2026-06-07,0.0,Wire,Failed
P001719,INV01719,2026-02-28,25349.9,Credit Card,Full
P001720,INV01720,2025-07-04,18125.84,Wire,Partial
P001721,INV01721,2026-04-26,45479.89,Bank Transfer,Full
P001722,INV01722,2024-08-08,16971.53,Wire,Partial
P001723,INV01723,2026-03-11,4189.33,Credit Card,Full
P001724,INV01724,2024-12-26,19254.73,Wire,Partial
P001725,INV01725,2025-11-24,0.0,Bank Transfer,Failed
P001726,INV01726,2026-01-29,24595.23,Credit Card,Full
P001727,INV01727,2026-05-15,52838.46,Wire,Full
P001728,INV01728,2024-09-06,39828.92,Bank Transfer,Full
P001729,INV01729,2026-03-26,24610.38,Wire,Partial
P001730,INV01730,2026-06-13,25255.07,Bank Transfer,Partial
P001731,INV01731,2025-07-08,5321.6900000000005,Wire,Full
P001732,INV01732,2024-09-24,24546.06,Credit Card,Partial
P001733,INV01733,2024-08-02,19669.16,Wire,Full
P001734,INV01734,2024-10-18,37163.67,Wire,Full
P001735,INV01735,2025-11-21,12704.38,Wire,Partial
P001736,INV01736,2026-04-30,19661.78,Bank Transfer,Full
P001737,INV01737,2025-09-19,36252.58,Wire,Full
P001738,INV01738,2024-09-02,29808.39,Credit Card,Full
P001739,INV01739,2024-12-03,44133.2,Bank Transfer,Full
P001740,INV01740,2025-08-27,9373.89,Bank Transfer,Full
P001741,INV01741,2026-04-14,39745.090000000004,Bank Transfer,Full
P001742,INV01742,2025-10-20,12037.619999999999,Wire,Full
P001743,INV01743,2026-04-21,51738.64,Credit Card,Full
P001744,INV01744,2025-09-14,39562.2,Wire,Full
P001745,INV01745,2025-08-11,0.0,Credit Card,Failed
P001746,INV01746,2025-12-29,17907.89,Wire,Full
P001747,INV01747,2025-12-21,46888.5,Bank Transfer,Full
P001748,INV01748,2025-04-13,19135.71,Wire,Partial
P001749,INV01749,2026-07-09,8491.54,Bank Transfer,Full
P001750,INV01750,2025-05-15,0.0,Credit Card,Failed
P001751,INV01751,2024-11-20,27705.47,Wire,Full
P001752,INV01752,2024-12-16,58963.0,Credit Card,Full
P001753,INV01753,2024-07-15,5772.52,Credit Card,Partial
P001754,INV01754,2025-03-14,38297.36,Bank Transfer,Full
P001755,INV01755,2025-02-03,0.0,Credit Card,Failed
P001756,INV01756,2026-02-16,30948.05,Credit Card,Full
P001757,INV01757,2026-03-18,13351.689999999999,Credit Card,Full
P001758,INV01758,2026-05-09,44976.509999999995,Wire,Full
P001759,INV01759,2026-03-21,26448.66,Credit Card,Full
P001760,INV01760,2024-11-08,20203.21,Wire,Full
P001761,INV01761,2025-04-05,46951.590000000004,Credit Card,Full
P001762,INV01762,2025-12-07,31155.32,Wire,Partial
P001763,INV01763,2025-04-01,28480.63,Credit Card,Full
P001764,INV01764,2025-11-11,48625.259999999995,Wire,Full
P001765,INV01765,2026-02-09,21673.09,Bank Transfer,Full
P001766,INV01766,2025-06-29,36122.700000000004,Credit Card,Full
P001767,INV01767,2024-08-02,0.0,Wire,Failed
P001768,INV01768,2026-04-08,58356.25,Bank Transfer,Full
P001769,INV01769,2026-03-02,34946.15,Wire,Full
P001770,INV01770,2026-02-09,51918.1,Bank Transfer,Full
P001771,INV01771,2025-05-22,39895.5,Bank Transfer,Partial
P001772,INV01772,2026-06-15,12245.69,Bank Transfer,Full
P001773,INV01773,2025-02-25,51322.14,Credit Card,Full
P001774,INV01774,2024-07-27,37227.560000000005,Credit Card,Full
P001775,INV01775,2026-03-20,21501.07,Wire,Partial
P001776,INV01776,2025-11-21,16868.440000000002,Bank Transfer,Full
P001777,INV01777,2025-09-10,11743.04,Credit Card,Full
P001778,INV01778,2024-07-07,29098.35,Credit Card,Partial
P001779,INV01779,2024-10-07,22875.239999999998,Wire,Full
P001780,INV01780,2026-03-15,59700.969999999994,Wire,Full
P001781,INV01781,2025-07-08,19009.35,Wire,Full
P001782,INV01782,2026-02-09,24270.5,Wire,Full
P001783,INV01783,2025-05-08,24017.379999999997,Credit Card,Full
P001784,INV01784,2025-05-28,19240.52,Bank Transfer,Partial
P001785,INV01785,2025-07-14,14930.220000000001,Credit Card,Full
P001786,INV01786,2025-05-27,53934.46000000001,Credit Card,Full
P001787,INV01787,2025-10-01,52243.18,Bank Transfer,Full
P001788,INV01788,2025-06-18,23919.0,Credit Card,Full
P001789,INV01789,2025-03-04,32779.11,Credit Card,Full
P001790,INV01790,2025-06-07,16142.23,Bank Transfer,Partial
P001791,INV01791,2025-05-06,32618.86,Wire,Full
P001792,INV01792,2026-01-17,21109.42,Bank Transfer,Partial
P001793,INV01793,2025-02-06,34679.34,Credit Card,Partial
P001794,INV01794,2025-05-29,52790.65,Bank Transfer,Full
P001795,INV01795,2025-07-19,52874.509999999995,Bank Transfer,Full
P001796,INV01796,2025-03-21,55128.93,Bank Transfer,Full
P001797,INV01797,2025-12-18,0.0,Credit Card,Failed
P001798,INV01798,2025-06-11,13788.49,Wire,Partial
P001799,INV01799,2026-06-12,22766.760000000002,Wire,Full
P001800,INV01800,2025-04-04,40455.82,Bank Transfer,Full
P001801,INV01801,2025-09-18,12729.47,Wire,Partial
P001802,INV01802,2026-04-19,7746.51,Credit Card,Full
P001803,INV01803,2024-06-11,27810.53,Credit Card,Full
P001804,INV01804,2025-12-22,19787.42,Wire,Full
P001805,INV01805,2024-08-06,47903.36,Credit Card,Full
P001806,INV01806,2025-10-19,49403.829999999994,Wire,Full
P001807,INV01807,2024-12-06,20367.47,Wire,Full
P001808,INV01808,2024-08-28,22607.379999999997,Bank Transfer,Full
P001809,INV01809,2024-11-08,23986.61,Wire,Full
P001810,INV01810,2025-02-05,9242.8,Credit Card,Full
P001811,INV01811,2026-02-14,33665.71,Bank Transfer,Partial
P001812,INV01812,2026-04-26,9093.32,Credit Card,Partial
P001813,INV01813,2026-04-14,48003.66,Wire,Full
P001814,INV01814,2025-02-24,25042.17,Wire,Full
P001815,INV01815,2025-10-11,29543.010000000002,Wire,Full
P001816,INV01816,2026-01-20,16848.760000000002,Wire,Full
P001817,INV01817,2026-03-30,44163.15,Bank Transfer,Full
P001818,INV01818,2024-07-27,30823.3,Credit Card,Full
P001819,INV01819,2025-11-18,46434.130000000005,Wire,Full
P001820,INV01820,2024-09-27,44785.11,Bank Transfer,Full
P001821,INV01821,2024-07-12,35058.42,Bank Transfer,Full
P001822,INV01822,2025-08-20,16713.51,Credit Card,Partial
P001823,INV01823,2024-09-01,12111.79,Bank Transfer,Full
P001824,INV01824,2025-05-21,10920.42,Bank Transfer,Partial
P001825,INV01825,2024-07-27,21968.73,Credit Card,Full
P001826,INV01826,2025-01-11,43215.62,Bank Transfer,Full
P001827,INV01827,2025-03-12,44733.0,Credit Card,Full
P001828,INV01828,2026-04-26,0.0,Wire,Failed
P001829,INV01829,2026-02-20,47550.78,Wire,Full
P001830,INV01830,2026-03-16,31708.18,Wire,Partial
P001831,INV01831,2025-07-07,50539.86,Bank Transfer,Full
P001832,INV01832,2025-11-28,29492.57,Wire,Partial
P001833,INV01833,2025-03-20,25029.280000000002,Bank Transfer,Full
P001834,INV01834,2025-02-25,27276.66,Wire,Full
P001835,INV01835,2024-11-20,20254.84,Bank Transfer,Full
P001836,INV01836,2025-10-22,31134.5,Wire,Partial
P001837,INV01837,2025-07-24,0.0,Credit Card,Failed
P001838,INV01838,2026-06-18,40837.979999999996,Bank Transfer,Full
P001839,INV01839,2025-08-29,33348.53,Credit Card,Partial
P001840,INV01840,2024-10-18,33106.73,Wire,Partial
P001841,INV01841,2025-02-11,31478.27,Wire,Full
P001842,INV01842,2026-03-28,43750.21,Bank Transfer,Full
P001843,INV01843,2025-03-03,52938.13,Credit Card,Full
P001844,INV01844,2025-10-30,31960.46,Wire,Full
P001845,INV01845,2025-12-14,12282.880000000001,Bank Transfer,Full
P001846,INV01846,2024-06-27,0.0,Bank Transfer,Failed
P001847,INV01847,2025-10-26,56270.94,Wire,Full
P001848,INV01848,2026-06-29,20490.190000000002,Credit Card,Full
P001849,INV01849,2026-05-26,54245.62,Bank Transfer,Full
P001850,INV01850,2024-11-08,8143.31,Credit Card,Full
P001851,INV01851,2025-09-17,18881.18,Bank Transfer,Full
P001852,INV01852,2025-04-01,18352.02,Bank Transfer,Full
P001853,INV01853,2025-11-25,53867.64,Bank Transfer,Full
P001854,INV01854,2024-08-25,25452.76,Credit Card,Partial
P001855,INV01855,2024-09-07,34041.19,Credit Card,Partial
P001856,INV01856,2025-06-26,40541.42,Credit Card,Full
P001857,INV01857,2026-04-13,24026.47,Credit Card,Full
P001858,INV01858,2025-01-16,15501.17,Wire,Partial
P001859,INV01859,2024-11-03,13790.09,Credit Card,Full
P001860,INV01860,2026-05-02,27325.54,Bank Transfer,Full
P001861,INV01861,2024-12-11,27591.52,Bank Transfer,Full
P001862,INV01862,2024-07-19,12513.93,Credit Card,Full
P001863,INV01863,2025-12-14,17760.63,Credit Card,Partial
P001864,INV01864,2025-05-31,53845.06,Credit Card,Full
P001865,INV01865,2026-05-07,8114.44,Bank Transfer,Partial
P001866,INV01866,2026-04-16,20459.89,Credit Card,Full
P001867,INV01867,2025-02-18,45135.34,Bank Transfer,Full
P001868,INV01868,2024-11-29,39657.759999999995,Wire,Full
P001869,INV01869,2025-08-02,24205.98,Credit Card,Full
P001870,INV01870,2025-03-01,37748.43,Bank Transfer,Full
P001871,INV01871,2025-01-25,24203.920000000002,Wire,Full
P001872,INV01872,2025-06-04,14695.04,Bank Transfer,Full
P001873,INV01873,2026-03-26,25996.88,Bank Transfer,Partial
P001874,INV01874,2024-10-07,49763.03,Wire,Full
P001875,INV01875,2025-05-26,14013.880000000001,Bank Transfer,Full
P001876,INV01876,2024-06-24,12072.76,Bank Transfer,Full
P001877,INV01877,2026-07-12,24078.66,Wire,Full
P001878,INV01878,2025-08-16,58450.78,Bank Transfer,Full
P001879,INV01879,2025-06-23,0.0,Wire,Failed
P001880,INV01880,2026-07-11,24889.739999999998,Wire,Full
P001881,INV01881,2025-07-31,49232.04,Bank Transfer,Full
P001882,INV01882,2026-01-01,40340.649999999994,Bank Transfer,Full
P001883,INV01883,2025-12-13,36789.78,Credit Card,Full
P001884,INV01884,2025-10-22,21570.239999999998,Bank Transfer,Full
P001885,INV01885,2025-04-19,45002.55,Credit Card,Full
P001886,INV01886,2026-06-19,15042.36,Bank Transfer,Full
P001887,INV01887,2024-11-24,39281.47,Wire,Partial
P001888,INV01888,2025-12-08,44842.97,Wire,Full
P001889,INV01889,2026-02-19,45074.72,Bank Transfer,Partial
P001890,INV01890,2025-06-26,0.0,Credit Card,Failed
P001891,INV01891,2025-06-06,9885.51,Wire,Full
P001892,INV01892,2026-02-27,50703.75,Credit Card,Full
P001893,INV01893,2025-04-25,14857.88,Bank Transfer,Full
P001894,INV01894,2025-12-17,43757.95,Wire,Full
P001895,INV01895,2025-01-27,32065.82,Bank Transfer,Full
P001896,INV01896,2026-02-21,19439.34,Credit Card,Full
P001897,INV01897,2026-04-15,15997.37,Credit Card,Full
P001898,INV01898,2025-04-26,58237.53,Bank Transfer,Full
P001899,INV01899,2025-03-11,29877.46,Wire,Full
P001900,INV01900,2025-09-20,49624.17,Bank Transfer,Full
P001901,INV01901,2025-07-21,18881.72,Wire,Full
P001902,INV01902,2024-08-22,32469.75,Bank Transfer,Full
P001903,INV01903,2026-04-22,0.0,Bank Transfer,Failed
P001904,INV01904,2026-03-21,0.0,Credit Card,Failed
P001905,INV01905,2024-12-15,17902.06,Bank Transfer,Partial
P001906,INV01906,2026-04-17,0.0,Wire,Failed
P001907,INV01907,2025-03-26,29920.829999999998,Bank Transfer,Full
P001908,INV01908,2025-08-13,0.0,Wire,Failed
P001909,INV01909,2025-07-22,10657.08,Bank Transfer,Partial
P001910,INV01910,2025-01-18,13966.43,Bank Transfer,Partial
P001911,INV01911,2025-11-15,22804.59,Wire,Partial
P001912,INV01912,2025-04-14,15790.83,Wire,Full
P001913,INV01913,2026-05-21,46539.950000000004,Credit Card,Full
P001914,INV01914,2025-03-21,42934.07,Wire,Full
P001915,INV01915,2024-10-03,56301.95,Wire,Full
P001916,INV01916,2025-12-26,33969.58,Wire,Full
P001917,INV01917,2026-01-26,19298.489999999998,Wire,Full
P001918,INV01918,2026-02-10,20889.42,Wire,Partial
P001919,INV01919,2024-11-16,28721.65,Credit Card,Full
P001920,INV01920,2025-12-15,17855.44,Credit Card,Full
P001921,INV01921,2024-08-05,20264.28,Credit Card,Partial
P001922,INV01922,2024-11-16,0.0,Bank Transfer,Failed
P001923,INV01923,2026-03-19,0.0,Credit Card,Failed
P001924,INV01924,2025-11-20,26542.66,Credit Card,Full
P001925,INV01925,2026-04-18,44569.09,Bank Transfer,Full
P001926,INV01926,2026-05-16,36215.73,Bank Transfer,Partial
P001927,INV01927,2024-11-03,21941.09,Wire,Full
P001928,INV01928,2025-11-30,36002.979999999996,Bank Transfer,Full
P001929,INV01929,2025-03-08,40631.35,Bank Transfer,Full
P001930,INV01930,2024-12-06,22814.97,Bank Transfer,Partial
P001931,INV01931,2024-07-31,21618.22,Bank Transfer,Partial
P001932,INV01932,2026-01-08,18514.98,Bank Transfer,Full
P001933,INV01933,2024-11-04,25801.84,Credit Card,Full
P001934,INV01934,2025-11-17,5801.52,Wire,Partial
P001935,INV01935,2024-07-10,27289.68,Wire,Full
P001936,INV01936,2026-03-28,37408.66,Credit Card,Full
P001937,INV01937,2025-07-19,31629.98,Bank Transfer,Full
P001938,INV01938,2025-11-28,51744.17,Credit Card,Full
P001939,INV01939,2026-01-24,55455.090000000004,Credit Card,Full
P001940,INV01940,2025-01-22,47240.29,Wire,Full
P001941,INV01941,2024-07-02,30554.81,Credit Card,Full
P001942,INV01942,2025-03-31,10437.72,Wire,Partial
P001943,INV01943,2026-03-26,16667.91,Bank Transfer,Full
P001944,INV01944,2025-12-15,0.0,Wire,Failed
P001945,INV01945,2025-07-17,9477.66,Wire,Partial
P001946,INV01946,2025-01-26,28928.43,Wire,Full
P001947,INV01947,2024-12-07,42407.72,Bank Transfer,Full
P001948,INV01948,2025-07-31,49794.36,Bank Transfer,Full
P001949,INV01949,2024-07-28,12327.7,Credit Card,Full
P001950,INV01950,2024-12-20,0.0,Credit Card,Failed
P001951,INV01951,2025-11-04,58071.83,Bank Transfer,Full
P001952,INV01952,2025-08-08,53419.68,Credit Card,Full
P001953,INV01953,2025-11-28,19156.35,Bank Transfer,Partial
P001954,INV01954,2026-02-14,57027.729999999996,Credit Card,Full
P001955,INV01955,2025-04-26,13830.5,Wire,Partial
P001956,INV01956,2024-10-14,55598.81,Wire,Full
P001957,INV01957,2024-12-28,45588.35,Wire,Full
P001958,INV01958,2026-04-10,17221.99,Bank Transfer,Full
P001959,INV01959,2025-06-28,14344.66,Credit Card,Full
P001960,INV01960,2026-01-08,44914.81,Wire,Full
P001961,INV01961,2025-04-11,28275.379999999997,Credit Card,Full
P001962,INV01962,2025-09-17,56314.33,Credit Card,Full
P001963,INV01963,2025-03-29,3987.01,Credit Card,Partial
P001964,INV01964,2024-09-14,34808.14,Wire,Full
P001965,INV01965,2026-05-10,0.0,Bank Transfer,Failed
P001966,INV01966,2026-02-19,28901.7,Credit Card,Full
P001967,INV01967,2025-01-31,24898.76,Credit Card,Full
P001968,INV01968,2026-03-28,20489.06,Credit Card,Partial
P001969,INV01969,2025-10-09,11218.74,Wire,Full
P001970,INV01970,2025-04-17,49344.700000000004,Bank Transfer,Full
P001971,INV01971,2024-08-23,48742.64,Bank Transfer,Full
P001972,INV01972,2026-04-13,0.0,Wire,Failed
P001973,INV01973,2025-10-18,46359.05,Credit Card,Full
P001974,INV01974,2025-05-18,33252.380000000005,Wire,Full
P001975,INV01975,2025-05-13,28891.300000000003,Bank Transfer,Full
P001976,INV01976,2025-04-16,46567.549999999996,Bank Transfer,Full
P001977,INV01977,2025-11-11,12330.76,Credit Card,Full
P001978,INV01978,2026-03-04,27823.64,Bank Transfer,Partial
P001979,INV01979,2024-08-11,43993.97,Wire,Full
P001980,INV01980,2025-08-08,44911.27,Credit Card,Full
P001981,INV01981,2025-05-22,27458.49,Bank Transfer,Partial
P001982,INV01982,2025-01-07,0.0,Wire,Failed
P001983,INV01983,2025-04-04,19070.55,Bank Transfer,Partial
P001984,INV01984,2025-09-01,44876.68,Wire,Full
P001985,INV01985,2025-04-01,36754.28999999999,Credit Card,Full
P001986,INV01986,2025-12-03,2213.55,Wire,Partial
P001987,INV01987,2024-09-29,52831.17,Credit Card,Full
P001988,INV01988,2025-12-12,21488.29,Bank Transfer,Full
P001989,INV01989,2024-12-18,3214.41,Wire,Partial
P001990,INV01990,2024-12-15,20402.99,Bank Transfer,Partial
P001991,INV01991,2024-08-08,51218.75,Wire,Full
P001992,INV01992,2026-05-29,11650.14,Credit Card,Full
P001993,INV01993,2026-03-15,14203.46,Wire,Partial
P001994,INV01994,2025-05-20,44934.7,Bank Transfer,Full
P001995,INV01995,2024-12-21,49948.79,Bank Transfer,Full
P001996,INV01996,2025-05-10,50683.59,Credit Card,Full
P001997,INV01997,2026-07-01,53920.33,Wire,Full
P001998,INV01998,2026-04-06,43234.93,Credit Card,Full
P001999,INV01999,2024-08-31,25995.12,Bank Transfer,Partial
P002000,INV02000,2025-10-26,11965.33,Wire,Full
P002001,INV02001,2025-09-27,0.0,Credit Card,Failed
P002002,INV02002,2025-06-18,43800.689999999995,Wire,Full
P002003,INV02003,2024-09-28,0.0,Bank Transfer,Failed
P002004,INV02004,2025-07-11,55808.71,Wire,Full
P002005,INV02005,2026-06-14,30009.2,Bank Transfer,Partial
P002006,INV02006,2025-05-24,0.0,Wire,Failed
P002007,INV02007,2026-03-28,49417.560000000005,Wire,Full
P002008,INV02008,2024-09-28,33132.07,Bank Transfer,Full
P002009,INV02009,2024-08-19,53346.32,Credit Card,Full
P002010,INV02010,2025-10-26,29382.67,Bank Transfer,Full
P002011,INV02011,2026-06-19,11323.14,Wire,Full
P002012,INV02012,2024-09-24,30657.879999999997,Wire,Full
P002013,INV02013,2026-05-07,12563.47,Wire,Full
P002014,INV02014,2025-11-21,26777.38,Wire,Full
P002015,INV02015,2026-02-04,29067.08,Wire,Full
P002016,INV02016,2025-05-04,15776.67,Wire,Full
P002017,INV02017,2025-12-06,28622.46,Credit Card,Full
P002018,INV02018,2024-08-30,50772.03,Credit Card,Full
P002019,INV02019,2025-06-19,0.0,Bank Transfer,Failed
P002020,INV02020,2026-04-18,0.0,Wire,Failed
P002021,INV02021,2025-02-12,0.0,Wire,Failed
P002022,INV02022,2024-12-26,23500.23,Bank Transfer,Full
P002023,INV02023,2025-06-12,0.0,Credit Card,Failed
P002024,INV02024,2026-05-14,58973.41,Bank Transfer,Full
P002025,INV02025,2025-05-18,53572.62,Wire,Full
P002026,INV02026,2025-08-10,11757.22,Bank Transfer,Partial
P002027,INV02027,2024-07-02,41201.86,Bank Transfer,Full
P002028,INV02028,2026-04-17,10208.34,Bank Transfer,Partial
P002029,INV02029,2025-01-11,8341.970000000001,Credit Card,Full
P002030,INV02030,2024-10-12,28363.86,Wire,Full
P002031,INV02031,2026-05-09,0.0,Wire,Failed
P002032,INV02032,2024-07-29,37848.43,Bank Transfer,Full
P002033,INV02033,2026-02-05,0.0,Wire,Failed
P002034,INV02034,2025-07-07,29904.23,Bank Transfer,Full
P002035,INV02035,2025-09-19,11561.57,Wire,Partial
P002036,INV02036,2025-03-31,25718.789999999997,Credit Card,Full
P002037,INV02037,2024-10-01,28785.82,Wire,Partial
P002038,INV02038,2025-03-08,0.0,Bank Transfer,Failed
P002039,INV02039,2025-05-25,10014.61,Credit Card,Full
P002040,INV02040,2025-02-03,31677.6,Credit Card,Partial
P002041,INV02041,2025-01-17,15091.27,Bank Transfer,Full
P002042,INV02042,2024-07-26,39944.07,Credit Card,Full
P002043,INV02043,2026-01-15,55709.84,Bank Transfer,Full
P002044,INV02044,2025-06-29,31141.28,Bank Transfer,Full
P002045,INV02045,2026-02-08,4500.31,Bank Transfer,Partial
P002046,INV02046,2024-11-01,21295.72,Bank Transfer,Full
P002047,INV02047,2024-12-19,33032.5,Wire,Partial
P002048,INV02048,2026-02-04,32743.98,Bank Transfer,Full
P002049,INV02049,2025-06-09,60104.06,Credit Card,Full
P002050,INV02050,2024-08-11,0.0,Credit Card,Failed
P002051,INV02051,2026-06-07,51049.829999999994,Credit Card,Full
P002052,INV02052,2024-10-27,44335.94,Wire,Full
P002053,INV02053,2025-03-29,40024.65,Credit Card,Partial
P002054,INV02054,2026-03-11,43856.07,Bank Transfer,Partial
P002055,INV02055,2026-05-18,33615.16,Bank Transfer,Partial
P002056,INV02056,2026-02-02,22951.61,Wire,Full
P002057,INV02057,2024-09-28,40382.84,Bank Transfer,Full
P002058,INV02058,2025-05-14,49563.83,Credit Card,Full
P002059,INV02059,2025-03-31,19460.739999999998,Wire,Full
P002060,INV02060,2026-06-04,27434.199999999997,Bank Transfer,Full
P002061,INV02061,2026-06-07,44053.17,Bank Transfer,Full
P002062,INV02062,2026-03-10,49003.71000000001,Wire,Full
P002063,INV02063,2025-11-12,61137.65,Credit Card,Full
P002064,INV02064,2024-11-20,0.0,Credit Card,Failed
P002065,INV02065,2024-10-27,0.0,Bank Transfer,Failed
P002066,INV02066,2025-04-22,30773.43,Bank Transfer,Full
P002067,INV02067,2025-04-21,0.0,Bank Transfer,Failed
P002068,INV02068,2025-08-20,50465.8,Wire,Full
P002069,INV02069,2024-08-21,0.0,Credit Card,Failed
P002070,INV02070,2026-02-10,27960.17,Credit Card,Full
P002071,INV02071,2025-06-04,29816.95,Credit Card,Partial
P002072,INV02072,2025-06-27,22794.699999999997,Wire,Full
P002073,INV02073,2024-12-02,27073.329999999998,Wire,Full
P002074,INV02074,2025-04-16,22468.18,Wire,Full
P002075,INV02075,2025-10-30,0.0,Wire,Failed
P002076,INV02076,2025-06-16,21136.28,Credit Card,Full
P002077,INV02077,2025-09-06,0.0,Credit Card,Failed
P002078,INV02078,2026-06-19,21205.010000000002,Credit Card,Full
P002079,INV02079,2025-08-21,6913.68,Wire,Full
P002080,INV02080,2024-08-22,49100.94,Bank Transfer,Full
P002081,INV02081,2024-12-26,22866.949999999997,Wire,Full
P002082,INV02082,2025-02-17,18921.190000000002,Bank Transfer,Full
P002083,INV02083,2026-05-14,41728.25,Credit Card,Partial
P002084,INV02084,2024-12-13,11815.7,Bank Transfer,Partial
P002085,INV02085,2025-05-20,43894.64,Wire,Partial
P002086,INV02086,2025-07-01,40987.16,Credit Card,Partial
P002087,INV02087,2024-09-30,35989.99,Bank Transfer,Full
P002088,INV02088,2025-05-31,0.0,Bank Transfer,Failed
P002089,INV02089,2025-07-01,22932.44,Wire,Partial
P002090,INV02090,2024-09-08,9761.26,Bank Transfer,Partial
P002091,INV02091,2024-09-28,0.0,Bank Transfer,Failed
P002092,INV02092,2025-03-15,11957.8,Bank Transfer,Full
P002093,INV02093,2024-09-01,25773.75,Wire,Partial
P002094,INV02094,2026-02-03,22924.73,Bank Transfer,Full
P002095,INV02095,2025-06-23,19109.14,Wire,Partial
P002096,INV02096,2025-12-06,38627.92,Bank Transfer,Full
P002097,INV02097,2026-05-08,18870.41,Credit Card,Full
P002098,INV02098,2026-05-16,42073.69,Wire,Full
P002099,INV02099,2025-10-27,35365.61,Wire,Partial
P002100,INV02100,2025-09-14,25738.78,Credit Card,Full
P002101,INV02101,2024-12-19,9516.62,Credit Card,Full
P002102,INV02102,2025-07-23,0.0,Credit Card,Failed
P002103,INV02103,2025-11-21,20560.07,Credit Card,Partial
P002104,INV02104,2024-09-03,58036.240000000005,Credit Card,Full
P002105,INV02105,2026-04-06,26498.57,Bank Transfer,Full
P002106,INV02106,2025-02-01,25002.28,Bank Transfer,Full
P002107,INV02107,2025-06-21,26440.16,Credit Card,Full
P002108,INV02108,2026-06-08,17008.35,Bank Transfer,Full
P002109,INV02109,2024-09-01,52647.69,Bank Transfer,Full
P002110,INV02110,2024-10-21,43006.05,Bank Transfer,Full
P002111,INV02111,2024-10-18,27686.1,Bank Transfer,Full
P002112,INV02112,2026-02-01,8633.17,Wire,Full
P002113,INV02113,2024-10-20,56236.72,Credit Card,Full
P002114,INV02114,2026-05-14,23429.51,Credit Card,Partial
P002115,INV02115,2025-11-07,44151.45,Wire,Full
P002116,INV02116,2025-07-07,45144.299999999996,Wire,Full
P002117,INV02117,2024-09-06,47043.61,Wire,Partial
P002118,INV02118,2026-04-08,0.0,Bank Transfer,Failed
P002119,INV02119,2026-04-18,53164.729999999996,Bank Transfer,Full
P002120,INV02120,2024-10-19,46441.71,Credit Card,Partial
P002121,INV02121,2025-01-01,51893.05,Bank Transfer,Full
P002122,INV02122,2025-08-28,42528.95,Credit Card,Full
P002123,INV02123,2025-05-04,52229.43,Credit Card,Full
P002124,INV02124,2025-03-21,13643.82,Wire,Full
P002125,INV02125,2025-09-29,16410.6,Credit Card,Partial
P002126,INV02126,2025-02-17,33111.240000000005,Wire,Full
P002127,INV02127,2025-04-29,15448.4,Bank Transfer,Partial
P002128,INV02128,2025-07-10,38145.88,Wire,Full
P002129,INV02129,2025-06-09,23258.33,Bank Transfer,Partial
P002130,INV02130,2025-05-15,52949.41,Credit Card,Full
P002131,INV02131,2025-01-29,0.0,Wire,Failed
P002132,INV02132,2025-02-15,43400.54,Bank Transfer,Full
P002133,INV02133,2024-07-21,30330.03,Credit Card,Full
P002134,INV02134,2025-07-12,14483.58,Credit Card,Partial
P002135,INV02135,2025-07-14,23545.1,Wire,Full
P002136,INV02136,2025-01-03,30274.46,Wire,Full
P002137,INV02137,2025-10-02,43679.79,Wire,Full
P002138,INV02138,2024-11-07,26593.88,Credit Card,Partial
P002139,INV02139,2024-12-22,55567.79,Credit Card,Full
P002140,INV02140,2024-10-21,58255.259999999995,Credit Card,Full
P002141,INV02141,2025-09-21,52870.47,Credit Card,Full
P002142,INV02142,2025-03-16,6226.5,Bank Transfer,Full
P002143,INV02143,2024-10-29,0.0,Credit Card,Failed
P002144,INV02144,2025-05-02,49578.17,Credit Card,Full
P002145,INV02145,2024-07-27,34977.75,Wire,Partial
P002146,INV02146,2025-02-08,13952.98,Bank Transfer,Partial
P002147,INV02147,2025-10-19,48627.8,Bank Transfer,Full
P002148,INV02148,2025-05-25,52250.600000000006,Bank Transfer,Full
P002149,INV02149,2025-12-22,42710.81,Bank Transfer,Partial
P002150,INV02150,2024-06-28,0.0,Credit Card,Failed
P002151,INV02151,2024-07-16,20489.96,Wire,Partial
P002152,INV02152,2025-02-01,16417.75,Wire,Full
P002153,INV02153,2025-01-19,10723.49,Wire,Partial
P002154,INV02154,2026-01-17,54710.47,Credit Card,Full
P002155,INV02155,2026-01-23,36995.73,Wire,Full
P002156,INV02156,2024-08-03,25881.85,Credit Card,Full
P002157,INV02157,2025-01-20,34811.65,Wire,Full
P002158,INV02158,2026-03-12,22891.34,Wire,Full
P002159,INV02159,2024-09-02,50052.04,Wire,Partial
P002160,INV02160,2026-06-19,36423.46,Bank Transfer,Full
P002161,INV02161,2024-12-07,14230.0,Credit Card,Full
P002162,INV02162,2024-07-15,57296.83,Bank Transfer,Full
P002163,INV02163,2024-10-17,32950.82,Wire,Full
P002164,INV02164,2025-04-12,21935.44,Bank Transfer,Full
P002165,INV02165,2024-06-29,9737.59,Wire,Full
P002166,INV02166,2025-04-03,30653.260000000002,Credit Card,Full
P002167,INV02167,2024-11-02,0.0,Credit Card,Failed
P002168,INV02168,2026-02-28,59646.84,Bank Transfer,Full
P002169,INV02169,2025-02-25,33302.899999999994,Credit Card,Full
P002170,INV02170,2025-05-13,26878.45,Wire,Full
P002171,INV02171,2024-09-25,27701.42,Bank Transfer,Full
P002172,INV02172,2025-06-05,0.0,Credit Card,Failed
P002173,INV02173,2025-01-14,14536.33,Credit Card,Full
P002174,INV02174,2024-07-03,46685.340000000004,Credit Card,Full
P002175,INV02175,2026-03-10,21744.9,Wire,Full
P002176,INV02176,2026-04-07,0.0,Wire,Failed
P002177,INV02177,2025-08-15,34649.42,Wire,Full
P002178,INV02178,2025-12-21,22933.25,Wire,Full
P002179,INV02179,2024-07-10,7389.94,Credit Card,Partial
P002180,INV02180,2024-12-29,34362.899999999994,Wire,Full
P002181,INV02181,2024-10-19,0.0,Wire,Failed
P002182,INV02182,2024-06-29,0.0,Bank Transfer,Failed
P002183,INV02183,2025-08-31,20463.82,Credit Card,Full
P002184,INV02184,2025-06-19,43409.130000000005,Wire,Full
P002185,INV02185,2025-09-07,8192.81,Credit Card,Partial
P002186,INV02186,2025-08-03,12806.15,Credit Card,Partial
P002187,INV02187,2025-12-19,20786.620000000003,Bank Transfer,Full
P002188,INV02188,2026-06-17,51375.53,Credit Card,Full
P002189,INV02189,2025-04-10,12131.74,Wire,Partial
P002190,INV02190,2024-12-22,27046.36,Wire,Partial
P002191,INV02191,2025-12-18,22034.7,Wire,Partial
P002192,INV02192,2025-11-03,43601.55,Credit Card,Partial
P002193,INV02193,2024-11-17,26588.78,Bank Transfer,Full
P002194,INV02194,2025-07-23,31438.71,Bank Transfer,Partial
P002195,INV02195,2025-06-24,50841.59,Credit Card,Full
P002196,INV02196,2025-12-22,14162.3,Wire,Partial
P002197,INV02197,2024-11-27,49262.15,Bank Transfer,Full
P002198,INV02198,2024-07-28,44468.86,Credit Card,Full
P002199,INV02199,2025-02-02,58756.04,Credit Card,Full
P002200,INV02200,2025-04-09,47426.27,Wire,Full
P002201,INV02201,2025-01-30,25457.42,Wire,Partial
P002202,INV02202,2024-07-31,38396.659999999996,Bank Transfer,Full
P002203,INV02203,2024-07-17,20458.23,Wire,Full
P002204,INV02204,2025-10-13,15646.08,Bank Transfer,Partial
P002205,INV02205,2024-10-31,13105.94,Bank Transfer,Partial
P002206,INV02206,2025-12-05,50282.869999999995,Bank Transfer,Full
P002207,INV02207,2025-07-15,21829.87,Credit Card,Full
P002208,INV02208,2025-12-05,26145.31,Wire,Full
P002209,INV02209,2024-09-09,32343.34,Bank Transfer,Full
P002210,INV02210,2025-09-23,44619.25,Wire,Full
P002211,INV02211,2024-10-26,38267.45,Bank Transfer,Partial
P002212,INV02212,2024-07-10,43929.53999999999,Bank Transfer,Full
P002213,INV02213,2026-01-01,0.0,Wire,Failed
P002214,INV02214,2025-11-18,0.0,Bank Transfer,Failed
P002215,INV02215,2026-03-11,10126.65,Bank Transfer,Partial
P002216,INV02216,2025-08-15,49138.89,Bank Transfer,Full
P002217,INV02217,2025-12-21,37356.58,Bank Transfer,Full
P002218,INV02218,2025-02-06,0.0,Bank Transfer,Failed
P002219,INV02219,2025-11-19,11296.61,Credit Card,Full
P002220,INV02220,2024-12-30,6597.46,Wire,Partial
P002221,INV02221,2025-08-29,0.0,Bank Transfer,Failed
P002222,INV02222,2025-11-05,0.0,Bank Transfer,Failed
P002223,INV02223,2025-02-01,19461.93,Bank Transfer,Full
P002224,INV02224,2025-09-15,33895.5,Wire,Full
P002225,INV02225,2025-01-15,19932.92,Bank Transfer,Partial
P002226,INV02226,2025-05-09,43722.68,Wire,Full
P002227,INV02227,2026-02-15,32758.670000000002,Wire,Full
P002228,INV02228,2025-04-17,25329.68,Credit Card,Full
P002229,INV02229,2024-12-17,34828.96,Wire,Full
P002230,INV02230,2025-12-20,56237.06,Bank Transfer,Full
P002231,INV02231,2025-06-05,3043.19,Wire,Partial
P002232,INV02232,2025-01-06,40581.82,Wire,Full
P002233,INV02233,2026-01-03,14849.9,Bank Transfer,Full
P002234,INV02234,2026-03-21,52330.61,Credit Card,Full
P002235,INV02235,2025-03-30,43454.81,Bank Transfer,Full
P002236,INV02236,2024-11-25,27485.65,Wire,Full
P002237,INV02237,2025-01-13,43996.31,Bank Transfer,Full
P002238,INV02238,2026-01-18,20514.809999999998,Bank Transfer,Full
P002239,INV02239,2025-09-14,23242.62,Wire,Partial
P002240,INV02240,2026-05-02,45663.55,Bank Transfer,Partial
P002241,INV02241,2024-09-19,30826.370000000003,Bank Transfer,Full
P002242,INV02242,2025-10-03,34806.630000000005,Wire,Full
P002243,INV02243,2025-03-30,0.0,Wire,Failed
P002244,INV02244,2025-05-13,41423.64,Wire,Full
P002245,INV02245,2025-05-14,14709.76,Wire,Full
P002246,INV02246,2025-06-26,49933.11,Wire,Full
P002247,INV02247,2026-02-23,36088.509999999995,Bank Transfer,Full
P002248,INV02248,2024-12-24,15230.509999999998,Bank Transfer,Full
P002249,INV02249,2026-04-15,33220.92,Wire,Full
P002250,INV02250,2026-06-09,26617.550000000003,Bank Transfer,Full
P002251,INV02251,2025-10-18,0.0,Credit Card,Failed
P002252,INV02252,2025-08-15,55076.07,Credit Card,Full
P002253,INV02253,2024-06-24,40105.5,Bank Transfer,Full
P002254,INV02254,2025-07-03,44838.89,Credit Card,Partial
P002255,INV02255,2026-03-07,50677.43,Wire,Full
P002256,INV02256,2024-12-09,13079.27,Wire,Full
P002257,INV02257,2026-03-30,14432.96,Wire,Full
P002258,INV02258,2025-09-07,33036.53,Wire,Full
P002259,INV02259,2024-10-27,0.0,Wire,Failed
P002260,INV02260,2025-02-13,41742.17,Credit Card,Full
P002261,INV02261,2024-08-06,41890.88,Credit Card,Full
P002262,INV02262,2025-12-23,0.0,Credit Card,Failed
P002263,INV02263,2025-05-09,38705.439999999995,Credit Card,Full
P002264,INV02264,2026-01-14,17400.45,Credit Card,Partial
P002265,INV02265,2025-03-31,28352.44,Credit Card,Partial
P002266,INV02266,2026-02-12,26305.71,Credit Card,Partial
P002267,INV02267,2026-03-31,32096.54,Wire,Partial
P002268,INV02268,2026-05-22,37543.35,Bank Transfer,Full
P002269,INV02269,2025-11-13,15380.46,Credit Card,Partial
P002270,INV02270,2026-01-15,33032.130000000005,Bank Transfer,Full
P002271,INV02271,2025-04-23,54241.939999999995,Wire,Full
P002272,INV02272,2024-09-10,16093.89,Wire,Full
P002273,INV02273,2025-01-21,18187.66,Wire,Partial
P002274,INV02274,2025-12-04,15330.31,Credit Card,Partial
P002275,INV02275,2026-03-25,0.0,Bank Transfer,Failed
P002276,INV02276,2024-10-26,45869.26,Wire,Full
P002277,INV02277,2024-10-18,41758.03,Bank Transfer,Partial
P002278,INV02278,2026-01-16,2453.94,Bank Transfer,Partial
P002279,INV02279,2026-01-20,52860.09,Bank Transfer,Full
P002280,INV02280,2024-09-29,12800.65,Wire,Partial
P002281,INV02281,2024-11-30,43038.57,Bank Transfer,Full
P002282,INV02282,2026-05-14,31698.11,Bank Transfer,Partial
P002283,INV02283,2025-02-14,11998.630000000001,Credit Card,Full
P002284,INV02284,2025-10-23,41804.65,Credit Card,Full
P002285,INV02285,2024-10-27,45919.630000000005,Credit Card,Full
P002286,INV02286,2026-06-22,30420.019999999997,Bank Transfer,Full
P002287,INV02287,2024-07-16,33300.42,Bank Transfer,Full
P002288,INV02288,2026-02-01,43723.15,Wire,Full
P002289,INV02289,2024-07-20,32219.07,Wire,Full
P002290,INV02290,2025-01-21,31073.91,Wire,Full
P002291,INV02291,2026-07-03,30943.95,Bank Transfer,Full
P002292,INV02292,2024-11-05,31669.76,Wire,Full
P002293,INV02293,2025-06-10,17917.11,Bank Transfer,Full
P002294,INV02294,2024-07-05,16187.42,Wire,Full
P002295,INV02295,2025-09-03,0.0,Bank Transfer,Failed
P002296,INV02296,2026-01-26,38788.18,Credit Card,Full
P002297,INV02297,2024-08-25,53787.920000000006,Bank Transfer,Full
P002298,INV02298,2026-02-12,16588.22,Credit Card,Full
P002299,INV02299,2025-01-14,10624.810000000001,Wire,Full
P002300,INV02300,2026-02-01,48069.55,Bank Transfer,Full
P002301,INV02301,2024-09-27,39278.03,Bank Transfer,Full
P002302,INV02302,2025-06-16,51541.31,Wire,Full
P002303,INV02303,2026-06-26,39089.259999999995,Wire,Full
P002304,INV02304,2025-10-09,53629.4,Credit Card,Full
P002305,INV02305,2025-08-21,19606.260000000002,Credit Card,Full
P002306,INV02306,2025-04-12,47919.770000000004,Credit Card,Full
P002307,INV02307,2025-04-03,32036.54,Wire,Full
P002308,INV02308,2026-06-13,17077.16,Wire,Full
P002309,INV02309,2024-12-25,26569.18,Bank Transfer,Full
P002310,INV02310,2025-07-23,55146.58,Credit Card,Full
P002311,INV02311,2026-05-16,33952.2,Bank Transfer,Partial
P002312,INV02312,2026-02-07,20987.88,Wire,Full
P002313,INV02313,2024-07-27,0.0,Bank Transfer,Failed
P002314,INV02314,2024-11-04,46477.340000000004,Bank Transfer,Full
P002315,INV02315,2024-07-14,19539.82,Bank Transfer,Partial
P002316,INV02316,2024-07-21,40153.4,Bank Transfer,Partial
P002317,INV02317,2026-05-16,42183.020000000004,Credit Card,Full
P002318,INV02318,2024-10-27,18038.14,Credit Card,Partial
P002319,INV02319,2024-09-23,10685.6,Bank Transfer,Partial
P002320,INV02320,2024-07-30,20209.47,Bank Transfer,Full
P002321,INV02321,2024-11-18,40318.46,Wire,Full
P002322,INV02322,2025-10-15,46397.66,Bank Transfer,Full
P002323,INV02323,2025-01-26,0.0,Wire,Failed
P002324,INV02324,2025-08-20,21630.460000000003,Bank Transfer,Full
P002325,INV02325,2025-09-14,13779.8,Bank Transfer,Full
P002326,INV02326,2026-04-25,39019.740000000005,Credit Card,Full
P002327,INV02327,2024-08-02,59345.5,Wire,Full
P002328,INV02328,2026-03-08,24471.72,Wire,Full
P002329,INV02329,2026-03-14,45872.24,Wire,Full
P002330,INV02330,2025-12-31,22259.35,Bank Transfer,Partial
P002331,INV02331,2025-11-06,5451.3,Bank Transfer,Partial
P002332,INV02332,2024-06-22,35396.07,Wire,Full
P002333,INV02333,2024-11-16,44469.94,Bank Transfer,Partial
P002334,INV02334,2025-05-27,0.0,Credit Card,Failed
P002335,INV02335,2025-08-29,15130.08,Credit Card,Partial
P002336,INV02336,2025-10-05,17738.56,Bank Transfer,Full
P002337,INV02337,2026-03-14,15655.34,Wire,Full
P002338,INV02338,2025-08-02,31248.0,Bank Transfer,Partial
P002339,INV02339,2026-05-17,32469.2,Bank Transfer,Partial
P002340,INV02340,2024-07-04,15610.550000000001,Wire,Full
P002341,INV02341,2025-07-09,0.0,Wire,Failed
P002342,INV02342,2026-06-07,42776.310000000005,Credit Card,Full
P002343,INV02343,2025-07-08,0.0,Wire,Failed
P002344,INV02344,2026-05-11,46236.490000000005,Credit Card,Full
P002345,INV02345,2025-02-10,27392.699999999997,Wire,Full
P002346,INV02346,2025-05-13,15506.720000000001,Bank Transfer,Full
P002347,INV02347,2025-10-07,47641.99,Credit Card,Full
P002348,INV02348,2025-10-06,7248.57,Bank Transfer,Partial
P002349,INV02349,2026-01-29,44309.509999999995,Bank Transfer,Full
P002350,INV02350,2025-11-19,14674.61,Credit Card,Partial
P002351,INV02351,2025-08-14,44175.12,Wire,Full
P002352,INV02352,2025-09-01,11496.27,Bank Transfer,Full
P002353,INV02353,2025-07-08,22931.089999999997,Wire,Full
P002354,INV02354,2025-10-05,44108.39,Wire,Full
P002355,INV02355,2025-07-02,17762.920000000002,Wire,Full
P002356,INV02356,2026-05-19,11172.04,Credit Card,Partial
P002357,INV02357,2024-11-10,54092.24,Wire,Full
P002358,INV02358,2025-09-04,15523.91,Bank Transfer,Partial
P002359,INV02359,2024-11-12,28748.52,Wire,Full
P002360,INV02360,2025-12-09,43057.62,Bank Transfer,Full
P002361,INV02361,2025-11-07,39822.47,Bank Transfer,Full
P002362,INV02362,2025-02-10,36008.29,Credit Card,Full
P002363,INV02363,2026-01-19,28517.61,Credit Card,Partial
P002364,INV02364,2025-11-27,38061.14,Wire,Full
P002365,INV02365,2024-07-24,50252.47,Bank Transfer,Full
P002366,INV02366,2026-02-01,58046.020000000004,Bank Transfer,Full
P002367,INV02367,2024-11-05,9335.9,Credit Card,Full
P002368,INV02368,2025-07-17,42207.25,Credit Card,Full
P002369,INV02369,2026-05-09,50277.71000000001,Bank Transfer,Full
P002370,INV02370,2026-02-06,48517.03,Credit Card,Full
P002371,INV02371,2026-05-08,19222.88,Credit Card,Full
P002372,INV02372,2025-01-13,51087.48,Credit Card,Full
P002373,INV02373,2025-10-26,11306.65,Wire,Full
P002374,INV02374,2025-10-16,51126.619999999995,Wire,Full
P002375,INV02375,2024-09-23,24659.98,Credit Card,Full
P002376,INV02376,2025-03-15,55323.58,Credit Card,Full
P002377,INV02377,2026-03-28,12487.92,Bank Transfer,Full
P002378,INV02378,2026-04-30,32255.78,Bank Transfer,Full
P002379,INV02379,2026-05-10,8511.27,Wire,Full
P002380,INV02380,2025-06-12,0.0,Credit Card,Failed
P002381,INV02381,2026-04-07,15662.27,Credit Card,Full
P002382,INV02382,2026-01-13,17363.25,Wire,Full
P002383,INV02383,2026-03-01,5977.85,Credit Card,Partial
P002384,INV02384,2025-06-02,55994.08,Wire,Full
P002385,INV02385,2024-12-01,0.0,Wire,Failed
P002386,INV02386,2024-06-19,29859.329999999998,Credit Card,Full
P002387,INV02387,2024-11-17,10819.61,Bank Transfer,Full
P002388,INV02388,2024-07-20,53729.51,Bank Transfer,Full
P002389,INV02389,2025-12-20,38599.65,Bank Transfer,Full
P002390,INV02390,2024-11-14,21783.63,Wire,Full
P002391,INV02391,2024-12-28,8356.54,Credit Card,Full
P002392,INV02392,2025-05-28,25597.239999999998,Credit Card,Full
P002393,INV02393,2025-03-24,45455.979999999996,Wire,Full
P002394,INV02394,2025-01-30,7980.8099999999995,Credit Card,Full
P002395,INV02395,2025-06-30,26750.489999999998,Credit Card,Full
P002396,INV02396,2025-02-16,37377.09,Credit Card,Full
P002397,INV02397,2024-09-13,49931.89,Credit Card,Full
P002398,INV02398,2026-03-09,23925.9,Credit Card,Full
P002399,INV02399,2024-08-18,56248.56,Wire,Full
P002400,INV02400,2025-11-06,0.0,Bank Transfer,Failed
P002401,INV02401,2026-03-29,0.0,Wire,Failed
P002402,INV02402,2025-12-02,11255.27,Bank Transfer,Partial
P002403,INV02403,2024-10-28,15789.61,Wire,Full
P002404,INV02404,2025-02-26,12309.41,Bank Transfer,Partial
P002405,INV02405,2025-02-24,33771.43,Wire,Full
P002406,INV02406,2024-12-30,45727.58,Bank Transfer,Full
P002407,INV02407,2025-12-20,43897.740000000005,Bank Transfer,Full
P002408,INV02408,2025-02-28,29601.08,Wire,Full
P002409,INV02409,2025-01-13,14326.220000000001,Wire,Full
P002410,INV02410,2024-10-15,26529.28,Bank Transfer,Full
P002411,INV02411,2025-02-06,0.0,Bank Transfer,Failed
P002412,INV02412,2025-09-05,46176.73,Credit Card,Full
P002413,INV02413,2026-02-13,14573.48,Credit Card,Full
P002414,INV02414,2026-03-22,51843.369999999995,Wire,Full
P002415,INV02415,2024-12-16,19078.14,Wire,Full
P002416,INV02416,2024-09-26,42983.32,Credit Card,Full
P002417,INV02417,2025-07-30,10696.64,Credit Card,Partial
P002418,INV02418,2024-11-06,23550.45,Wire,Full
P002419,INV02419,2025-09-22,12489.53,Wire,Full
P002420,INV02420,2025-09-25,14332.849999999999,Wire,Full
P002421,INV02421,2026-01-02,22181.600000000002,Bank Transfer,Full
P002422,INV02422,2025-05-05,24539.449999999997,Bank Transfer,Full
P002423,INV02423,2025-09-12,49840.13,Bank Transfer,Full
P002424,INV02424,2025-06-07,19469.27,Wire,Full
P002425,INV02425,2025-07-24,19384.99,Wire,Full
P002426,INV02426,2026-06-13,25107.81,Wire,Full
P002427,INV02427,2024-12-19,27588.2,Bank Transfer,Partial
P002428,INV02428,2025-11-04,0.0,Credit Card,Failed
P002429,INV02429,2026-02-23,52537.82,Credit Card,Full
P002430,INV02430,2025-10-20,43132.8,Credit Card,Full
P002431,INV02431,2025-12-30,9254.71,Credit Card,Partial
P002432,INV02432,2025-11-06,31961.14,Wire,Full
P002433,INV02433,2025-01-28,20843.39,Credit Card,Full
P002434,INV02434,2025-12-30,51269.64,Bank Transfer,Full
P002435,INV02435,2025-10-25,14504.130000000001,Credit Card,Full
P002436,INV02436,2025-07-18,21884.18,Bank Transfer,Full
P002437,INV02437,2026-02-19,51241.6,Wire,Full
P002438,INV02438,2025-12-07,30616.82,Bank Transfer,Full
P002439,INV02439,2025-11-29,44631.08,Bank Transfer,Full
P002440,INV02440,2024-08-02,33930.68,Bank Transfer,Partial
P002441,INV02441,2025-09-18,17416.34,Bank Transfer,Full
P002442,INV02442,2024-10-23,0.0,Credit Card,Failed
P002443,INV02443,2025-02-22,10685.43,Credit Card,Full
P002444,INV02444,2025-07-05,37856.18,Bank Transfer,Full
P002445,INV02445,2026-06-12,45475.03,Bank Transfer,Full
P002446,INV02446,2024-09-08,33444.399999999994,Bank Transfer,Full
P002447,INV02447,2025-09-04,41729.29,Wire,Full
P002448,INV02448,2025-06-22,11338.82,Bank Transfer,Full
P002449,INV02449,2026-07-02,30256.489999999998,Wire,Full
P002450,INV02450,2025-07-28,14202.39,Bank Transfer,Full
P002451,INV02451,2025-01-31,49127.21,Bank Transfer,Full
P002452,INV02452,2025-05-28,13581.99,Wire,Full
P002453,INV02453,2025-05-28,27799.82,Wire,Full
P002454,INV02454,2025-11-26,33179.17,Bank Transfer,Full
P002455,INV02455,2025-09-02,9272.29,Wire,Full
P002456,INV02456,2025-09-08,22114.42,Credit Card,Partial
P002457,INV02457,2025-12-14,18366.68,Wire,Full
P002458,INV02458,2025-12-17,47644.82,Credit Card,Full
P002459,INV02459,2026-01-28,32649.74,Bank Transfer,Full
P002460,INV02460,2026-07-09,14752.31,Wire,Partial
P002461,INV02461,2026-05-15,45410.869999999995,Bank Transfer,Full
P002462,INV02462,2025-04-17,45410.54,Wire,Full
P002463,INV02463,2025-03-24,21883.260000000002,Wire,Full
P002464,INV02464,2025-12-20,12343.41,Credit Card,Full
P002465,INV02465,2026-06-07,56318.85,Bank Transfer,Full
P002466,INV02466,2025-11-05,34496.71,Bank Transfer,Partial
P002467,INV02467,2025-02-07,27482.24,Wire,Full
P002468,INV02468,2024-10-13,0.0,Wire,Failed
P002469,INV02469,2025-05-03,37737.04,Bank Transfer,Full
P002470,INV02470,2025-01-14,48379.22,Credit Card,Full
P002471,INV02471,2025-07-18,14827.1,Credit Card,Full
P002472,INV02472,2025-04-08,21196.11,Bank Transfer,Full
P002473,INV02473,2025-12-02,28833.77,Credit Card,Partial
P002474,INV02474,2025-03-17,37787.54,Bank Transfer,Full
P002475,INV02475,2025-01-05,30304.3,Wire,Full
P002476,INV02476,2025-08-13,44062.27,Credit Card,Full
P002477,INV02477,2025-02-24,38048.57,Credit Card,Full
P002478,INV02478,2024-11-27,10723.89,Credit Card,Full
P002479,INV02479,2024-12-02,0.0,Wire,Failed
P002480,INV02480,2025-06-03,49730.229999999996,Credit Card,Full
P002481,INV02481,2025-02-16,13214.23,Wire,Partial
P002482,INV02482,2026-06-10,0.0,Bank Transfer,Failed
P002483,INV02483,2026-04-27,28977.6,Bank Transfer,Partial
P002484,INV02484,2025-09-22,27680.05,Wire,Partial
P002485,INV02485,2025-01-26,45313.28,Wire,Full
P002486,INV02486,2025-09-04,39858.66,Wire,Partial
P002487,INV02487,2026-03-06,49008.880000000005,Bank Transfer,Full
P002488,INV02488,2025-03-30,0.0,Wire,Failed
P002489,INV02489,2024-10-15,21905.84,Bank Transfer,Full
P002490,INV02490,2024-11-10,0.0,Bank Transfer,Failed
P002491,INV02491,2026-05-02,36143.41,Bank Transfer,Full
P002492,INV02492,2025-06-15,0.0,Wire,Failed
P002493,INV02493,2026-05-17,56462.74,Credit Card,Full
P002494,INV02494,2025-07-21,53830.6,Bank Transfer,Full
P002495,INV02495,2025-11-26,43435.229999999996,Credit Card,Full
P002496,INV02496,2026-02-11,39396.75,Wire,Full
P002497,INV02497,2025-04-29,51537.56,Wire,Full
P002498,INV02498,2025-10-30,18200.99,Wire,Partial
P002499,INV02499,2025-08-30,37496.02,Credit Card,Full
P002500,INV02500,2025-06-28,38645.11,Bank Transfer,Full
P002501,INV02501,2025-11-06,13849.82,Wire,Full
P002502,INV02502,2025-01-10,10946.7,Bank Transfer,Full
P002503,INV02503,2024-10-18,42258.82,Credit Card,Full
P002504,INV02504,2025-09-14,48517.18,Wire,Full
P002505,INV02505,2025-03-08,25082.48,Credit Card,Partial
P002506,INV02506,2024-10-15,24685.2,Credit Card,Partial
P002507,INV02507,2026-04-02,45150.65,Bank Transfer,Full
P002508,INV02508,2024-06-11,59641.2,Credit Card,Full
P002509,INV02509,2024-10-09,13322.3,Wire,Full
P002510,INV02510,2024-09-09,30963.42,Credit Card,Full
P002511,INV02511,2024-07-28,27490.92,Bank Transfer,Partial
P002512,INV02512,2026-01-13,35741.9,Bank Transfer,Full
P002513,INV02513,2025-11-12,52972.590000000004,Credit Card,Full
P002514,INV02514,2024-11-30,46700.54,Credit Card,Full
P002515,INV02515,2026-03-07,51841.96,Credit Card,Full
P002516,INV02516,2024-09-16,59471.64,Credit Card,Full
P002517,INV02517,2025-09-08,4409.95,Wire,Partial
P002518,INV02518,2024-11-28,33504.56,Bank Transfer,Full
P002519,INV02519,2024-09-02,51225.28,Bank Transfer,Partial
P002520,INV02520,2024-11-15,0.0,Bank Transfer,Failed
P002521,INV02521,2025-08-28,3268.82,Bank Transfer,Partial
P002522,INV02522,2026-07-01,17425.65,Wire,Full
P002523,INV02523,2026-04-25,40670.03,Bank Transfer,Partial
P002524,INV02524,2025-07-07,15232.08,Wire,Partial
P002525,INV02525,2024-07-21,30570.1,Credit Card,Full
P002526,INV02526,2024-12-26,31409.48,Credit Card,Full
P002527,INV02527,2024-10-17,23835.58,Bank Transfer,Partial
P002528,INV02528,2024-10-15,17786.02,Credit Card,Partial
P002529,INV02529,2025-03-02,0.0,Bank Transfer,Failed
P002530,INV02530,2024-08-16,12897.6,Bank Transfer,Full
P002531,INV02531,2026-03-13,54361.58,Bank Transfer,Full
P002532,INV02532,2025-03-06,20529.71,Bank Transfer,Full
P002533,INV02533,2025-07-09,17459.94,Bank Transfer,Full
P002534,INV02534,2025-11-12,53657.35,Bank Transfer,Full
P002535,INV02535,2025-02-20,0.0,Credit Card,Failed
P002536,INV02536,2024-09-24,0.0,Credit Card,Failed
P002537,INV02537,2026-01-18,16771.1,Wire,Full
P002538,INV02538,2025-11-21,10061.83,Wire,Full
P002539,INV02539,2025-09-12,27577.34,Bank Transfer,Full
P002540,INV02540,2024-11-01,55300.6,Credit Card,Full
P002541,INV02541,2026-07-09,51739.61,Bank Transfer,Full
P002542,INV02542,2025-06-16,55418.439999999995,Bank Transfer,Full
P002543,INV02543,2024-10-16,15717.119999999999,Bank Transfer,Full
P002544,INV02544,2025-07-02,39701.99,Credit Card,Full
P002545,INV02545,2025-05-16,23502.83,Credit Card,Full
P002546,INV02546,2024-11-17,8740.43,Bank Transfer,Full
P002547,INV02547,2026-04-06,20121.37,Credit Card,Full
P002548,INV02548,2024-07-05,21716.16,Wire,Full
P002549,INV02549,2025-03-28,27832.14,Wire,Full
P002550,INV02550,2024-08-20,33437.59,Bank Transfer,Full
P002551,INV02551,2024-11-15,0.0,Bank Transfer,Failed
P002552,INV02552,2026-06-30,59887.600000000006,Credit Card,Full
P002553,INV02553,2024-11-09,26315.59,Bank Transfer,Full
P002554,INV02554,2026-03-02,51266.53,Bank Transfer,Full
P002555,INV02555,2024-12-20,19085.550000000003,Credit Card,Full
P002556,INV02556,2024-12-31,0.0,Credit Card,Failed
P002557,INV02557,2025-05-09,17154.66,Bank Transfer,Full
P002558,INV02558,2025-10-25,41856.44,Bank Transfer,Partial
P002559,INV02559,2025-08-13,13408.96,Bank Transfer,Full
P002560,INV02560,2024-07-31,14735.97,Bank Transfer,Full
P002561,INV02561,2024-08-30,7631.12,Credit Card,Partial
P002562,INV02562,2026-02-08,29485.87,Bank Transfer,Full
P002563,INV02563,2025-03-16,29108.059999999998,Bank Transfer,Full
P002564,INV02564,2026-04-14,8854.96,Wire,Partial
P002565,INV02565,2025-12-07,25642.69,Credit Card,Full
P002566,INV02566,2025-06-06,10020.08,Wire,Full
P002567,INV02567,2026-01-22,16347.59,Bank Transfer,Partial
P002568,INV02568,2024-12-29,14388.43,Bank Transfer,Partial
P002569,INV02569,2025-09-13,0.0,Bank Transfer,Failed
P002570,INV02570,2025-09-05,48907.299999999996,Credit Card,Full
P002571,INV02571,2025-06-27,53002.39,Credit Card,Full
P002572,INV02572,2025-10-07,40539.44,Bank Transfer,Full
P002573,INV02573,2024-11-08,31735.29,Credit Card,Full
P002574,INV02574,2025-09-30,0.0,Bank Transfer,Failed
P002575,INV02575,2025-04-29,28848.660000000003,Bank Transfer,Full
P002576,INV02576,2026-02-14,47526.54,Credit Card,Full
P002577,INV02577,2025-12-12,53846.73,Bank Transfer,Full
P002578,INV02578,2026-01-26,32931.84,Bank Transfer,Partial
P002579,INV02579,2026-02-08,52306.4,Wire,Full
P002580,INV02580,2025-01-10,57998.39,Wire,Full
P002581,INV02581,2024-06-11,53195.87,Bank Transfer,Full
P002582,INV02582,2025-10-02,48575.5,Bank Transfer,Full
P002583,INV02583,2024-09-05,36477.75,Wire,Full
P002584,INV02584,2025-04-26,45354.729999999996,Wire,Full
P002585,INV02585,2024-09-17,0.0,Wire,Failed
P002586,INV02586,2025-12-22,8761.22,Bank Transfer,Full
P002587,INV02587,2025-08-14,32300.4,Credit Card,Full
P002588,INV02588,2025-01-01,36089.8,Bank Transfer,Full
P002589,INV02589,2025-05-17,29185.36,Credit Card,Full
P002590,INV02590,2024-10-05,42281.11,Wire,Full
P002591,INV02591,2025-09-20,13553.6,Credit Card,Full
P002592,INV02592,2026-06-27,18721.97,Credit Card,Full
P002593,INV02593,2025-09-25,45954.89,Credit Card,Full
P002594,INV02594,2024-12-19,18187.42,Bank Transfer,Partial
P002595,INV02595,2026-02-03,46853.31,Wire,Full
P002596,INV02596,2026-02-15,7365.6900000000005,Credit Card,Full
P002597,INV02597,2025-02-08,44854.15,Credit Card,Full
P002598,INV02598,2024-12-29,24116.98,Wire,Full
P002599,INV02599,2025-02-18,35514.229999999996,Bank Transfer,Full
P002600,INV02600,2024-07-14,53054.53999999999,Bank Transfer,Full
P002601,INV02601,2024-07-29,32072.55,Credit Card,Full
P002602,INV02602,2026-01-22,53629.61,Credit Card,Full
P002603,INV02603,2026-03-16,4652.7,Credit Card,Partial
P002604,INV02604,2025-08-26,5950.53,Credit Card,Partial
P002605,INV02605,2025-02-09,19609.449999999997,Credit Card,Full
P002606,INV02606,2025-01-01,0.0,Bank Transfer,Failed
P002607,INV02607,2025-12-05,26462.44,Credit Card,Partial
P002608,INV02608,2025-09-10,30328.79,Credit Card,Partial
P002609,INV02609,2025-02-12,59792.56,Credit Card,Full
P002610,INV02610,2024-10-23,0.0,Bank Transfer,Failed
P002611,INV02611,2025-09-22,22904.95,Bank Transfer,Full
P002612,INV02612,2025-12-06,52561.43,Bank Transfer,Full
P002613,INV02613,2026-05-01,14763.57,Wire,Full
P002614,INV02614,2026-05-09,5840.25,Credit Card,Full
P002615,INV02615,2024-10-29,40885.37,Credit Card,Full
P002616,INV02616,2025-04-11,55694.11,Wire,Full
P002617,INV02617,2024-07-19,47347.04,Bank Transfer,Full
P002618,INV02618,2026-03-04,15545.03,Bank Transfer,Partial
P002619,INV02619,2024-10-01,0.0,Bank Transfer,Failed
P002620,INV02620,2026-06-17,0.0,Bank Transfer,Failed
P002621,INV02621,2025-05-31,26294.48,Wire,Full
P002622,INV02622,2025-09-04,0.0,Bank Transfer,Failed
P002623,INV02623,2026-06-24,4944.43,Credit Card,Partial
P002624,INV02624,2025-04-18,47445.130000000005,Bank Transfer,Full
P002625,INV02625,2025-11-25,14156.47,Bank Transfer,Full
P002626,INV02626,2025-10-25,53619.03,Wire,Full
P002627,INV02627,2024-11-10,0.0,Credit Card,Failed
P002628,INV02628,2025-01-31,47953.850000000006,Credit Card,Full
P002629,INV02629,2026-07-07,18335.91,Bank Transfer,Partial
P002630,INV02630,2025-03-12,15077.24,Wire,Full
P002631,INV02631,2025-08-19,10117.95,Credit Card,Full
P002632,INV02632,2025-07-24,15912.9,Credit Card,Partial
P002633,INV02633,2025-03-07,43280.009999999995,Credit Card,Full
P002634,INV02634,2026-06-15,36015.38,Credit Card,Full
P002635,INV02635,2026-06-17,26091.99,Wire,Full
P002636,INV02636,2025-06-28,9348.48,Wire,Partial
P002637,INV02637,2025-06-24,8560.63,Wire,Partial
P002638,INV02638,2025-04-17,38780.63,Credit Card,Full
P002639,INV02639,2024-07-11,15293.0,Bank Transfer,Full
P002640,INV02640,2026-01-28,18976.72,Wire,Partial
P002641,INV02641,2025-02-17,47343.53,Wire,Full
P002642,INV02642,2026-03-31,16931.43,Credit Card,Partial
P002643,INV02643,2024-11-14,53060.83,Wire,Full
P002644,INV02644,2025-08-02,53942.21,Wire,Full
P002645,INV02645,2025-04-21,17532.4,Credit Card,Full
P002646,INV02646,2025-05-29,25297.989999999998,Bank Transfer,Full
P002647,INV02647,2025-09-21,0.0,Credit Card,Failed
P002648,INV02648,2025-08-15,50846.64,Credit Card,Full
P002649,INV02649,2025-05-24,26988.94,Credit Card,Full
P002650,INV02650,2025-11-15,19005.39,Bank Transfer,Partial
P002651,INV02651,2024-11-29,37613.97,Wire,Full
P002652,INV02652,2026-04-03,0.0,Wire,Failed
P002653,INV02653,2025-05-23,10642.64,Credit Card,Partial
P002654,INV02654,2024-11-10,21160.28,Credit Card,Partial
P002655,INV02655,2026-01-12,31977.51,Credit Card,Full
P002656,INV02656,2025-05-20,17647.98,Bank Transfer,Full
P002657,INV02657,2024-12-20,30347.480000000003,Wire,Full
P002658,INV02658,2025-08-08,45899.91,Credit Card,Full
P002659,INV02659,2025-05-02,53311.96000000001,Credit Card,Full
P002660,INV02660,2024-08-13,8857.95,Credit Card,Partial
P002661,INV02661,2025-02-26,0.0,Bank Transfer,Failed
P002662,INV02662,2025-06-28,17139.46,Bank Transfer,Partial
P002663,INV02663,2026-02-18,10562.18,Bank Transfer,Partial
P002664,INV02664,2025-07-30,29834.14,Credit Card,Full
P002665,INV02665,2025-02-18,28147.09,Bank Transfer,Partial
P002666,INV02666,2026-05-18,42788.06,Credit Card,Full
P002667,INV02667,2024-12-30,27727.97,Credit Card,Full
P002668,INV02668,2025-01-13,11972.51,Credit Card,Partial
P002669,INV02669,2024-07-12,25331.69,Bank Transfer,Partial
P002670,INV02670,2025-10-23,36802.56,Bank Transfer,Full
P002671,INV02671,2024-09-29,41032.51,Wire,Full
P002672,INV02672,2026-04-08,51710.200000000004,Bank Transfer,Full
P002673,INV02673,2025-11-02,29388.18,Wire,Full
P002674,INV02674,2026-05-20,4988.55,Credit Card,Full
P002675,INV02675,2025-04-04,0.0,Wire,Failed
P002676,INV02676,2025-02-23,31661.78,Bank Transfer,Full
P002677,INV02677,2025-08-07,42149.74,Bank Transfer,Full
P002678,INV02678,2026-02-05,4416.16,Wire,Partial
P002679,INV02679,2025-12-10,46435.659999999996,Bank Transfer,Full
P002680,INV02680,2025-07-17,49412.340000000004,Bank Transfer,Full
P002681,INV02681,2025-04-07,55133.04,Wire,Full
P002682,INV02682,2024-11-30,16884.97,Credit Card,Partial
P002683,INV02683,2026-04-15,17669.67,Wire,Partial
P002684,INV02684,2024-08-04,31261.22,Bank Transfer,Full
P002685,INV02685,2025-02-05,7749.8,Credit Card,Partial
P002686,INV02686,2025-12-24,51869.51,Wire,Full
P002687,INV02687,2025-02-13,52157.490000000005,Bank Transfer,Full
P002688,INV02688,2026-05-03,50620.86,Wire,Full
P002689,INV02689,2025-10-07,29406.84,Bank Transfer,Full
P002690,INV02690,2024-08-13,10724.95,Wire,Full
P002691,INV02691,2024-11-15,10129.02,Credit Card,Full
P002692,INV02692,2025-09-01,0.0,Bank Transfer,Failed
P002693,INV02693,2025-09-22,0.0,Wire,Failed
P002694,INV02694,2025-09-18,54678.33,Credit Card,Full
P002695,INV02695,2025-01-12,7016.63,Wire,Partial
P002696,INV02696,2025-07-25,19673.96,Wire,Full
P002697,INV02697,2025-01-26,53275.310000000005,Wire,Full
P002698,INV02698,2026-06-19,0.0,Credit Card,Failed
P002699,INV02699,2026-05-14,40867.89,Bank Transfer,Full
P002700,INV02700,2025-08-19,13365.25,Bank Transfer,Full
P002701,INV02701,2024-07-13,23193.629999999997,Bank Transfer,Full
P002702,INV02702,2025-11-06,12018.61,Bank Transfer,Full
P002703,INV02703,2025-11-15,50271.740000000005,Bank Transfer,Full
P002704,INV02704,2025-08-02,14658.07,Wire,Full
P002705,INV02705,2025-02-28,52696.65,Credit Card,Full
P002706,INV02706,2026-05-07,45849.18,Credit Card,Full
P002707,INV02707,2025-09-17,32994.61,Bank Transfer,Full
P002708,INV02708,2025-12-01,57795.58,Wire,Full
P002709,INV02709,2026-05-26,19942.43,Credit Card,Full
P002710,INV02710,2025-01-15,15114.66,Wire,Partial
P002711,INV02711,2024-09-17,24304.95,Wire,Partial
P002712,INV02712,2025-10-04,9158.1,Wire,Partial
P002713,INV02713,2024-10-01,7859.4400000000005,Bank Transfer,Full
P002714,INV02714,2024-12-23,22360.120000000003,Credit Card,Full
P002715,INV02715,2024-07-18,7024.55,Wire,Partial
P002716,INV02716,2024-09-20,39032.69,Credit Card,Full
P002717,INV02717,2025-03-15,15303.55,Bank Transfer,Partial
P002718,INV02718,2024-07-21,10513.9,Bank Transfer,Full
P002719,INV02719,2025-06-09,13849.91,Wire,Full
P002720,INV02720,2026-02-12,35226.38,Wire,Full
P002721,INV02721,2024-08-15,56378.99,Bank Transfer,Full
P002722,INV02722,2025-01-25,26294.219999999998,Wire,Full
P002723,INV02723,2025-08-06,15285.33,Wire,Full
P002724,INV02724,2025-10-27,39518.29,Wire,Full
P002725,INV02725,2026-05-03,19038.559999999998,Credit Card,Full
P002726,INV02726,2025-01-16,35227.600000000006,Wire,Full
P002727,INV02727,2024-12-04,47364.75,Bank Transfer,Full
P002728,INV02728,2024-11-27,29253.49,Credit Card,Partial
P002729,INV02729,2025-07-17,30525.63,Credit Card,Full
P002730,INV02730,2024-07-18,6360.01,Wire,Full
P002731,INV02731,2026-05-02,25808.23,Wire,Partial
P002732,INV02732,2024-08-25,45984.58,Credit Card,Full
P002733,INV02733,2025-08-20,41242.47,Wire,Full
P002734,INV02734,2025-10-09,42691.45,Wire,Partial
P002735,INV02735,2025-10-18,8490.48,Wire,Partial
P002736,INV02736,2025-06-14,26838.93,Bank Transfer,Full
P002737,INV02737,2024-06-20,60528.12,Bank Transfer,Full
P002738,INV02738,2025-03-12,11168.89,Wire,Full
P002739,INV02739,2025-05-06,12817.630000000001,Credit Card,Full
P002740,INV02740,2024-08-03,40230.159999999996,Bank Transfer,Full
P002741,INV02741,2026-02-04,13746.88,Wire,Partial
P002742,INV02742,2024-09-08,54199.32,Wire,Full
P002743,INV02743,2025-12-18,14785.67,Wire,Partial
P002744,INV02744,2026-05-25,8450.18,Bank Transfer,Full
P002745,INV02745,2025-10-11,37012.67,Credit Card,Full
P002746,INV02746,2024-09-07,43493.78,Wire,Full
P002747,INV02747,2025-06-14,36081.61,Bank Transfer,Full
P002748,INV02748,2024-06-11,19139.81,Bank Transfer,Full
P002749,INV02749,2024-11-24,56977.81,Credit Card,Full
P002750,INV02750,2025-05-12,43768.08,Bank Transfer,Full
P002751,INV02751,2025-01-04,0.0,Bank Transfer,Failed
P002752,INV02752,2024-11-24,34575.41,Wire,Partial
P002753,INV02753,2024-11-03,46599.44,Credit Card,Full
P002754,INV02754,2024-11-02,18262.870000000003,Wire,Full
P002755,INV02755,2025-08-30,27249.29,Bank Transfer,Full
P002756,INV02756,2025-04-16,17065.7,Credit Card,Full
P002757,INV02757,2025-08-19,52990.56,Bank Transfer,Full
P002758,INV02758,2024-08-26,33941.94,Credit Card,Full
P002759,INV02759,2024-08-28,0.0,Wire,Failed
P002760,INV02760,2025-02-04,16908.75,Bank Transfer,Full
P002761,INV02761,2024-10-31,26431.800000000003,Credit Card,Full
P002762,INV02762,2026-06-06,32455.11,Wire,Full
P002763,INV02763,2024-07-01,30360.27,Credit Card,Partial
P002764,INV02764,2025-01-10,15590.76,Credit Card,Full
P002765,INV02765,2024-08-16,28281.149999999998,Wire,Full
P002766,INV02766,2025-09-07,52777.53,Bank Transfer,Full
P002767,INV02767,2024-10-24,22137.43,Bank Transfer,Partial
P002768,INV02768,2025-03-09,31765.59,Wire,Full
P002769,INV02769,2025-09-14,28292.79,Bank Transfer,Partial
P002770,INV02770,2025-06-25,48058.700000000004,Wire,Full
P002771,INV02771,2025-11-20,9854.91,Bank Transfer,Full
P002772,INV02772,2026-05-21,10585.74,Credit Card,Partial
P002773,INV02773,2025-09-21,45800.94,Credit Card,Full
P002774,INV02774,2025-09-22,38670.89,Credit Card,Partial
P002775,INV02775,2025-08-31,31471.33,Bank Transfer,Full
P002776,INV02776,2025-01-26,25519.6,Credit Card,Full
P002777,INV02777,2025-04-18,52588.97,Bank Transfer,Full
P002778,INV02778,2025-05-25,50261.14,Wire,Full
P002779,INV02779,2024-07-05,15282.800000000001,Bank Transfer,Full
P002780,INV02780,2026-06-07,20058.68,Bank Transfer,Full
P002781,INV02781,2025-09-06,31435.11,Credit Card,Full
P002782,INV02782,2026-06-23,3999.06,Bank Transfer,Partial
P002783,INV02783,2026-05-09,7975.18,Wire,Partial
P002784,INV02784,2025-01-17,22976.75,Bank Transfer,Partial
P002785,INV02785,2025-01-29,15521.12,Credit Card,Partial
P002786,INV02786,2025-11-30,23601.120000000003,Wire,Full
P002787,INV02787,2026-04-13,52998.74,Bank Transfer,Full
P002788,INV02788,2024-09-22,16345.26,Wire,Partial
P002789,INV02789,2025-04-29,0.0,Wire,Failed
P002790,INV02790,2025-09-20,53122.42,Wire,Full
P002791,INV02791,2026-07-02,34542.73,Wire,Full
P002792,INV02792,2025-10-21,10904.81,Wire,Partial
P002793,INV02793,2025-02-18,37702.659999999996,Wire,Full
P002794,INV02794,2025-02-18,22205.94,Credit Card,Full
P002795,INV02795,2024-11-19,0.0,Credit Card,Failed
P002796,INV02796,2026-05-24,52937.28,Bank Transfer,Full
P002797,INV02797,2024-12-25,23386.170000000002,Credit Card,Full
P002798,INV02798,2025-06-19,21785.18,Bank Transfer,Full
P002799,INV02799,2026-06-15,23487.34,Credit Card,Full
P002800,INV02800,2024-07-14,9459.61,Bank Transfer,Full
P002801,INV02801,2026-02-18,55455.7,Credit Card,Full
P002802,INV02802,2025-04-26,19930.23,Wire,Full
P002803,INV02803,2024-12-29,63064.08,Bank Transfer,Full
P002804,INV02804,2025-03-10,17621.02,Wire,Partial
P002805,INV02805,2024-07-02,28459.78,Credit Card,Full
P002806,INV02806,2025-07-03,8413.63,Bank Transfer,Full
P002807,INV02807,2024-09-10,32716.24,Credit Card,Full
P002808,INV02808,2025-10-19,13158.61,Credit Card,Partial
P002809,INV02809,2024-08-05,40248.79,Wire,Full
P002810,INV02810,2025-08-05,49268.159999999996,Wire,Full
P002811,INV02811,2024-11-19,49002.61,Wire,Full
P002812,INV02812,2025-06-26,36224.2,Credit Card,Partial
P002813,INV02813,2025-03-27,47463.64,Bank Transfer,Full
P002814,INV02814,2024-09-11,18261.39,Credit Card,Full
P002815,INV02815,2025-04-15,0.0,Wire,Failed
P002816,INV02816,2025-05-28,45526.350000000006,Bank Transfer,Full
P002817,INV02817,2026-05-28,56140.03,Bank Transfer,Full
P002818,INV02818,2024-07-17,28020.72,Credit Card,Full
P002819,INV02819,2026-02-17,39612.35,Wire,Full
P002820,INV02820,2025-07-16,6014.36,Credit Card,Full
P002821,INV02821,2026-03-12,24696.6,Bank Transfer,Full
P002822,INV02822,2024-09-01,38944.159999999996,Credit Card,Full
P002823,INV02823,2024-12-20,0.0,Wire,Failed
P002824,INV02824,2025-05-25,20107.72,Credit Card,Partial
P002825,INV02825,2025-07-06,23543.940000000002,Bank Transfer,Full
P002826,INV02826,2024-06-30,32602.37,Credit Card,Partial
P002827,INV02827,2026-06-12,45807.39,Credit Card,Full
P002828,INV02828,2025-08-30,14530.35,Wire,Partial
P002829,INV02829,2025-01-27,0.0,Credit Card,Failed
P002830,INV02830,2025-10-14,47175.869999999995,Bank Transfer,Full
P002831,INV02831,2026-05-12,45278.619999999995,Bank Transfer,Full
P002832,INV02832,2025-03-05,48260.090000000004,Credit Card,Full
P002833,INV02833,2026-06-11,59831.299999999996,Bank Transfer,Full
P002834,INV02834,2026-06-02,55140.11,Credit Card,Full
P002835,INV02835,2026-01-10,16226.21,Bank Transfer,Partial
P002836,INV02836,2025-04-02,24413.81,Bank Transfer,Full
P002837,INV02837,2026-05-23,14013.68,Bank Transfer,Partial
P002838,INV02838,2025-07-17,15754.439999999999,Credit Card,Full
P002839,INV02839,2025-08-17,18512.58,Wire,Full
P002840,INV02840,2024-11-25,0.0,Wire,Failed
P002841,INV02841,2026-03-02,12002.2,Wire,Partial
P002842,INV02842,2026-02-21,34135.33,Wire,Partial
P002843,INV02843,2024-11-21,51294.53,Credit Card,Full
P002844,INV02844,2025-01-09,50532.38,Bank Transfer,Full
P002845,INV02845,2025-03-30,5605.84,Wire,Partial
P002846,INV02846,2025-12-03,5087.18,Credit Card,Partial
P002847,INV02847,2026-06-26,12806.279999999999,Credit Card,Full
P002848,INV02848,2025-07-02,32825.56,Credit Card,Full
P002849,INV02849,2025-04-23,50039.28,Wire,Full
P002850,INV02850,2026-01-30,0.0,Bank Transfer,Failed
P002851,INV02851,2025-09-18,24855.449999999997,Credit Card,Full
P002852,INV02852,2025-04-30,16073.74,Wire,Partial
P002853,INV02853,2026-06-01,41849.79,Wire,Full
P002854,INV02854,2025-11-13,17891.97,Credit Card,Full
P002855,INV02855,2025-08-14,11866.89,Wire,Full
P002856,INV02856,2024-08-25,26022.17,Credit Card,Full
P002857,INV02857,2025-05-30,41194.03999999999,Wire,Full
P002858,INV02858,2024-12-23,31069.15,Bank Transfer,Full
P002859,INV02859,2024-10-26,0.0,Credit Card,Failed
P002860,INV02860,2026-03-18,30087.120000000003,Bank Transfer,Full
P002861,INV02861,2024-12-16,57974.31,Credit Card,Full
P002862,INV02862,2025-10-01,55380.259999999995,Wire,Full
P002863,INV02863,2025-05-08,6757.99,Bank Transfer,Partial
P002864,INV02864,2025-01-13,25872.8,Wire,Partial
P002865,INV02865,2024-09-13,45538.14,Bank Transfer,Full
P002866,INV02866,2025-03-25,13587.710000000001,Credit Card,Full
P002867,INV02867,2025-12-15,4116.42,Bank Transfer,Partial
P002868,INV02868,2025-04-16,12107.78,Credit Card,Partial
P002869,INV02869,2024-10-09,29649.32,Credit Card,Full
P002870,INV02870,2025-02-18,19962.85,Bank Transfer,Full
P002871,INV02871,2026-05-09,35398.94,Wire,Full
P002872,INV02872,2024-07-12,0.0,Credit Card,Failed
P002873,INV02873,2026-03-08,15407.53,Bank Transfer,Full
P002874,INV02874,2025-12-12,32468.480000000003,Wire,Full
P002875,INV02875,2024-08-28,18497.239999999998,Credit Card,Full
P002876,INV02876,2024-09-26,35246.54,Bank Transfer,Partial
P002877,INV02877,2025-04-27,37584.659999999996,Credit Card,Full
P002878,INV02878,2025-01-11,34985.16,Bank Transfer,Full
P002879,INV02879,2024-10-12,14313.7,Wire,Partial
P002880,INV02880,2025-07-27,30488.760000000002,Credit Card,Full
P002881,INV02881,2024-06-25,35510.31,Credit Card,Full
P002882,INV02882,2025-12-14,30786.73,Wire,Full
P002883,INV02883,2025-08-12,7364.97,Credit Card,Partial
P002884,INV02884,2024-06-22,4729.06,Bank Transfer,Partial
P002885,INV02885,2026-06-02,18949.33,Credit Card,Full
P002886,INV02886,2025-08-27,32053.81,Credit Card,Partial
P002887,INV02887,2025-03-11,31649.01,Bank Transfer,Full
P002888,INV02888,2025-12-07,43433.99,Wire,Full
P002889,INV02889,2025-10-26,18855.9,Wire,Full
P002890,INV02890,2025-12-01,14571.88,Bank Transfer,Partial
P002891,INV02891,2025-05-27,18564.88,Bank Transfer,Partial
P002892,INV02892,2026-03-21,11906.36,Wire,Full
P002893,INV02893,2024-11-11,16368.15,Bank Transfer,Full
P002894,INV02894,2024-08-28,19928.1,Wire,Full
P002895,INV02895,2025-11-20,21933.519999999997,Bank Transfer,Full
P002896,INV02896,2025-08-22,31209.7,Bank Transfer,Full
P002897,INV02897,2025-04-04,0.0,Bank Transfer,Failed
P002898,INV02898,2024-10-11,49372.37,Bank Transfer,Full
P002899,INV02899,2026-06-15,39332.03,Credit Card,Partial
P002900,INV02900,2025-05-27,0.0,Credit Card,Failed
P002901,INV02901,2025-03-06,38369.06,Bank Transfer,Full
P002902,INV02902,2026-02-03,31221.47,Wire,Full
P002903,INV02903,2025-12-04,31931.760000000002,Bank Transfer,Full
P002904,INV02904,2024-09-11,13288.599999999999,Credit Card,Full
P002905,INV02905,2025-10-03,42515.15,Wire,Full
P002906,INV02906,2025-10-25,37002.57,Credit Card,Full
P002907,INV02907,2026-05-11,26170.2,Credit Card,Partial
P002908,INV02908,2025-11-23,12359.400000000001,Bank Transfer,Full
P002909,INV02909,2026-02-14,19041.56,Bank Transfer,Full
P002910,INV02910,2025-03-25,60462.15,Bank Transfer,Full
P002911,INV02911,2025-05-16,18864.68,Wire,Full
P002912,INV02912,2026-06-09,32431.96,Credit Card,Partial
P002913,INV02913,2024-07-28,0.0,Wire,Failed
P002914,INV02914,2025-11-14,57962.020000000004,Credit Card,Full
P002915,INV02915,2026-01-22,21950.02,Credit Card,Partial
P002916,INV02916,2026-05-05,25168.28,Wire,Full
P002917,INV02917,2025-08-06,16123.51,Credit Card,Full
P002918,INV02918,2025-03-07,49719.22,Wire,Full
P002919,INV02919,2026-04-11,21097.79,Wire,Partial
P002920,INV02920,2024-08-07,0.0,Credit Card,Failed
P002921,INV02921,2025-06-12,27130.5,Bank Transfer,Full
P002922,INV02922,2025-02-23,52175.13,Wire,Full
P002923,INV02923,2025-11-05,38387.49,Bank Transfer,Full
P002924,INV02924,2025-07-09,42813.35,Bank Transfer,Full
P002925,INV02925,2025-09-17,44740.880000000005,Bank Transfer,Full
P002926,INV02926,2026-02-02,35217.61,Credit Card,Full
P002927,INV02927,2024-10-15,19221.75,Credit Card,Full
P002928,INV02928,2025-12-24,13721.57,Wire,Partial
P002929,INV02929,2024-08-08,38850.91,Bank Transfer,Full
P002930,INV02930,2025-12-05,47414.29,Wire,Full
P002931,INV02931,2025-09-01,39628.55,Wire,Full
P002932,INV02932,2026-05-13,14799.990000000002,Credit Card,Full
P002933,INV02933,2025-06-29,12585.95,Credit Card,Full
P002934,INV02934,2025-09-23,55682.57,Credit Card,Full
P002935,INV02935,2024-11-23,5557.49,Credit Card,Partial
P002936,INV02936,2025-08-09,20360.14,Bank Transfer,Full
P002937,INV02937,2026-01-27,14432.63,Credit Card,Partial
P002938,INV02938,2025-06-11,10274.13,Credit Card,Partial
P002939,INV02939,2026-05-18,46909.350000000006,Bank Transfer,Full
P002940,INV02940,2025-08-13,35735.46,Wire,Full
P002941,INV02941,2025-09-01,0.0,Bank Transfer,Failed
P002942,INV02942,2024-11-16,30259.65,Wire,Partial
P002943,INV02943,2026-01-01,34687.02,Bank Transfer,Full
P002944,INV02944,2024-07-05,43283.01,Credit Card,Full
P002945,INV02945,2025-06-28,22018.86,Credit Card,Partial
P002946,INV02946,2024-08-15,0.0,Bank Transfer,Failed
P002947,INV02947,2025-05-03,43681.51,Credit Card,Full
P002948,INV02948,2026-02-14,42019.5,Wire,Full
P002949,INV02949,2024-07-15,29007.81,Bank Transfer,Full
P002950,INV02950,2025-11-07,26671.949999999997,Credit Card,Full
P002951,INV02951,2024-09-10,0.0,Bank Transfer,Failed
P002952,INV02952,2026-05-19,11890.189999999999,Wire,Full
P002953,INV02953,2026-03-13,48966.61,Credit Card,Full
P002954,INV02954,2025-11-15,56630.259999999995,Bank Transfer,Full
P002955,INV02955,2024-08-28,46399.55,Credit Card,Full
P002956,INV02956,2025-12-17,34326.130000000005,Bank Transfer,Full
P002957,INV02957,2025-11-05,19961.34,Wire,Partial
P002958,INV02958,2025-03-04,13833.84,Bank Transfer,Partial
P002959,INV02959,2026-05-12,18563.739999999998,Credit Card,Full
P002960,INV02960,2025-07-28,29642.82,Wire,Full
P002961,INV02961,2025-11-01,25202.94,Bank Transfer,Full
P002962,INV02962,2025-07-18,0.0,Wire,Failed
P002963,INV02963,2025-03-14,5965.15,Wire,Partial
P002964,INV02964,2026-06-16,20042.809999999998,Credit Card,Full
P002965,INV02965,2024-09-02,45844.350000000006,Wire,Full
P002966,INV02966,2026-06-05,0.0,Credit Card,Failed
P002967,INV02967,2025-04-17,29951.32,Credit Card,Partial
P002968,INV02968,2024-08-13,18524.91,Bank Transfer,Partial
P002969,INV02969,2024-12-01,55979.05,Wire,Full
P002970,INV02970,2025-07-07,34234.32,Credit Card,Full
P002971,INV02971,2024-07-28,29353.29,Bank Transfer,Full
P002972,INV02972,2024-11-14,56488.03999999999,Credit Card,Full
P002973,INV02973,2025-01-21,27706.93,Wire,Full
P002974,INV02974,2025-04-12,26612.74,Credit Card,Partial
P002975,INV02975,2025-02-24,22621.12,Wire,Partial
P002976,INV02976,2024-11-20,17544.8,Wire,Full
P002977,INV02977,2025-10-03,50817.17,Wire,Full
P002978,INV02978,2025-11-22,3570.47,Wire,Partial
P002979,INV02979,2024-10-24,39793.3,Credit Card,Partial
P002980,INV02980,2025-07-14,30080.41,Bank Transfer,Full
P002981,INV02981,2024-10-10,22244.86,Wire,Partial
P002982,INV02982,2024-11-21,34152.94,Wire,Full
P002983,INV02983,2025-06-04,6230.68,Wire,Partial
P002984,INV02984,2024-07-28,53955.36,Bank Transfer,Full
P002985,INV02985,2024-11-03,23280.28,Wire,Partial
P002986,INV02986,2025-12-26,40078.42,Wire,Full
P002987,INV02987,2025-02-02,36508.64,Credit Card,Full
P002988,INV02988,2025-10-31,29989.45,Bank Transfer,Partial
P002989,INV02989,2025-06-20,13778.4,Bank Transfer,Partial
P002990,INV02990,2025-02-12,26190.13,Bank Transfer,Full
P002991,INV02991,2025-07-21,51562.68,Bank Transfer,Full
P002992,INV02992,2026-03-09,42596.34,Bank Transfer,Full
P002993,INV02993,2026-05-28,26088.23,Credit Card,Partial
P002994,INV02994,2025-07-14,54486.77,Bank Transfer,Full
P002995,INV02995,2024-10-19,23618.41,Bank Transfer,Full
P002996,INV02996,2025-02-18,8521.58,Credit Card,Partial
P002997,INV02997,2025-02-13,0.0,Bank Transfer,Failed
P002998,INV02998,2024-09-22,13030.42,Wire,Full
P002999,INV02999,2025-04-12,22827.73,Wire,Full
P003000,INV03000,2025-01-20,0.0,Bank Transfer,Failed
P003001,INV03001,2025-09-13,28894.620000000003,Wire,Full
P003002,INV03002,2025-08-09,46214.200000000004,Bank Transfer,Full
P003003,INV03003,2025-05-07,50364.520000000004,Bank Transfer,Full
P003004,INV03004,2025-12-26,58137.44,Wire,Full
P003005,INV03005,2025-09-09,41211.48,Credit Card,Full
P003006,INV03006,2024-09-30,42285.45,Wire,Full
P003007,INV03007,2025-01-31,38105.08,Credit Card,Full
P003008,INV03008,2025-07-24,10122.66,Bank Transfer,Partial
P003009,INV03009,2025-04-30,43831.51,Bank Transfer,Full
P003010,INV03010,2024-12-04,16790.17,Wire,Partial
P003011,INV03011,2026-02-11,0.0,Credit Card,Failed
P003012,INV03012,2025-06-05,19894.309999999998,Credit Card,Full
P003013,INV03013,2026-04-04,44069.560000000005,Wire,Full
P003014,INV03014,2026-05-27,38641.01,Wire,Full
P003015,INV03015,2025-01-17,0.0,Bank Transfer,Failed
P003016,INV03016,2025-08-11,13120.26,Credit Card,Full
P003017,INV03017,2024-10-10,49776.310000000005,Credit Card,Full
P003018,INV03018,2025-09-27,22724.379999999997,Bank Transfer,Full
P003019,INV03019,2026-04-12,48871.75,Credit Card,Full
P003020,INV03020,2024-12-28,48016.740000000005,Wire,Full
P003021,INV03021,2025-01-23,24182.28,Bank Transfer,Partial
P003022,INV03022,2024-11-25,53899.46000000001,Wire,Full
P003023,INV03023,2024-09-25,41226.24,Credit Card,Full
P003024,INV03024,2024-11-27,31081.82,Credit Card,Full
P003025,INV03025,2024-11-02,24181.71,Wire,Full
P003026,INV03026,2025-11-29,50447.24,Bank Transfer,Full
P003027,INV03027,2025-05-12,20382.57,Credit Card,Full
P003028,INV03028,2025-09-13,59443.9,Credit Card,Full
P003029,INV03029,2025-03-12,52418.26,Wire,Full
P003030,INV03030,2025-05-08,40126.0,Bank Transfer,Full
P003031,INV03031,2025-01-21,46213.21,Credit Card,Full
P003032,INV03032,2025-01-08,46404.22,Bank Transfer,Full
P003033,INV03033,2024-08-12,56162.850000000006,Wire,Full
P003034,INV03034,2024-09-22,30767.15,Bank Transfer,Full
P003035,INV03035,2024-09-25,52300.82,Bank Transfer,Full
P003036,INV03036,2025-07-29,53696.17,Credit Card,Full
P003037,INV03037,2025-10-01,30588.26,Credit Card,Full
P003038,INV03038,2026-06-27,6365.95,Wire,Full
P003039,INV03039,2026-01-05,56043.479999999996,Wire,Full
P003040,INV03040,2026-04-21,18380.65,Wire,Full
P003041,INV03041,2024-10-03,33143.56,Wire,Full
P003042,INV03042,2025-04-04,36699.270000000004,Bank Transfer,Full
P003043,INV03043,2024-06-22,19123.32,Bank Transfer,Full
P003044,INV03044,2025-08-31,20065.989999999998,Bank Transfer,Full
P003045,INV03045,2025-07-30,36153.38,Credit Card,Full
P003046,INV03046,2025-11-23,10016.45,Credit Card,Partial
P003047,INV03047,2026-03-05,37680.520000000004,Wire,Full
P003048,INV03048,2025-07-17,14003.7,Bank Transfer,Partial
P003049,INV03049,2024-08-17,13759.55,Credit Card,Partial
P003050,INV03050,2025-04-22,0.0,Bank Transfer,Failed
P003051,INV03051,2025-08-08,26584.559999999998,Credit Card,Full
P003052,INV03052,2026-04-14,0.0,Credit Card,Failed
P003053,INV03053,2025-09-12,51355.11,Bank Transfer,Full
P003054,INV03054,2026-06-08,46950.72,Wire,Full
P003055,INV03055,2024-07-21,34148.84,Credit Card,Full
P003056,INV03056,2025-10-25,42872.759999999995,Bank Transfer,Full
P003057,INV03057,2025-03-22,37427.65,Credit Card,Full
P003058,INV03058,2026-03-19,16995.17,Bank Transfer,Full
P003059,INV03059,2024-09-02,32872.770000000004,Wire,Full
P003060,INV03060,2025-12-19,38815.0,Wire,Full
P003061,INV03061,2025-05-16,36470.54,Credit Card,Full
P003062,INV03062,2024-08-13,50954.44,Credit Card,Full
P003063,INV03063,2025-08-16,30072.47,Wire,Full
P003064,INV03064,2025-06-03,33267.84,Bank Transfer,Full
P003065,INV03065,2026-06-19,23517.64,Wire,Full
P003066,INV03066,2024-08-27,34944.86,Credit Card,Full
P003067,INV03067,2024-06-23,52173.59,Credit Card,Full
P003068,INV03068,2026-02-01,7931.72,Bank Transfer,Partial
P003069,INV03069,2026-01-26,46886.6,Bank Transfer,Full
P003070,INV03070,2025-03-01,17051.14,Bank Transfer,Full
P003071,INV03071,2026-03-16,22620.74,Bank Transfer,Partial
P003072,INV03072,2024-07-19,29293.47,Wire,Full
P003073,INV03073,2025-09-18,43477.94,Bank Transfer,Partial
P003074,INV03074,2024-07-09,58690.98,Bank Transfer,Full
P003075,INV03075,2025-05-22,0.0,Credit Card,Failed
P003076,INV03076,2026-07-03,24624.21,Bank Transfer,Full
P003077,INV03077,2025-10-04,23666.61,Bank Transfer,Full
P003078,INV03078,2024-11-05,43168.86,Bank Transfer,Full
P003079,INV03079,2025-04-15,48868.38,Bank Transfer,Full
P003080,INV03080,2024-10-10,20248.73,Wire,Partial
P003081,INV03081,2026-04-07,12384.98,Credit Card,Full
P003082,INV03082,2025-11-13,53957.05,Credit Card,Full
P003083,INV03083,2025-03-25,14140.029999999999,Bank Transfer,Full
P003084,INV03084,2025-01-07,7921.37,Bank Transfer,Partial
P003085,INV03085,2026-03-01,27980.469999999998,Wire,Full
P003086,INV03086,2025-04-07,0.0,Bank Transfer,Failed
P003087,INV03087,2024-06-23,17481.02,Wire,Full
P003088,INV03088,2026-01-04,23112.83,Wire,Full
P003089,INV03089,2025-07-23,30374.17,Wire,Full
P003090,INV03090,2025-07-13,20003.7,Wire,Full
P003091,INV03091,2024-12-27,34077.32,Wire,Full
P003092,INV03092,2025-04-03,34358.17,Bank Transfer,Full
P003093,INV03093,2025-01-17,36754.3,Wire,Full
P003094,INV03094,2026-03-02,38873.229999999996,Credit Card,Full
P003095,INV03095,2024-10-09,10278.16,Bank Transfer,Partial
P003096,INV03096,2025-06-12,31266.94,Bank Transfer,Full
P003097,INV03097,2025-09-05,12322.88,Credit Card,Full
P003098,INV03098,2025-02-28,33152.2,Credit Card,Full
P003099,INV03099,2025-03-29,0.0,Bank Transfer,Failed
P003100,INV03100,2025-07-24,40636.77,Wire,Full
P003101,INV03101,2025-03-24,55188.770000000004,Credit Card,Full
P003102,INV03102,2025-07-18,30690.09,Wire,Full
P003103,INV03103,2025-06-11,36891.17,Wire,Partial
P003104,INV03104,2025-02-03,10664.24,Wire,Partial
P003105,INV03105,2025-02-10,45686.53,Wire,Full
P003106,INV03106,2025-07-29,25420.68,Bank Transfer,Partial
P003107,INV03107,2025-05-13,41104.880000000005,Wire,Full
P003108,INV03108,2025-01-22,28862.37,Credit Card,Partial
P003109,INV03109,2026-02-12,0.0,Wire,Failed
P003110,INV03110,2025-11-17,32534.71,Wire,Full
P003111,INV03111,2026-04-29,0.0,Bank Transfer,Failed
P003112,INV03112,2026-04-19,44183.01,Wire,Full
P003113,INV03113,2024-09-12,37491.14,Credit Card,Full
P003114,INV03114,2025-02-03,50862.72,Credit Card,Full
P003115,INV03115,2025-01-13,38256.92,Wire,Full
P003116,INV03116,2026-03-28,29150.43,Credit Card,Partial
P003117,INV03117,2024-10-16,0.0,Bank Transfer,Failed
P003118,INV03118,2024-07-20,27549.079999999998,Bank Transfer,Full
P003119,INV03119,2025-10-15,35945.63,Wire,Partial
P003120,INV03120,2025-02-06,36528.8,Bank Transfer,Full
P003121,INV03121,2025-08-07,9266.52,Wire,Full
P003122,INV03122,2025-06-09,27032.89,Wire,Full
P003123,INV03123,2024-08-18,18481.16,Wire,Partial
P003124,INV03124,2024-12-07,33725.64,Credit Card,Full
P003125,INV03125,2025-04-05,9309.55,Wire,Full
P003126,INV03126,2025-12-27,41183.08,Credit Card,Partial
P003127,INV03127,2025-07-11,38594.91,Bank Transfer,Full
P003128,INV03128,2025-03-29,28942.96,Wire,Full
P003129,INV03129,2025-08-09,31611.29,Wire,Full
P003130,INV03130,2026-01-05,52138.4,Bank Transfer,Full
P003131,INV03131,2026-01-10,40866.48,Bank Transfer,Partial
P003132,INV03132,2025-02-24,5825.68,Credit Card,Full
P003133,INV03133,2024-12-25,37980.29,Bank Transfer,Partial
P003134,INV03134,2025-04-13,17561.17,Bank Transfer,Partial
P003135,INV03135,2026-01-19,5680.31,Bank Transfer,Partial
P003136,INV03136,2026-02-24,57889.119999999995,Wire,Full
P003137,INV03137,2025-10-05,0.0,Credit Card,Failed
P003138,INV03138,2026-03-11,56849.090000000004,Wire,Full
P003139,INV03139,2025-05-05,12200.89,Wire,Partial
P003140,INV03140,2024-11-26,18616.87,Wire,Partial
P003141,INV03141,2026-03-30,22437.11,Wire,Partial
P003142,INV03142,2025-01-10,40516.27,Credit Card,Partial
P003143,INV03143,2024-09-06,52680.53,Bank Transfer,Full
P003144,INV03144,2025-04-03,7236.6,Wire,Partial
P003145,INV03145,2024-08-21,3331.45,Wire,Partial
P003146,INV03146,2026-01-21,0.0,Credit Card,Failed
P003147,INV03147,2025-07-12,49346.009999999995,Credit Card,Full
P003148,INV03148,2026-06-23,54919.35,Bank Transfer,Full
P003149,INV03149,2026-02-02,50740.42,Credit Card,Partial
P003150,INV03150,2026-05-15,41590.62,Bank Transfer,Full
P003151,INV03151,2026-01-11,0.0,Credit Card,Failed
P003152,INV03152,2026-05-15,34871.75,Wire,Full
P003153,INV03153,2025-09-20,42055.02,Credit Card,Full
P003154,INV03154,2025-05-16,48020.33,Wire,Partial
P003155,INV03155,2026-02-26,0.0,Wire,Failed
P003156,INV03156,2025-04-20,21354.7,Wire,Full
P003157,INV03157,2025-07-03,6302.23,Wire,Partial
P003158,INV03158,2026-06-12,56678.42,Credit Card,Full
P003159,INV03159,2025-11-28,54538.659999999996,Credit Card,Full
P003160,INV03160,2024-09-08,42665.090000000004,Credit Card,Full
P003161,INV03161,2025-10-06,50885.42,Bank Transfer,Full
P003162,INV03162,2025-03-24,0.0,Bank Transfer,Failed
P003163,INV03163,2024-08-10,22796.54,Credit Card,Full
P003164,INV03164,2026-03-15,55988.310000000005,Wire,Full
P003165,INV03165,2026-04-11,0.0,Wire,Failed
P003166,INV03166,2024-10-06,13552.34,Wire,Partial
P003167,INV03167,2025-05-02,27084.36,Wire,Full
P003168,INV03168,2026-02-22,17614.79,Bank Transfer,Full
P003169,INV03169,2024-10-24,20141.35,Wire,Full
P003170,INV03170,2026-03-16,6437.56,Wire,Partial
P003171,INV03171,2025-12-02,14226.24,Wire,Partial
P003172,INV03172,2024-09-19,24531.16,Wire,Full
P003173,INV03173,2025-01-21,43744.57,Credit Card,Full
P003174,INV03174,2024-12-16,47974.9,Bank Transfer,Full
P003175,INV03175,2025-08-04,14977.44,Credit Card,Full
P003176,INV03176,2024-07-08,0.0,Wire,Failed
P003177,INV03177,2025-03-15,7300.77,Wire,Full
P003178,INV03178,2024-08-10,15290.53,Bank Transfer,Partial
P003179,INV03179,2026-01-31,19737.010000000002,Wire,Full
P003180,INV03180,2024-11-11,18285.72,Wire,Partial
P003181,INV03181,2025-09-01,16137.810000000001,Bank Transfer,Full
P003182,INV03182,2024-12-05,52891.92,Wire,Full
P003183,INV03183,2024-12-09,14102.53,Credit Card,Partial
P003184,INV03184,2025-04-09,31086.260000000002,Bank Transfer,Full
P003185,INV03185,2025-10-31,31710.86,Bank Transfer,Full
P003186,INV03186,2025-08-13,17469.86,Credit Card,Full
P003187,INV03187,2025-06-26,20561.52,Credit Card,Full
P003188,INV03188,2025-03-23,38262.72,Bank Transfer,Full
P003189,INV03189,2025-11-27,35799.92,Wire,Full
P003190,INV03190,2024-10-24,30888.96,Bank Transfer,Full
P003191,INV03191,2026-03-02,46937.19,Bank Transfer,Full
P003192,INV03192,2026-02-21,0.0,Wire,Failed
P003193,INV03193,2024-12-21,26399.989999999998,Credit Card,Full
P003194,INV03194,2026-05-04,22207.2,Bank Transfer,Partial
P003195,INV03195,2024-11-12,12295.78,Credit Card,Partial
P003196,INV03196,2024-08-04,36637.54,Wire,Partial
P003197,INV03197,2025-02-21,52628.22,Credit Card,Full
P003198,INV03198,2024-08-29,32135.54,Wire,Full
P003199,INV03199,2026-03-02,10925.72,Credit Card,Partial
P003200,INV03200,2025-02-04,47553.07,Wire,Full
P003201,INV03201,2025-10-30,20675.04,Credit Card,Full
P003202,INV03202,2026-01-31,56196.130000000005,Wire,Full
P003203,INV03203,2025-09-14,6920.7,Credit Card,Full
P003204,INV03204,2025-02-27,43924.33,Bank Transfer,Full
P003205,INV03205,2025-11-14,12111.8,Wire,Partial
P003206,INV03206,2024-06-20,9365.52,Credit Card,Partial
P003207,INV03207,2026-03-30,0.0,Wire,Failed
P003208,INV03208,2026-01-20,35994.86,Credit Card,Full
P003209,INV03209,2025-05-29,40311.62,Credit Card,Full
P003210,INV03210,2026-02-21,44246.92999999999,Credit Card,Full
P003211,INV03211,2024-11-13,39316.619999999995,Credit Card,Full
P003212,INV03212,2026-03-16,40239.87,Wire,Full
P003213,INV03213,2025-07-16,56809.84,Wire,Full
P003214,INV03214,2025-02-16,27445.82,Wire,Full
P003215,INV03215,2024-08-15,19722.94,Bank Transfer,Partial
P003216,INV03216,2025-07-31,20316.39,Bank Transfer,Full
P003217,INV03217,2025-04-20,10631.63,Wire,Partial
P003218,INV03218,2024-07-18,14702.64,Wire,Full
P003219,INV03219,2025-05-12,36745.509999999995,Bank Transfer,Full
P003220,INV03220,2025-05-17,54072.76,Bank Transfer,Full
P003221,INV03221,2025-06-30,39127.25,Wire,Full
P003222,INV03222,2024-07-27,7988.13,Bank Transfer,Partial
P003223,INV03223,2025-08-10,52290.58,Credit Card,Full
P003224,INV03224,2024-09-01,35173.72,Bank Transfer,Full
P003225,INV03225,2026-06-05,46381.27,Credit Card,Full
P003226,INV03226,2024-11-10,15076.359999999999,Bank Transfer,Full
P003227,INV03227,2025-09-15,57042.63,Wire,Full
P003228,INV03228,2024-12-10,50565.13,Wire,Full
P003229,INV03229,2025-06-02,20883.53,Credit Card,Full
P003230,INV03230,2025-07-07,0.0,Bank Transfer,Failed
P003231,INV03231,2025-07-03,27707.07,Wire,Full
P003232,INV03232,2026-01-07,20990.74,Wire,Partial
P003233,INV03233,2025-06-01,49648.0,Wire,Full
P003234,INV03234,2025-11-06,22170.25,Wire,Full
P003235,INV03235,2026-05-28,7423.65,Credit Card,Full
P003236,INV03236,2026-04-07,16745.71,Bank Transfer,Full
P003237,INV03237,2026-02-08,49493.32,Wire,Full
P003238,INV03238,2025-06-12,0.0,Bank Transfer,Failed
P003239,INV03239,2025-05-12,7072.82,Bank Transfer,Partial
P003240,INV03240,2025-08-30,0.0,Bank Transfer,Failed
P003241,INV03241,2025-03-16,19817.260000000002,Bank Transfer,Full
P003242,INV03242,2024-12-21,20793.57,Bank Transfer,Full
P003243,INV03243,2026-05-10,11667.55,Credit Card,Partial
P003244,INV03244,2025-08-03,49242.41,Bank Transfer,Full
P003245,INV03245,2026-01-20,35234.3,Wire,Full
P003246,INV03246,2026-02-10,17618.1,Bank Transfer,Full
P003247,INV03247,2024-12-20,17751.47,Wire,Full
P003248,INV03248,2026-06-26,46095.03999999999,Credit Card,Full
P003249,INV03249,2025-12-20,5357.79,Credit Card,Full
P003250,INV03250,2025-08-26,43228.86,Bank Transfer,Full
P003251,INV03251,2025-04-10,9108.75,Bank Transfer,Partial
P003252,INV03252,2025-02-10,5763.33,Wire,Full
P003253,INV03253,2025-07-31,19538.89,Credit Card,Full
P003254,INV03254,2025-01-26,40414.68,Credit Card,Full
P003255,INV03255,2025-09-04,12710.51,Credit Card,Full
P003256,INV03256,2025-05-04,9979.27,Credit Card,Full
P003257,INV03257,2025-08-15,43703.63,Credit Card,Full
P003258,INV03258,2025-03-10,54202.409999999996,Wire,Full
P003259,INV03259,2026-06-08,47462.76,Credit Card,Full
P003260,INV03260,2025-12-03,39006.340000000004,Wire,Full
P003261,INV03261,2024-11-02,56449.49,Credit Card,Full
P003262,INV03262,2026-04-24,0.0,Credit Card,Failed
P003263,INV03263,2024-10-10,23587.08,Bank Transfer,Full
P003264,INV03264,2025-01-26,24156.61,Bank Transfer,Full
P003265,INV03265,2024-10-11,0.0,Wire,Failed
P003266,INV03266,2026-05-25,12999.619999999999,Wire,Full
P003267,INV03267,2025-02-22,46132.29,Credit Card,Full
P003268,INV03268,2024-09-23,18376.04,Bank Transfer,Full
P003269,INV03269,2025-10-27,15796.960000000001,Credit Card,Full
P003270,INV03270,2025-03-08,36238.78,Bank Transfer,Full
P003271,INV03271,2026-02-28,19775.86,Credit Card,Full
P003272,INV03272,2026-05-13,43486.810000000005,Bank Transfer,Full
P003273,INV03273,2026-03-05,57001.829999999994,Credit Card,Full
P003274,INV03274,2026-04-19,11788.869999999999,Bank Transfer,Full
P003275,INV03275,2024-11-29,23396.11,Bank Transfer,Full
P003276,INV03276,2026-02-22,32741.42,Bank Transfer,Full
P003277,INV03277,2024-09-01,51345.4,Credit Card,Full
P003278,INV03278,2025-12-11,19629.6,Bank Transfer,Full
P003279,INV03279,2025-07-07,0.0,Bank Transfer,Failed
P003280,INV03280,2026-01-12,35331.34,Bank Transfer,Full
P003281,INV03281,2025-10-14,46519.53,Wire,Full
P003282,INV03282,2024-08-24,16709.99,Bank Transfer,Partial
P003283,INV03283,2025-05-06,47382.53999999999,Credit Card,Full
P003284,INV03284,2024-12-14,32233.719999999998,Wire,Full
P003285,INV03285,2025-12-31,32288.600000000002,Wire,Full
P003286,INV03286,2025-08-20,24297.230000000003,Wire,Full
P003287,INV03287,2024-10-14,25156.86,Credit Card,Full
P003288,INV03288,2024-12-25,52846.74,Wire,Full
P003289,INV03289,2025-10-15,0.0,Credit Card,Failed
P003290,INV03290,2024-10-22,35501.61,Wire,Full
P003291,INV03291,2026-05-08,33375.880000000005,Wire,Full
P003292,INV03292,2025-03-24,8053.57,Wire,Partial
P003293,INV03293,2025-10-06,40445.0,Wire,Full
P003294,INV03294,2025-06-17,10992.87,Wire,Partial
P003295,INV03295,2024-08-25,27468.54,Bank Transfer,Full
P003296,INV03296,2024-10-15,47697.090000000004,Credit Card,Full
P003297,INV03297,2026-05-08,21842.76,Credit Card,Partial
P003298,INV03298,2025-12-19,48114.159999999996,Bank Transfer,Full
P003299,INV03299,2025-05-17,37763.57,Bank Transfer,Full
P003300,INV03300,2024-10-08,0.0,Bank Transfer,Failed
P003301,INV03301,2026-04-15,10624.3,Credit Card,Full
P003302,INV03302,2024-10-05,55991.85,Credit Card,Full
P003303,INV03303,2024-09-09,20404.710000000003,Bank Transfer,Full
P003304,INV03304,2026-01-28,27504.14,Bank Transfer,Full
P003305,INV03305,2024-11-25,24704.440000000002,Credit Card,Full
P003306,INV03306,2024-10-17,15338.79,Bank Transfer,Partial
P003307,INV03307,2024-07-23,21746.73,Bank Transfer,Full
P003308,INV03308,2025-03-29,39742.21,Wire,Full
P003309,INV03309,2025-06-04,30774.100000000002,Credit Card,Full
P003310,INV03310,2024-10-01,25288.03,Bank Transfer,Full
P003311,INV03311,2025-09-21,29426.09,Wire,Full
P003312,INV03312,2024-07-18,39004.54,Wire,Partial
P003313,INV03313,2025-01-25,38462.08,Bank Transfer,Full
P003314,INV03314,2025-12-18,44106.26,Wire,Full
P003315,INV03315,2025-02-18,14101.98,Wire,Partial
P003316,INV03316,2025-08-07,17778.27,Bank Transfer,Full
P003317,INV03317,2024-09-22,34857.259999999995,Bank Transfer,Full
P003318,INV03318,2026-04-09,25129.93,Wire,Partial
P003319,INV03319,2025-10-31,32627.6,Credit Card,Partial
P003320,INV03320,2026-04-01,41663.34,Credit Card,Full
P003321,INV03321,2026-01-29,7856.9,Wire,Partial
P003322,INV03322,2025-07-28,19634.56,Wire,Full
P003323,INV03323,2025-08-29,26349.1,Bank Transfer,Full
P003324,INV03324,2024-07-24,0.0,Bank Transfer,Failed
P003325,INV03325,2024-10-10,33496.63,Wire,Full
P003326,INV03326,2024-10-02,28298.730000000003,Wire,Full
P003327,INV03327,2025-04-30,0.0,Wire,Failed
P003328,INV03328,2026-03-25,6723.6,Credit Card,Full
P003329,INV03329,2024-12-22,16881.19,Wire,Partial
P003330,INV03330,2025-06-06,19128.59,Credit Card,Full
P003331,INV03331,2025-04-10,20091.08,Credit Card,Full
P003332,INV03332,2025-08-27,23807.07,Wire,Full
P003333,INV03333,2025-01-01,14855.789999999999,Wire,Full
P003334,INV03334,2025-06-02,51879.43,Bank Transfer,Full
P003335,INV03335,2025-11-30,14010.01,Credit Card,Partial
P003336,INV03336,2024-11-04,45522.47,Bank Transfer,Full
P003337,INV03337,2025-09-19,18591.120000000003,Bank Transfer,Full
P003338,INV03338,2024-06-12,0.0,Wire,Failed
P003339,INV03339,2026-02-28,11739.09,Bank Transfer,Full
P003340,INV03340,2024-12-28,40330.65,Credit Card,Partial
P003341,INV03341,2025-04-04,8206.71,Bank Transfer,Partial
P003342,INV03342,2026-05-22,36539.77,Credit Card,Full
P003343,INV03343,2025-04-04,40058.96,Bank Transfer,Full
P003344,INV03344,2026-03-25,40731.13,Wire,Full
P003345,INV03345,2026-01-30,0.0,Bank Transfer,Failed
P003346,INV03346,2026-02-02,10084.619999999999,Bank Transfer,Full
P003347,INV03347,2025-07-04,45637.74,Wire,Full
P003348,INV03348,2025-06-06,26996.7,Credit Card,Full
P003349,INV03349,2024-07-30,52818.44,Credit Card,Full
P003350,INV03350,2025-03-29,43914.979999999996,Bank Transfer,Full
P003351,INV03351,2025-02-26,29483.43,Wire,Partial
P003352,INV03352,2025-10-07,18981.02,Bank Transfer,Partial
P003353,INV03353,2025-01-09,27030.23,Bank Transfer,Full
P003354,INV03354,2026-01-15,21776.59,Bank Transfer,Full
P003355,INV03355,2026-03-17,49439.020000000004,Bank Transfer,Full
P003356,INV03356,2026-05-06,14489.91,Credit Card,Partial
P003357,INV03357,2025-05-11,37662.35,Wire,Full
P003358,INV03358,2026-06-01,12686.93,Credit Card,Full
P003359,INV03359,2025-05-24,43818.73,Credit Card,Partial
P003360,INV03360,2025-03-22,0.0,Wire,Failed
P003361,INV03361,2026-03-08,49326.47,Credit Card,Full
P003362,INV03362,2025-03-24,0.0,Bank Transfer,Failed
P003363,INV03363,2024-11-29,49176.51,Bank Transfer,Full
P003364,INV03364,2024-08-12,0.0,Bank Transfer,Failed
P003365,INV03365,2025-09-04,9856.69,Wire,Partial
P003366,INV03366,2024-08-08,46268.619999999995,Wire,Full
P003367,INV03367,2026-06-27,23996.34,Wire,Partial
P003368,INV03368,2026-02-25,31958.28,Credit Card,Full
P003369,INV03369,2025-04-28,34163.19,Wire,Full
P003370,INV03370,2026-01-31,0.0,Wire,Failed
P003371,INV03371,2025-12-29,17961.9,Credit Card,Full
P003372,INV03372,2024-10-03,10379.52,Credit Card,Partial
P003373,INV03373,2025-03-07,38067.65,Credit Card,Full
P003374,INV03374,2025-01-25,22862.12,Bank Transfer,Full
P003375,INV03375,2024-11-03,26318.760000000002,Bank Transfer,Full
P003376,INV03376,2024-07-25,12806.18,Wire,Full
P003377,INV03377,2024-10-20,0.0,Wire,Failed
P003378,INV03378,2024-08-01,0.0,Wire,Failed
P003379,INV03379,2025-03-04,35084.14,Wire,Full
P003380,INV03380,2024-12-08,17782.13,Credit Card,Partial
P003381,INV03381,2026-03-10,28425.839999999997,Credit Card,Full
P003382,INV03382,2025-12-07,53726.36,Credit Card,Full
P003383,INV03383,2025-07-08,53336.310000000005,Credit Card,Full
P003384,INV03384,2025-05-03,0.0,Wire,Failed
P003385,INV03385,2024-10-31,59413.67,Wire,Full
P003386,INV03386,2024-11-24,36777.31,Wire,Full
P003387,INV03387,2025-08-29,16768.37,Wire,Full
P003388,INV03388,2025-05-29,48122.700000000004,Bank Transfer,Full
P003389,INV03389,2025-06-18,11852.99,Bank Transfer,Full
P003390,INV03390,2025-01-02,52899.899999999994,Wire,Full
P003391,INV03391,2026-02-11,34176.82,Credit Card,Full
P003392,INV03392,2024-11-04,41666.5,Wire,Full
P003393,INV03393,2026-07-07,20617.99,Credit Card,Full
P003394,INV03394,2026-02-12,10353.76,Wire,Full
P003395,INV03395,2026-04-12,23472.739999999998,Wire,Full
P003396,INV03396,2026-05-22,42267.11,Bank Transfer,Full
P003397,INV03397,2026-01-13,38071.11,Credit Card,Full
P003398,INV03398,2026-03-07,15478.68,Credit Card,Full
P003399,INV03399,2025-05-06,47372.3,Wire,Full
P003400,INV03400,2024-12-16,24201.65,Credit Card,Full
P003401,INV03401,2025-09-03,10373.79,Wire,Partial
P003402,INV03402,2025-10-11,37853.81,Wire,Full
P003403,INV03403,2024-10-04,22506.21,Credit Card,Full
P003404,INV03404,2025-05-12,24948.39,Credit Card,Full
P003405,INV03405,2025-07-18,0.0,Bank Transfer,Failed
P003406,INV03406,2025-05-23,0.0,Bank Transfer,Failed
P003407,INV03407,2026-03-17,15792.44,Credit Card,Partial
P003408,INV03408,2025-07-22,0.0,Credit Card,Failed
P003409,INV03409,2025-06-03,21294.260000000002,Bank Transfer,Full
P003410,INV03410,2024-07-18,19480.12,Credit Card,Full
P003411,INV03411,2024-09-07,21024.53,Wire,Full
P003412,INV03412,2025-12-02,49176.38,Credit Card,Full
P003413,INV03413,2025-02-09,34766.02,Credit Card,Partial
P003414,INV03414,2025-03-04,16505.08,Credit Card,Full
P003415,INV03415,2024-08-14,57845.270000000004,Credit Card,Full
P003416,INV03416,2024-11-27,50883.04,Credit Card,Full
P003417,INV03417,2025-05-21,43912.3,Wire,Partial
P003418,INV03418,2025-04-26,29378.72,Bank Transfer,Full
P003419,INV03419,2025-08-27,10283.82,Bank Transfer,Partial
P003420,INV03420,2025-02-27,56468.41,Credit Card,Full
P003421,INV03421,2024-08-12,13525.029999999999,Credit Card,Full
P003422,INV03422,2024-08-16,55744.840000000004,Wire,Full
P003423,INV03423,2025-03-15,31644.45,Wire,Full
P003424,INV03424,2025-01-18,26948.410000000003,Bank Transfer,Full
P003425,INV03425,2025-09-05,35298.43,Credit Card,Partial
P003426,INV03426,2024-07-19,26965.120000000003,Wire,Full
P003427,INV03427,2025-08-29,36932.44,Bank Transfer,Partial
P003428,INV03428,2024-07-10,6664.51,Credit Card,Full
P003429,INV03429,2026-01-07,14002.39,Bank Transfer,Partial
P003430,INV03430,2025-11-24,20967.77,Wire,Full
P003431,INV03431,2025-12-24,52746.91,Bank Transfer,Full
P003432,INV03432,2025-06-26,21656.21,Wire,Partial
P003433,INV03433,2025-03-29,44192.39,Credit Card,Full
P003434,INV03434,2025-06-14,0.0,Wire,Failed
P003435,INV03435,2025-07-06,27031.14,Credit Card,Partial
P003436,INV03436,2025-08-09,16696.050000000003,Bank Transfer,Full
P003437,INV03437,2025-06-25,35394.55,Bank Transfer,Full
P003438,INV03438,2024-06-23,6515.62,Wire,Partial
P003439,INV03439,2024-10-18,33532.05,Wire,Partial
P003440,INV03440,2025-09-10,19489.2,Bank Transfer,Partial
P003441,INV03441,2024-09-24,0.0,Bank Transfer,Failed
P003442,INV03442,2025-10-04,22151.71,Bank Transfer,Partial
P003443,INV03443,2025-04-18,22190.03,Bank Transfer,Full
P003444,INV03444,2025-05-05,49477.009999999995,Credit Card,Full
P003445,INV03445,2025-08-11,19948.190000000002,Bank Transfer,Full
P003446,INV03446,2025-02-17,0.0,Credit Card,Failed
P003447,INV03447,2026-03-17,52725.71,Wire,Full
P003448,INV03448,2026-01-18,16512.4,Wire,Full
P003449,INV03449,2025-01-14,33602.770000000004,Wire,Full
P003450,INV03450,2025-01-10,52559.73,Credit Card,Full
P003451,INV03451,2025-09-18,27592.17,Bank Transfer,Full
P003452,INV03452,2025-03-22,9233.05,Wire,Full
P003453,INV03453,2026-05-11,30889.5,Wire,Full
P003454,INV03454,2025-01-25,15073.14,Credit Card,Full
P003455,INV03455,2025-10-21,16872.87,Bank Transfer,Full
P003456,INV03456,2025-04-07,16468.88,Wire,Full
P003457,INV03457,2024-08-23,43681.45,Credit Card,Full
P003458,INV03458,2025-05-06,38038.469999999994,Bank Transfer,Full
P003459,INV03459,2026-01-25,42147.43,Bank Transfer,Full
P003460,INV03460,2026-03-09,50184.99,Wire,Full
P003461,INV03461,2025-08-23,0.0,Bank Transfer,Failed
P003462,INV03462,2024-10-08,31847.4,Wire,Partial
P003463,INV03463,2025-09-16,51597.04,Credit Card,Full
P003464,INV03464,2025-09-08,26208.64,Bank Transfer,Full
P003465,INV03465,2025-06-02,49563.87,Wire,Full
P003466,INV03466,2024-08-20,19159.829999999998,Wire,Full
P003467,INV03467,2024-08-25,30764.76,Wire,Partial
P003468,INV03468,2025-01-10,21671.41,Wire,Full
P003469,INV03469,2025-09-13,52235.08,Credit Card,Full
P003470,INV03470,2025-01-21,12692.35,Wire,Full
P003471,INV03471,2025-10-24,27121.260000000002,Wire,Full
P003472,INV03472,2025-08-21,29039.59,Credit Card,Full
P003473,INV03473,2024-08-11,51570.17,Credit Card,Full
P003474,INV03474,2025-12-07,45054.920000000006,Wire,Full
P003475,INV03475,2026-01-07,38609.92,Wire,Full
P003476,INV03476,2025-07-14,0.0,Wire,Failed
P003477,INV03477,2024-07-02,36623.3,Credit Card,Full
P003478,INV03478,2024-09-24,0.0,Credit Card,Failed
P003479,INV03479,2026-07-03,5908.41,Credit Card,Full
P003480,INV03480,2024-09-06,22878.28,Bank Transfer,Full
P003481,INV03481,2024-11-24,0.0,Credit Card,Failed
P003482,INV03482,2026-01-18,29002.14,Wire,Full
P003483,INV03483,2024-08-30,40052.12,Bank Transfer,Full
P003484,INV03484,2026-01-05,9600.11,Bank Transfer,Full
P003485,INV03485,2024-12-14,44433.26,Credit Card,Full
P003486,INV03486,2024-10-09,46985.03999999999,Wire,Full
P003487,INV03487,2025-03-14,19010.72,Bank Transfer,Full
P003488,INV03488,2024-10-16,0.0,Bank Transfer,Failed
P003489,INV03489,2026-05-23,15735.42,Credit Card,Full
P003490,INV03490,2025-10-26,45674.48,Credit Card,Full
P003491,INV03491,2026-03-12,6535.05,Wire,Full
P003492,INV03492,2025-07-27,13135.46,Bank Transfer,Partial
P003493,INV03493,2025-11-04,30720.36,Bank Transfer,Full
P003494,INV03494,2025-12-26,37674.98,Bank Transfer,Full
P003495,INV03495,2025-02-25,12100.61,Bank Transfer,Full
P003496,INV03496,2025-05-21,23047.719999999998,Bank Transfer,Full
P003497,INV03497,2025-08-15,29912.190000000002,Wire,Full
P003498,INV03498,2025-07-27,28210.15,Bank Transfer,Full
P003499,INV03499,2026-02-21,8306.27,Bank Transfer,Partial
P003500,INV03500,2024-09-07,0.0,Wire,Failed
P003501,INV03501,2026-06-11,24283.98,Credit Card,Full
P003502,INV03502,2026-06-23,0.0,Wire,Failed
P003503,INV03503,2025-06-11,0.0,Wire,Failed
P003504,INV03504,2025-08-19,16444.53,Credit Card,Partial
P003505,INV03505,2025-11-13,25229.22,Wire,Full
P003506,INV03506,2025-07-01,10465.68,Wire,Full
P003507,INV03507,2026-02-12,12189.87,Credit Card,Partial
P003508,INV03508,2025-06-27,16124.72,Bank Transfer,Partial
P003509,INV03509,2025-06-05,0.0,Wire,Failed
P003510,INV03510,2026-06-02,48348.41,Credit Card,Full
P003511,INV03511,2025-04-17,27019.079999999998,Wire,Full
P003512,INV03512,2024-11-09,19591.39,Wire,Full
P003513,INV03513,2026-03-28,38398.78,Credit Card,Full
P003514,INV03514,2024-10-16,13174.09,Wire,Partial
P003515,INV03515,2024-09-27,7708.12,Bank Transfer,Full
P003516,INV03516,2025-10-30,21073.49,Wire,Full
P003517,INV03517,2025-12-12,47200.270000000004,Credit Card,Full
P003518,INV03518,2024-09-21,15136.11,Wire,Partial
P003519,INV03519,2025-05-23,9211.279999999999,Wire,Full
P003520,INV03520,2026-03-19,61683.26,Wire,Full
P003521,INV03521,2025-12-21,0.0,Bank Transfer,Failed
P003522,INV03522,2026-02-04,21888.11,Wire,Partial
P003523,INV03523,2025-07-20,37852.53,Bank Transfer,Partial
P003524,INV03524,2025-11-21,31949.92,Bank Transfer,Partial
P003525,INV03525,2026-06-07,8518.65,Bank Transfer,Full
P003526,INV03526,2026-05-25,10262.85,Credit Card,Full
P003527,INV03527,2025-06-03,23618.84,Wire,Full
P003528,INV03528,2024-08-09,48313.49,Wire,Full
P003529,INV03529,2024-11-25,41039.47,Bank Transfer,Partial
P003530,INV03530,2025-02-11,19143.260000000002,Credit Card,Full
P003531,INV03531,2025-10-17,42053.47,Bank Transfer,Full
P003532,INV03532,2026-01-13,41397.05,Bank Transfer,Full
P003533,INV03533,2025-01-07,17775.74,Wire,Partial
P003534,INV03534,2025-11-08,26041.43,Bank Transfer,Full
P003535,INV03535,2024-11-17,32198.01,Credit Card,Full
P003536,INV03536,2026-01-31,41916.299999999996,Credit Card,Full
P003537,INV03537,2025-02-08,53539.61,Wire,Full
P003538,INV03538,2025-12-28,30951.29,Bank Transfer,Full
P003539,INV03539,2025-10-27,12092.11,Credit Card,Full
P003540,INV03540,2025-01-04,0.0,Wire,Failed
P003541,INV03541,2024-09-16,54700.9,Credit Card,Full
P003542,INV03542,2025-11-28,8271.74,Wire,Full
P003543,INV03543,2025-10-15,13209.7,Bank Transfer,Partial
P003544,INV03544,2025-10-22,39814.76,Credit Card,Full
P003545,INV03545,2025-04-19,21005.58,Wire,Full
P003546,INV03546,2024-10-10,52491.74,Credit Card,Full
P003547,INV03547,2025-04-28,31631.59,Wire,Full
P003548,INV03548,2025-02-15,38204.69,Bank Transfer,Full
P003549,INV03549,2025-10-23,41563.38,Bank Transfer,Full
P003550,INV03550,2025-07-03,40143.55,Bank Transfer,Full
P003551,INV03551,2026-01-10,31848.89,Credit Card,Full
P003552,INV03552,2026-05-14,22102.739999999998,Credit Card,Full
P003553,INV03553,2025-02-06,23996.66,Bank Transfer,Full
P003554,INV03554,2026-03-26,36415.090000000004,Bank Transfer,Full
P003555,INV03555,2024-07-01,51954.380000000005,Wire,Full
P003556,INV03556,2024-07-20,46345.29,Bank Transfer,Full
P003557,INV03557,2026-02-27,0.0,Wire,Failed
P003558,INV03558,2025-10-28,20300.43,Bank Transfer,Full
P003559,INV03559,2025-12-02,41891.17,Bank Transfer,Full
P003560,INV03560,2024-10-24,39112.1,Bank Transfer,Full
P003561,INV03561,2026-03-07,21562.81,Bank Transfer,Full
P003562,INV03562,2025-05-05,25573.86,Wire,Full
P003563,INV03563,2025-08-16,16682.51,Bank Transfer,Full
P003564,INV03564,2025-05-06,0.0,Wire,Failed
P003565,INV03565,2024-07-24,4415.9,Credit Card,Full
P003566,INV03566,2025-01-13,0.0,Credit Card,Failed
P003567,INV03567,2025-09-29,19707.23,Wire,Full
P003568,INV03568,2026-01-26,13641.77,Bank Transfer,Full
P003569,INV03569,2026-05-07,24935.68,Bank Transfer,Full
P003570,INV03570,2025-05-31,0.0,Bank Transfer,Failed
P003571,INV03571,2025-10-25,17762.93,Wire,Full
P003572,INV03572,2024-09-05,18400.97,Wire,Full
P003573,INV03573,2025-11-10,30958.1,Bank Transfer,Full
P003574,INV03574,2025-10-25,48046.72,Wire,Full
P003575,INV03575,2025-05-14,36218.57,Credit Card,Full
P003576,INV03576,2025-04-18,46583.729999999996,Bank Transfer,Full
P003577,INV03577,2025-03-28,12569.4,Bank Transfer,Full
P003578,INV03578,2025-05-22,16181.22,Credit Card,Partial
P003579,INV03579,2025-07-25,51449.12,Credit Card,Full
P003580,INV03580,2025-04-28,16487.43,Credit Card,Partial
P003581,INV03581,2025-12-16,24344.85,Credit Card,Full
P003582,INV03582,2024-11-26,29883.27,Wire,Partial
P003583,INV03583,2025-07-15,47516.509999999995,Wire,Full
P003584,INV03584,2025-03-03,55653.130000000005,Bank Transfer,Full
P003585,INV03585,2026-02-13,30682.82,Bank Transfer,Full
P003586,INV03586,2025-11-30,6069.18,Credit Card,Full
P003587,INV03587,2025-09-23,28520.08,Wire,Partial
P003588,INV03588,2026-04-04,39225.7,Bank Transfer,Full
P003589,INV03589,2025-12-11,0.0,Credit Card,Failed
P003590,INV03590,2025-11-18,27103.629999999997,Bank Transfer,Full
P003591,INV03591,2024-12-13,46983.82,Wire,Full
P003592,INV03592,2026-04-18,19354.61,Credit Card,Full
P003593,INV03593,2025-09-25,27182.59,Credit Card,Full
P003594,INV03594,2024-07-20,49000.23,Wire,Full
P003595,INV03595,2024-11-18,16599.949999999997,Credit Card,Full
P003596,INV03596,2026-05-25,21695.51,Wire,Partial
P003597,INV03597,2025-12-07,53817.73,Credit Card,Full
P003598,INV03598,2024-11-29,36373.520000000004,Wire,Full
P003599,INV03599,2025-07-22,31463.97,Wire,Partial
P003600,INV03600,2025-05-22,42063.17,Bank Transfer,Full
P003601,INV03601,2025-12-23,0.0,Wire,Failed
P003602,INV03602,2024-08-30,43192.04,Bank Transfer,Full
P003603,INV03603,2025-01-22,55802.08,Credit Card,Full
P003604,INV03604,2025-10-15,59588.43,Credit Card,Full
P003605,INV03605,2026-05-13,4668.62,Credit Card,Partial
P003606,INV03606,2026-04-09,23572.97,Bank Transfer,Full
P003607,INV03607,2025-03-23,21907.56,Credit Card,Full
P003608,INV03608,2026-05-09,45875.08,Bank Transfer,Full
P003609,INV03609,2025-03-09,53252.2,Wire,Full
P003610,INV03610,2026-06-02,47943.85,Bank Transfer,Full
P003611,INV03611,2025-11-07,35437.81,Wire,Full
P003612,INV03612,2026-03-18,33221.45,Bank Transfer,Full
P003613,INV03613,2025-12-28,47904.08,Wire,Full
P003614,INV03614,2026-06-09,38474.02,Wire,Partial
P003615,INV03615,2024-09-01,14933.529999999999,Bank Transfer,Full
P003616,INV03616,2026-01-13,15427.859999999999,Bank Transfer,Full
P003617,INV03617,2026-01-06,0.0,Bank Transfer,Failed
P003618,INV03618,2025-09-03,3443.7,Credit Card,Partial
P003619,INV03619,2025-07-12,23681.18,Credit Card,Full
P003620,INV03620,2025-06-06,46329.14,Bank Transfer,Full
P003621,INV03621,2025-05-05,16189.39,Wire,Full
P003622,INV03622,2025-11-28,34836.8,Credit Card,Full
P003623,INV03623,2024-11-25,13323.09,Wire,Partial
P003624,INV03624,2025-05-22,15618.89,Wire,Partial
P003625,INV03625,2024-08-14,34664.74,Wire,Full
P003626,INV03626,2025-12-25,12431.44,Wire,Partial
P003627,INV03627,2026-05-15,39210.1,Credit Card,Full
P003628,INV03628,2024-07-04,28089.79,Bank Transfer,Full
P003629,INV03629,2025-01-07,15893.279999999999,Credit Card,Full
P003630,INV03630,2025-10-15,50506.1,Bank Transfer,Full
P003631,INV03631,2025-01-05,4985.67,Bank Transfer,Full
P003632,INV03632,2026-05-25,9784.31,Credit Card,Partial
P003633,INV03633,2025-10-25,29724.4,Wire,Full
P003634,INV03634,2025-06-02,39146.5,Wire,Full
P003635,INV03635,2025-10-12,27151.37,Bank Transfer,Full
P003636,INV03636,2025-03-29,15787.150000000001,Bank Transfer,Full
P003637,INV03637,2026-03-03,55763.130000000005,Wire,Full
P003638,INV03638,2024-08-23,0.0,Wire,Failed
P003639,INV03639,2025-07-17,39826.69,Credit Card,Full
P003640,INV03640,2026-04-04,14197.85,Bank Transfer,Partial
P003641,INV03641,2025-06-16,7257.52,Credit Card,Full
P003642,INV03642,2025-08-10,54322.64,Bank Transfer,Full
P003643,INV03643,2024-12-10,3643.46,Credit Card,Partial
P003644,INV03644,2024-08-06,35807.47,Credit Card,Full
P003645,INV03645,2024-12-22,13612.8,Wire,Partial
P003646,INV03646,2025-05-16,11605.44,Credit Card,Full
P003647,INV03647,2024-08-29,9834.05,Bank Transfer,Partial
P003648,INV03648,2026-04-24,14559.64,Bank Transfer,Full
P003649,INV03649,2024-11-18,28553.1,Credit Card,Partial
P003650,INV03650,2024-12-19,55176.81,Credit Card,Full
P003651,INV03651,2025-07-24,21622.91,Bank Transfer,Full
P003652,INV03652,2026-06-08,34894.44,Wire,Full
P003653,INV03653,2024-06-20,10051.44,Bank Transfer,Full
P003654,INV03654,2025-10-11,4786.24,Credit Card,Partial
P003655,INV03655,2025-11-01,0.0,Credit Card,Failed
P003656,INV03656,2025-11-02,37549.06,Credit Card,Full
P003657,INV03657,2024-11-09,49820.96,Wire,Partial
P003658,INV03658,2024-10-30,51974.35,Wire,Full
P003659,INV03659,2025-03-16,51142.520000000004,Credit Card,Full
P003660,INV03660,2024-12-16,18091.199999999997,Wire,Full
P003661,INV03661,2025-11-05,20889.629999999997,Credit Card,Full
P003662,INV03662,2024-07-08,42413.96,Credit Card,Full
P003663,INV03663,2025-07-05,17875.68,Credit Card,Full
P003664,INV03664,2024-08-12,52425.36,Wire,Full
P003665,INV03665,2025-07-29,44409.219999999994,Credit Card,Full
P003666,INV03666,2025-10-30,31815.879999999997,Bank Transfer,Full
P003667,INV03667,2025-03-16,38546.01,Bank Transfer,Full
P003668,INV03668,2026-03-11,10097.720000000001,Wire,Full
P003669,INV03669,2024-08-31,12911.150000000001,Credit Card,Full
P003670,INV03670,2025-05-12,34407.05,Bank Transfer,Full
P003671,INV03671,2024-09-12,0.0,Credit Card,Failed
P003672,INV03672,2024-08-19,36026.84,Wire,Full
P003673,INV03673,2025-01-29,38267.83,Bank Transfer,Full
P003674,INV03674,2025-03-28,45947.979999999996,Wire,Full
P003675,INV03675,2026-05-03,0.0,Wire,Failed
P003676,INV03676,2025-03-17,17044.15,Wire,Full
P003677,INV03677,2025-02-05,45322.520000000004,Credit Card,Full
P003678,INV03678,2026-04-23,34694.2,Bank Transfer,Full
P003679,INV03679,2025-07-22,15764.98,Wire,Full
P003680,INV03680,2025-05-28,17988.8,Bank Transfer,Full
P003681,INV03681,2026-05-13,18894.82,Credit Card,Full
P003682,INV03682,2025-06-17,45686.42,Credit Card,Full
P003683,INV03683,2025-03-22,39234.54,Wire,Full
P003684,INV03684,2026-05-12,13377.16,Bank Transfer,Partial
P003685,INV03685,2026-01-29,30723.68,Wire,Full
P003686,INV03686,2024-10-11,61736.48,Wire,Full
P003687,INV03687,2026-04-23,24983.75,Credit Card,Full
P003688,INV03688,2025-08-24,36829.200000000004,Bank Transfer,Full
P003689,INV03689,2025-05-10,0.0,Wire,Failed
P003690,INV03690,2025-09-30,37225.59,Wire,Full
P003691,INV03691,2026-04-18,0.0,Credit Card,Failed
P003692,INV03692,2026-06-27,53048.020000000004,Wire,Full
P003693,INV03693,2025-03-13,21598.62,Wire,Partial
P003694,INV03694,2026-01-25,22579.34,Wire,Full
P003695,INV03695,2025-06-23,43531.82,Wire,Full
P003696,INV03696,2024-08-10,30547.199999999997,Bank Transfer,Full
P003697,INV03697,2026-02-15,58049.01,Credit Card,Full
P003698,INV03698,2024-10-29,39088.37,Bank Transfer,Full
P003699,INV03699,2024-12-09,58131.14,Bank Transfer,Full
P003700,INV03700,2025-11-13,26884.9,Credit Card,Full
P003701,INV03701,2026-04-27,10495.77,Credit Card,Full
P003702,INV03702,2026-04-20,25141.02,Credit Card,Partial
P003703,INV03703,2026-01-17,21597.8,Credit Card,Partial
P003704,INV03704,2024-11-17,28950.26,Credit Card,Full
P003705,INV03705,2024-10-11,0.0,Wire,Failed
P003706,INV03706,2025-10-11,26062.969999999998,Wire,Full
P003707,INV03707,2025-10-21,55174.090000000004,Wire,Full
P003708,INV03708,2024-07-06,11335.87,Bank Transfer,Full
P003709,INV03709,2026-04-13,11765.51,Credit Card,Full
P003710,INV03710,2024-09-24,9816.12,Wire,Partial
P003711,INV03711,2025-05-13,18691.62,Wire,Full
P003712,INV03712,2024-10-23,19042.05,Bank Transfer,Partial
P003713,INV03713,2025-03-27,53422.1,Bank Transfer,Full
P003714,INV03714,2025-07-17,26703.57,Credit Card,Partial
P003715,INV03715,2026-02-06,15352.52,Wire,Full
P003716,INV03716,2025-11-06,51378.2,Bank Transfer,Full
P003717,INV03717,2024-08-22,42802.32,Wire,Full
P003718,INV03718,2025-10-15,17094.97,Wire,Partial
P003719,INV03719,2025-06-12,0.0,Bank Transfer,Failed
P003720,INV03720,2024-11-27,54635.590000000004,Wire,Full
P003721,INV03721,2025-01-24,21460.95,Credit Card,Full
P003722,INV03722,2024-11-13,33778.14,Wire,Partial
P003723,INV03723,2024-08-06,53709.69,Wire,Full
P003724,INV03724,2026-01-07,40676.76,Credit Card,Full
P003725,INV03725,2025-10-23,52868.09,Wire,Full
P003726,INV03726,2025-07-13,19133.64,Credit Card,Full
P003727,INV03727,2024-09-11,40798.07,Bank Transfer,Full
P003728,INV03728,2026-03-10,18341.84,Bank Transfer,Partial
P003729,INV03729,2025-11-22,21084.230000000003,Credit Card,Full
P003730,INV03730,2025-12-10,11680.62,Bank Transfer,Partial
P003731,INV03731,2026-07-05,58973.189999999995,Wire,Full
P003732,INV03732,2024-06-21,15171.44,Bank Transfer,Partial
P003733,INV03733,2026-01-15,13980.04,Wire,Partial
P003734,INV03734,2025-08-01,46262.65,Wire,Full
P003735,INV03735,2025-08-17,29565.73,Bank Transfer,Full
P003736,INV03736,2026-05-24,53439.45,Credit Card,Full
P003737,INV03737,2024-12-19,0.0,Credit Card,Failed
P003738,INV03738,2026-02-23,6676.469999999999,Credit Card,Full
P003739,INV03739,2024-12-15,55179.93,Bank Transfer,Full
P003740,INV03740,2026-03-02,51417.909999999996,Wire,Full
P003741,INV03741,2026-03-18,32780.71,Credit Card,Full
P003742,INV03742,2025-09-16,23970.33,Credit Card,Full
P003743,INV03743,2025-08-05,24585.43,Credit Card,Full
P003744,INV03744,2025-07-07,23147.19,Credit Card,Partial
P003745,INV03745,2024-09-11,15037.5,Credit Card,Full
P003746,INV03746,2024-12-06,34969.26,Credit Card,Full
P003747,INV03747,2024-08-21,39816.29,Credit Card,Full
P003748,INV03748,2026-05-22,8393.15,Wire,Partial
P003749,INV03749,2026-06-09,10516.91,Wire,Full
P003750,INV03750,2025-08-19,43197.88,Credit Card,Full
P003751,INV03751,2025-07-16,0.0,Bank Transfer,Failed
P003752,INV03752,2026-04-18,22856.99,Bank Transfer,Full
P003753,INV03753,2025-09-02,26743.1,Wire,Full
P003754,INV03754,2024-09-06,0.0,Wire,Failed
P003755,INV03755,2024-09-06,15250.76,Wire,Partial
P003756,INV03756,2025-02-26,35699.59,Credit Card,Partial
P003757,INV03757,2025-10-23,0.0,Wire,Failed
P003758,INV03758,2025-06-06,28257.05,Wire,Partial
P003759,INV03759,2026-05-26,43197.479999999996,Credit Card,Full
P003760,INV03760,2025-06-22,29862.15,Bank Transfer,Full
P003761,INV03761,2026-02-27,41108.48,Bank Transfer,Full
P003762,INV03762,2025-04-23,0.0,Bank Transfer,Failed
P003763,INV03763,2024-08-15,0.0,Credit Card,Failed
P003764,INV03764,2025-10-24,48763.2,Bank Transfer,Full
P003765,INV03765,2025-11-15,25561.87,Credit Card,Full
P003766,INV03766,2025-03-11,16429.96,Bank Transfer,Full
P003767,INV03767,2025-05-15,0.0,Bank Transfer,Failed
P003768,INV03768,2024-11-10,24202.44,Credit Card,Full
P003769,INV03769,2025-04-01,32130.09,Bank Transfer,Full
P003770,INV03770,2024-08-29,25472.36,Credit Card,Full
P003771,INV03771,2025-07-02,11412.04,Bank Transfer,Partial
P003772,INV03772,2026-04-30,59515.33,Bank Transfer,Full
P003773,INV03773,2024-07-26,41018.01,Wire,Full
P003774,INV03774,2025-03-23,22247.72,Bank Transfer,Partial
P003775,INV03775,2025-10-06,22780.72,Bank Transfer,Full
P003776,INV03776,2024-06-19,10405.56,Bank Transfer,Partial
P003777,INV03777,2025-03-29,48255.54,Wire,Full
P003778,INV03778,2024-11-17,54329.0,Bank Transfer,Full
P003779,INV03779,2024-12-23,20686.53,Credit Card,Full
P003780,INV03780,2025-06-25,51252.39,Credit Card,Full
P003781,INV03781,2025-11-02,7247.75,Credit Card,Full
P003782,INV03782,2024-06-06,49524.72,Wire,Full
P003783,INV03783,2024-07-11,46690.73,Credit Card,Full
P003784,INV03784,2026-02-26,37504.93,Wire,Full
P003785,INV03785,2026-02-17,0.0,Bank Transfer,Failed
P003786,INV03786,2025-05-31,55203.86,Bank Transfer,Full
P003787,INV03787,2025-05-02,14483.869999999999,Bank Transfer,Full
P003788,INV03788,2025-05-25,49588.729999999996,Credit Card,Full
P003789,INV03789,2026-06-16,34582.29,Credit Card,Full
P003790,INV03790,2024-12-05,14735.4,Bank Transfer,Partial
P003791,INV03791,2024-11-23,48044.41,Credit Card,Full
P003792,INV03792,2025-05-29,18881.27,Wire,Partial
P003793,INV03793,2025-07-11,43414.2,Wire,Full
P003794,INV03794,2025-01-17,39792.05,Wire,Full
P003795,INV03795,2024-10-31,38474.33,Credit Card,Partial
P003796,INV03796,2026-05-30,18017.25,Wire,Full
P003797,INV03797,2025-10-30,28549.879999999997,Credit Card,Full
P003798,INV03798,2024-11-30,12870.75,Credit Card,Full
P003799,INV03799,2026-02-02,20185.81,Credit Card,Partial
P003800,INV03800,2026-01-23,49011.65,Wire,Full
P003801,INV03801,2025-10-02,0.0,Credit Card,Failed
P003802,INV03802,2025-01-12,46709.56,Credit Card,Full
P003803,INV03803,2025-02-16,20568.17,Wire,Full
P003804,INV03804,2025-07-10,0.0,Credit Card,Failed
P003805,INV03805,2024-12-24,12375.869999999999,Wire,Full
P003806,INV03806,2024-11-02,36140.5,Bank Transfer,Full
P003807,INV03807,2025-01-28,18439.82,Credit Card,Full
P003808,INV03808,2026-02-28,61574.66,Wire,Full
P003809,INV03809,2025-08-26,31440.84,Credit Card,Full
P003810,INV03810,2026-04-25,0.0,Bank Transfer,Failed
P003811,INV03811,2024-10-27,0.0,Wire,Failed
P003812,INV03812,2025-01-13,27369.06,Credit Card,Full
P003813,INV03813,2025-10-22,39869.47,Credit Card,Partial
P003814,INV03814,2026-05-12,15800.029999999999,Wire,Full
P003815,INV03815,2026-05-25,18020.57,Bank Transfer,Full
P003816,INV03816,2026-05-22,46609.630000000005,Bank Transfer,Full
P003817,INV03817,2025-09-22,30700.38,Bank Transfer,Partial
P003818,INV03818,2026-06-18,0.0,Bank Transfer,Failed
P003819,INV03819,2026-04-21,20387.760000000002,Credit Card,Full
P003820,INV03820,2025-07-22,10355.84,Credit Card,Partial
P003821,INV03821,2025-10-20,19626.64,Credit Card,Full
P003822,INV03822,2025-05-07,32947.729999999996,Bank Transfer,Full
P003823,INV03823,2024-09-24,44107.04,Bank Transfer,Full
P003824,INV03824,2025-04-03,6011.72,Wire,Partial
P003825,INV03825,2024-09-02,61156.600000000006,Credit Card,Full
P003826,INV03826,2025-12-10,19460.53,Wire,Partial
P003827,INV03827,2024-12-06,31761.420000000002,Credit Card,Full
P003828,INV03828,2024-09-13,7962.66,Bank Transfer,Full
P003829,INV03829,2024-11-26,28506.879999999997,Bank Transfer,Full
P003830,INV03830,2026-04-11,6149.97,Bank Transfer,Partial
P003831,INV03831,2025-09-02,62447.22,Wire,Full
P003832,INV03832,2026-06-13,46895.47,Wire,Full
P003833,INV03833,2025-07-18,0.0,Bank Transfer,Failed
P003834,INV03834,2026-03-22,23035.46,Bank Transfer,Full
P003835,INV03835,2026-06-02,28618.77,Credit Card,Full
P003836,INV03836,2024-06-29,45665.1,Wire,Full
P003837,INV03837,2025-11-06,0.0,Bank Transfer,Failed
P003838,INV03838,2026-03-09,26280.02,Bank Transfer,Full
P003839,INV03839,2024-09-22,35235.56,Wire,Full
P003840,INV03840,2024-08-27,19384.9,Credit Card,Full
P003841,INV03841,2025-07-13,13475.74,Bank Transfer,Full
P003842,INV03842,2024-07-20,27831.280000000002,Credit Card,Full
P003843,INV03843,2025-02-02,15375.08,Bank Transfer,Partial
P003844,INV03844,2024-06-24,17437.93,Bank Transfer,Full
P003845,INV03845,2024-09-27,21142.47,Bank Transfer,Partial
P003846,INV03846,2025-04-21,31106.93,Bank Transfer,Full
P003847,INV03847,2025-12-23,35258.0,Bank Transfer,Full
P003848,INV03848,2025-01-20,6608.469999999999,Wire,Full
P003849,INV03849,2025-08-08,10200.39,Wire,Partial
P003850,INV03850,2024-10-09,53866.71000000001,Wire,Full
P003851,INV03851,2026-06-22,18176.93,Wire,Partial
P003852,INV03852,2025-10-21,0.0,Credit Card,Failed
P003853,INV03853,2025-05-01,0.0,Wire,Failed
P003854,INV03854,2024-10-22,43665.64,Credit Card,Full
P003855,INV03855,2025-12-14,23374.16,Bank Transfer,Full
P003856,INV03856,2026-05-29,42975.76,Bank Transfer,Full
P003857,INV03857,2024-07-27,14595.8,Wire,Full
P003858,INV03858,2026-04-16,19560.86,Credit Card,Partial
P003859,INV03859,2025-09-30,25614.31,Bank Transfer,Full
P003860,INV03860,2025-02-17,27924.64,Wire,Full
P003861,INV03861,2026-06-04,38452.64,Wire,Partial
P003862,INV03862,2024-11-07,0.0,Wire,Failed
P003863,INV03863,2025-03-24,23935.49,Credit Card,Partial
P003864,INV03864,2025-06-16,43280.22,Wire,Full
P003865,INV03865,2025-12-15,9483.1,Wire,Full
P003866,INV03866,2024-12-14,54955.37,Wire,Full
P003867,INV03867,2026-01-26,15232.18,Credit Card,Full
P003868,INV03868,2024-08-15,18593.33,Credit Card,Full
P003869,INV03869,2025-09-25,11353.11,Credit Card,Partial
P003870,INV03870,2026-04-23,0.0,Bank Transfer,Failed
P003871,INV03871,2024-12-11,42918.45,Credit Card,Full
P003872,INV03872,2024-10-17,14146.92,Bank Transfer,Full
P003873,INV03873,2025-08-06,34402.68,Credit Card,Partial
P003874,INV03874,2025-03-24,26523.65,Wire,Full
P003875,INV03875,2025-02-07,38508.31,Wire,Full
P003876,INV03876,2025-01-18,19585.62,Credit Card,Full
P003877,INV03877,2025-02-13,49414.43,Credit Card,Full
P003878,INV03878,2024-07-18,11958.71,Wire,Full
P003879,INV03879,2025-07-13,56100.340000000004,Bank Transfer,Full
P003880,INV03880,2025-03-25,38598.56,Bank Transfer,Full
P003881,INV03881,2025-07-06,54588.579999999994,Wire,Full
P003882,INV03882,2024-11-16,24363.34,Bank Transfer,Full
P003883,INV03883,2025-04-23,15719.07,Credit Card,Partial
P003884,INV03884,2025-10-06,7375.58,Credit Card,Partial
P003885,INV03885,2026-04-09,13461.87,Credit Card,Partial
P003886,INV03886,2024-09-02,37490.73,Bank Transfer,Full
P003887,INV03887,2025-02-11,0.0,Credit Card,Failed
P003888,INV03888,2026-05-24,0.0,Bank Transfer,Failed
P003889,INV03889,2024-09-30,43348.43,Bank Transfer,Full
P003890,INV03890,2025-06-08,13814.630000000001,Wire,Full
P003891,INV03891,2025-08-20,25143.52,Credit Card,Full
P003892,INV03892,2024-10-18,17932.1,Credit Card,Partial
P003893,INV03893,2026-04-30,13766.16,Wire,Partial
P003894,INV03894,2025-03-22,0.0,Wire,Failed
P003895,INV03895,2025-09-14,4973.24,Bank Transfer,Partial
P003896,INV03896,2025-02-18,9841.12,Credit Card,Partial
P003897,INV03897,2025-06-14,30413.64,Wire,Partial
P003898,INV03898,2025-07-14,15713.39,Bank Transfer,Partial
P003899,INV03899,2025-04-05,34324.92,Bank Transfer,Full
P003900,INV03900,2025-04-08,41434.61,Credit Card,Full
P003901,INV03901,2024-10-26,50634.22,Bank Transfer,Full
P003902,INV03902,2025-02-09,17792.32,Bank Transfer,Full
P003903,INV03903,2026-01-18,13990.210000000001,Credit Card,Full
P003904,INV03904,2025-01-30,51410.100000000006,Bank Transfer,Full
P003905,INV03905,2025-05-27,5813.09,Bank Transfer,Full
P003906,INV03906,2026-04-06,44733.9,Bank Transfer,Full
P003907,INV03907,2026-05-07,23890.890000000003,Wire,Full
P003908,INV03908,2026-01-22,53229.259999999995,Bank Transfer,Full
P003909,INV03909,2026-01-29,32173.410000000003,Bank Transfer,Full
P003910,INV03910,2025-07-25,19526.65,Wire,Full
P003911,INV03911,2025-03-13,48156.8,Bank Transfer,Partial
P003912,INV03912,2025-09-17,8480.05,Bank Transfer,Partial
P003913,INV03913,2026-01-27,27435.78,Wire,Full
P003914,INV03914,2026-05-22,57104.43000000001,Credit Card,Full
P003915,INV03915,2025-04-19,50434.14,Bank Transfer,Full
P003916,INV03916,2026-04-30,50066.77,Wire,Full
P003917,INV03917,2025-12-14,0.0,Bank Transfer,Failed
P003918,INV03918,2025-08-11,54626.420000000006,Credit Card,Full
P003919,INV03919,2024-11-22,0.0,Bank Transfer,Failed
P003920,INV03920,2025-07-10,30814.58,Credit Card,Partial
P003921,INV03921,2026-02-04,37953.950000000004,Bank Transfer,Full
P003922,INV03922,2024-10-02,26353.739999999998,Wire,Full
P003923,INV03923,2025-04-05,22309.510000000002,Wire,Full
P003924,INV03924,2025-02-22,18228.82,Bank Transfer,Full
P003925,INV03925,2025-11-24,7265.59,Wire,Full
P003926,INV03926,2026-02-09,36033.24,Wire,Full
P003927,INV03927,2024-11-27,28424.64,Wire,Full
P003928,INV03928,2026-01-22,9970.99,Bank Transfer,Partial
P003929,INV03929,2024-06-28,10366.37,Bank Transfer,Partial
P003930,INV03930,2024-12-16,18400.09,Credit Card,Full
P003931,INV03931,2024-12-24,48617.45,Credit Card,Full
P003932,INV03932,2026-03-13,12690.16,Bank Transfer,Partial
P003933,INV03933,2026-04-25,29368.96,Wire,Partial
P003934,INV03934,2025-03-25,51409.8,Bank Transfer,Full
P003935,INV03935,2024-11-26,45602.119999999995,Credit Card,Full
P003936,INV03936,2025-07-14,38005.51,Wire,Full
P003937,INV03937,2026-02-21,33594.729999999996,Bank Transfer,Full
P003938,INV03938,2025-04-28,52756.24,Wire,Full
P003939,INV03939,2025-10-11,0.0,Bank Transfer,Failed
P003940,INV03940,2025-09-04,46920.69,Wire,Full
P003941,INV03941,2025-05-11,17342.82,Wire,Full
P003942,INV03942,2026-05-28,16594.93,Wire,Full
P003943,INV03943,2025-12-14,10477.189999999999,Bank Transfer,Full
P003944,INV03944,2026-02-18,29806.800000000003,Bank Transfer,Full
P003945,INV03945,2026-05-13,25338.05,Wire,Full
P003946,INV03946,2024-11-14,16786.4,Wire,Partial
P003947,INV03947,2024-08-31,32282.56,Wire,Full
P003948,INV03948,2025-03-31,25678.949999999997,Bank Transfer,Full
P003949,INV03949,2025-04-21,27257.7,Credit Card,Full
P003950,INV03950,2026-02-06,0.0,Credit Card,Failed
P003951,INV03951,2025-07-25,26007.02,Wire,Full
P003952,INV03952,2026-01-16,41087.5,Wire,Full
P003953,INV03953,2025-11-30,31468.64,Bank Transfer,Full
P003954,INV03954,2026-05-01,22356.15,Wire,Full
P003955,INV03955,2025-07-18,16722.34,Wire,Partial
P003956,INV03956,2024-11-21,7588.1,Credit Card,Partial
P003957,INV03957,2024-07-16,36374.12,Bank Transfer,Full
P003958,INV03958,2025-03-19,4690.63,Credit Card,Full
P003959,INV03959,2025-01-10,35124.600000000006,Wire,Full
P003960,INV03960,2024-07-29,24340.309999999998,Wire,Full
P003961,INV03961,2025-05-12,0.0,Wire,Failed
P003962,INV03962,2024-08-04,16502.71,Bank Transfer,Partial
P003963,INV03963,2025-11-19,33509.08,Credit Card,Full
P003964,INV03964,2026-03-06,11442.79,Bank Transfer,Full
P003965,INV03965,2026-02-04,29317.589999999997,Bank Transfer,Full
P003966,INV03966,2025-02-10,6969.01,Bank Transfer,Partial
P003967,INV03967,2026-02-06,45093.63,Bank Transfer,Partial
P003968,INV03968,2025-03-24,8484.88,Bank Transfer,Partial
P003969,INV03969,2025-12-08,47203.939999999995,Bank Transfer,Full
P003970,INV03970,2026-07-08,31766.52,Credit Card,Full
P003971,INV03971,2025-09-18,62003.799999999996,Wire,Full
P003972,INV03972,2025-11-28,48357.61,Credit Card,Full
P003973,INV03973,2024-07-09,19892.16,Bank Transfer,Full
P003974,INV03974,2026-01-29,28112.96,Credit Card,Partial
P003975,INV03975,2024-09-15,14214.25,Wire,Partial
P003976,INV03976,2024-12-18,37298.83,Bank Transfer,Full
P003977,INV03977,2024-11-14,0.0,Wire,Failed
P003978,INV03978,2024-12-31,56827.22,Credit Card,Full
P003979,INV03979,2025-02-23,22099.14,Bank Transfer,Full
P003980,INV03980,2026-03-18,14540.43,Credit Card,Partial
P003981,INV03981,2026-04-11,0.0,Wire,Failed
P003982,INV03982,2024-07-27,8811.61,Wire,Partial
P003983,INV03983,2026-04-09,20058.34,Bank Transfer,Partial
P003984,INV03984,2025-03-31,22772.91,Bank Transfer,Full
P003985,INV03985,2026-01-10,37042.659999999996,Bank Transfer,Full
P003986,INV03986,2026-03-28,39626.63,Credit Card,Partial
P003987,INV03987,2025-11-05,8034.12,Bank Transfer,Partial
P003988,INV03988,2025-02-19,0.0,Bank Transfer,Failed
P003989,INV03989,2025-12-04,54982.2,Bank Transfer,Full
P003990,INV03990,2026-04-08,15597.49,Wire,Partial
P003991,INV03991,2024-07-29,46228.03,Bank Transfer,Full
P003992,INV03992,2026-05-05,45480.84,Wire,Full
P003993,INV03993,2026-03-08,17920.16,Credit Card,Partial
P003994,INV03994,2025-08-27,9600.31,Bank Transfer,Full
P003995,INV03995,2025-09-21,47191.96,Bank Transfer,Full
P003996,INV03996,2025-08-19,28481.09,Wire,Partial
P003997,INV03997,2025-10-22,14153.32,Bank Transfer,Partial
P003998,INV03998,2024-10-09,49222.31,Credit Card,Full
P003999,INV03999,2025-03-16,17399.65,Wire,Full
P004000,INV04000,2025-02-15,58792.270000000004,Credit Card,Full
P004001,INV04001,2025-10-26,27865.58,Bank Transfer,Full
P004002,INV04002,2025-08-05,23938.300000000003,Wire,Full
P004003,INV04003,2025-01-18,36319.05,Credit Card,Full
P004004,INV04004,2024-08-24,0.0,Wire,Failed
P004005,INV04005,2025-05-16,17655.66,Bank Transfer,Partial
P004006,INV04006,2024-08-31,8662.43,Bank Transfer,Full
P004007,INV04007,2024-09-03,23549.42,Credit Card,Full
P004008,INV04008,2024-12-14,32224.190000000002,Credit Card,Full
P004009,INV04009,2026-05-23,46793.33,Credit Card,Full
P004010,INV04010,2024-07-10,52187.19,Credit Card,Full
P004011,INV04011,2025-02-05,15377.27,Wire,Full
P004012,INV04012,2025-01-14,16649.21,Credit Card,Partial
P004013,INV04013,2026-05-12,39963.78,Wire,Full
P004014,INV04014,2025-06-19,60740.52,Bank Transfer,Full
P004015,INV04015,2025-12-29,43400.549999999996,Credit Card,Full
P004016,INV04016,2026-04-10,19525.21,Bank Transfer,Full
P004017,INV04017,2026-05-06,0.0,Bank Transfer,Failed
P004018,INV04018,2025-02-08,54314.020000000004,Bank Transfer,Full
P004019,INV04019,2025-04-03,0.0,Credit Card,Failed
P004020,INV04020,2025-07-22,10423.33,Credit Card,Full
P004021,INV04021,2025-11-12,11817.34,Wire,Partial
P004022,INV04022,2024-10-15,55265.4,Credit Card,Full
P004023,INV04023,2024-10-23,16323.279999999999,Credit Card,Full
P004024,INV04024,2025-10-23,38043.130000000005,Bank Transfer,Full
P004025,INV04025,2024-08-11,49329.76,Wire,Full
P004026,INV04026,2025-05-09,43569.78,Credit Card,Full
P004027,INV04027,2025-11-21,39480.7,Wire,Full
P004028,INV04028,2025-09-09,38965.57,Wire,Full
P004029,INV04029,2024-10-06,0.0,Credit Card,Failed
P004030,INV04030,2024-07-07,37314.33,Bank Transfer,Full
P004031,INV04031,2024-12-01,44969.299999999996,Bank Transfer,Full
P004032,INV04032,2024-07-27,16599.12,Bank Transfer,Partial
P004033,INV04033,2024-09-19,9189.09,Bank Transfer,Partial
P004034,INV04034,2025-12-22,0.0,Bank Transfer,Failed
P004035,INV04035,2024-10-24,54076.89,Bank Transfer,Full
P004036,INV04036,2024-08-08,0.0,Wire,Failed
P004037,INV04037,2025-09-01,27809.36,Credit Card,Full
P004038,INV04038,2025-06-16,40020.09,Credit Card,Full
P004039,INV04039,2026-01-06,38178.3,Bank Transfer,Full
P004040,INV04040,2025-04-08,17158.86,Bank Transfer,Full
P004041,INV04041,2024-12-21,29128.43,Credit Card,Full
P004042,INV04042,2026-04-21,18678.19,Credit Card,Full
P004043,INV04043,2025-05-08,51305.829999999994,Bank Transfer,Full
P004044,INV04044,2024-10-30,0.0,Wire,Failed
P004045,INV04045,2025-10-05,28951.93,Bank Transfer,Full
P004046,INV04046,2025-10-16,25339.55,Credit Card,Full
P004047,INV04047,2025-04-16,11553.939999999999,Bank Transfer,Full
P004048,INV04048,2024-09-16,28750.82,Bank Transfer,Partial
P004049,INV04049,2026-01-28,17412.84,Credit Card,Full
P004050,INV04050,2024-07-07,35380.83,Bank Transfer,Partial
P004051,INV04051,2025-04-30,45196.85,Credit Card,Full
P004052,INV04052,2025-10-30,30050.670000000002,Bank Transfer,Full
P004053,INV04053,2024-08-09,55397.49,Credit Card,Full
P004054,INV04054,2026-03-15,16412.02,Credit Card,Full
P004055,INV04055,2024-08-25,26897.36,Bank Transfer,Full
P004056,INV04056,2025-08-01,32698.85,Wire,Partial
P004057,INV04057,2025-03-10,0.0,Bank Transfer,Failed
P004058,INV04058,2025-09-28,17088.94,Wire,Full
P004059,INV04059,2025-11-27,19238.32,Credit Card,Full
P004060,INV04060,2026-01-28,21819.2,Bank Transfer,Full
P004061,INV04061,2025-07-07,13881.07,Credit Card,Partial
P004062,INV04062,2024-11-19,18999.27,Credit Card,Full
P004063,INV04063,2024-06-11,25585.72,Credit Card,Full
P004064,INV04064,2025-02-01,46498.96,Bank Transfer,Full
P004065,INV04065,2025-05-17,57501.369999999995,Bank Transfer,Full
P004066,INV04066,2026-01-06,26304.4,Wire,Full
P004067,INV04067,2025-11-22,20654.7,Credit Card,Full
P004068,INV04068,2026-02-21,9991.47,Wire,Partial
P004069,INV04069,2025-11-26,50090.42,Bank Transfer,Full
P004070,INV04070,2025-02-25,49640.81,Bank Transfer,Full
P004071,INV04071,2026-02-20,33295.49,Credit Card,Full
P004072,INV04072,2025-12-15,29214.85,Bank Transfer,Full
P004073,INV04073,2025-07-11,32006.86,Credit Card,Full
P004074,INV04074,2025-01-21,20739.8,Bank Transfer,Full
P004075,INV04075,2025-07-11,23421.3,Wire,Full
P004076,INV04076,2026-01-13,14283.17,Wire,Partial
P004077,INV04077,2024-07-31,0.0,Wire,Failed
P004078,INV04078,2025-05-28,28747.710000000003,Credit Card,Full
P004079,INV04079,2026-02-12,0.0,Bank Transfer,Failed
P004080,INV04080,2025-06-04,35619.619999999995,Credit Card,Full
P004081,INV04081,2025-01-07,48909.45,Bank Transfer,Partial
P004082,INV04082,2025-08-08,38577.04,Credit Card,Full
P004083,INV04083,2025-02-21,10130.83,Wire,Partial
P004084,INV04084,2025-01-20,36120.16,Bank Transfer,Full
P004085,INV04085,2026-03-15,0.0,Credit Card,Failed
P004086,INV04086,2024-08-13,18765.81,Credit Card,Full
P004087,INV04087,2025-12-11,33153.15,Bank Transfer,Full
P004088,INV04088,2024-11-17,11898.38,Credit Card,Full
P004089,INV04089,2024-08-26,18078.47,Wire,Partial
P004090,INV04090,2025-11-11,51451.020000000004,Wire,Full
P004091,INV04091,2024-12-26,4639.29,Bank Transfer,Partial
P004092,INV04092,2025-09-05,15718.33,Bank Transfer,Full
P004093,INV04093,2025-10-30,34356.85,Credit Card,Full
P004094,INV04094,2026-03-14,15531.300000000001,Wire,Full
P004095,INV04095,2025-08-28,0.0,Wire,Failed
P004096,INV04096,2026-02-02,35090.13,Credit Card,Full
P004097,INV04097,2026-01-09,27099.62,Bank Transfer,Full
P004098,INV04098,2026-01-11,43121.759999999995,Bank Transfer,Full
P004099,INV04099,2025-09-16,39800.1,Wire,Full
P004100,INV04100,2024-12-24,38552.89,Bank Transfer,Full
P004101,INV04101,2026-03-06,44561.79,Bank Transfer,Full
P004102,INV04102,2025-05-02,55535.24,Bank Transfer,Full
P004103,INV04103,2026-06-01,48210.65,Wire,Full
P004104,INV04104,2026-01-26,16005.62,Bank Transfer,Partial
P004105,INV04105,2025-05-11,24163.37,Bank Transfer,Full
P004106,INV04106,2025-11-08,47188.909999999996,Wire,Full
P004107,INV04107,2025-09-06,25679.62,Wire,Full
P004108,INV04108,2026-05-03,0.0,Credit Card,Failed
P004109,INV04109,2024-06-18,13474.72,Credit Card,Full
P004110,INV04110,2024-09-11,37078.87,Wire,Full
P004111,INV04111,2024-06-18,18183.83,Credit Card,Full
P004112,INV04112,2025-08-10,37730.39,Wire,Full
P004113,INV04113,2024-08-30,42898.29,Credit Card,Full
P004114,INV04114,2026-06-04,49963.520000000004,Credit Card,Full
P004115,INV04115,2024-11-22,7012.24,Wire,Full
P004116,INV04116,2025-02-10,5935.2,Bank Transfer,Partial
P004117,INV04117,2025-10-14,14297.29,Wire,Partial
P004118,INV04118,2026-04-12,24114.88,Wire,Full
P004119,INV04119,2024-10-27,34768.21,Credit Card,Partial
P004120,INV04120,2025-06-18,48562.72,Bank Transfer,Full
P004121,INV04121,2025-04-26,34002.59,Bank Transfer,Full
P004122,INV04122,2024-07-24,24426.65,Bank Transfer,Full
P004123,INV04123,2025-11-04,39230.08,Bank Transfer,Full
P004124,INV04124,2025-04-17,12745.470000000001,Credit Card,Full
P004125,INV04125,2024-12-23,49063.77,Bank Transfer,Full
P004126,INV04126,2024-10-04,31246.44,Bank Transfer,Partial
P004127,INV04127,2024-08-27,44804.450000000004,Wire,Full
P004128,INV04128,2024-08-22,31885.559999999998,Bank Transfer,Full
P004129,INV04129,2025-08-29,0.0,Wire,Failed
P004130,INV04130,2024-06-16,60849.53,Bank Transfer,Full
P004131,INV04131,2025-07-23,25670.230000000003,Wire,Full
P004132,INV04132,2025-10-25,19844.59,Bank Transfer,Full
P004133,INV04133,2024-08-27,0.0,Credit Card,Failed
P004134,INV04134,2026-06-30,19456.12,Credit Card,Full
P004135,INV04135,2025-12-10,32537.010000000002,Bank Transfer,Full
P004136,INV04136,2026-04-15,0.0,Wire,Failed
P004137,INV04137,2025-12-28,60119.02,Wire,Full
P004138,INV04138,2024-11-07,56902.840000000004,Wire,Full
P004139,INV04139,2026-01-25,35572.97,Bank Transfer,Full
P004140,INV04140,2026-05-08,56086.12,Wire,Full
P004141,INV04141,2025-10-17,28722.74,Credit Card,Partial
P004142,INV04142,2025-04-27,36195.93,Credit Card,Full
P004143,INV04143,2026-01-01,0.0,Bank Transfer,Failed
P004144,INV04144,2024-11-30,34404.07,Bank Transfer,Full
P004145,INV04145,2025-01-18,0.0,Credit Card,Failed
P004146,INV04146,2025-01-30,27855.870000000003,Bank Transfer,Full
P004147,INV04147,2026-05-20,33471.96,Bank Transfer,Full
P004148,INV04148,2024-11-14,49793.14,Credit Card,Full
P004149,INV04149,2026-02-25,19666.6,Bank Transfer,Partial
P004150,INV04150,2025-08-02,42481.86,Wire,Full
P004151,INV04151,2025-01-07,31387.07,Bank Transfer,Full
P004152,INV04152,2025-04-27,14378.93,Credit Card,Partial
P004153,INV04153,2026-02-17,5107.36,Credit Card,Partial
P004154,INV04154,2024-12-18,25238.2,Wire,Partial
P004155,INV04155,2025-03-09,31838.89,Credit Card,Partial
P004156,INV04156,2024-08-15,43191.88,Credit Card,Full
P004157,INV04157,2025-03-02,0.0,Bank Transfer,Failed
P004158,INV04158,2026-05-07,14745.14,Credit Card,Full
P004159,INV04159,2026-06-22,9226.689999999999,Credit Card,Full
P004160,INV04160,2025-12-01,20052.16,Wire,Full
P004161,INV04161,2025-07-24,31886.879999999997,Wire,Full
P004162,INV04162,2026-05-27,44943.71000000001,Credit Card,Full
P004163,INV04163,2026-01-14,43938.850000000006,Wire,Full
P004164,INV04164,2024-12-20,12357.79,Wire,Full
P004165,INV04165,2025-01-02,28455.0,Bank Transfer,Full
P004166,INV04166,2025-01-05,54373.99,Bank Transfer,Full
P004167,INV04167,2024-08-16,23650.43,Credit Card,Full
P004168,INV04168,2024-11-12,53739.55,Credit Card,Full
P004169,INV04169,2025-10-24,15518.63,Bank Transfer,Partial
P004170,INV04170,2026-02-02,13069.87,Bank Transfer,Full
P004171,INV04171,2024-08-03,24268.17,Wire,Full
P004172,INV04172,2025-09-09,20657.05,Credit Card,Full
P004173,INV04173,2025-01-09,50057.24,Credit Card,Full
P004174,INV04174,2025-11-16,24007.47,Bank Transfer,Partial
P004175,INV04175,2024-12-14,9844.08,Bank Transfer,Full
P004176,INV04176,2024-10-03,12657.14,Wire,Partial
P004177,INV04177,2025-05-31,0.0,Credit Card,Failed
P004178,INV04178,2024-11-03,39448.85,Bank Transfer,Full
P004179,INV04179,2026-06-30,41163.97,Wire,Full
P004180,INV04180,2026-04-28,0.0,Bank Transfer,Failed
P004181,INV04181,2025-03-08,0.0,Bank Transfer,Failed
P004182,INV04182,2025-04-17,19548.36,Wire,Partial
P004183,INV04183,2024-11-25,14494.57,Wire,Full
P004184,INV04184,2025-09-27,26467.95,Credit Card,Partial
P004185,INV04185,2025-01-12,0.0,Credit Card,Failed
P004186,INV04186,2025-11-29,0.0,Bank Transfer,Failed
P004187,INV04187,2025-02-07,47248.5,Bank Transfer,Full
P004188,INV04188,2025-08-30,44992.78,Wire,Full
P004189,INV04189,2024-10-04,43167.86,Bank Transfer,Full
P004190,INV04190,2025-11-26,47220.28,Wire,Full
P004191,INV04191,2024-12-06,16577.13,Wire,Partial
P004192,INV04192,2026-01-22,24725.56,Credit Card,Full
P004193,INV04193,2025-11-24,34411.49,Wire,Full
P004194,INV04194,2025-02-24,13803.599999999999,Credit Card,Full
P004195,INV04195,2024-09-24,21362.12,Wire,Full
P004196,INV04196,2025-10-11,30208.32,Wire,Full
P004197,INV04197,2024-09-10,45925.0,Credit Card,Full
P004198,INV04198,2025-07-06,49273.880000000005,Credit Card,Full
P004199,INV04199,2025-02-03,39664.68,Bank Transfer,Partial
P004200,INV04200,2025-05-18,53122.409999999996,Wire,Full
P004201,INV04201,2024-09-15,49030.07,Bank Transfer,Full
P004202,INV04202,2025-03-14,33381.770000000004,Wire,Full
P004203,INV04203,2025-05-30,27081.43,Wire,Full
P004204,INV04204,2025-05-14,49223.32000000001,Bank Transfer,Full
P004205,INV04205,2024-06-14,54947.53999999999,Wire,Full
P004206,INV04206,2025-02-14,24329.72,Bank Transfer,Partial
P004207,INV04207,2024-07-29,14450.47,Credit Card,Full
P004208,INV04208,2024-09-08,53427.8,Credit Card,Full
P004209,INV04209,2026-05-11,51990.219999999994,Credit Card,Full
P004210,INV04210,2026-04-14,0.0,Bank Transfer,Failed
P004211,INV04211,2026-03-18,11653.82,Bank Transfer,Full
P004212,INV04212,2026-04-09,11115.27,Credit Card,Full
P004213,INV04213,2025-11-17,0.0,Credit Card,Failed
P004214,INV04214,2024-08-14,14781.740000000002,Bank Transfer,Full
P004215,INV04215,2025-04-03,38071.72,Credit Card,Full
P004216,INV04216,2025-08-25,16341.15,Bank Transfer,Full
P004217,INV04217,2026-06-06,20423.76,Credit Card,Partial
P004218,INV04218,2024-10-29,22341.68,Credit Card,Full
P004219,INV04219,2025-09-15,36457.02,Wire,Full
P004220,INV04220,2024-10-13,51070.9,Credit Card,Full
P004221,INV04221,2024-11-16,6518.97,Wire,Partial
P004222,INV04222,2025-07-03,0.0,Bank Transfer,Failed
P004223,INV04223,2025-06-27,26394.27,Bank Transfer,Full
P004224,INV04224,2025-10-11,5488.41,Credit Card,Full
P004225,INV04225,2024-08-02,49101.05,Wire,Full
P004226,INV04226,2025-03-18,0.0,Bank Transfer,Failed
P004227,INV04227,2025-08-24,43579.62,Bank Transfer,Full
P004228,INV04228,2026-01-25,44011.99,Credit Card,Full
P004229,INV04229,2024-12-10,13474.36,Credit Card,Full
P004230,INV04230,2025-01-04,21875.25,Bank Transfer,Full
P004231,INV04231,2026-02-26,26451.15,Wire,Full
P004232,INV04232,2024-08-06,8585.4,Credit Card,Full
P004233,INV04233,2024-11-27,12653.97,Bank Transfer,Partial
P004234,INV04234,2025-07-12,8644.2,Credit Card,Partial
P004235,INV04235,2025-08-10,34798.6,Bank Transfer,Partial
P004236,INV04236,2024-07-21,14574.23,Wire,Partial
P004237,INV04237,2025-06-12,50539.46,Wire,Full
P004238,INV04238,2024-12-19,11208.62,Bank Transfer,Partial
P004239,INV04239,2026-04-09,19188.54,Bank Transfer,Full
P004240,INV04240,2025-04-22,27977.85,Wire,Partial
P004241,INV04241,2026-02-05,27200.3,Credit Card,Full
P004242,INV04242,2024-10-21,17604.57,Bank Transfer,Full
P004243,INV04243,2026-04-13,20534.64,Credit Card,Full
P004244,INV04244,2025-12-04,53048.93,Credit Card,Full
P004245,INV04245,2024-10-25,55327.73,Credit Card,Full
P004246,INV04246,2025-10-30,0.0,Wire,Failed
P004247,INV04247,2024-08-30,3380.71,Wire,Partial
P004248,INV04248,2026-03-29,24919.940000000002,Credit Card,Full
P004249,INV04249,2024-12-08,0.0,Bank Transfer,Failed
P004250,INV04250,2025-09-07,0.0,Credit Card,Failed
P004251,INV04251,2026-05-14,48254.590000000004,Wire,Full
P004252,INV04252,2025-10-12,6490.1,Wire,Partial
P004253,INV04253,2025-09-19,22518.62,Wire,Full
P004254,INV04254,2025-11-01,40024.42,Bank Transfer,Full
P004255,INV04255,2025-09-24,10506.65,Credit Card,Partial
P004256,INV04256,2024-09-30,50042.54,Credit Card,Full
P004257,INV04257,2025-05-04,12387.83,Credit Card,Partial
P004258,INV04258,2025-12-20,26037.46,Bank Transfer,Partial
P004259,INV04259,2024-07-27,48449.4,Wire,Full
P004260,INV04260,2026-03-24,16035.84,Bank Transfer,Full
P004261,INV04261,2025-12-17,28869.920000000002,Bank Transfer,Full
P004262,INV04262,2024-08-08,44069.15,Bank Transfer,Full
P004263,INV04263,2024-09-15,45513.5,Credit Card,Full
P004264,INV04264,2025-10-11,13167.95,Credit Card,Full
P004265,INV04265,2026-06-08,54409.799999999996,Wire,Full
P004266,INV04266,2025-12-01,21172.39,Bank Transfer,Full
P004267,INV04267,2024-07-16,7395.12,Credit Card,Partial
P004268,INV04268,2026-02-16,4654.36,Bank Transfer,Partial
P004269,INV04269,2025-04-26,28713.75,Wire,Partial
P004270,INV04270,2024-07-19,30246.14,Bank Transfer,Full
P004271,INV04271,2026-03-03,0.0,Wire,Failed
P004272,INV04272,2024-09-25,32837.93,Wire,Full
P004273,INV04273,2025-12-01,25595.23,Credit Card,Partial
P004274,INV04274,2025-12-10,17530.96,Credit Card,Partial
P004275,INV04275,2025-05-03,21862.47,Wire,Partial
P004276,INV04276,2026-02-13,0.0,Bank Transfer,Failed
P004277,INV04277,2024-10-09,25229.31,Wire,Partial
P004278,INV04278,2025-05-26,50126.33,Wire,Full
P004279,INV04279,2025-09-30,29266.29,Wire,Full
P004280,INV04280,2025-01-02,17380.45,Wire,Full
P004281,INV04281,2025-10-15,45170.92999999999,Wire,Full
P004282,INV04282,2024-07-21,55324.41,Bank Transfer,Full
P004283,INV04283,2024-11-15,27548.46,Credit Card,Full
P004284,INV04284,2026-05-04,15740.44,Credit Card,Full
P004285,INV04285,2026-03-19,37143.08,Credit Card,Partial
P004286,INV04286,2025-04-30,46838.39,Wire,Full
P004287,INV04287,2025-04-02,0.0,Bank Transfer,Failed
P004288,INV04288,2025-07-17,25645.989999999998,Wire,Full
P004289,INV04289,2024-07-30,45636.7,Wire,Full
P004290,INV04290,2025-08-09,11853.95,Wire,Full
P004291,INV04291,2026-01-07,48398.46,Credit Card,Full
P004292,INV04292,2025-06-28,45378.98,Bank Transfer,Full
P004293,INV04293,2025-09-07,20753.579999999998,Credit Card,Full
P004294,INV04294,2024-12-17,23218.5,Wire,Partial
P004295,INV04295,2025-08-20,43612.229999999996,Credit Card,Full
P004296,INV04296,2024-08-05,21610.19,Credit Card,Full
P004297,INV04297,2024-06-19,12537.060000000001,Credit Card,Full
P004298,INV04298,2025-06-20,0.0,Credit Card,Failed
P004299,INV04299,2025-09-21,44007.0,Credit Card,Full
P004300,INV04300,2026-05-22,21401.66,Bank Transfer,Full
P004301,INV04301,2026-03-29,23922.63,Credit Card,Full
P004302,INV04302,2025-07-06,13914.83,Bank Transfer,Full
P004303,INV04303,2026-05-09,34721.450000000004,Wire,Full
P004304,INV04304,2026-04-06,24538.1,Bank Transfer,Full
P004305,INV04305,2026-03-27,16800.74,Bank Transfer,Full
P004306,INV04306,2025-06-01,0.0,Credit Card,Failed
P004307,INV04307,2025-10-07,17804.45,Credit Card,Partial
P004308,INV04308,2025-08-31,24582.46,Credit Card,Full
P004309,INV04309,2024-07-20,21383.25,Credit Card,Full
P004310,INV04310,2024-06-27,58406.97,Bank Transfer,Full
P004311,INV04311,2024-06-29,53706.15,Credit Card,Full
P004312,INV04312,2025-03-15,0.0,Bank Transfer,Failed
P004313,INV04313,2025-07-08,21205.32,Bank Transfer,Partial
P004314,INV04314,2026-01-10,42641.2,Credit Card,Full
P004315,INV04315,2024-10-18,0.0,Wire,Failed
P004316,INV04316,2025-07-21,17261.18,Credit Card,Full
P004317,INV04317,2025-02-26,0.0,Wire,Failed
P004318,INV04318,2024-08-13,36454.92,Credit Card,Full
P004319,INV04319,2025-09-05,49984.45,Credit Card,Full
P004320,INV04320,2025-03-28,0.0,Wire,Failed
P004321,INV04321,2025-11-23,32786.509999999995,Credit Card,Full
P004322,INV04322,2024-12-28,17531.18,Bank Transfer,Full
P004323,INV04323,2024-11-30,0.0,Bank Transfer,Failed
P004324,INV04324,2024-11-05,37358.45,Bank Transfer,Full
P004325,INV04325,2026-02-23,42394.72,Wire,Full
P004326,INV04326,2025-07-01,49267.51,Wire,Full
P004327,INV04327,2025-08-11,41224.81,Wire,Full
P004328,INV04328,2026-06-12,53377.2,Credit Card,Full
P004329,INV04329,2026-05-31,0.0,Bank Transfer,Failed
P004330,INV04330,2025-08-03,40917.1,Credit Card,Partial
P004331,INV04331,2025-08-20,11818.41,Wire,Full
P004332,INV04332,2026-04-10,28821.59,Wire,Full
P004333,INV04333,2025-11-12,24291.309999999998,Credit Card,Full
P004334,INV04334,2026-03-13,10028.09,Credit Card,Partial
P004335,INV04335,2024-12-07,28135.46,Wire,Full
P004336,INV04336,2024-09-28,31784.54,Bank Transfer,Full
P004337,INV04337,2025-05-17,31099.64,Credit Card,Partial
P004338,INV04338,2025-03-15,13322.66,Wire,Partial
P004339,INV04339,2026-04-17,19001.68,Wire,Full
P004340,INV04340,2025-06-24,37323.56,Bank Transfer,Full
P004341,INV04341,2025-03-11,6080.780000000001,Bank Transfer,Full
P004342,INV04342,2026-04-09,45496.88,Credit Card,Full
P004343,INV04343,2025-04-17,36423.36,Bank Transfer,Full
P004344,INV04344,2024-06-29,22808.54,Bank Transfer,Full
P004345,INV04345,2025-03-29,0.0,Bank Transfer,Failed
P004346,INV04346,2026-01-28,39279.47,Bank Transfer,Full
P004347,INV04347,2025-06-25,45863.64,Credit Card,Full
P004348,INV04348,2025-10-19,0.0,Credit Card,Failed
P004349,INV04349,2024-09-25,44873.71,Wire,Full
P004350,INV04350,2025-06-25,14230.19,Bank Transfer,Partial
P004351,INV04351,2025-05-15,54581.33,Wire,Full
P004352,INV04352,2025-08-17,11222.63,Credit Card,Partial
P004353,INV04353,2025-02-28,42240.38,Credit Card,Full
P004354,INV04354,2026-04-28,22521.440000000002,Bank Transfer,Full
P004355,INV04355,2026-06-13,31292.11,Wire,Full
P004356,INV04356,2025-02-04,57042.98,Bank Transfer,Full
P004357,INV04357,2024-12-26,12158.64,Bank Transfer,Partial
P004358,INV04358,2025-05-01,17424.239999999998,Credit Card,Full
P004359,INV04359,2024-11-13,0.0,Credit Card,Failed
P004360,INV04360,2026-04-25,23937.89,Bank Transfer,Full
P004361,INV04361,2024-11-30,29338.35,Bank Transfer,Full
P004362,INV04362,2024-11-28,49048.19,Credit Card,Full
P004363,INV04363,2026-01-04,57144.53,Wire,Full
P004364,INV04364,2024-11-30,52512.39,Wire,Full
P004365,INV04365,2024-08-17,33649.36,Credit Card,Full
P004366,INV04366,2026-01-18,56194.1,Credit Card,Full
P004367,INV04367,2025-11-05,20944.7,Wire,Full
P004368,INV04368,2025-04-14,21307.36,Wire,Full
P004369,INV04369,2026-04-25,48585.94,Credit Card,Full
P004370,INV04370,2024-10-13,39899.46,Credit Card,Full
P004371,INV04371,2025-04-26,31448.050000000003,Bank Transfer,Full
P004372,INV04372,2024-11-13,39495.76,Bank Transfer,Full
P004373,INV04373,2025-03-02,41603.85,Bank Transfer,Full
P004374,INV04374,2026-01-21,54361.41,Credit Card,Full
P004375,INV04375,2026-04-13,37709.65,Wire,Full
P004376,INV04376,2025-03-04,22287.77,Bank Transfer,Full
P004377,INV04377,2026-03-15,30953.01,Credit Card,Partial
P004378,INV04378,2025-12-14,16774.13,Wire,Full
P004379,INV04379,2025-06-01,0.0,Bank Transfer,Failed
P004380,INV04380,2024-08-01,28836.54,Wire,Full
P004381,INV04381,2024-11-14,22502.54,Wire,Full
P004382,INV04382,2025-12-05,0.0,Credit Card,Failed
P004383,INV04383,2025-09-09,35125.08,Credit Card,Full
P004384,INV04384,2024-10-08,26041.120000000003,Wire,Full
P004385,INV04385,2025-09-26,46098.329999999994,Bank Transfer,Full
P004386,INV04386,2025-09-07,30851.27,Credit Card,Full
P004387,INV04387,2026-02-01,35883.93,Bank Transfer,Full
P004388,INV04388,2025-01-18,38042.02,Credit Card,Full
P004389,INV04389,2025-07-07,21528.149999999998,Wire,Full
P004390,INV04390,2025-09-17,43192.17,Bank Transfer,Full
P004391,INV04391,2024-09-14,23926.7,Bank Transfer,Full
P004392,INV04392,2024-06-23,28084.97,Wire,Partial
P004393,INV04393,2025-02-21,35425.35,Bank Transfer,Partial
P004394,INV04394,2025-07-21,18740.68,Wire,Full
P004395,INV04395,2024-11-06,24867.5,Credit Card,Full
P004396,INV04396,2025-06-14,29397.280000000002,Bank Transfer,Full
P004397,INV04397,2024-11-29,47530.06,Wire,Full
P004398,INV04398,2025-07-16,24412.719999999998,Bank Transfer,Full
P004399,INV04399,2025-06-23,44858.73,Bank Transfer,Full
P004400,INV04400,2025-04-16,21008.37,Bank Transfer,Full
P004401,INV04401,2024-11-15,7682.8,Credit Card,Partial
P004402,INV04402,2026-06-03,16802.93,Wire,Full
P004403,INV04403,2025-11-22,21999.07,Credit Card,Partial
P004404,INV04404,2025-12-31,54859.130000000005,Credit Card,Full
P004405,INV04405,2025-08-21,46751.69,Wire,Full
P004406,INV04406,2024-12-24,38723.21,Credit Card,Full
P004407,INV04407,2026-02-01,53321.0,Bank Transfer,Full
P004408,INV04408,2025-09-25,17562.420000000002,Bank Transfer,Full
P004409,INV04409,2025-05-05,51874.19,Credit Card,Full
P004410,INV04410,2025-10-14,31666.08,Credit Card,Partial
P004411,INV04411,2025-04-28,14492.62,Wire,Partial
P004412,INV04412,2025-07-29,32692.420000000002,Wire,Full
P004413,INV04413,2025-09-01,35936.08,Wire,Full
P004414,INV04414,2025-05-05,11454.46,Bank Transfer,Full
P004415,INV04415,2025-09-24,9504.37,Credit Card,Partial
P004416,INV04416,2024-06-30,0.0,Bank Transfer,Failed
P004417,INV04417,2025-04-18,46042.880000000005,Credit Card,Full
P004418,INV04418,2025-10-31,17511.47,Bank Transfer,Partial
P004419,INV04419,2024-09-09,17736.309999999998,Wire,Full
P004420,INV04420,2024-10-29,41094.57,Bank Transfer,Full
P004421,INV04421,2024-07-18,27281.21,Bank Transfer,Full
P004422,INV04422,2025-02-09,57114.5,Wire,Full
P004423,INV04423,2024-09-14,31198.45,Wire,Full
P004424,INV04424,2025-11-19,0.0,Wire,Failed
P004425,INV04425,2025-03-30,0.0,Bank Transfer,Failed
P004426,INV04426,2025-07-15,42371.87,Credit Card,Full
P004427,INV04427,2024-08-16,34754.740000000005,Bank Transfer,Full
P004428,INV04428,2026-06-04,25858.62,Bank Transfer,Partial
P004429,INV04429,2024-08-23,11858.19,Wire,Partial
P004430,INV04430,2026-03-24,33561.11,Bank Transfer,Full
P004431,INV04431,2025-01-10,45648.16,Credit Card,Full
P004432,INV04432,2025-05-28,0.0,Wire,Failed
P004433,INV04433,2026-02-18,7554.17,Credit Card,Partial
P004434,INV04434,2025-02-27,34729.36,Wire,Partial
P004435,INV04435,2026-05-16,10789.210000000001,Wire,Full
P004436,INV04436,2024-07-14,0.0,Credit Card,Failed
P004437,INV04437,2025-04-05,44143.8,Wire,Full
P004438,INV04438,2026-03-12,14672.53,Wire,Full
P004439,INV04439,2026-06-08,31710.100000000002,Wire,Full
P004440,INV04440,2025-01-14,36099.26,Credit Card,Partial
P004441,INV04441,2025-08-18,46129.93,Bank Transfer,Full
P004442,INV04442,2026-04-28,15100.28,Credit Card,Partial
P004443,INV04443,2025-07-26,9637.32,Credit Card,Full
P004444,INV04444,2026-02-20,32160.58,Wire,Full
P004445,INV04445,2025-01-06,23140.07,Credit Card,Full
P004446,INV04446,2024-08-02,52230.619999999995,Credit Card,Full
P004447,INV04447,2025-07-04,0.0,Credit Card,Failed
P004448,INV04448,2025-12-02,24296.84,Bank Transfer,Partial
P004449,INV04449,2025-04-09,29232.510000000002,Bank Transfer,Full
P004450,INV04450,2026-03-31,25652.95,Bank Transfer,Full
P004451,INV04451,2026-05-14,27816.52,Credit Card,Full
P004452,INV04452,2024-12-07,11435.0,Bank Transfer,Partial
P004453,INV04453,2026-06-15,17810.77,Bank Transfer,Partial
P004454,INV04454,2025-05-24,50741.11,Wire,Full
P004455,INV04455,2024-09-22,11100.31,Wire,Full
P004456,INV04456,2026-01-10,30309.15,Wire,Full
P004457,INV04457,2025-01-02,0.0,Bank Transfer,Failed
P004458,INV04458,2025-12-17,33859.240000000005,Wire,Full
P004459,INV04459,2025-12-13,0.0,Wire,Failed
P004460,INV04460,2025-03-19,52988.58,Bank Transfer,Full
P004461,INV04461,2024-12-04,11023.27,Bank Transfer,Partial
P004462,INV04462,2025-02-19,34987.35,Credit Card,Full
P004463,INV04463,2026-01-20,18955.06,Credit Card,Partial
P004464,INV04464,2026-02-10,8809.2,Bank Transfer,Full
P004465,INV04465,2025-08-06,13156.08,Bank Transfer,Full
P004466,INV04466,2025-11-13,0.0,Bank Transfer,Failed
P004467,INV04467,2025-08-05,17978.04,Credit Card,Partial
P004468,INV04468,2025-04-02,53447.049999999996,Wire,Full
P004469,INV04469,2025-07-16,61845.42,Wire,Full
P004470,INV04470,2025-02-26,31952.7,Bank Transfer,Partial
P004471,INV04471,2024-11-20,40587.38,Bank Transfer,Full
P004472,INV04472,2025-03-28,0.0,Bank Transfer,Failed
P004473,INV04473,2025-07-23,0.0,Bank Transfer,Failed
P004474,INV04474,2024-08-06,25995.15,Credit Card,Partial
P004475,INV04475,2026-04-27,21027.2,Credit Card,Partial
P004476,INV04476,2025-05-18,20761.71,Wire,Full
P004477,INV04477,2025-07-14,9014.39,Bank Transfer,Full
P004478,INV04478,2026-01-07,47708.75,Wire,Full
P004479,INV04479,2025-08-20,28968.280000000002,Credit Card,Full
P004480,INV04480,2025-12-28,16623.6,Wire,Partial
P004481,INV04481,2024-08-25,21946.120000000003,Wire,Full
P004482,INV04482,2024-11-25,29799.65,Credit Card,Full
P004483,INV04483,2024-07-17,34019.68,Credit Card,Full
P004484,INV04484,2024-11-09,28150.06,Credit Card,Full
P004485,INV04485,2025-10-27,51946.7,Credit Card,Full
P004486,INV04486,2025-12-06,33163.48,Bank Transfer,Full
P004487,INV04487,2025-12-23,26536.24,Wire,Partial
P004488,INV04488,2026-04-22,12254.96,Credit Card,Full
P004489,INV04489,2026-03-24,22319.65,Wire,Full
P004490,INV04490,2026-01-31,24611.41,Bank Transfer,Full
P004491,INV04491,2025-07-06,20471.09,Wire,Full
P004492,INV04492,2025-11-19,13457.76,Credit Card,Full
P004493,INV04493,2025-12-04,23817.05,Wire,Full
P004494,INV04494,2026-01-09,29543.22,Credit Card,Full
P004495,INV04495,2024-06-18,25644.96,Wire,Full
P004496,INV04496,2024-10-10,40748.299999999996,Bank Transfer,Full
P004497,INV04497,2026-03-13,50664.46,Wire,Full
P004498,INV04498,2024-12-25,12928.42,Wire,Full
P004499,INV04499,2024-11-05,12706.48,Wire,Partial
P004500,INV04500,2025-10-15,47264.43,Credit Card,Full
P004501,INV04501,2025-02-25,12594.28,Bank Transfer,Full
P004502,INV04502,2025-01-17,43953.130000000005,Wire,Full
P004503,INV04503,2026-02-07,42369.899999999994,Credit Card,Full
P004504,INV04504,2024-09-05,39788.64,Wire,Full
P004505,INV04505,2026-03-12,8177.7,Wire,Partial
P004506,INV04506,2025-11-22,7195.74,Bank Transfer,Full
P004507,INV04507,2026-05-31,36344.81,Bank Transfer,Full
P004508,INV04508,2026-01-03,11388.14,Wire,Full
P004509,INV04509,2025-04-11,20616.99,Wire,Full
P004510,INV04510,2024-12-17,21406.16,Wire,Full
P004511,INV04511,2024-11-02,50289.99,Credit Card,Full
P004512,INV04512,2024-09-16,0.0,Credit Card,Failed
P004513,INV04513,2025-12-19,0.0,Credit Card,Failed
P004514,INV04514,2024-10-19,37510.06,Bank Transfer,Full
P004515,INV04515,2026-02-18,7774.17,Credit Card,Partial
P004516,INV04516,2025-01-07,20935.6,Bank Transfer,Partial
P004517,INV04517,2024-09-14,21956.2,Bank Transfer,Partial
P004518,INV04518,2025-01-26,7414.5599999999995,Wire,Full
P004519,INV04519,2025-12-05,14086.85,Wire,Full
P004520,INV04520,2026-01-07,52933.65,Credit Card,Full
P004521,INV04521,2026-05-03,53703.259999999995,Wire,Full
P004522,INV04522,2025-08-29,0.0,Credit Card,Failed
P004523,INV04523,2025-03-05,0.0,Credit Card,Failed
P004524,INV04524,2025-01-30,53580.04,Credit Card,Full
P004525,INV04525,2026-04-10,49363.31,Bank Transfer,Partial
P004526,INV04526,2025-09-02,48550.25,Credit Card,Full
P004527,INV04527,2026-03-30,52804.649999999994,Credit Card,Full
P004528,INV04528,2025-08-14,51913.96,Wire,Full
P004529,INV04529,2026-05-30,16654.059999999998,Credit Card,Full
P004530,INV04530,2026-04-08,28390.02,Wire,Full
P004531,INV04531,2026-06-01,8068.66,Bank Transfer,Full
P004532,INV04532,2026-01-24,18414.559999999998,Wire,Full
P004533,INV04533,2025-02-26,29321.85,Bank Transfer,Partial
P004534,INV04534,2025-12-14,46841.05,Bank Transfer,Full
P004535,INV04535,2025-04-01,0.0,Credit Card,Failed
P004536,INV04536,2025-01-19,4609.65,Wire,Partial
P004537,INV04537,2025-08-03,15253.73,Credit Card,Full
P004538,INV04538,2025-01-02,3528.76,Wire,Partial
P004539,INV04539,2024-08-08,11473.36,Wire,Full
P004540,INV04540,2025-02-13,57994.04,Bank Transfer,Full
P004541,INV04541,2024-10-01,37669.28,Wire,Full
P004542,INV04542,2025-10-22,53648.350000000006,Credit Card,Full
P004543,INV04543,2024-12-25,0.0,Bank Transfer,Failed
P004544,INV04544,2026-03-29,13799.789999999999,Wire,Full
P004545,INV04545,2025-09-07,29887.35,Wire,Full
P004546,INV04546,2024-10-31,15875.09,Wire,Partial
P004547,INV04547,2024-06-23,53662.03,Bank Transfer,Full
P004548,INV04548,2024-09-15,39964.68,Bank Transfer,Full
P004549,INV04549,2024-11-23,22175.41,Wire,Partial
P004550,INV04550,2024-12-22,54886.01,Credit Card,Full
P004551,INV04551,2025-10-14,5826.5,Wire,Full
P004552,INV04552,2026-04-11,13833.48,Credit Card,Full
P004553,INV04553,2025-03-13,23119.6,Wire,Full
P004554,INV04554,2024-12-11,16560.2,Bank Transfer,Partial
P004555,INV04555,2025-08-26,13837.73,Wire,Partial
P004556,INV04556,2025-01-11,14491.88,Bank Transfer,Partial
P004557,INV04557,2026-01-03,11869.43,Bank Transfer,Full
P004558,INV04558,2026-02-19,23339.04,Bank Transfer,Full
P004559,INV04559,2025-10-21,0.0,Credit Card,Failed
P004560,INV04560,2025-06-09,36625.34,Credit Card,Full
P004561,INV04561,2026-04-13,34668.89,Credit Card,Full
P004562,INV04562,2026-04-24,41691.79,Wire,Full
P004563,INV04563,2025-12-02,46750.18,Wire,Full
P004564,INV04564,2024-10-15,23625.1,Credit Card,Full
P004565,INV04565,2026-02-19,18562.3,Wire,Full
P004566,INV04566,2024-11-29,0.0,Credit Card,Failed
P004567,INV04567,2025-11-03,26228.98,Wire,Partial
P004568,INV04568,2026-03-09,42789.85,Bank Transfer,Partial
P004569,INV04569,2024-10-25,38512.29,Bank Transfer,Full
P004570,INV04570,2025-01-18,27977.77,Bank Transfer,Full
P004571,INV04571,2025-03-10,17936.1,Credit Card,Full
P004572,INV04572,2026-04-23,5927.04,Wire,Partial
P004573,INV04573,2024-07-15,18013.17,Wire,Full
P004574,INV04574,2025-01-19,14123.6,Bank Transfer,Full
P004575,INV04575,2024-12-12,47029.78,Credit Card,Full
P004576,INV04576,2026-04-05,19563.39,Bank Transfer,Partial
P004577,INV04577,2026-05-14,54454.06,Bank Transfer,Full
P004578,INV04578,2025-11-24,34877.0,Credit Card,Full
P004579,INV04579,2025-03-20,54597.880000000005,Bank Transfer,Full
P004580,INV04580,2024-11-09,42304.05,Credit Card,Full
P004581,INV04581,2024-12-11,24827.870000000003,Credit Card,Full
P004582,INV04582,2025-12-05,51227.14,Bank Transfer,Full
P004583,INV04583,2025-01-03,24806.31,Wire,Full
P004584,INV04584,2025-06-10,9456.38,Credit Card,Partial
P004585,INV04585,2026-02-26,8063.73,Credit Card,Partial
P004586,INV04586,2025-01-19,23849.28,Wire,Full
P004587,INV04587,2025-11-29,0.0,Wire,Failed
P004588,INV04588,2026-05-27,0.0,Credit Card,Failed
P004589,INV04589,2025-01-19,30608.82,Wire,Partial
P004590,INV04590,2026-01-23,38105.06,Bank Transfer,Full
P004591,INV04591,2025-11-27,10481.0,Bank Transfer,Full
P004592,INV04592,2024-09-16,29225.68,Credit Card,Partial
P004593,INV04593,2025-10-16,32674.61,Bank Transfer,Full
P004594,INV04594,2025-12-27,35703.19,Wire,Full
P004595,INV04595,2025-10-14,18217.44,Credit Card,Full
P004596,INV04596,2025-02-11,36831.15,Bank Transfer,Full
P004597,INV04597,2026-01-29,24475.14,Credit Card,Partial
P004598,INV04598,2024-09-15,36789.63,Wire,Full
P004599,INV04599,2026-01-04,36603.350000000006,Wire,Full
P004600,INV04600,2024-10-30,31567.89,Credit Card,Full
P004601,INV04601,2024-12-19,39653.56,Bank Transfer,Partial
P004602,INV04602,2026-04-02,0.0,Wire,Failed
P004603,INV04603,2025-11-27,12758.880000000001,Bank Transfer,Full
P004604,INV04604,2025-07-07,32607.21,Wire,Full
P004605,INV04605,2024-10-26,13896.54,Credit Card,Full
P004606,INV04606,2025-05-29,26628.78,Wire,Full
P004607,INV04607,2025-02-16,11050.19,Bank Transfer,Full
P004608,INV04608,2026-07-04,44288.53,Wire,Full
P004609,INV04609,2024-08-04,28806.78,Bank Transfer,Full
P004610,INV04610,2025-02-13,25442.43,Wire,Full
P004611,INV04611,2025-05-19,21803.21,Credit Card,Full
P004612,INV04612,2024-08-16,9932.67,Bank Transfer,Full
P004613,INV04613,2025-10-15,17210.7,Bank Transfer,Full
P004614,INV04614,2025-03-04,27616.1,Wire,Full
P004615,INV04615,2024-11-09,10585.33,Bank Transfer,Full
P004616,INV04616,2024-09-20,13234.15,Bank Transfer,Full
P004617,INV04617,2026-01-03,36567.119999999995,Bank Transfer,Full
P004618,INV04618,2026-03-12,9971.4,Credit Card,Partial
P004619,INV04619,2024-08-09,17200.0,Credit Card,Partial
P004620,INV04620,2026-01-15,40990.31,Bank Transfer,Full
P004621,INV04621,2026-05-12,37614.240000000005,Wire,Full
P004622,INV04622,2024-09-16,48616.240000000005,Credit Card,Full
P004623,INV04623,2024-12-22,8630.380000000001,Credit Card,Full
P004624,INV04624,2025-03-26,30943.170000000002,Wire,Full
P004625,INV04625,2025-04-18,32018.469999999998,Bank Transfer,Full
P004626,INV04626,2025-01-27,28725.46,Wire,Full
P004627,INV04627,2026-04-13,12557.86,Bank Transfer,Full
P004628,INV04628,2025-09-14,29112.04,Bank Transfer,Full
P004629,INV04629,2026-02-04,0.0,Credit Card,Failed
P004630,INV04630,2025-08-31,54159.16,Wire,Full
P004631,INV04631,2026-02-18,6295.52,Bank Transfer,Partial
P004632,INV04632,2025-03-12,11847.29,Bank Transfer,Partial
P004633,INV04633,2024-12-25,13345.06,Credit Card,Partial
P004634,INV04634,2025-02-27,42085.08,Wire,Full
P004635,INV04635,2025-02-15,7557.74,Wire,Partial
P004636,INV04636,2024-07-17,15316.81,Bank Transfer,Partial
P004637,INV04637,2025-05-31,10045.26,Bank Transfer,Full
P004638,INV04638,2026-05-10,28052.34,Bank Transfer,Full
P004639,INV04639,2026-05-18,52146.45,Wire,Full
P004640,INV04640,2025-10-14,10314.89,Credit Card,Partial
P004641,INV04641,2025-08-17,33548.64,Wire,Full
P004642,INV04642,2025-06-11,29257.38,Wire,Full
P004643,INV04643,2026-03-03,36790.74,Wire,Full
P004644,INV04644,2025-04-02,45387.67,Wire,Full
P004645,INV04645,2026-01-27,29392.21,Credit Card,Partial
P004646,INV04646,2025-08-18,59989.06,Credit Card,Full
P004647,INV04647,2024-07-18,29481.79,Bank Transfer,Full
P004648,INV04648,2025-11-14,52184.03,Credit Card,Full
P004649,INV04649,2025-11-10,0.0,Bank Transfer,Failed
P004650,INV04650,2025-01-24,6552.52,Bank Transfer,Full
P004651,INV04651,2024-08-17,31461.41,Bank Transfer,Partial
P004652,INV04652,2024-12-29,37143.44,Credit Card,Full
P004653,INV04653,2025-01-10,19115.22,Credit Card,Full
P004654,INV04654,2024-11-08,39102.06,Credit Card,Full
P004655,INV04655,2025-02-06,47975.93,Credit Card,Full
P004656,INV04656,2025-11-29,26723.89,Wire,Full
P004657,INV04657,2025-09-12,19083.02,Wire,Full
P004658,INV04658,2025-09-13,58116.09,Bank Transfer,Full
P004659,INV04659,2025-08-19,39841.5,Wire,Full
P004660,INV04660,2026-02-11,51175.88,Wire,Full
P004661,INV04661,2026-03-28,34074.18,Wire,Full
P004662,INV04662,2024-10-24,22566.82,Credit Card,Partial
P004663,INV04663,2024-11-03,14258.400000000001,Wire,Full
P004664,INV04664,2025-09-10,14508.76,Credit Card,Partial
P004665,INV04665,2025-10-18,26508.89,Wire,Partial
P004666,INV04666,2024-08-05,0.0,Credit Card,Failed
P004667,INV04667,2025-11-18,16583.510000000002,Wire,Full
P004668,INV04668,2025-12-19,19408.46,Wire,Partial
P004669,INV04669,2026-03-03,40799.76,Credit Card,Full
P004670,INV04670,2026-03-11,20270.32,Wire,Full
P004671,INV04671,2024-09-10,7403.88,Bank Transfer,Partial
P004672,INV04672,2024-12-23,45022.93,Wire,Full
P004673,INV04673,2025-10-27,37769.31,Credit Card,Full
P004674,INV04674,2024-07-21,19641.2,Bank Transfer,Partial
P004675,INV04675,2025-12-23,27135.23,Bank Transfer,Full
P004676,INV04676,2025-01-18,16218.64,Credit Card,Partial
P004677,INV04677,2026-03-07,14164.19,Credit Card,Partial
P004678,INV04678,2025-05-17,34731.78,Wire,Full
P004679,INV04679,2026-07-15,25046.67,Bank Transfer,Full
P004680,INV04680,2025-08-26,39008.83,Bank Transfer,Full
P004681,INV04681,2025-12-17,54402.45,Credit Card,Full
P004682,INV04682,2024-11-02,0.0,Bank Transfer,Failed
P004683,INV04683,2025-01-26,23576.11,Bank Transfer,Full
P004684,INV04684,2024-11-11,0.0,Wire,Failed
P004685,INV04685,2025-12-02,21082.0,Credit Card,Full
P004686,INV04686,2025-09-23,29079.93,Credit Card,Full
P004687,INV04687,2025-01-14,18979.170000000002,Wire,Full
P004688,INV04688,2025-08-11,50022.94,Bank Transfer,Full
P004689,INV04689,2024-11-28,0.0,Bank Transfer,Failed
P004690,INV04690,2026-05-07,51229.47,Credit Card,Full
P004691,INV04691,2026-05-09,13820.32,Wire,Full
P004692,INV04692,2025-02-04,17675.06,Wire,Partial
P004693,INV04693,2025-06-03,45176.56,Wire,Full
P004694,INV04694,2024-11-08,53428.049999999996,Bank Transfer,Full
P004695,INV04695,2025-03-03,35778.6,Bank Transfer,Full
P004696,INV04696,2025-06-07,38070.24,Wire,Full
P004697,INV04697,2026-05-13,0.0,Wire,Failed
P004698,INV04698,2026-02-17,8057.37,Bank Transfer,Full
P004699,INV04699,2026-02-16,37957.57,Credit Card,Full
P004700,INV04700,2024-10-16,23341.04,Bank Transfer,Full
P004701,INV04701,2025-07-24,47052.979999999996,Credit Card,Full
P004702,INV04702,2025-02-09,0.0,Bank Transfer,Failed
P004703,INV04703,2025-08-23,42124.51,Credit Card,Partial
P004704,INV04704,2025-11-30,35580.24,Wire,Full
P004705,INV04705,2026-06-26,31632.59,Wire,Full
P004706,INV04706,2024-08-17,42720.51,Bank Transfer,Full
P004707,INV04707,2024-12-16,44188.75,Bank Transfer,Full
P004708,INV04708,2026-04-11,23229.82,Credit Card,Full
P004709,INV04709,2025-11-11,18293.94,Bank Transfer,Full
P004710,INV04710,2024-09-03,51638.32,Credit Card,Full
P004711,INV04711,2025-01-12,47884.07,Wire,Full
P004712,INV04712,2025-08-08,47827.21000000001,Credit Card,Full
P004713,INV04713,2024-06-18,17732.17,Credit Card,Partial
P004714,INV04714,2026-02-23,46744.7,Credit Card,Full
P004715,INV04715,2025-12-19,36193.46,Bank Transfer,Full
P004716,INV04716,2024-10-08,56409.79,Bank Transfer,Full
P004717,INV04717,2025-04-16,9428.82,Credit Card,Partial
P004718,INV04718,2025-02-13,12088.789999999999,Credit Card,Full
P004719,INV04719,2024-08-05,48863.43,Credit Card,Full
P004720,INV04720,2025-02-19,27605.969999999998,Bank Transfer,Full
P004721,INV04721,2026-01-29,16358.13,Wire,Partial
P004722,INV04722,2026-04-07,34658.97,Credit Card,Full
P004723,INV04723,2025-08-10,19151.34,Credit Card,Full
P004724,INV04724,2024-11-20,50665.31,Credit Card,Full
P004725,INV04725,2025-06-10,16359.810000000001,Wire,Full
P004726,INV04726,2024-07-18,44249.52,Credit Card,Full
P004727,INV04727,2024-10-20,48300.37,Bank Transfer,Partial
P004728,INV04728,2025-06-10,6336.85,Bank Transfer,Partial
P004729,INV04729,2024-07-17,13524.84,Bank Transfer,Partial
P004730,INV04730,2025-01-27,0.0,Credit Card,Failed
P004731,INV04731,2025-01-01,53856.28,Bank Transfer,Full
P004732,INV04732,2026-06-07,49327.74,Credit Card,Full
P004733,INV04733,2025-05-19,41092.39,Credit Card,Full
P004734,INV04734,2024-08-29,36268.59,Bank Transfer,Full
P004735,INV04735,2025-11-22,16523.58,Wire,Partial
P004736,INV04736,2024-11-12,15444.6,Bank Transfer,Partial
P004737,INV04737,2025-11-17,19792.11,Bank Transfer,Partial
P004738,INV04738,2025-04-14,49854.729999999996,Credit Card,Full
P004739,INV04739,2024-08-04,0.0,Bank Transfer,Failed
P004740,INV04740,2026-01-14,41595.42,Credit Card,Full
P004741,INV04741,2025-06-10,18923.39,Wire,Full
P004742,INV04742,2024-07-18,47353.15,Credit Card,Full
P004743,INV04743,2025-04-26,31577.97,Wire,Full
P004744,INV04744,2024-11-16,45194.21,Credit Card,Full
P004745,INV04745,2025-07-19,39149.54,Bank Transfer,Full
P004746,INV04746,2024-09-03,32063.879999999997,Credit Card,Full
P004747,INV04747,2025-07-12,27586.96,Credit Card,Full
P004748,INV04748,2024-12-27,36422.35,Credit Card,Full
P004749,INV04749,2025-07-04,24981.62,Wire,Partial
P004750,INV04750,2025-01-02,19231.73,Bank Transfer,Partial
P004751,INV04751,2026-05-22,19900.75,Bank Transfer,Full
P004752,INV04752,2026-02-24,11247.86,Wire,Partial
P004753,INV04753,2024-07-26,51166.54,Bank Transfer,Full
P004754,INV04754,2025-01-23,24255.43,Bank Transfer,Full
P004755,INV04755,2026-04-29,52472.46,Wire,Full
P004756,INV04756,2024-07-18,15277.26,Credit Card,Partial
P004757,INV04757,2026-02-01,43432.3,Bank Transfer,Full
P004758,INV04758,2025-01-05,42193.99,Credit Card,Full
P004759,INV04759,2026-05-22,12624.32,Bank Transfer,Full
P004760,INV04760,2025-08-02,27077.24,Wire,Partial
P004761,INV04761,2025-11-15,46746.93,Bank Transfer,Full
P004762,INV04762,2025-06-17,30984.99,Credit Card,Partial
P004763,INV04763,2025-01-10,28966.22,Credit Card,Full
P004764,INV04764,2025-05-19,22479.25,Wire,Full
P004765,INV04765,2026-03-28,10812.029999999999,Wire,Full
P004766,INV04766,2026-05-27,38855.52,Credit Card,Full
P004767,INV04767,2025-03-28,14145.12,Bank Transfer,Full
P004768,INV04768,2024-11-23,7463.849999999999,Credit Card,Full
P004769,INV04769,2026-04-04,37049.509999999995,Wire,Full
P004770,INV04770,2026-01-02,32192.25,Credit Card,Full
P004771,INV04771,2025-11-26,0.0,Credit Card,Failed
P004772,INV04772,2024-10-06,23614.34,Bank Transfer,Full
P004773,INV04773,2024-11-15,11556.62,Wire,Full
P004774,INV04774,2024-10-25,40201.15,Bank Transfer,Full
P004775,INV04775,2024-09-04,32149.54,Bank Transfer,Full
P004776,INV04776,2024-09-14,33542.12,Bank Transfer,Full
P004777,INV04777,2025-05-05,40976.6,Credit Card,Full
P004778,INV04778,2025-09-13,27141.059999999998,Wire,Full
P004779,INV04779,2025-08-29,34497.51,Wire,Full
P004780,INV04780,2025-04-02,13753.98,Wire,Full
P004781,INV04781,2024-12-26,31388.170000000002,Credit Card,Full
P004782,INV04782,2026-02-01,47861.48,Wire,Full
P004783,INV04783,2025-11-09,12937.3,Wire,Partial
P004784,INV04784,2024-11-05,0.0,Wire,Failed
P004785,INV04785,2025-10-17,8380.65,Credit Card,Partial
P004786,INV04786,2024-09-09,22380.46,Bank Transfer,Partial
P004787,INV04787,2025-03-16,0.0,Credit Card,Failed
P004788,INV04788,2025-05-14,20786.989999999998,Wire,Full
P004789,INV04789,2025-02-01,0.0,Wire,Failed
P004790,INV04790,2026-04-11,51402.49,Credit Card,Full
P004791,INV04791,2024-12-05,21185.36,Credit Card,Full
P004792,INV04792,2025-11-27,42116.03,Wire,Full
P004793,INV04793,2026-01-20,53886.25,Credit Card,Full
P004794,INV04794,2026-03-13,32410.13,Bank Transfer,Full
P004795,INV04795,2025-08-25,37967.52,Bank Transfer,Full
P004796,INV04796,2024-09-04,30075.85,Credit Card,Full
P004797,INV04797,2025-04-04,21861.38,Bank Transfer,Full
P004798,INV04798,2024-08-21,53835.299999999996,Credit Card,Full
P004799,INV04799,2025-10-09,20687.800000000003,Credit Card,Full
P004800,INV04800,2025-11-14,51010.38,Bank Transfer,Full
P004801,INV04801,2025-05-02,0.0,Credit Card,Failed
P004802,INV04802,2024-07-27,13363.85,Bank Transfer,Full
P004803,INV04803,2025-06-12,13275.880000000001,Wire,Full
P004804,INV04804,2026-04-13,24215.7,Bank Transfer,Full
P004805,INV04805,2025-01-02,13711.65,Bank Transfer,Full
P004806,INV04806,2025-02-27,9374.89,Bank Transfer,Full
P004807,INV04807,2026-02-15,37344.41,Credit Card,Partial
P004808,INV04808,2025-04-04,49726.93,Bank Transfer,Full
P004809,INV04809,2024-06-17,46601.939999999995,Bank Transfer,Full
P004810,INV04810,2024-08-17,53603.63,Wire,Full
P004811,INV04811,2026-01-05,32874.45,Bank Transfer,Full
P004812,INV04812,2025-03-30,39446.36,Bank Transfer,Full
P004813,INV04813,2025-10-03,50080.32,Credit Card,Full
P004814,INV04814,2026-01-04,55295.77,Credit Card,Full
P004815,INV04815,2024-11-11,28309.84,Bank Transfer,Partial
P004816,INV04816,2025-08-14,38920.479999999996,Wire,Full
P004817,INV04817,2025-10-02,40956.91,Bank Transfer,Full
P004818,INV04818,2024-11-13,48052.27,Credit Card,Full
P004819,INV04819,2025-01-24,59758.44,Bank Transfer,Full
P004820,INV04820,2025-04-20,49174.920000000006,Bank Transfer,Full
P004821,INV04821,2026-05-01,37665.64,Bank Transfer,Full
P004822,INV04822,2025-04-04,48263.61,Wire,Full
P004823,INV04823,2024-10-01,14267.97,Bank Transfer,Full
P004824,INV04824,2024-12-02,51469.27,Bank Transfer,Full
P004825,INV04825,2025-10-26,10258.01,Bank Transfer,Partial
P004826,INV04826,2026-01-06,11743.21,Credit Card,Partial
P004827,INV04827,2026-07-04,15509.09,Credit Card,Full
P004828,INV04828,2025-10-10,0.0,Bank Transfer,Failed
P004829,INV04829,2025-04-16,29707.2,Bank Transfer,Full
P004830,INV04830,2025-07-08,6837.1,Wire,Partial
P004831,INV04831,2025-10-18,43433.44,Bank Transfer,Full
P004832,INV04832,2024-12-24,46234.53,Credit Card,Full
P004833,INV04833,2024-07-10,13655.36,Credit Card,Full
P004834,INV04834,2026-01-16,56637.21,Bank Transfer,Full
P004835,INV04835,2025-05-08,48466.57,Bank Transfer,Full
P004836,INV04836,2025-12-22,53036.009999999995,Bank Transfer,Full
P004837,INV04837,2024-10-11,31602.61,Credit Card,Full
P004838,INV04838,2025-08-09,47327.76,Wire,Full
P004839,INV04839,2024-12-02,52358.57,Wire,Full
P004840,INV04840,2026-04-17,38586.409999999996,Credit Card,Full
P004841,INV04841,2026-04-09,20300.69,Wire,Full
P004842,INV04842,2024-07-10,53045.689999999995,Credit Card,Full
P004843,INV04843,2025-02-01,13102.84,Wire,Full
P004844,INV04844,2025-06-22,34467.399999999994,Wire,Full
P004845,INV04845,2026-05-02,34498.59,Credit Card,Full
P004846,INV04846,2025-12-19,35236.79,Credit Card,Partial
P004847,INV04847,2025-04-23,15350.550000000001,Bank Transfer,Full
P004848,INV04848,2025-03-29,23998.4,Credit Card,Full
P004849,INV04849,2026-02-08,35975.380000000005,Bank Transfer,Full
P004850,INV04850,2026-03-09,27115.309999999998,Bank Transfer,Full
P004851,INV04851,2026-02-15,36572.09,Credit Card,Partial
P004852,INV04852,2025-05-01,27620.800000000003,Bank Transfer,Full
P004853,INV04853,2024-10-30,50617.89,Wire,Full
P004854,INV04854,2025-04-29,25008.93,Bank Transfer,Partial
P004855,INV04855,2025-12-13,43580.72,Bank Transfer,Full
P004856,INV04856,2026-06-04,22703.99,Credit Card,Partial
P004857,INV04857,2024-10-15,9208.76,Wire,Full
P004858,INV04858,2024-08-10,22097.12,Credit Card,Partial
P004859,INV04859,2024-07-26,27805.93,Wire,Full
P004860,INV04860,2025-08-17,47688.85,Wire,Full
P004861,INV04861,2026-04-07,35188.8,Bank Transfer,Partial
P004862,INV04862,2025-07-11,0.0,Bank Transfer,Failed
P004863,INV04863,2024-10-16,48986.86,Wire,Full
P004864,INV04864,2024-11-24,27024.489999999998,Bank Transfer,Full
P004865,INV04865,2024-07-13,45636.68,Wire,Full
P004866,INV04866,2025-12-04,38005.83,Wire,Full
P004867,INV04867,2024-09-29,15477.36,Bank Transfer,Partial
P004868,INV04868,2026-02-09,17769.82,Bank Transfer,Partial
P004869,INV04869,2024-12-31,24438.579999999998,Wire,Full
P004870,INV04870,2025-01-31,32376.59,Wire,Full
P004871,INV04871,2024-11-11,56927.92,Bank Transfer,Full
P004872,INV04872,2024-12-20,23633.280000000002,Credit Card,Full
P004873,INV04873,2024-12-04,5589.82,Credit Card,Full
P004874,INV04874,2025-03-27,0.0,Credit Card,Failed
P004875,INV04875,2025-04-27,29450.1,Credit Card,Full
P004876,INV04876,2025-06-20,10890.59,Bank Transfer,Partial
P004877,INV04877,2025-07-13,11084.92,Credit Card,Partial
P004878,INV04878,2024-11-01,0.0,Bank Transfer,Failed
P004879,INV04879,2026-06-24,15069.34,Bank Transfer,Full
P004880,INV04880,2025-08-20,34969.23,Credit Card,Partial
P004881,INV04881,2025-01-28,19775.41,Bank Transfer,Partial
P004882,INV04882,2025-10-30,34748.93,Credit Card,Full
P004883,INV04883,2024-07-21,0.0,Credit Card,Failed
P004884,INV04884,2024-07-13,19284.45,Bank Transfer,Full
P004885,INV04885,2025-10-23,34874.22,Bank Transfer,Full
P004886,INV04886,2025-03-25,31147.79,Bank Transfer,Full
P004887,INV04887,2025-04-03,54691.21,Credit Card,Full
P004888,INV04888,2025-07-18,38050.17,Wire,Partial
P004889,INV04889,2025-09-06,42158.23,Bank Transfer,Full
P004890,INV04890,2025-01-10,54964.67,Bank Transfer,Full
P004891,INV04891,2024-07-01,5819.74,Credit Card,Full
P004892,INV04892,2025-04-22,60783.15,Credit Card,Full
P004893,INV04893,2024-10-03,0.0,Bank Transfer,Failed
P004894,INV04894,2025-03-15,33932.41,Bank Transfer,Full
P004895,INV04895,2024-07-18,32631.11,Credit Card,Full
P004896,INV04896,2025-09-07,10389.64,Credit Card,Full
P004897,INV04897,2024-07-23,38005.6,Credit Card,Full
P004898,INV04898,2024-08-05,41796.16,Wire,Full
P004899,INV04899,2024-09-25,54370.22,Bank Transfer,Full
P004900,INV04900,2025-05-01,9992.91,Credit Card,Partial
P004901,INV04901,2025-09-06,38293.04,Credit Card,Full
P004902,INV04902,2026-03-31,37711.6,Credit Card,Full
P004903,INV04903,2025-02-17,16171.07,Bank Transfer,Full
P004904,INV04904,2024-10-14,41085.51,Credit Card,Full
P004905,INV04905,2026-06-08,42155.54,Bank Transfer,Full
P004906,INV04906,2025-09-30,49203.24,Credit Card,Full
P004907,INV04907,2025-12-09,47140.5,Wire,Full
P004908,INV04908,2024-11-20,49551.96,Bank Transfer,Full
P004909,INV04909,2024-10-31,43300.6,Bank Transfer,Full
P004910,INV04910,2025-02-14,13367.38,Bank Transfer,Partial
P004911,INV04911,2024-07-06,26673.79,Bank Transfer,Partial
P004912,INV04912,2025-05-02,34308.09,Wire,Partial
P004913,INV04913,2025-11-17,21056.71,Credit Card,Partial
P004914,INV04914,2025-11-21,52953.65,Credit Card,Full
P004915,INV04915,2025-09-01,51583.71,Wire,Full
P004916,INV04916,2025-05-28,20653.550000000003,Credit Card,Full
P004917,INV04917,2026-03-28,4194.3,Bank Transfer,Partial
P004918,INV04918,2026-05-29,30905.25,Bank Transfer,Full
P004919,INV04919,2026-03-21,0.0,Bank Transfer,Failed
P004920,INV04920,2026-01-09,38522.979999999996,Bank Transfer,Full
P004921,INV04921,2025-05-09,54072.46,Bank Transfer,Full
P004922,INV04922,2025-09-10,48784.479999999996,Credit Card,Full
P004923,INV04923,2025-08-07,51846.090000000004,Wire,Full
P004924,INV04924,2024-08-04,36244.89,Credit Card,Full
P004925,INV04925,2025-08-29,14369.650000000001,Bank Transfer,Full
P004926,INV04926,2026-01-27,42897.34,Wire,Full
P004927,INV04927,2025-07-11,9876.880000000001,Bank Transfer,Full
P004928,INV04928,2026-05-09,26195.54,Wire,Full
P004929,INV04929,2025-09-03,0.0,Bank Transfer,Failed
P004930,INV04930,2026-04-11,34419.18,Wire,Full
P004931,INV04931,2025-04-14,49764.59,Credit Card,Full
P004932,INV04932,2024-06-15,16725.19,Wire,Full
P004933,INV04933,2025-08-31,35289.59,Credit Card,Full
P004934,INV04934,2026-02-24,25435.45,Wire,Full
P004935,INV04935,2024-12-02,31900.52,Credit Card,Full
P004936,INV04936,2026-06-01,47154.16,Credit Card,Full
P004937,INV04937,2026-02-09,34714.19,Bank Transfer,Full
P004938,INV04938,2026-06-13,12981.52,Credit Card,Full
P004939,INV04939,2026-04-24,48767.61,Bank Transfer,Full
P004940,INV04940,2026-01-15,23902.46,Credit Card,Full
P004941,INV04941,2025-05-28,16466.42,Wire,Partial
P004942,INV04942,2025-06-21,0.0,Bank Transfer,Failed
P004943,INV04943,2024-09-07,30546.13,Credit Card,Full
P004944,INV04944,2025-04-21,29129.35,Bank Transfer,Full
P004945,INV04945,2026-02-11,14215.730000000001,Wire,Full
P004946,INV04946,2026-02-28,0.0,Credit Card,Failed
P004947,INV04947,2025-10-29,9807.18,Credit Card,Full
P004948,INV04948,2024-08-30,0.0,Credit Card,Failed
P004949,INV04949,2025-03-27,8459.96,Bank Transfer,Full
P004950,INV04950,2025-05-27,54373.91,Wire,Full
P004951,INV04951,2024-12-04,28162.37,Bank Transfer,Full
P004952,INV04952,2025-03-17,0.0,Wire,Failed
P004953,INV04953,2026-01-23,19139.16,Credit Card,Partial
P004954,INV04954,2025-11-13,36348.18,Credit Card,Full
P004955,INV04955,2025-09-03,30123.99,Credit Card,Full
P004956,INV04956,2024-12-29,48647.38,Bank Transfer,Full
P004957,INV04957,2025-04-27,29934.910000000003,Wire,Full
P004958,INV04958,2025-10-15,18137.4,Credit Card,Full
P004959,INV04959,2025-12-29,47969.33,Bank Transfer,Full
P004960,INV04960,2024-11-25,34962.21,Credit Card,Full
P004961,INV04961,2025-09-10,23523.27,Wire,Partial
P004962,INV04962,2026-04-04,20722.47,Wire,Full
P004963,INV04963,2025-04-17,52777.33,Credit Card,Full
P004964,INV04964,2026-01-05,48178.43,Bank Transfer,Full
P004965,INV04965,2025-06-30,35228.46,Wire,Full
P004966,INV04966,2025-01-12,22682.16,Credit Card,Partial
P004967,INV04967,2025-11-15,29419.04,Credit Card,Partial
P004968,INV04968,2025-07-28,6101.08,Wire,Full
P004969,INV04969,2025-12-04,45529.11,Wire,Full
P004970,INV04970,2025-08-10,34846.57,Bank Transfer,Full
P004971,INV04971,2026-01-29,53300.95,Credit Card,Full
P004972,INV04972,2024-07-08,56770.01,Credit Card,Full
P004973,INV04973,2024-07-06,37997.68,Bank Transfer,Partial
P004974,INV04974,2025-02-22,0.0,Credit Card,Failed
P004975,INV04975,2026-04-22,22661.77,Wire,Full
P004976,INV04976,2025-09-20,13462.71,Bank Transfer,Partial
P004977,INV04977,2025-10-14,19179.61,Bank Transfer,Full
P004978,INV04978,2024-10-20,14615.64,Wire,Full
P004979,INV04979,2024-12-03,51086.479999999996,Bank Transfer,Full
P004980,INV04980,2025-04-13,38622.69,Wire,Partial
P004981,INV04981,2025-02-20,13322.939999999999,Bank Transfer,Full
P004982,INV04982,2025-06-14,32288.559999999998,Wire,Full
P004983,INV04983,2025-04-14,29276.64,Wire,Full
P004984,INV04984,2025-11-20,24773.56,Bank Transfer,Full
P004985,INV04985,2026-04-09,20823.4,Credit Card,Partial
P004986,INV04986,2025-09-05,17871.0,Bank Transfer,Full
P004987,INV04987,2025-07-18,38234.149999999994,Credit Card,Full
P004988,INV04988,2026-04-09,24684.43,Wire,Full
P004989,INV04989,2025-07-16,48209.840000000004,Credit Card,Full
P004990,INV04990,2024-11-27,0.0,Credit Card,Failed
P004991,INV04991,2025-12-16,35802.100000000006,Credit Card,Full
P004992,INV04992,2025-01-17,12792.96,Bank Transfer,Full
P004993,INV04993,2026-05-14,5830.62,Credit Card,Full
P004994,INV04994,2025-05-08,49359.17,Credit Card,Full
P004995,INV04995,2025-05-30,46613.66,Credit Card,Full
P004996,INV04996,2025-04-18,5698.82,Bank Transfer,Partial
P004997,INV04997,2024-08-31,13524.73,Credit Card,Full
P004998,INV04998,2025-12-10,32734.46,Bank Transfer,Full
P004999,INV04999,2026-01-15,22653.18,Wire,Full
P005000,INV05000,2024-07-14,0.0,Bank Transfer,Failed
P005001,INV05001,2025-07-03,30760.87,Wire,Partial
P005002,INV05002,2025-07-31,8728.62,Wire,Partial
P005003,INV05003,2025-02-20,30116.28,Credit Card,Full
P005004,INV05004,2024-08-11,18626.4,Wire,Partial
P005005,INV05005,2024-07-06,28208.81,Bank Transfer,Full
P005006,INV05006,2025-11-17,46551.520000000004,Bank Transfer,Full
P005007,INV05007,2024-11-06,11667.08,Bank Transfer,Partial
P005008,INV05008,2025-02-17,36315.51,Bank Transfer,Full
P005009,INV05009,2025-10-31,29685.69,Wire,Full
P005010,INV05010,2025-04-12,55197.36,Bank Transfer,Full
P005011,INV05011,2025-02-18,23088.56,Credit Card,Full
P005012,INV05012,2026-05-15,37850.33,Bank Transfer,Full
P005013,INV05013,2024-10-18,6616.02,Wire,Partial
P005014,INV05014,2024-08-23,42465.71,Credit Card,Full
P005015,INV05015,2026-01-18,33635.29,Wire,Full
P005016,INV05016,2024-12-25,16829.13,Credit Card,Full
P005017,INV05017,2025-10-14,9685.08,Bank Transfer,Full
P005018,INV05018,2024-09-07,44726.54,Wire,Full
P005019,INV05019,2026-05-31,11589.98,Bank Transfer,Full
P005020,INV05020,2026-06-03,13350.84,Bank Transfer,Full
P005021,INV05021,2025-08-17,0.0,Bank Transfer,Failed
P005022,INV05022,2025-09-02,0.0,Credit Card,Failed
P005023,INV05023,2025-08-23,14039.169999999998,Wire,Full
P005024,INV05024,2025-03-06,34811.74,Bank Transfer,Partial
P005025,INV05025,2025-07-30,10584.75,Credit Card,Full
P005026,INV05026,2024-12-16,25013.4,Credit Card,Full
P005027,INV05027,2024-09-20,15097.62,Bank Transfer,Full
P005028,INV05028,2024-10-08,44816.31,Wire,Full
P005029,INV05029,2025-11-14,31263.190000000002,Credit Card,Full
P005030,INV05030,2026-03-03,9911.11,Credit Card,Full
P005031,INV05031,2024-12-24,37010.6,Wire,Full
P005032,INV05032,2025-04-30,6301.77,Wire,Partial
P005033,INV05033,2026-05-26,0.0,Credit Card,Failed
P005034,INV05034,2025-09-21,34275.630000000005,Bank Transfer,Full
P005035,INV05035,2024-08-16,19975.699999999997,Wire,Full
P005036,INV05036,2026-01-06,29133.57,Credit Card,Full
P005037,INV05037,2026-02-15,40402.049999999996,Wire,Full
P005038,INV05038,2025-02-25,32249.8,Credit Card,Full
P005039,INV05039,2024-06-25,49550.84,Wire,Full
P005040,INV05040,2025-12-15,11168.9,Bank Transfer,Full
P005041,INV05041,2026-03-22,18213.54,Bank Transfer,Full
P005042,INV05042,2026-02-24,57002.67,Wire,Full
P005043,INV05043,2024-07-22,0.0,Wire,Failed
P005044,INV05044,2025-08-08,7444.56,Credit Card,Partial
P005045,INV05045,2025-01-10,46508.51,Bank Transfer,Full
P005046,INV05046,2025-06-15,0.0,Credit Card,Failed
P005047,INV05047,2025-06-23,31969.13,Bank Transfer,Full
P005048,INV05048,2024-09-19,22280.29,Bank Transfer,Full
P005049,INV05049,2024-07-21,40613.35,Wire,Full
P005050,INV05050,2026-01-26,20007.26,Bank Transfer,Partial
P005051,INV05051,2025-05-30,53117.69,Bank Transfer,Full
P005052,INV05052,2026-03-05,39367.369999999995,Credit Card,Full
P005053,INV05053,2026-01-05,21599.05,Credit Card,Full
P005054,INV05054,2026-04-19,30588.53,Wire,Full
P005055,INV05055,2024-09-14,19289.86,Credit Card,Full
P005056,INV05056,2025-10-04,0.0,Bank Transfer,Failed
P005057,INV05057,2024-07-18,27485.159999999996,Bank Transfer,Full
P005058,INV05058,2026-01-31,21677.35,Credit Card,Full
P005059,INV05059,2026-04-12,30939.88,Bank Transfer,Partial
P005060,INV05060,2025-12-16,26792.48,Credit Card,Partial
P005061,INV05061,2025-01-29,16576.18,Credit Card,Full
P005062,INV05062,2025-11-05,25593.940000000002,Bank Transfer,Full
P005063,INV05063,2025-08-28,11648.7,Bank Transfer,Full
P005064,INV05064,2025-08-13,16385.8,Wire,Full
P005065,INV05065,2025-06-05,26248.39,Credit Card,Full
P005066,INV05066,2025-09-10,27409.08,Bank Transfer,Partial
P005067,INV05067,2024-09-11,19416.59,Wire,Full
P005068,INV05068,2025-06-15,16908.25,Wire,Full
P005069,INV05069,2025-05-12,23943.16,Credit Card,Partial
P005070,INV05070,2026-05-06,44224.0,Wire,Full
P005071,INV05071,2025-01-17,0.0,Bank Transfer,Failed
P005072,INV05072,2024-09-19,0.0,Wire,Failed
P005073,INV05073,2026-03-20,34256.46,Wire,Full
P005074,INV05074,2025-02-20,21117.57,Credit Card,Full
P005075,INV05075,2026-03-06,28826.170000000002,Bank Transfer,Full
P005076,INV05076,2025-10-27,20727.23,Wire,Full
P005077,INV05077,2025-05-11,31214.96,Bank Transfer,Full
P005078,INV05078,2024-10-06,30725.42,Credit Card,Full
P005079,INV05079,2026-05-15,34966.39,Credit Card,Partial
P005080,INV05080,2024-09-28,41422.85,Credit Card,Full
P005081,INV05081,2026-05-17,18674.920000000002,Credit Card,Full
P005082,INV05082,2024-10-16,59545.41,Bank Transfer,Full
P005083,INV05083,2025-02-21,32797.14,Wire,Full
P005084,INV05084,2024-12-23,19844.87,Credit Card,Partial
P005085,INV05085,2026-01-25,38303.08,Bank Transfer,Full
P005086,INV05086,2025-06-03,50662.009999999995,Bank Transfer,Full
P005087,INV05087,2025-09-26,15759.31,Credit Card,Full
P005088,INV05088,2025-11-02,37289.32,Wire,Partial
P005089,INV05089,2025-06-04,0.0,Wire,Failed
P005090,INV05090,2024-08-20,35323.869999999995,Bank Transfer,Full
P005091,INV05091,2025-08-22,54860.44,Bank Transfer,Full
P005092,INV05092,2026-02-05,37931.63,Wire,Full
P005093,INV05093,2026-01-20,29239.56,Wire,Partial
P005094,INV05094,2025-08-06,40550.08,Credit Card,Full
P005095,INV05095,2025-03-06,30446.05,Wire,Full
P005096,INV05096,2025-02-16,48429.259999999995,Wire,Full
P005097,INV05097,2025-06-04,57708.64,Credit Card,Full
P005098,INV05098,2026-05-28,34391.66,Credit Card,Full
P005099,INV05099,2024-07-01,13949.34,Credit Card,Full
P005100,INV05100,2024-07-17,14303.43,Bank Transfer,Partial
P005101,INV05101,2025-07-21,11113.01,Wire,Full
P005102,INV05102,2025-07-16,30674.829999999998,Credit Card,Full
P005103,INV05103,2026-03-31,40324.17,Bank Transfer,Full
P005104,INV05104,2025-02-09,17959.31,Wire,Full
P005105,INV05105,2025-01-12,29799.57,Bank Transfer,Full
P005106,INV05106,2025-02-14,5547.71,Wire,Partial
P005107,INV05107,2024-07-25,43248.72,Wire,Full
P005108,INV05108,2025-12-16,0.0,Wire,Failed
P005109,INV05109,2024-11-22,47985.649999999994,Wire,Full
P005110,INV05110,2026-01-30,52195.69,Bank Transfer,Full
P005111,INV05111,2026-06-05,46447.33,Wire,Full
P005112,INV05112,2025-08-25,43011.840000000004,Bank Transfer,Full
P005113,INV05113,2025-07-17,26515.600000000002,Bank Transfer,Full
P005114,INV05114,2025-06-16,18861.079999999998,Credit Card,Full
P005115,INV05115,2025-02-26,28127.74,Wire,Full
P005116,INV05116,2026-07-10,30434.93,Bank Transfer,Partial
P005117,INV05117,2025-05-02,22994.66,Wire,Full
P005118,INV05118,2024-12-02,13558.81,Bank Transfer,Partial
P005119,INV05119,2025-03-23,50161.28,Credit Card,Full
P005120,INV05120,2024-10-27,52124.52,Wire,Full
P005121,INV05121,2025-05-10,16919.04,Wire,Full
P005122,INV05122,2026-02-07,0.0,Credit Card,Failed
P005123,INV05123,2026-01-26,48693.74,Credit Card,Full
P005124,INV05124,2026-02-18,15006.619999999999,Credit Card,Full
P005125,INV05125,2026-01-16,42403.060000000005,Credit Card,Full
P005126,INV05126,2024-10-31,31126.43,Wire,Full
P005127,INV05127,2026-07-06,27232.35,Credit Card,Full
P005128,INV05128,2025-05-21,31089.75,Credit Card,Full
P005129,INV05129,2026-04-12,0.0,Wire,Failed
P005130,INV05130,2026-01-10,52445.520000000004,Bank Transfer,Full
P005131,INV05131,2026-05-28,30042.6,Credit Card,Full
P005132,INV05132,2025-06-27,19300.06,Wire,Full
P005133,INV05133,2025-06-21,36307.95,Credit Card,Full
P005134,INV05134,2025-11-05,16451.82,Credit Card,Full
P005135,INV05135,2026-04-30,35272.35,Wire,Full
P005136,INV05136,2024-06-19,42353.32,Credit Card,Full
P005137,INV05137,2025-06-10,15083.14,Credit Card,Partial
P005138,INV05138,2025-11-21,12546.47,Bank Transfer,Full
P005139,INV05139,2026-06-21,22919.75,Bank Transfer,Full
P005140,INV05140,2025-06-15,7564.87,Bank Transfer,Full
P005141,INV05141,2026-03-25,9663.41,Credit Card,Partial
P005142,INV05142,2025-02-12,4972.6,Credit Card,Full
P005143,INV05143,2025-02-25,54894.39,Wire,Full
P005144,INV05144,2024-11-13,32111.05,Wire,Full
P005145,INV05145,2024-10-23,27123.47,Wire,Partial
P005146,INV05146,2026-03-04,54630.28,Wire,Full
P005147,INV05147,2025-08-27,39198.81,Bank Transfer,Full
P005148,INV05148,2025-01-07,56845.18,Credit Card,Full
P005149,INV05149,2025-09-30,57971.82,Bank Transfer,Full
P005150,INV05150,2026-06-16,17388.8,Wire,Full
P005151,INV05151,2024-11-06,53301.88,Wire,Full
P005152,INV05152,2026-04-14,24318.81,Credit Card,Partial
P005153,INV05153,2025-05-17,58100.33,Bank Transfer,Full
P005154,INV05154,2025-03-04,34055.86,Bank Transfer,Full
P005155,INV05155,2025-06-14,38184.45,Credit Card,Full
P005156,INV05156,2025-07-22,16131.94,Bank Transfer,Partial
P005157,INV05157,2024-10-17,45803.75,Wire,Full
P005158,INV05158,2025-06-27,53497.19,Credit Card,Full
P005159,INV05159,2024-12-16,0.0,Credit Card,Failed
P005160,INV05160,2024-12-16,18366.260000000002,Bank Transfer,Full
P005161,INV05161,2025-09-27,16216.51,Credit Card,Full
P005162,INV05162,2025-12-31,20778.57,Wire,Partial
P005163,INV05163,2024-10-06,46511.85,Bank Transfer,Full
P005164,INV05164,2024-09-20,48173.399999999994,Credit Card,Full
P005165,INV05165,2025-11-25,10433.29,Wire,Partial
P005166,INV05166,2025-12-08,27799.239999999998,Bank Transfer,Full
P005167,INV05167,2026-06-01,53667.670000000006,Bank Transfer,Full
P005168,INV05168,2024-09-23,0.0,Bank Transfer,Failed
P005169,INV05169,2025-09-12,47289.86,Wire,Full
P005170,INV05170,2025-04-16,9903.21,Wire,Full
P005171,INV05171,2025-10-15,9477.64,Bank Transfer,Partial
P005172,INV05172,2024-06-16,5765.59,Credit Card,Full
P005173,INV05173,2024-06-12,45495.8,Wire,Full
P005174,INV05174,2026-06-09,0.0,Credit Card,Failed
P005175,INV05175,2025-09-07,55376.009999999995,Credit Card,Full
P005176,INV05176,2025-07-13,0.0,Wire,Failed
P005177,INV05177,2026-01-07,17073.39,Credit Card,Partial
P005178,INV05178,2026-03-02,18603.39,Bank Transfer,Full
P005179,INV05179,2025-06-05,41793.65,Credit Card,Partial
P005180,INV05180,2025-10-27,11076.9,Wire,Partial
P005181,INV05181,2025-02-01,34031.75,Wire,Full
P005182,INV05182,2026-04-27,49415.57,Wire,Full
P005183,INV05183,2025-07-04,39903.21,Credit Card,Full
P005184,INV05184,2026-03-05,28614.2,Credit Card,Partial
P005185,INV05185,2025-09-23,16610.9,Bank Transfer,Full
P005186,INV05186,2026-05-06,0.0,Wire,Failed
P005187,INV05187,2026-03-17,16293.529999999999,Bank Transfer,Full
P005188,INV05188,2025-05-18,36418.34,Bank Transfer,Full
P005189,INV05189,2025-02-05,29005.33,Credit Card,Full
P005190,INV05190,2025-11-23,53869.89,Credit Card,Full
P005191,INV05191,2025-05-11,11647.810000000001,Wire,Full
P005192,INV05192,2025-07-26,18430.690000000002,Wire,Full
P005193,INV05193,2025-04-16,29878.71,Bank Transfer,Partial
P005194,INV05194,2025-06-30,8889.13,Bank Transfer,Partial
P005195,INV05195,2025-02-12,44470.509999999995,Wire,Full
P005196,INV05196,2024-10-04,42992.350000000006,Bank Transfer,Full
P005197,INV05197,2026-01-11,0.0,Wire,Failed
P005198,INV05198,2025-09-14,21511.77,Credit Card,Partial
P005199,INV05199,2024-08-07,12766.460000000001,Credit Card,Full
P005200,INV05200,2026-05-12,32095.17,Bank Transfer,Partial
P005201,INV05201,2026-03-02,15089.49,Bank Transfer,Partial
P005202,INV05202,2025-11-27,0.0,Wire,Failed
P005203,INV05203,2026-06-01,44122.27,Bank Transfer,Partial
P005204,INV05204,2026-05-06,50036.83,Wire,Full
P005205,INV05205,2025-11-06,54112.65,Credit Card,Full
P005206,INV05206,2025-09-05,20715.57,Bank Transfer,Partial
P005207,INV05207,2025-08-03,10275.67,Wire,Full
P005208,INV05208,2026-01-27,0.0,Wire,Failed
P005209,INV05209,2026-02-21,11431.93,Bank Transfer,Full
P005210,INV05210,2026-06-01,46205.51,Bank Transfer,Full
P005211,INV05211,2026-05-01,35123.21,Wire,Full
P005212,INV05212,2024-08-26,18509.48,Credit Card,Partial
P005213,INV05213,2024-07-02,22212.37,Bank Transfer,Full
P005214,INV05214,2025-11-01,28700.129999999997,Credit Card,Full
P005215,INV05215,2025-05-31,0.0,Credit Card,Failed
P005216,INV05216,2024-09-22,15980.79,Credit Card,Partial
P005217,INV05217,2025-12-27,9934.92,Credit Card,Full
P005218,INV05218,2024-06-29,0.0,Credit Card,Failed
P005219,INV05219,2024-10-08,38563.57,Wire,Full
P005220,INV05220,2025-10-23,52877.02,Wire,Full
P005221,INV05221,2026-02-25,18005.190000000002,Wire,Full
P005222,INV05222,2025-05-04,0.0,Wire,Failed
P005223,INV05223,2026-03-08,0.0,Wire,Failed
P005224,INV05224,2026-03-21,24217.85,Bank Transfer,Partial
P005225,INV05225,2025-04-11,13077.66,Bank Transfer,Partial
P005226,INV05226,2024-11-02,54980.07,Credit Card,Full
P005227,INV05227,2026-02-19,0.0,Bank Transfer,Failed
P005228,INV05228,2025-09-22,20576.54,Credit Card,Partial
P005229,INV05229,2026-02-08,9472.52,Credit Card,Partial
P005230,INV05230,2025-02-21,12444.05,Bank Transfer,Full
P005231,INV05231,2025-08-25,15090.16,Credit Card,Partial
P005232,INV05232,2024-12-23,26944.03,Wire,Full
P005233,INV05233,2024-12-23,0.0,Wire,Failed
P005234,INV05234,2025-01-16,59627.880000000005,Bank Transfer,Full
P005235,INV05235,2025-06-30,24801.879999999997,Bank Transfer,Full
P005236,INV05236,2024-12-31,40776.86,Bank Transfer,Full
P005237,INV05237,2026-02-24,0.0,Bank Transfer,Failed
P005238,INV05238,2024-11-29,42347.25,Bank Transfer,Partial
P005239,INV05239,2026-01-14,47688.89,Wire,Full
P005240,INV05240,2024-12-23,36917.9,Bank Transfer,Full
P005241,INV05241,2024-06-24,13141.84,Bank Transfer,Full
P005242,INV05242,2025-05-18,21910.0,Bank Transfer,Full
P005243,INV05243,2024-11-08,31501.579999999998,Wire,Full
P005244,INV05244,2025-07-08,18612.77,Wire,Full
P005245,INV05245,2024-09-07,10717.77,Credit Card,Full
P005246,INV05246,2026-04-17,44816.41,Wire,Full
P005247,INV05247,2025-09-21,46577.39,Wire,Full
P005248,INV05248,2024-12-13,28974.91,Bank Transfer,Full
P005249,INV05249,2025-10-21,24197.54,Wire,Partial
P005250,INV05250,2025-08-24,21877.54,Wire,Full
P005251,INV05251,2025-11-13,48865.96,Bank Transfer,Full
P005252,INV05252,2026-01-06,8076.81,Bank Transfer,Full
P005253,INV05253,2025-12-24,35218.57,Wire,Full
P005254,INV05254,2026-04-26,27233.07,Bank Transfer,Full
P005255,INV05255,2024-08-26,28279.29,Bank Transfer,Full
P005256,INV05256,2024-12-29,57100.020000000004,Bank Transfer,Full
P005257,INV05257,2024-11-23,48170.81999999999,Credit Card,Full
P005258,INV05258,2025-02-04,18922.03,Bank Transfer,Full
P005259,INV05259,2024-12-27,26742.18,Credit Card,Full
P005260,INV05260,2025-11-25,29619.73,Credit Card,Full
P005261,INV05261,2024-06-26,32949.979999999996,Wire,Full
P005262,INV05262,2024-11-18,46228.18,Wire,Full
P005263,INV05263,2026-05-18,8405.7,Credit Card,Partial
P005264,INV05264,2025-03-13,0.0,Wire,Failed
P005265,INV05265,2025-01-01,37829.51,Wire,Full
P005266,INV05266,2025-09-14,24374.84,Bank Transfer,Partial
P005267,INV05267,2024-09-08,23382.02,Credit Card,Full
P005268,INV05268,2024-09-13,49363.060000000005,Wire,Full
P005269,INV05269,2025-04-10,13406.58,Wire,Full
P005270,INV05270,2025-12-02,10553.78,Credit Card,Partial
P005271,INV05271,2025-11-23,23968.61,Credit Card,Partial
P005272,INV05272,2025-11-02,11255.41,Credit Card,Full
P005273,INV05273,2024-11-30,0.0,Credit Card,Failed
P005274,INV05274,2025-01-29,58316.78,Wire,Full
P005275,INV05275,2024-09-15,3548.14,Wire,Partial
P005276,INV05276,2026-06-27,0.0,Wire,Failed
P005277,INV05277,2026-05-14,20718.86,Wire,Partial
P005278,INV05278,2026-03-13,15128.480000000001,Credit Card,Full
P005279,INV05279,2024-12-28,30078.38,Credit Card,Full
P005280,INV05280,2024-08-31,15931.58,Bank Transfer,Partial
P005281,INV05281,2025-12-29,58681.3,Bank Transfer,Full
P005282,INV05282,2024-07-01,22962.49,Wire,Full
P005283,INV05283,2026-05-24,52438.09,Credit Card,Full
P005284,INV05284,2024-09-29,22947.82,Bank Transfer,Full
P005285,INV05285,2024-08-19,36628.96,Bank Transfer,Full
P005286,INV05286,2024-09-26,16206.130000000001,Credit Card,Full
P005287,INV05287,2026-04-22,8945.91,Wire,Full
P005288,INV05288,2025-09-28,15240.58,Wire,Partial
P005289,INV05289,2025-08-23,50958.26,Wire,Full
P005290,INV05290,2025-01-06,30391.58,Bank Transfer,Full
P005291,INV05291,2024-11-08,33150.8,Wire,Full
P005292,INV05292,2025-05-03,62427.39,Wire,Full
P005293,INV05293,2025-04-30,0.0,Credit Card,Failed
P005294,INV05294,2025-07-08,46735.17,Credit Card,Full
P005295,INV05295,2024-12-23,43215.729999999996,Wire,Full
P005296,INV05296,2025-07-31,42133.14,Wire,Full
P005297,INV05297,2025-07-10,0.0,Wire,Failed
P005298,INV05298,2026-07-07,32637.1,Credit Card,Full
P005299,INV05299,2025-10-27,44346.75,Bank Transfer,Full
P005300,INV05300,2025-12-01,19631.71,Bank Transfer,Full
P005301,INV05301,2024-09-13,24927.55,Wire,Full
P005302,INV05302,2025-01-25,20018.11,Wire,Full
P005303,INV05303,2024-07-24,14926.23,Wire,Full
P005304,INV05304,2025-12-26,18408.87,Wire,Full
P005305,INV05305,2025-12-15,36509.92,Credit Card,Full
P005306,INV05306,2026-05-22,53678.8,Wire,Full
P005307,INV05307,2024-10-12,19019.24,Credit Card,Partial
P005308,INV05308,2026-04-27,58697.61,Wire,Full
P005309,INV05309,2025-04-18,53002.39,Bank Transfer,Full
P005310,INV05310,2026-04-04,25015.04,Credit Card,Full
P005311,INV05311,2026-01-16,43100.549999999996,Wire,Full
P005312,INV05312,2024-08-26,22022.42,Bank Transfer,Full
P005313,INV05313,2026-04-01,0.0,Bank Transfer,Failed
P005314,INV05314,2025-06-05,28587.07,Wire,Full
P005315,INV05315,2025-08-19,36102.32,Bank Transfer,Full
P005316,INV05316,2026-03-26,15085.82,Wire,Full
P005317,INV05317,2024-12-05,22610.24,Credit Card,Partial
P005318,INV05318,2025-07-18,9294.1,Bank Transfer,Partial
P005319,INV05319,2026-02-25,26566.84,Bank Transfer,Full
P005320,INV05320,2025-11-15,21142.02,Wire,Full
P005321,INV05321,2025-12-26,10848.91,Bank Transfer,Partial
P005322,INV05322,2025-08-02,32261.53,Bank Transfer,Full
P005323,INV05323,2026-03-14,34208.270000000004,Bank Transfer,Full
P005324,INV05324,2025-11-18,21423.38,Wire,Full
P005325,INV05325,2024-08-26,17999.55,Wire,Partial
P005326,INV05326,2025-06-28,23237.74,Wire,Full
P005327,INV05327,2026-05-02,40896.66,Credit Card,Full
P005328,INV05328,2024-10-02,14607.09,Credit Card,Partial
P005329,INV05329,2026-01-01,25177.25,Credit Card,Full
P005330,INV05330,2025-04-14,41822.799999999996,Bank Transfer,Full
P005331,INV05331,2024-08-02,0.0,Bank Transfer,Failed
P005332,INV05332,2026-02-06,32780.74,Credit Card,Full
P005333,INV05333,2026-04-16,27882.949999999997,Credit Card,Full
P005334,INV05334,2025-03-14,14502.45,Wire,Partial
P005335,INV05335,2025-02-16,16435.18,Credit Card,Partial
P005336,INV05336,2026-02-19,44190.08,Wire,Full
P005337,INV05337,2024-07-04,22715.059999999998,Bank Transfer,Full
P005338,INV05338,2025-03-25,0.0,Bank Transfer,Failed
P005339,INV05339,2025-12-29,33615.91,Bank Transfer,Full
P005340,INV05340,2025-03-09,29607.86,Wire,Partial
P005341,INV05341,2025-12-21,25406.02,Credit Card,Full
P005342,INV05342,2024-08-02,39189.36,Wire,Full
P005343,INV05343,2025-09-05,48743.25,Bank Transfer,Partial
P005344,INV05344,2026-03-10,29504.39,Wire,Full
P005345,INV05345,2026-02-06,55528.340000000004,Wire,Full
P005346,INV05346,2024-08-23,37084.99,Wire,Full
P005347,INV05347,2026-05-16,7502.4,Bank Transfer,Partial
P005348,INV05348,2025-08-17,59743.14,Wire,Full
P005349,INV05349,2025-07-25,38991.53,Bank Transfer,Full
P005350,INV05350,2024-11-26,22848.6,Bank Transfer,Partial
P005351,INV05351,2026-06-20,27985.75,Bank Transfer,Partial
P005352,INV05352,2026-01-30,9083.59,Wire,Full
P005353,INV05353,2024-10-09,58618.82,Wire,Full
P005354,INV05354,2025-01-09,54086.0,Wire,Full
P005355,INV05355,2025-08-14,25887.05,Bank Transfer,Full
P005356,INV05356,2025-02-27,28209.04,Wire,Partial
P005357,INV05357,2025-11-22,3453.78,Bank Transfer,Partial
P005358,INV05358,2024-09-08,6168.2,Credit Card,Partial
P005359,INV05359,2024-08-03,5366.11,Wire,Partial
P005360,INV05360,2024-09-07,52468.060000000005,Credit Card,Full
P005361,INV05361,2024-08-17,43228.46,Bank Transfer,Partial
P005362,INV05362,2026-06-10,15408.76,Bank Transfer,Full
P005363,INV05363,2025-11-28,17956.67,Credit Card,Full
P005364,INV05364,2025-07-01,0.0,Wire,Failed
P005365,INV05365,2025-01-30,54067.71,Wire,Full
P005366,INV05366,2026-06-05,33917.95,Wire,Full
P005367,INV05367,2025-04-10,17230.71,Bank Transfer,Full
P005368,INV05368,2024-12-23,24420.78,Credit Card,Full
P005369,INV05369,2025-05-09,46360.229999999996,Credit Card,Full
P005370,INV05370,2025-03-04,0.0,Credit Card,Failed
P005371,INV05371,2025-01-09,24673.72,Credit Card,Partial
P005372,INV05372,2025-07-19,24457.31,Wire,Full
P005373,INV05373,2024-09-24,16651.75,Bank Transfer,Full
P005374,INV05374,2025-07-30,46646.66,Wire,Full
P005375,INV05375,2026-05-09,13380.77,Bank Transfer,Full
P005376,INV05376,2025-09-25,16480.28,Credit Card,Full
P005377,INV05377,2026-02-16,10077.71,Credit Card,Partial
P005378,INV05378,2025-09-19,9749.6,Credit Card,Full
P005379,INV05379,2026-02-27,24134.18,Wire,Full
P005380,INV05380,2025-11-02,18592.47,Credit Card,Full
P005381,INV05381,2025-06-10,27573.36,Bank Transfer,Partial
P005382,INV05382,2025-10-13,38293.34,Wire,Full
P005383,INV05383,2026-04-25,25273.690000000002,Credit Card,Full
P005384,INV05384,2026-01-19,0.0,Bank Transfer,Failed
P005385,INV05385,2025-08-13,0.0,Wire,Failed
P005386,INV05386,2025-05-14,30100.07,Bank Transfer,Partial
P005387,INV05387,2026-04-21,42722.86,Credit Card,Full
P005388,INV05388,2025-01-20,32669.78,Wire,Full
P005389,INV05389,2025-12-21,22151.39,Bank Transfer,Full
P005390,INV05390,2025-01-11,21304.620000000003,Wire,Full
P005391,INV05391,2026-07-01,49019.47,Credit Card,Full
P005392,INV05392,2026-01-19,23174.41,Credit Card,Full
P005393,INV05393,2025-05-08,0.0,Bank Transfer,Failed
P005394,INV05394,2025-06-20,4936.79,Wire,Partial
P005395,INV05395,2024-09-01,24081.12,Wire,Partial
P005396,INV05396,2025-07-12,0.0,Bank Transfer,Failed
P005397,INV05397,2024-10-27,54032.490000000005,Bank Transfer,Full
P005398,INV05398,2024-07-21,34915.62,Bank Transfer,Full
P005399,INV05399,2026-05-14,29778.65,Credit Card,Full
P005400,INV05400,2024-12-06,34081.63,Credit Card,Full
P005401,INV05401,2025-04-21,0.0,Credit Card,Failed
P005402,INV05402,2025-11-21,29532.98,Credit Card,Full
P005403,INV05403,2025-07-12,14082.42,Wire,Partial
P005404,INV05404,2024-11-29,17068.14,Wire,Partial
P005405,INV05405,2025-10-23,35243.16,Credit Card,Full
P005406,INV05406,2025-04-20,31695.780000000002,Credit Card,Full
P005407,INV05407,2026-06-14,50490.600000000006,Wire,Full
P005408,INV05408,2025-12-26,25709.289999999997,Credit Card,Full
P005409,INV05409,2025-04-16,36658.88,Wire,Full
P005410,INV05410,2024-08-28,48855.45,Bank Transfer,Full
P005411,INV05411,2024-11-17,54182.16,Credit Card,Full
P005412,INV05412,2025-03-04,15038.41,Bank Transfer,Full
P005413,INV05413,2025-08-14,44584.58,Bank Transfer,Full
P005414,INV05414,2025-08-10,7679.82,Bank Transfer,Partial
P005415,INV05415,2025-06-16,16330.720000000001,Credit Card,Full
P005416,INV05416,2026-01-22,10818.0,Bank Transfer,Full
P005417,INV05417,2026-03-12,31539.04,Bank Transfer,Full
P005418,INV05418,2025-08-26,0.0,Bank Transfer,Failed
P005419,INV05419,2026-05-01,49744.98,Bank Transfer,Full
P005420,INV05420,2026-04-08,27558.870000000003,Credit Card,Full
P005421,INV05421,2025-10-04,20834.55,Wire,Full
P005422,INV05422,2024-12-05,28944.96,Wire,Full
P005423,INV05423,2025-11-26,19351.52,Credit Card,Full
P005424,INV05424,2026-01-16,39151.13,Wire,Full
P005425,INV05425,2025-09-02,36908.240000000005,Wire,Full
P005426,INV05426,2025-11-11,31825.03,Wire,Full
P005427,INV05427,2025-01-02,27207.59,Wire,Full
P005428,INV05428,2025-01-17,40444.66,Wire,Full
P005429,INV05429,2025-01-05,14234.12,Bank Transfer,Full
P005430,INV05430,2025-02-18,16497.62,Bank Transfer,Partial
P005431,INV05431,2025-09-09,33525.2,Bank Transfer,Full
P005432,INV05432,2024-09-07,53252.31,Wire,Full
P005433,INV05433,2025-09-25,52118.090000000004,Bank Transfer,Full
P005434,INV05434,2024-12-25,23190.53,Wire,Full
P005435,INV05435,2025-05-19,0.0,Credit Card,Failed
P005436,INV05436,2025-04-17,22241.059999999998,Bank Transfer,Full
P005437,INV05437,2024-11-20,27874.7,Credit Card,Full
P005438,INV05438,2024-12-05,0.0,Credit Card,Failed
P005439,INV05439,2025-04-02,25917.16,Credit Card,Full
P005440,INV05440,2026-05-01,9504.439999999999,Bank Transfer,Full
P005441,INV05441,2024-08-08,60068.96,Wire,Full
P005442,INV05442,2026-01-04,0.0,Wire,Failed
P005443,INV05443,2025-11-26,0.0,Credit Card,Failed
P005444,INV05444,2024-06-30,37457.24,Bank Transfer,Full
P005445,INV05445,2025-03-30,42521.94,Bank Transfer,Full
P005446,INV05446,2025-07-03,53577.590000000004,Wire,Full
P005447,INV05447,2024-11-29,14172.2,Wire,Partial
P005448,INV05448,2026-06-06,6715.97,Wire,Full
P005449,INV05449,2025-12-10,8731.69,Wire,Partial
P005450,INV05450,2024-10-19,25203.22,Wire,Full
P005451,INV05451,2025-06-07,21156.73,Bank Transfer,Full
P005452,INV05452,2024-12-25,23717.02,Wire,Full
P005453,INV05453,2026-01-14,5994.68,Credit Card,Partial
P005454,INV05454,2024-09-08,20051.65,Bank Transfer,Partial
P005455,INV05455,2024-10-29,12573.13,Bank Transfer,Full
P005456,INV05456,2025-05-21,16962.66,Bank Transfer,Full
P005457,INV05457,2025-01-08,4791.87,Bank Transfer,Partial
P005458,INV05458,2025-03-11,28783.52,Credit Card,Full
P005459,INV05459,2025-01-14,0.0,Wire,Failed
P005460,INV05460,2025-05-29,37231.91,Bank Transfer,Full
P005461,INV05461,2025-09-17,44933.880000000005,Bank Transfer,Full
P005462,INV05462,2025-12-27,17850.58,Credit Card,Full
P005463,INV05463,2024-09-27,7425.27,Wire,Full
P005464,INV05464,2025-01-23,30056.7,Bank Transfer,Full
P005465,INV05465,2025-09-23,18541.77,Wire,Partial
P005466,INV05466,2025-07-11,48332.62,Credit Card,Full
P005467,INV05467,2025-08-02,17676.42,Bank Transfer,Full
P005468,INV05468,2026-04-29,56909.3,Bank Transfer,Full
P005469,INV05469,2026-01-28,50571.77,Wire,Full
P005470,INV05470,2025-08-01,0.0,Bank Transfer,Failed
P005471,INV05471,2025-02-13,41771.21,Bank Transfer,Full
P005472,INV05472,2024-12-21,36623.53,Credit Card,Full
P005473,INV05473,2025-07-21,16233.84,Credit Card,Full
P005474,INV05474,2024-10-18,0.0,Bank Transfer,Failed
P005475,INV05475,2025-09-21,16669.04,Wire,Full
P005476,INV05476,2026-06-19,42665.119999999995,Credit Card,Full
P005477,INV05477,2024-09-01,54271.1,Wire,Full
P005478,INV05478,2025-05-10,31109.600000000002,Credit Card,Full
P005479,INV05479,2026-05-24,14771.5,Bank Transfer,Full
P005480,INV05480,2026-05-10,18318.09,Bank Transfer,Full
P005481,INV05481,2024-11-12,27213.850000000002,Bank Transfer,Full
P005482,INV05482,2026-07-04,6794.19,Bank Transfer,Partial
P005483,INV05483,2024-07-25,37727.79,Credit Card,Partial
P005484,INV05484,2025-06-08,31092.27,Wire,Partial
P005485,INV05485,2025-05-29,52638.18,Credit Card,Full
P005486,INV05486,2025-11-15,59512.34,Bank Transfer,Full
P005487,INV05487,2025-05-25,24743.4,Credit Card,Partial
P005488,INV05488,2024-10-11,57928.25,Wire,Full
P005489,INV05489,2025-02-04,20741.66,Credit Card,Full
P005490,INV05490,2024-08-24,16624.800000000003,Bank Transfer,Full
P005491,INV05491,2025-04-15,32083.949999999997,Bank Transfer,Full
P005492,INV05492,2025-04-24,20814.19,Credit Card,Partial
P005493,INV05493,2025-04-02,19398.82,Wire,Partial
P005494,INV05494,2025-11-10,20715.940000000002,Bank Transfer,Full
P005495,INV05495,2025-12-29,18609.61,Credit Card,Full
P005496,INV05496,2026-04-29,15630.52,Bank Transfer,Partial
P005497,INV05497,2025-04-15,35080.45,Wire,Full
P005498,INV05498,2026-03-13,9466.91,Credit Card,Full
P005499,INV05499,2026-05-25,0.0,Credit Card,Failed
P005500,INV05500,2025-06-12,3037.25,Bank Transfer,Partial
P005501,INV05501,2026-03-22,40498.9,Credit Card,Partial
P005502,INV05502,2024-12-31,28878.07,Wire,Full
P005503,INV05503,2024-08-29,20301.18,Wire,Partial
P005504,INV05504,2024-12-28,43037.26,Bank Transfer,Partial
P005505,INV05505,2026-05-25,57356.200000000004,Bank Transfer,Full
P005506,INV05506,2025-08-29,39732.46,Wire,Full
P005507,INV05507,2025-12-25,31415.81,Bank Transfer,Partial
P005508,INV05508,2025-06-04,21565.14,Credit Card,Full
P005509,INV05509,2026-05-25,39106.17,Bank Transfer,Full
P005510,INV05510,2024-09-25,54474.97,Wire,Full
P005511,INV05511,2024-08-23,21690.82,Credit Card,Partial
P005512,INV05512,2025-03-17,54234.39,Bank Transfer,Full
P005513,INV05513,2024-11-07,0.0,Wire,Failed
P005514,INV05514,2025-11-17,48329.21,Wire,Full
P005515,INV05515,2025-12-16,6082.35,Wire,Full
P005516,INV05516,2025-02-15,9833.52,Credit Card,Partial
P005517,INV05517,2025-03-26,0.0,Bank Transfer,Failed
P005518,INV05518,2025-07-19,21878.21,Credit Card,Full
P005519,INV05519,2025-11-02,44965.799999999996,Wire,Full
P005520,INV05520,2025-11-09,19435.35,Wire,Partial
P005521,INV05521,2025-04-28,31193.23,Credit Card,Full
P005522,INV05522,2024-08-21,0.0,Bank Transfer,Failed
P005523,INV05523,2026-06-27,35680.51,Bank Transfer,Full
P005524,INV05524,2024-08-01,46703.1,Wire,Full
P005525,INV05525,2025-09-17,46769.61,Credit Card,Full
P005526,INV05526,2025-07-29,28144.920000000002,Credit Card,Full
P005527,INV05527,2024-07-10,17465.06,Wire,Full
P005528,INV05528,2026-03-10,32820.64,Credit Card,Full
P005529,INV05529,2025-04-14,0.0,Bank Transfer,Failed
P005530,INV05530,2025-11-03,55741.42999999999,Credit Card,Full
P005531,INV05531,2024-11-16,23216.84,Credit Card,Full
P005532,INV05532,2025-07-16,40222.68,Wire,Full
P005533,INV05533,2025-05-08,20911.6,Credit Card,Full
P005534,INV05534,2025-04-04,54784.56999999999,Credit Card,Full
P005535,INV05535,2026-02-05,46048.19,Wire,Full
P005536,INV05536,2025-04-30,36840.329999999994,Bank Transfer,Full
P005537,INV05537,2025-08-30,0.0,Wire,Failed
P005538,INV05538,2026-02-08,46392.05,Wire,Partial
P005539,INV05539,2025-02-04,30156.51,Wire,Full
P005540,INV05540,2026-03-16,39745.08,Bank Transfer,Full
P005541,INV05541,2026-02-05,21865.3,Wire,Full
P005542,INV05542,2025-07-15,51590.05,Credit Card,Full
P005543,INV05543,2025-12-24,22038.469999999998,Credit Card,Full
P005544,INV05544,2026-04-06,24889.65,Wire,Partial
P005545,INV05545,2025-05-29,27619.02,Credit Card,Partial
P005546,INV05546,2026-01-27,33153.44,Wire,Full
P005547,INV05547,2025-02-04,0.0,Wire,Failed
P005548,INV05548,2026-06-07,7378.61,Credit Card,Partial
P005549,INV05549,2025-12-25,0.0,Credit Card,Failed
P005550,INV05550,2025-06-27,41900.280000000006,Bank Transfer,Full
P005551,INV05551,2025-11-22,12450.16,Bank Transfer,Full
P005552,INV05552,2026-06-12,44038.68,Bank Transfer,Full
P005553,INV05553,2025-04-28,43990.34,Bank Transfer,Full
P005554,INV05554,2025-02-21,43678.090000000004,Bank Transfer,Full
P005555,INV05555,2026-06-20,51424.59,Credit Card,Full
P005556,INV05556,2024-08-29,12717.39,Credit Card,Full
P005557,INV05557,2025-08-21,22490.5,Credit Card,Full
P005558,INV05558,2024-10-23,11710.44,Bank Transfer,Partial
P005559,INV05559,2024-11-14,14762.27,Credit Card,Full
P005560,INV05560,2025-03-30,0.0,Credit Card,Failed
P005561,INV05561,2025-12-25,53930.64,Bank Transfer,Full
P005562,INV05562,2026-07-08,20967.13,Wire,Full
P005563,INV05563,2025-12-31,46407.869999999995,Credit Card,Full
P005564,INV05564,2025-03-27,25927.769999999997,Wire,Full
P005565,INV05565,2025-12-18,29139.33,Bank Transfer,Full
P005566,INV05566,2025-05-30,0.0,Wire,Failed
P005567,INV05567,2025-03-25,15261.439999999999,Credit Card,Full
P005568,INV05568,2026-01-01,14249.9,Bank Transfer,Full
P005569,INV05569,2025-02-11,15803.33,Bank Transfer,Full
P005570,INV05570,2025-01-12,34794.06,Bank Transfer,Full
P005571,INV05571,2025-04-18,14635.01,Credit Card,Partial
P005572,INV05572,2026-03-28,52332.020000000004,Bank Transfer,Full
P005573,INV05573,2025-03-15,30939.329999999998,Wire,Full
P005574,INV05574,2025-05-13,41316.22,Wire,Full
P005575,INV05575,2025-11-02,11687.52,Wire,Full
P005576,INV05576,2024-10-11,0.0,Wire,Failed
P005577,INV05577,2026-04-21,17376.89,Bank Transfer,Partial
P005578,INV05578,2024-09-14,11719.01,Credit Card,Partial
P005579,INV05579,2025-09-28,0.0,Bank Transfer,Failed
P005580,INV05580,2024-09-04,10548.67,Wire,Partial
P005581,INV05581,2024-06-16,21542.059999999998,Bank Transfer,Full
P005582,INV05582,2025-06-27,0.0,Bank Transfer,Failed
P005583,INV05583,2025-08-09,19673.61,Credit Card,Full
P005584,INV05584,2024-08-20,36277.96000000001,Credit Card,Full
P005585,INV05585,2024-07-25,39539.81,Wire,Full
P005586,INV05586,2025-10-20,38855.76,Credit Card,Full
P005587,INV05587,2025-01-17,48370.780000000006,Bank Transfer,Full
P005588,INV05588,2025-01-06,53802.01,Bank Transfer,Full
P005589,INV05589,2025-02-03,21163.11,Credit Card,Full
P005590,INV05590,2025-07-26,0.0,Credit Card,Failed
P005591,INV05591,2024-09-23,49334.75,Wire,Full
P005592,INV05592,2025-04-01,29234.629999999997,Credit Card,Full
P005593,INV05593,2024-06-20,12967.99,Bank Transfer,Full
P005594,INV05594,2024-09-27,0.0,Bank Transfer,Failed
P005595,INV05595,2026-01-08,60298.009999999995,Wire,Full
P005596,INV05596,2025-01-20,50805.1,Credit Card,Full
P005597,INV05597,2026-02-16,25701.4,Credit Card,Partial
P005598,INV05598,2025-04-28,23477.56,Bank Transfer,Partial
P005599,INV05599,2024-08-07,7636.92,Bank Transfer,Partial
P005600,INV05600,2026-04-15,14626.25,Credit Card,Full
P005601,INV05601,2025-08-17,36098.94,Bank Transfer,Full
P005602,INV05602,2025-02-25,59596.42999999999,Bank Transfer,Full
P005603,INV05603,2025-03-10,30602.399999999998,Wire,Full
P005604,INV05604,2025-04-02,22260.69,Wire,Full
P005605,INV05605,2024-10-10,23925.16,Credit Card,Full
P005606,INV05606,2026-04-13,30950.34,Bank Transfer,Full
P005607,INV05607,2025-12-16,51110.329999999994,Wire,Full
P005608,INV05608,2026-06-30,36296.36,Bank Transfer,Partial
P005609,INV05609,2026-03-12,20819.44,Bank Transfer,Full
P005610,INV05610,2024-08-03,20667.34,Bank Transfer,Partial
P005611,INV05611,2026-06-26,16676.27,Credit Card,Full
P005612,INV05612,2025-08-20,40018.36,Credit Card,Full
P005613,INV05613,2025-11-01,28867.769999999997,Bank Transfer,Full
P005614,INV05614,2025-11-02,25022.12,Bank Transfer,Partial
P005615,INV05615,2025-12-23,0.0,Credit Card,Failed
P005616,INV05616,2025-08-30,48962.55,Wire,Full
P005617,INV05617,2026-07-12,40868.95,Credit Card,Full
P005618,INV05618,2025-06-11,47786.61,Wire,Full
P005619,INV05619,2024-11-23,26217.97,Bank Transfer,Full
P005620,INV05620,2026-05-04,16399.88,Credit Card,Full
P005621,INV05621,2025-08-16,0.0,Credit Card,Failed
P005622,INV05622,2025-03-02,35242.0,Bank Transfer,Full
P005623,INV05623,2025-05-13,35698.98,Bank Transfer,Partial
P005624,INV05624,2025-09-03,41416.33,Credit Card,Full
P005625,INV05625,2025-02-10,34242.2,Bank Transfer,Full
P005626,INV05626,2025-12-02,41044.38,Bank Transfer,Partial
P005627,INV05627,2025-02-06,40458.68,Wire,Full
P005628,INV05628,2025-09-29,40951.58,Wire,Full
P005629,INV05629,2025-03-11,10999.21,Bank Transfer,Full
P005630,INV05630,2025-02-16,17078.72,Credit Card,Partial
P005631,INV05631,2025-04-15,28574.480000000003,Bank Transfer,Full
P005632,INV05632,2024-07-13,14258.550000000001,Credit Card,Full
P005633,INV05633,2025-05-26,38878.53,Credit Card,Full
P005634,INV05634,2025-07-22,9518.48,Wire,Partial
P005635,INV05635,2024-09-10,49561.76,Wire,Full
P005636,INV05636,2025-11-06,20801.53,Bank Transfer,Full
P005637,INV05637,2025-08-02,27202.34,Wire,Partial
P005638,INV05638,2024-08-04,20476.77,Wire,Partial
P005639,INV05639,2025-04-15,43627.090000000004,Credit Card,Full
P005640,INV05640,2026-03-21,28929.58,Wire,Full
P005641,INV05641,2025-03-28,39206.77,Credit Card,Partial
P005642,INV05642,2024-12-14,16480.21,Wire,Full
P005643,INV05643,2025-04-11,37372.31,Credit Card,Full
P005644,INV05644,2026-01-15,11851.54,Credit Card,Partial
P005645,INV05645,2025-06-11,61673.54,Bank Transfer,Full
P005646,INV05646,2025-06-12,18527.59,Wire,Full
P005647,INV05647,2024-09-19,41196.53999999999,Bank Transfer,Full
P005648,INV05648,2025-05-18,15308.279999999999,Bank Transfer,Full
P005649,INV05649,2024-06-25,24845.94,Wire,Full
P005650,INV05650,2025-07-21,40509.43,Wire,Full
P005651,INV05651,2025-10-25,45794.479999999996,Credit Card,Full
P005652,INV05652,2024-10-27,0.0,Credit Card,Failed
P005653,INV05653,2026-05-19,47978.729999999996,Bank Transfer,Full
P005654,INV05654,2025-12-25,35598.97,Credit Card,Full
P005655,INV05655,2025-05-30,16626.96,Wire,Full
P005656,INV05656,2025-03-12,28031.15,Credit Card,Partial
P005657,INV05657,2025-06-16,26206.79,Wire,Full
P005658,INV05658,2024-07-29,22922.81,Credit Card,Partial
P005659,INV05659,2024-06-29,0.0,Credit Card,Failed
P005660,INV05660,2025-01-03,14455.38,Wire,Full
P005661,INV05661,2026-04-25,38336.14,Credit Card,Full
P005662,INV05662,2024-08-05,51843.270000000004,Bank Transfer,Full
P005663,INV05663,2025-10-17,16031.73,Credit Card,Partial
P005664,INV05664,2025-01-11,40526.51,Credit Card,Full
P005665,INV05665,2024-10-25,32550.89,Wire,Full
P005666,INV05666,2026-04-18,31538.49,Wire,Partial
P005667,INV05667,2024-11-15,18130.89,Credit Card,Partial
P005668,INV05668,2025-12-30,50082.08,Bank Transfer,Full
P005669,INV05669,2024-09-09,49706.49,Wire,Full
P005670,INV05670,2025-12-09,54839.810000000005,Wire,Full
P005671,INV05671,2025-04-17,11212.45,Credit Card,Partial
P005672,INV05672,2025-01-19,44274.61,Wire,Full
P005673,INV05673,2024-08-09,31508.15,Bank Transfer,Full
P005674,INV05674,2024-10-09,19828.14,Bank Transfer,Full
P005675,INV05675,2026-04-18,25578.260000000002,Credit Card,Full
P005676,INV05676,2024-08-08,17040.71,Wire,Partial
P005677,INV05677,2024-09-08,19791.11,Credit Card,Full
P005678,INV05678,2025-06-03,21206.44,Credit Card,Full
P005679,INV05679,2026-04-09,3879.98,Wire,Full
P005680,INV05680,2025-06-26,42860.62,Wire,Full
P005681,INV05681,2025-02-05,10181.15,Credit Card,Full
P005682,INV05682,2024-09-06,11059.26,Wire,Full
P005683,INV05683,2025-08-17,33266.81,Wire,Full
P005684,INV05684,2025-01-10,46257.26,Credit Card,Full
P005685,INV05685,2024-07-10,36856.65,Bank Transfer,Full
P005686,INV05686,2026-05-30,20160.98,Wire,Full
P005687,INV05687,2025-04-29,12541.33,Credit Card,Full
P005688,INV05688,2026-04-25,39604.850000000006,Wire,Full
P005689,INV05689,2025-02-02,40631.34,Wire,Full
P005690,INV05690,2025-01-12,35030.62,Bank Transfer,Full
P005691,INV05691,2024-10-22,27304.01,Bank Transfer,Partial
P005692,INV05692,2024-10-02,49161.69,Wire,Full
P005693,INV05693,2025-10-24,32153.24,Credit Card,Full
P005694,INV05694,2024-07-29,6610.36,Bank Transfer,Full
P005695,INV05695,2025-11-04,0.0,Credit Card,Failed
P005696,INV05696,2025-12-06,17443.28,Wire,Full
P005697,INV05697,2026-05-31,21992.39,Credit Card,Partial
P005698,INV05698,2025-03-03,28651.01,Wire,Full
P005699,INV05699,2025-06-28,23150.760000000002,Wire,Full
P005700,INV05700,2026-05-15,27726.440000000002,Credit Card,Full
P005701,INV05701,2024-10-14,50094.71,Bank Transfer,Full
P005702,INV05702,2024-12-09,37945.05,Wire,Full
P005703,INV05703,2024-12-01,44051.43,Wire,Full
P005704,INV05704,2025-01-30,26456.85,Wire,Full
P005705,INV05705,2025-02-01,0.0,Wire,Failed
P005706,INV05706,2025-09-19,0.0,Bank Transfer,Failed
P005707,INV05707,2025-08-08,36389.3,Wire,Full
P005708,INV05708,2025-03-13,49821.689999999995,Bank Transfer,Full
P005709,INV05709,2026-01-25,16188.86,Wire,Full
P005710,INV05710,2026-04-24,47453.51,Credit Card,Partial
P005711,INV05711,2025-05-15,14276.19,Wire,Partial
P005712,INV05712,2025-07-08,9322.74,Wire,Full
P005713,INV05713,2024-08-27,0.0,Wire,Failed
P005714,INV05714,2025-06-29,29257.61,Bank Transfer,Full
P005715,INV05715,2026-03-17,21761.82,Bank Transfer,Partial
P005716,INV05716,2024-09-13,28777.46,Bank Transfer,Partial
P005717,INV05717,2025-02-06,19751.07,Bank Transfer,Full
P005718,INV05718,2025-10-01,12692.48,Bank Transfer,Full
P005719,INV05719,2024-10-22,15582.52,Credit Card,Full
P005720,INV05720,2025-10-29,55543.1,Bank Transfer,Full
P005721,INV05721,2025-06-04,45093.64,Bank Transfer,Full
P005722,INV05722,2026-02-23,58503.43000000001,Bank Transfer,Full
P005723,INV05723,2025-06-10,52230.08,Bank Transfer,Full
P005724,INV05724,2026-03-29,43785.13,Bank Transfer,Full
P005725,INV05725,2024-11-10,49444.369999999995,Bank Transfer,Full
P005726,INV05726,2024-11-08,29926.15,Bank Transfer,Full
P005727,INV05727,2024-11-07,11784.62,Credit Card,Full
P005728,INV05728,2026-03-26,12849.18,Wire,Full
P005729,INV05729,2025-12-07,49361.380000000005,Wire,Full
P005730,INV05730,2025-06-07,15075.6,Bank Transfer,Full
P005731,INV05731,2026-06-04,0.0,Bank Transfer,Failed
P005732,INV05732,2026-01-28,23379.49,Bank Transfer,Partial
P005733,INV05733,2026-05-19,22428.08,Credit Card,Full
P005734,INV05734,2025-12-11,28309.08,Bank Transfer,Partial
P005735,INV05735,2025-03-17,26704.95,Wire,Full
P005736,INV05736,2026-03-08,4895.57,Bank Transfer,Partial
P005737,INV05737,2025-03-06,20206.5,Credit Card,Partial
P005738,INV05738,2024-07-23,43124.43,Wire,Full
P005739,INV05739,2026-03-14,19883.0,Bank Transfer,Full
P005740,INV05740,2025-03-29,45872.09,Wire,Full
P005741,INV05741,2025-12-18,41254.17,Bank Transfer,Full
P005742,INV05742,2026-02-01,18071.65,Wire,Full
P005743,INV05743,2025-04-18,51916.36,Wire,Full
P005744,INV05744,2025-05-30,52704.25,Credit Card,Full
P005745,INV05745,2024-11-27,35223.93,Credit Card,Full
P005746,INV05746,2026-06-19,31530.69,Wire,Partial
P005747,INV05747,2025-08-30,14812.97,Bank Transfer,Full
P005748,INV05748,2026-04-07,0.0,Bank Transfer,Failed
P005749,INV05749,2024-06-08,52879.84,Wire,Full
P005750,INV05750,2025-11-16,0.0,Credit Card,Failed
P005751,INV05751,2025-11-13,38271.56,Credit Card,Full
P005752,INV05752,2024-10-13,21474.65,Credit Card,Partial
P005753,INV05753,2024-06-14,50531.45,Credit Card,Full
P005754,INV05754,2026-06-02,38360.4,Credit Card,Full
P005755,INV05755,2025-03-17,23897.09,Bank Transfer,Full
P005756,INV05756,2025-02-11,20986.47,Credit Card,Full
P005757,INV05757,2025-12-07,28084.14,Credit Card,Partial
P005758,INV05758,2026-03-16,28657.96,Credit Card,Partial
P005759,INV05759,2024-10-11,9562.4,Credit Card,Partial
P005760,INV05760,2026-03-08,13636.54,Wire,Partial
P005761,INV05761,2024-09-10,12514.5,Bank Transfer,Full
P005762,INV05762,2025-12-10,46805.899999999994,Bank Transfer,Full
P005763,INV05763,2025-06-18,23531.0,Credit Card,Partial
P005764,INV05764,2025-08-31,32462.0,Bank Transfer,Full
P005765,INV05765,2026-02-25,13462.25,Bank Transfer,Partial
P005766,INV05766,2025-08-07,46391.45,Credit Card,Partial
P005767,INV05767,2025-09-14,30677.0,Wire,Full
P005768,INV05768,2025-10-04,48790.31,Wire,Full
P005769,INV05769,2024-08-13,0.0,Wire,Failed
P005770,INV05770,2024-09-03,33350.43,Wire,Partial
P005771,INV05771,2025-09-10,6628.0,Wire,Partial
P005772,INV05772,2024-11-17,0.0,Bank Transfer,Failed
P005773,INV05773,2024-12-06,6987.38,Bank Transfer,Full
P005774,INV05774,2025-11-11,10485.29,Credit Card,Partial
P005775,INV05775,2024-08-27,20948.5,Bank Transfer,Full
P005776,INV05776,2026-01-15,42370.03,Wire,Full
P005777,INV05777,2026-06-04,14698.52,Credit Card,Full
P005778,INV05778,2024-12-06,0.0,Credit Card,Failed
P005779,INV05779,2024-06-19,24012.83,Bank Transfer,Full
P005780,INV05780,2024-11-04,18589.6,Bank Transfer,Full
P005781,INV05781,2025-02-25,52737.57,Credit Card,Partial
P005782,INV05782,2026-05-25,17955.14,Credit Card,Full
P005783,INV05783,2025-01-20,35600.51,Wire,Full
P005784,INV05784,2026-05-17,22781.39,Wire,Full
P005785,INV05785,2025-03-10,13726.869999999999,Credit Card,Full
P005786,INV05786,2025-03-25,30319.2,Wire,Full
P005787,INV05787,2026-04-14,27839.5,Credit Card,Full
P005788,INV05788,2025-11-19,23938.829999999998,Bank Transfer,Full
P005789,INV05789,2025-04-18,0.0,Wire,Failed
P005790,INV05790,2024-12-10,31649.29,Wire,Full
P005791,INV05791,2025-03-19,0.0,Wire,Failed
P005792,INV05792,2024-11-04,26177.99,Wire,Partial
P005793,INV05793,2025-01-05,44181.68,Bank Transfer,Full
P005794,INV05794,2024-06-29,11839.2,Bank Transfer,Full
P005795,INV05795,2024-07-20,33933.54,Bank Transfer,Full
P005796,INV05796,2025-09-08,52370.89,Credit Card,Full
P005797,INV05797,2025-11-25,43137.21,Credit Card,Full
P005798,INV05798,2026-04-14,12650.91,Bank Transfer,Partial
P005799,INV05799,2025-03-07,0.0,Bank Transfer,Failed
P005800,INV05800,2025-01-25,22109.16,Credit Card,Partial
P005801,INV05801,2024-12-19,7641.64,Bank Transfer,Partial
P005802,INV05802,2024-06-30,8976.17,Credit Card,Full
P005803,INV05803,2026-04-27,14156.77,Wire,Full
P005804,INV05804,2026-06-26,46652.04,Wire,Full
P005805,INV05805,2026-01-24,26002.43,Wire,Full
P005806,INV05806,2024-08-30,34654.88,Wire,Full
P005807,INV05807,2025-03-30,29644.31,Bank Transfer,Partial
P005808,INV05808,2025-11-03,34991.08,Credit Card,Full
P005809,INV05809,2025-09-08,41969.12,Credit Card,Partial
P005810,INV05810,2026-01-02,28463.53,Bank Transfer,Full
P005811,INV05811,2024-07-11,40299.240000000005,Wire,Full
P005812,INV05812,2025-10-25,15534.98,Wire,Full
P005813,INV05813,2024-08-09,52688.899999999994,Wire,Full
P005814,INV05814,2026-02-15,26041.14,Bank Transfer,Full
P005815,INV05815,2025-12-12,21877.0,Credit Card,Full
P005816,INV05816,2026-02-22,25203.1,Wire,Partial
P005817,INV05817,2024-12-31,51704.19,Bank Transfer,Full
P005818,INV05818,2024-09-26,20371.0,Credit Card,Partial
P005819,INV05819,2025-02-09,41989.76,Bank Transfer,Partial
P005820,INV05820,2026-05-18,8966.7,Credit Card,Full
P005821,INV05821,2024-10-29,39059.76,Wire,Full
P005822,INV05822,2026-01-01,0.0,Bank Transfer,Failed
P005823,INV05823,2025-10-14,31701.64,Bank Transfer,Partial
P005824,INV05824,2025-05-15,20350.41,Bank Transfer,Partial
P005825,INV05825,2025-10-10,44730.53,Credit Card,Full
P005826,INV05826,2025-03-29,0.0,Bank Transfer,Failed
P005827,INV05827,2025-02-08,43312.93,Wire,Full
P005828,INV05828,2025-02-02,43956.12,Bank Transfer,Partial
P005829,INV05829,2024-11-07,0.0,Wire,Failed
P005830,INV05830,2025-04-18,20298.86,Credit Card,Partial
P005831,INV05831,2026-06-06,0.0,Bank Transfer,Failed
P005832,INV05832,2025-12-15,20111.58,Bank Transfer,Full
P005833,INV05833,2025-12-27,12755.14,Bank Transfer,Full
P005834,INV05834,2026-06-02,21039.87,Wire,Full
P005835,INV05835,2024-10-17,34621.34,Credit Card,Full
P005836,INV05836,2026-02-14,39730.25,Credit Card,Full
P005837,INV05837,2024-10-25,15916.63,Wire,Partial
P005838,INV05838,2024-10-16,0.0,Wire,Failed
P005839,INV05839,2024-06-14,41902.54,Bank Transfer,Full
P005840,INV05840,2025-10-31,39913.16,Wire,Full
P005841,INV05841,2025-06-27,53594.56,Wire,Full
P005842,INV05842,2026-01-30,16372.08,Credit Card,Partial
P005843,INV05843,2025-02-10,48156.3,Credit Card,Full
P005844,INV05844,2025-07-10,11204.369999999999,Wire,Full
P005845,INV05845,2025-10-18,0.0,Credit Card,Failed
P005846,INV05846,2025-03-22,41702.66,Credit Card,Full
P005847,INV05847,2024-11-05,49049.28,Credit Card,Full
P005848,INV05848,2025-01-24,29664.690000000002,Bank Transfer,Full
P005849,INV05849,2025-05-22,55416.31,Credit Card,Full
P005850,INV05850,2025-06-28,43725.66,Bank Transfer,Full
P005851,INV05851,2026-03-25,41071.83,Wire,Full
P005852,INV05852,2024-09-12,23699.699999999997,Bank Transfer,Full
P005853,INV05853,2025-06-27,5829.37,Credit Card,Full
P005854,INV05854,2025-11-02,52014.59,Credit Card,Full
P005855,INV05855,2025-09-10,44319.45,Wire,Full
P005856,INV05856,2024-10-18,36055.49,Credit Card,Full
P005857,INV05857,2025-02-19,14303.73,Wire,Full
P005858,INV05858,2025-06-14,31337.48,Bank Transfer,Full
P005859,INV05859,2024-08-17,41075.5,Wire,Full
P005860,INV05860,2024-09-24,26284.329999999998,Wire,Full
P005861,INV05861,2025-06-14,49560.3,Credit Card,Partial
P005862,INV05862,2024-12-26,37532.32,Wire,Full
P005863,INV05863,2026-03-06,55641.76,Credit Card,Full
P005864,INV05864,2026-02-23,0.0,Bank Transfer,Failed
P005865,INV05865,2026-03-29,14821.19,Wire,Partial
P005866,INV05866,2026-06-13,10527.35,Wire,Partial
P005867,INV05867,2026-01-29,28807.77,Wire,Full
P005868,INV05868,2024-08-09,21121.66,Wire,Full
P005869,INV05869,2024-12-07,19438.13,Wire,Full
P005870,INV05870,2026-05-20,55300.94,Wire,Full
P005871,INV05871,2024-07-05,56955.69,Credit Card,Full
P005872,INV05872,2025-07-14,53976.9,Credit Card,Full
P005873,INV05873,2025-03-11,52444.22,Wire,Full
P005874,INV05874,2026-06-15,49791.57,Bank Transfer,Full
P005875,INV05875,2025-06-09,29656.42,Bank Transfer,Partial
P005876,INV05876,2025-09-11,14423.67,Credit Card,Partial
P005877,INV05877,2024-11-03,10839.71,Bank Transfer,Full
P005878,INV05878,2025-12-15,24898.16,Wire,Full
P005879,INV05879,2026-02-02,7929.65,Bank Transfer,Full
P005880,INV05880,2026-04-26,5606.87,Bank Transfer,Partial
P005881,INV05881,2025-10-18,42821.92,Credit Card,Full
P005882,INV05882,2025-02-13,9963.64,Credit Card,Full
P005883,INV05883,2024-10-20,20780.88,Credit Card,Full
P005884,INV05884,2026-01-02,13206.66,Wire,Partial
P005885,INV05885,2024-06-22,10941.98,Bank Transfer,Partial
P005886,INV05886,2025-09-25,7003.4,Wire,Partial
P005887,INV05887,2025-03-27,27838.9,Credit Card,Full
P005888,INV05888,2026-05-11,11685.82,Credit Card,Partial
P005889,INV05889,2025-12-04,11240.759999999998,Wire,Full
P005890,INV05890,2025-09-22,51586.04,Credit Card,Full
P005891,INV05891,2024-08-09,60234.27,Bank Transfer,Full
P005892,INV05892,2024-11-02,56348.04,Credit Card,Full
P005893,INV05893,2025-06-02,17021.89,Credit Card,Full
P005894,INV05894,2024-12-23,20761.48,Credit Card,Full
P005895,INV05895,2024-09-29,14456.08,Wire,Full
P005896,INV05896,2025-03-13,58625.49,Wire,Full
P005897,INV05897,2024-09-18,20979.64,Wire,Full
P005898,INV05898,2024-11-29,19954.18,Credit Card,Partial
P005899,INV05899,2026-01-22,43995.270000000004,Wire,Full
P005900,INV05900,2025-06-29,0.0,Credit Card,Failed
P005901,INV05901,2025-07-26,27703.43,Bank Transfer,Full
P005902,INV05902,2024-11-15,28796.13,Wire,Full
P005903,INV05903,2026-07-03,51020.65,Bank Transfer,Full
P005904,INV05904,2025-04-22,27554.760000000002,Wire,Full
P005905,INV05905,2025-04-17,38988.990000000005,Bank Transfer,Full
P005906,INV05906,2025-03-30,16088.86,Wire,Partial
P005907,INV05907,2026-07-03,38803.75,Credit Card,Full
P005908,INV05908,2024-12-26,31614.85,Credit Card,Partial
P005909,INV05909,2024-09-08,28774.37,Wire,Full
P005910,INV05910,2026-06-04,20976.93,Credit Card,Full
P005911,INV05911,2025-02-22,13758.89,Bank Transfer,Partial
P005912,INV05912,2025-04-07,37324.600000000006,Wire,Full
P005913,INV05913,2026-06-22,30337.83,Wire,Full
P005914,INV05914,2026-04-09,44858.49,Credit Card,Full
P005915,INV05915,2024-09-21,27905.449999999997,Wire,Full
P005916,INV05916,2024-11-21,11728.16,Credit Card,Full
P005917,INV05917,2025-12-11,0.0,Credit Card,Failed
P005918,INV05918,2024-12-27,5926.73,Bank Transfer,Partial
P005919,INV05919,2025-02-12,5896.17,Credit Card,Partial
P005920,INV05920,2026-03-23,40559.29,Wire,Full
P005921,INV05921,2025-10-13,16536.96,Credit Card,Partial
P005922,INV05922,2025-09-27,0.0,Credit Card,Failed
P005923,INV05923,2025-02-20,46702.81,Wire,Full
P005924,INV05924,2025-01-17,38086.78,Wire,Full
P005925,INV05925,2025-11-12,8941.33,Credit Card,Partial
P005926,INV05926,2024-08-28,11765.87,Credit Card,Partial
P005927,INV05927,2025-03-14,13177.36,Bank Transfer,Full
P005928,INV05928,2025-06-20,33161.24,Credit Card,Full
P005929,INV05929,2026-02-19,22438.940000000002,Wire,Full
P005930,INV05930,2025-02-14,8651.36,Credit Card,Partial
P005931,INV05931,2026-05-17,23557.059999999998,Bank Transfer,Full
P005932,INV05932,2026-06-29,31745.86,Bank Transfer,Full
P005933,INV05933,2026-04-26,53137.07000000001,Bank Transfer,Full
P005934,INV05934,2024-11-20,31650.38,Bank Transfer,Full
P005935,INV05935,2025-04-11,0.0,Credit Card,Failed
P005936,INV05936,2024-06-20,0.0,Credit Card,Failed
P005937,INV05937,2025-03-21,57877.0,Wire,Full
P005938,INV05938,2025-09-02,17978.309999999998,Wire,Full
P005939,INV05939,2026-02-14,50842.3,Bank Transfer,Full
P005940,INV05940,2024-07-29,62787.46,Bank Transfer,Full
P005941,INV05941,2026-01-28,3822.92,Wire,Partial
P005942,INV05942,2025-06-01,14963.740000000002,Wire,Full
P005943,INV05943,2025-12-15,10766.62,Credit Card,Full
P005944,INV05944,2025-03-11,4630.75,Wire,Full
P005945,INV05945,2024-12-24,19391.78,Bank Transfer,Full
P005946,INV05946,2026-02-15,52396.10999999999,Bank Transfer,Full
P005947,INV05947,2024-06-13,50489.21,Credit Card,Full
P005948,INV05948,2026-04-02,33250.15,Bank Transfer,Full
P005949,INV05949,2026-05-09,18215.300000000003,Credit Card,Full
P005950,INV05950,2024-12-13,0.0,Bank Transfer,Failed
P005951,INV05951,2024-06-15,41156.65,Bank Transfer,Partial
P005952,INV05952,2026-03-22,32363.94,Wire,Full
P005953,INV05953,2026-01-02,8094.03,Wire,Full
P005954,INV05954,2025-09-09,9494.69,Bank Transfer,Full
P005955,INV05955,2024-06-25,26580.39,Bank Transfer,Full
P005956,INV05956,2025-09-18,14315.23,Wire,Full
P005957,INV05957,2025-08-31,60071.3,Bank Transfer,Full
P005958,INV05958,2025-02-21,35120.020000000004,Credit Card,Full
P005959,INV05959,2025-06-21,44691.11,Bank Transfer,Full
P005960,INV05960,2024-11-04,21778.68,Wire,Partial
P005961,INV05961,2025-03-04,19060.47,Credit Card,Full
P005962,INV05962,2026-01-09,39057.15,Credit Card,Full
P005963,INV05963,2026-04-11,22350.31,Bank Transfer,Full
P005964,INV05964,2026-03-15,48673.72,Wire,Partial
P005965,INV05965,2025-11-01,22976.370000000003,Bank Transfer,Full
P005966,INV05966,2025-05-14,10889.82,Wire,Partial
P005967,INV05967,2026-05-22,15069.539999999999,Credit Card,Full
P005968,INV05968,2025-12-19,0.0,Credit Card,Failed
P005969,INV05969,2026-03-13,20210.01,Bank Transfer,Partial
P005970,INV05970,2025-01-17,26298.160000000003,Wire,Full
P005971,INV05971,2026-05-08,52179.78999999999,Credit Card,Full
P005972,INV05972,2025-11-04,34083.869999999995,Bank Transfer,Full
P005973,INV05973,2026-03-18,48568.89,Credit Card,Full
P005974,INV05974,2025-04-03,45504.770000000004,Bank Transfer,Full
P005975,INV05975,2025-07-19,32833.94,Bank Transfer,Full
P005976,INV05976,2024-09-08,28161.12,Wire,Partial
P005977,INV05977,2025-11-25,48001.700000000004,Bank Transfer,Full
P005978,INV05978,2025-09-19,15402.08,Credit Card,Full
P005979,INV05979,2024-09-18,23004.11,Credit Card,Full
P005980,INV05980,2025-08-09,20869.5,Bank Transfer,Full
P005981,INV05981,2025-03-05,18139.63,Wire,Full
P005982,INV05982,2024-10-02,58792.55,Bank Transfer,Full
P005983,INV05983,2025-01-06,22536.37,Credit Card,Partial
P005984,INV05984,2025-02-16,25238.89,Wire,Full
P005985,INV05985,2024-11-15,15785.86,Credit Card,Partial
P005986,INV05986,2026-01-18,38078.73,Wire,Full
P005987,INV05987,2026-04-14,27109.65,Credit Card,Full
P005988,INV05988,2025-11-04,49590.159999999996,Wire,Full
P005989,INV05989,2025-12-16,7846.89,Wire,Full
P005990,INV05990,2026-01-08,31707.98,Credit Card,Full
P005991,INV05991,2025-08-15,17200.54,Bank Transfer,Full
P005992,INV05992,2025-03-21,27059.34,Wire,Full
P005993,INV05993,2025-12-29,23546.96,Bank Transfer,Full
P005994,INV05994,2025-08-30,16552.97,Bank Transfer,Full
P005995,INV05995,2026-05-04,33154.33,Credit Card,Full
P005996,INV05996,2025-10-04,9196.2,Wire,Partial
P005997,INV05997,2025-06-08,46744.92,Bank Transfer,Full
P005998,INV05998,2026-03-26,50623.43,Bank Transfer,Full
P005999,INV05999,2025-05-03,0.0,Wire,Failed
P006000,INV06000,2026-06-03,35401.68,Credit Card,Full
P006001,INV06001,2025-12-22,27396.45,Bank Transfer,Full
P006002,INV06002,2024-11-28,58886.14,Wire,Full
P006003,INV06003,2026-03-28,20201.91,Credit Card,Full
P006004,INV06004,2025-09-19,35205.17,Wire,Full
P006005,INV06005,2024-12-05,53561.32,Bank Transfer,Full
P006006,INV06006,2026-02-24,12610.66,Credit Card,Full
P006007,INV06007,2025-05-02,51741.630000000005,Credit Card,Full
P006008,INV06008,2024-06-27,13996.460000000001,Wire,Full
P006009,INV06009,2024-12-04,31214.48,Wire,Full
P006010,INV06010,2025-11-24,0.0,Bank Transfer,Failed
P006011,INV06011,2025-01-26,34082.6,Wire,Full
P006012,INV06012,2024-09-17,43167.21,Wire,Full
P006013,INV06013,2025-01-12,12604.33,Wire,Full
P006014,INV06014,2025-03-04,45336.22,Wire,Full
P006015,INV06015,2024-07-11,9132.79,Wire,Partial
P006016,INV06016,2025-07-24,19874.26,Wire,Partial
P006017,INV06017,2026-02-08,24457.739999999998,Wire,Full
P006018,INV06018,2025-12-10,21212.11,Wire,Full
P006019,INV06019,2025-02-04,11378.17,Wire,Full
P006020,INV06020,2024-11-15,24797.76,Bank Transfer,Full
P006021,INV06021,2026-05-01,30953.14,Bank Transfer,Full
P006022,INV06022,2026-02-22,59587.9,Credit Card,Full
P006023,INV06023,2025-09-24,40184.6,Credit Card,Full
P006024,INV06024,2024-12-02,49466.7,Bank Transfer,Full
P006025,INV06025,2024-11-22,40889.69,Bank Transfer,Full
P006026,INV06026,2025-10-13,31270.510000000002,Wire,Full
P006027,INV06027,2025-02-27,43771.94,Credit Card,Full
P006028,INV06028,2026-01-02,0.0,Credit Card,Failed
P006029,INV06029,2024-09-29,35941.23,Bank Transfer,Partial
P006030,INV06030,2024-10-21,0.0,Credit Card,Failed
P006031,INV06031,2025-03-28,55722.46,Credit Card,Full
P006032,INV06032,2024-11-15,14663.130000000001,Wire,Full
P006033,INV06033,2025-03-30,0.0,Credit Card,Failed
P006034,INV06034,2025-06-25,11089.4,Credit Card,Partial
P006035,INV06035,2025-08-15,0.0,Bank Transfer,Failed
P006036,INV06036,2026-01-03,9233.939999999999,Wire,Full
P006037,INV06037,2025-01-29,52368.86,Wire,Full
P006038,INV06038,2025-09-01,28667.79,Wire,Full
P006039,INV06039,2025-12-05,20251.1,Bank Transfer,Partial
P006040,INV06040,2025-11-09,0.0,Bank Transfer,Failed
P006041,INV06041,2024-12-31,15083.41,Bank Transfer,Full
P006042,INV06042,2026-02-09,24209.25,Wire,Partial
P006043,INV06043,2026-06-06,15274.99,Bank Transfer,Partial
P006044,INV06044,2024-11-04,0.0,Bank Transfer,Failed
P006045,INV06045,2025-10-18,23696.33,Bank Transfer,Partial
P006046,INV06046,2025-08-25,37449.37,Wire,Full
P006047,INV06047,2025-10-02,42531.79,Bank Transfer,Full
P006048,INV06048,2025-06-12,9411.59,Bank Transfer,Full
P006049,INV06049,2025-07-16,47891.76,Bank Transfer,Full
P006050,INV06050,2025-10-19,37330.159999999996,Bank Transfer,Full
P006051,INV06051,2026-06-25,25995.079999999998,Bank Transfer,Full
P006052,INV06052,2024-06-27,51731.81,Credit Card,Full
P006053,INV06053,2024-10-14,27092.97,Bank Transfer,Full
P006054,INV06054,2026-03-15,0.0,Bank Transfer,Failed
P006055,INV06055,2025-10-09,12535.11,Wire,Full
P006056,INV06056,2024-09-20,30168.329999999998,Credit Card,Full
P006057,INV06057,2024-10-20,33239.48,Bank Transfer,Partial
P006058,INV06058,2025-07-11,8627.6,Wire,Full
P006059,INV06059,2025-06-13,46776.869999999995,Credit Card,Full
P006060,INV06060,2025-03-26,0.0,Credit Card,Failed
P006061,INV06061,2024-09-24,17330.760000000002,Credit Card,Full
P006062,INV06062,2025-02-18,53070.72,Credit Card,Full
P006063,INV06063,2025-12-20,22237.82,Wire,Partial
P006064,INV06064,2025-08-17,13614.65,Bank Transfer,Partial
P006065,INV06065,2025-04-17,31568.719999999998,Wire,Full
P006066,INV06066,2026-01-04,40875.86,Wire,Full
P006067,INV06067,2025-07-01,22388.1,Credit Card,Full
P006068,INV06068,2024-07-31,5620.98,Wire,Partial
P006069,INV06069,2025-04-29,14421.26,Wire,Full
P006070,INV06070,2026-03-02,42227.72,Wire,Full
P006071,INV06071,2025-05-05,50126.31,Credit Card,Full
P006072,INV06072,2026-03-30,55249.649999999994,Wire,Full
P006073,INV06073,2025-01-24,34655.11,Credit Card,Full
P006074,INV06074,2026-01-18,27781.41,Bank Transfer,Partial
P006075,INV06075,2026-06-20,44437.39,Credit Card,Full
P006076,INV06076,2025-06-11,40438.17,Credit Card,Full
P006077,INV06077,2025-01-27,42214.29,Credit Card,Full
P006078,INV06078,2025-12-19,23852.410000000003,Wire,Full
P006079,INV06079,2025-09-16,9728.349999999999,Bank Transfer,Full
P006080,INV06080,2026-05-11,41693.130000000005,Wire,Full
P006081,INV06081,2025-10-10,0.0,Credit Card,Failed
P006082,INV06082,2025-07-07,19820.5,Credit Card,Partial
P006083,INV06083,2025-12-03,11378.75,Wire,Full
P006084,INV06084,2025-05-15,14236.21,Credit Card,Partial
P006085,INV06085,2026-03-11,31610.77,Wire,Full
P006086,INV06086,2025-10-05,25825.18,Credit Card,Full
P006087,INV06087,2026-05-18,11129.630000000001,Wire,Full
P006088,INV06088,2025-02-17,39903.41,Wire,Full
P006089,INV06089,2025-12-10,33527.83,Wire,Full
P006090,INV06090,2025-11-22,49807.45,Credit Card,Full
P006091,INV06091,2025-09-01,0.0,Wire,Failed
P006092,INV06092,2026-06-21,35826.58,Wire,Full
P006093,INV06093,2025-10-03,19508.98,Credit Card,Full
P006094,INV06094,2025-05-07,22034.96,Wire,Full
P006095,INV06095,2026-04-22,35882.67,Wire,Full
P006096,INV06096,2026-03-17,45149.84,Wire,Partial
P006097,INV06097,2024-09-16,0.0,Credit Card,Failed
P006098,INV06098,2025-07-18,24068.92,Credit Card,Full
P006099,INV06099,2024-11-26,19119.56,Bank Transfer,Full
P006100,INV06100,2026-04-15,21259.04,Credit Card,Partial
P006101,INV06101,2024-08-30,14967.35,Bank Transfer,Full
P006102,INV06102,2025-06-20,38718.57,Wire,Full
P006103,INV06103,2026-05-13,10950.6,Credit Card,Partial
P006104,INV06104,2025-03-19,42856.2,Wire,Full
P006105,INV06105,2025-01-11,42953.87,Wire,Full
P006106,INV06106,2026-07-05,0.0,Credit Card,Failed
P006107,INV06107,2024-12-23,31755.23,Bank Transfer,Full
P006108,INV06108,2026-06-13,29656.489999999998,Wire,Full
P006109,INV06109,2025-07-11,22809.52,Credit Card,Full
P006110,INV06110,2024-07-24,9161.36,Wire,Full
P006111,INV06111,2026-06-08,35813.35,Bank Transfer,Full
P006112,INV06112,2025-04-22,56887.01,Wire,Full
P006113,INV06113,2026-04-03,51992.950000000004,Wire,Full
P006114,INV06114,2024-08-15,44019.950000000004,Wire,Full
P006115,INV06115,2025-11-15,50108.4,Bank Transfer,Full
P006116,INV06116,2024-10-06,14231.33,Credit Card,Partial
P006117,INV06117,2025-03-06,15482.66,Bank Transfer,Full
P006118,INV06118,2025-10-27,47758.689999999995,Credit Card,Full
P006119,INV06119,2024-11-16,39765.42,Credit Card,Full
P006120,INV06120,2025-05-18,41000.96000000001,Bank Transfer,Full
P006121,INV06121,2026-06-10,19951.25,Credit Card,Full
P006122,INV06122,2025-08-17,18029.81,Bank Transfer,Full
P006123,INV06123,2024-12-28,13998.369999999999,Credit Card,Full
P006124,INV06124,2024-12-19,10909.02,Credit Card,Full
P006125,INV06125,2024-07-18,56975.19,Bank Transfer,Full
P006126,INV06126,2026-05-09,15368.34,Bank Transfer,Partial
P006127,INV06127,2024-08-16,10600.57,Credit Card,Partial
P006128,INV06128,2024-06-15,36165.33,Credit Card,Full
P006129,INV06129,2025-12-26,0.0,Bank Transfer,Failed
P006130,INV06130,2024-11-23,58366.22,Bank Transfer,Full
P006131,INV06131,2026-07-10,28772.83,Wire,Full
P006132,INV06132,2026-05-31,0.0,Credit Card,Failed
P006133,INV06133,2025-01-17,47365.49,Credit Card,Full
P006134,INV06134,2025-10-20,10377.28,Wire,Full
P006135,INV06135,2026-03-10,31621.63,Bank Transfer,Full
P006136,INV06136,2024-12-28,21910.89,Wire,Partial
P006137,INV06137,2025-04-13,32330.15,Credit Card,Full
P006138,INV06138,2025-11-10,0.0,Credit Card,Failed
P006139,INV06139,2025-11-09,19623.49,Wire,Full
P006140,INV06140,2025-06-24,41389.3,Wire,Full
P006141,INV06141,2025-10-15,0.0,Bank Transfer,Failed
P006142,INV06142,2026-02-23,52331.4,Wire,Full
P006143,INV06143,2024-11-11,27838.870000000003,Bank Transfer,Full
P006144,INV06144,2025-08-14,13914.279999999999,Wire,Full
P006145,INV06145,2025-11-09,57472.28,Credit Card,Full
P006146,INV06146,2024-12-17,38237.43,Wire,Full
P006147,INV06147,2025-03-27,27968.440000000002,Credit Card,Full
P006148,INV06148,2026-02-26,16673.17,Wire,Full
P006149,INV06149,2026-01-05,52055.88,Wire,Full
P006150,INV06150,2024-11-28,20142.52,Wire,Full
P006151,INV06151,2024-11-26,16871.87,Wire,Partial
P006152,INV06152,2025-02-05,13976.09,Bank Transfer,Partial
P006153,INV06153,2024-09-21,51396.630000000005,Wire,Full
P006154,INV06154,2025-03-01,11781.15,Credit Card,Partial
P006155,INV06155,2025-07-29,20159.72,Bank Transfer,Full
P006156,INV06156,2025-12-02,0.0,Bank Transfer,Failed
P006157,INV06157,2025-03-24,41807.340000000004,Bank Transfer,Full
P006158,INV06158,2025-06-20,44175.72,Bank Transfer,Full
P006159,INV06159,2024-08-29,5368.89,Bank Transfer,Partial
P006160,INV06160,2025-04-08,20647.27,Credit Card,Full
P006161,INV06161,2024-08-08,38275.36,Wire,Partial
P006162,INV06162,2025-11-20,14133.279999999999,Bank Transfer,Full
P006163,INV06163,2025-01-19,52472.2,Credit Card,Full
P006164,INV06164,2025-11-06,18017.739999999998,Wire,Full
P006165,INV06165,2024-07-21,0.0,Credit Card,Failed
P006166,INV06166,2025-03-17,36422.08,Credit Card,Full
P006167,INV06167,2025-04-16,20458.949999999997,Bank Transfer,Full
P006168,INV06168,2025-07-03,7208.84,Bank Transfer,Partial
P006169,INV06169,2025-08-18,41700.42,Credit Card,Full
P006170,INV06170,2025-12-21,55813.46000000001,Credit Card,Full
P006171,INV06171,2024-09-21,16513.62,Credit Card,Partial
P006172,INV06172,2025-08-23,9026.2,Wire,Full
P006173,INV06173,2025-09-21,38420.31,Wire,Full
P006174,INV06174,2026-03-29,12635.18,Bank Transfer,Full
P006175,INV06175,2024-11-22,20854.68,Credit Card,Full
P006176,INV06176,2025-01-05,31216.98,Credit Card,Full
P006177,INV06177,2024-10-30,0.0,Credit Card,Failed
P006178,INV06178,2025-10-23,0.0,Bank Transfer,Failed
P006179,INV06179,2025-12-05,15958.3,Wire,Partial
P006180,INV06180,2025-03-18,58518.28,Bank Transfer,Full
P006181,INV06181,2025-08-29,0.0,Wire,Failed
P006182,INV06182,2026-04-21,12722.51,Wire,Partial
P006183,INV06183,2025-10-24,6419.43,Bank Transfer,Partial
P006184,INV06184,2024-10-24,33206.94,Wire,Full
P006185,INV06185,2026-05-06,26568.71,Credit Card,Full
P006186,INV06186,2024-07-02,25881.86,Credit Card,Full
P006187,INV06187,2025-07-06,36638.91,Credit Card,Full
P006188,INV06188,2025-03-01,26237.31,Wire,Full
P006189,INV06189,2026-03-16,51034.92999999999,Bank Transfer,Full
P006190,INV06190,2025-05-13,13299.23,Bank Transfer,Full
P006191,INV06191,2026-05-06,32865.43,Credit Card,Full
P006192,INV06192,2025-01-06,42007.13,Wire,Full
P006193,INV06193,2025-11-30,59106.36,Bank Transfer,Full
P006194,INV06194,2024-09-28,25519.92,Wire,Full
P006195,INV06195,2025-12-08,12903.94,Wire,Full
P006196,INV06196,2026-04-23,21162.370000000003,Bank Transfer,Full
P006197,INV06197,2025-03-11,15524.94,Credit Card,Partial
P006198,INV06198,2024-10-11,54614.79,Bank Transfer,Full
P006199,INV06199,2025-04-03,42182.1,Wire,Full
P006200,INV06200,2025-06-23,43900.99,Wire,Partial
P006201,INV06201,2025-12-23,48184.350000000006,Wire,Full
P006202,INV06202,2025-12-25,41828.74,Bank Transfer,Full
P006203,INV06203,2025-12-10,41460.020000000004,Credit Card,Full
P006204,INV06204,2026-04-16,45490.46000000001,Wire,Full
P006205,INV06205,2025-01-16,21410.379999999997,Wire,Full
P006206,INV06206,2025-08-17,28493.690000000002,Wire,Full
P006207,INV06207,2024-11-19,19124.19,Credit Card,Full
P006208,INV06208,2025-07-26,48439.829999999994,Credit Card,Full
P006209,INV06209,2025-11-03,9277.880000000001,Credit Card,Full
P006210,INV06210,2025-12-06,37044.51,Wire,Full
P006211,INV06211,2024-12-13,0.0,Bank Transfer,Failed
P006212,INV06212,2025-07-04,10264.19,Wire,Full
P006213,INV06213,2026-02-24,7532.14,Wire,Partial
P006214,INV06214,2025-07-01,5120.52,Bank Transfer,Full
P006215,INV06215,2024-10-05,57057.9,Bank Transfer,Full
P006216,INV06216,2025-05-20,11823.34,Wire,Full
P006217,INV06217,2025-04-17,55239.85,Bank Transfer,Full
P006218,INV06218,2025-11-10,32497.469999999998,Wire,Full
P006219,INV06219,2025-11-27,0.0,Wire,Failed
P006220,INV06220,2024-10-13,48679.64,Wire,Full
P006221,INV06221,2025-10-30,0.0,Credit Card,Failed
P006222,INV06222,2026-03-09,54022.869999999995,Wire,Full
P006223,INV06223,2024-08-10,31325.84,Bank Transfer,Partial
P006224,INV06224,2025-02-28,25151.14,Wire,Partial
P006225,INV06225,2024-08-24,32532.010000000002,Bank Transfer,Full
P006226,INV06226,2026-03-05,42697.92999999999,Credit Card,Full
P006227,INV06227,2025-05-24,22628.87,Wire,Partial
P006228,INV06228,2024-08-27,19081.18,Wire,Partial
P006229,INV06229,2026-03-17,53730.98,Wire,Full
P006230,INV06230,2024-09-20,21033.22,Bank Transfer,Full
P006231,INV06231,2026-04-24,7894.51,Credit Card,Partial
P006232,INV06232,2024-11-20,8369.12,Wire,Partial
P006233,INV06233,2026-02-13,30899.83,Wire,Partial
P006234,INV06234,2024-12-26,51887.64,Credit Card,Full
P006235,INV06235,2025-06-11,57112.54,Bank Transfer,Full
P006236,INV06236,2025-08-30,34048.08,Bank Transfer,Full
P006237,INV06237,2024-10-01,8350.8,Bank Transfer,Full
P006238,INV06238,2025-03-01,0.0,Bank Transfer,Failed
P006239,INV06239,2025-07-22,18262.87,Credit Card,Partial
P006240,INV06240,2024-08-09,48232.65,Wire,Full
P006241,INV06241,2025-02-26,0.0,Credit Card,Failed
P006242,INV06242,2025-01-13,43840.71,Credit Card,Full
P006243,INV06243,2025-06-08,18286.28,Wire,Full
P006244,INV06244,2025-04-08,8150.02,Credit Card,Full
P006245,INV06245,2026-03-18,29806.92,Credit Card,Full
P006246,INV06246,2024-11-30,38820.37,Bank Transfer,Full
P006247,INV06247,2025-10-15,12934.84,Bank Transfer,Partial
P006248,INV06248,2025-06-12,0.0,Credit Card,Failed
P006249,INV06249,2025-10-03,43033.82,Wire,Full
P006250,INV06250,2026-03-30,18377.88,Credit Card,Full
P006251,INV06251,2024-11-06,13161.59,Credit Card,Full
P006252,INV06252,2024-07-13,34981.479999999996,Bank Transfer,Full
P006253,INV06253,2025-03-19,41548.08,Bank Transfer,Full
P006254,INV06254,2026-02-04,8380.73,Credit Card,Full
P006255,INV06255,2024-07-27,0.0,Credit Card,Failed
P006256,INV06256,2025-02-24,29214.01,Wire,Partial
P006257,INV06257,2024-10-20,37054.880000000005,Credit Card,Full
P006258,INV06258,2024-07-09,11471.11,Wire,Partial
P006259,INV06259,2024-10-08,48506.520000000004,Credit Card,Full
P006260,INV06260,2025-08-03,0.0,Wire,Failed
P006261,INV06261,2025-12-10,49167.67,Bank Transfer,Partial
P006262,INV06262,2026-06-30,47628.06,Credit Card,Full
P006263,INV06263,2024-11-14,50299.25,Bank Transfer,Full
P006264,INV06264,2026-02-07,19561.309999999998,Bank Transfer,Full
P006265,INV06265,2025-09-21,28069.32,Bank Transfer,Full
P006266,INV06266,2025-10-15,35420.09,Wire,Full
P006267,INV06267,2025-09-09,46927.78999999999,Wire,Full
P006268,INV06268,2025-08-26,28884.309999999998,Bank Transfer,Full
P006269,INV06269,2025-07-10,16147.140000000001,Bank Transfer,Full
P006270,INV06270,2025-06-05,10325.08,Wire,Full
P006271,INV06271,2026-05-08,38408.92,Credit Card,Full
P006272,INV06272,2024-08-27,42379.76,Wire,Partial
P006273,INV06273,2025-06-09,51904.37,Credit Card,Full
P006274,INV06274,2024-10-27,5873.82,Wire,Partial
P006275,INV06275,2025-10-02,27661.35,Bank Transfer,Full
P006276,INV06276,2024-10-06,31758.93,Wire,Full
P006277,INV06277,2025-03-22,41959.2,Bank Transfer,Full
P006278,INV06278,2024-12-27,41751.94,Bank Transfer,Full
P006279,INV06279,2025-06-08,19676.06,Bank Transfer,Full
P006280,INV06280,2025-05-06,21352.14,Wire,Full
P006281,INV06281,2026-05-09,29458.170000000002,Wire,Full
P006282,INV06282,2026-01-06,11599.439999999999,Wire,Full
P006283,INV06283,2025-11-08,15328.11,Bank Transfer,Full
P006284,INV06284,2025-04-15,48449.23,Wire,Full
P006285,INV06285,2025-12-25,26409.85,Credit Card,Full
P006286,INV06286,2026-06-08,6995.73,Bank Transfer,Partial
P006287,INV06287,2025-04-23,44655.22,Bank Transfer,Full
P006288,INV06288,2025-11-02,39130.79,Credit Card,Full
P006289,INV06289,2025-07-03,49341.020000000004,Bank Transfer,Full
P006290,INV06290,2026-03-14,15474.2,Bank Transfer,Full
P006291,INV06291,2024-09-05,41871.14,Bank Transfer,Full
P006292,INV06292,2025-09-15,22463.78,Credit Card,Full
P006293,INV06293,2024-08-16,49567.75,Bank Transfer,Full
P006294,INV06294,2026-01-19,17297.72,Wire,Full
P006295,INV06295,2025-04-14,22335.1,Wire,Full
P006296,INV06296,2025-10-02,16176.17,Credit Card,Full
P006297,INV06297,2025-08-26,40473.909999999996,Wire,Full
P006298,INV06298,2025-02-09,33638.63,Credit Card,Full
P006299,INV06299,2025-03-07,12623.64,Wire,Full
P006300,INV06300,2025-02-10,30554.24,Wire,Full
P006301,INV06301,2024-07-08,16403.48,Wire,Partial
P006302,INV06302,2025-04-28,23767.780000000002,Wire,Full
P006303,INV06303,2024-07-12,16958.27,Credit Card,Full
P006304,INV06304,2024-08-24,13476.19,Bank Transfer,Partial
P006305,INV06305,2025-11-09,14498.1,Credit Card,Full
P006306,INV06306,2024-12-02,38770.7,Bank Transfer,Full
P006307,INV06307,2024-06-29,34945.32,Credit Card,Full
P006308,INV06308,2024-12-09,42877.81,Bank Transfer,Full
P006309,INV06309,2024-06-30,24593.94,Bank Transfer,Partial
P006310,INV06310,2024-12-11,0.0,Bank Transfer,Failed
P006311,INV06311,2026-01-21,0.0,Credit Card,Failed
P006312,INV06312,2025-12-03,12662.73,Credit Card,Partial
P006313,INV06313,2025-11-01,45757.85,Bank Transfer,Full
P006314,INV06314,2024-07-31,17066.74,Wire,Partial
P006315,INV06315,2025-10-15,47246.6,Bank Transfer,Full
P006316,INV06316,2026-03-02,5295.97,Bank Transfer,Partial
P006317,INV06317,2026-04-06,0.0,Wire,Failed
P006318,INV06318,2024-11-06,20622.629999999997,Bank Transfer,Full
P006319,INV06319,2025-09-01,46691.2,Credit Card,Full
P006320,INV06320,2026-04-03,7391.49,Credit Card,Partial
P006321,INV06321,2025-08-27,0.0,Bank Transfer,Failed
P006322,INV06322,2025-08-27,26794.74,Credit Card,Partial
P006323,INV06323,2025-03-16,0.0,Bank Transfer,Failed
P006324,INV06324,2024-07-31,30583.17,Credit Card,Full
P006325,INV06325,2026-01-22,28100.37,Bank Transfer,Partial
P006326,INV06326,2025-07-31,0.0,Credit Card,Failed
P006327,INV06327,2025-05-03,36093.49,Wire,Full
P006328,INV06328,2025-06-24,9615.58,Credit Card,Partial
P006329,INV06329,2025-06-11,0.0,Wire,Failed
P006330,INV06330,2025-06-21,0.0,Bank Transfer,Failed
P006331,INV06331,2025-12-23,4174.12,Bank Transfer,Partial
P006332,INV06332,2025-04-15,0.0,Bank Transfer,Failed
P006333,INV06333,2024-08-06,7053.85,Bank Transfer,Partial
P006334,INV06334,2025-05-03,26386.55,Credit Card,Full
P006335,INV06335,2025-01-03,15967.550000000001,Bank Transfer,Full
P006336,INV06336,2025-04-02,25903.98,Wire,Full
P006337,INV06337,2025-01-11,24302.550000000003,Credit Card,Full
P006338,INV06338,2025-04-11,37142.31,Credit Card,Full
P006339,INV06339,2025-10-22,9727.64,Wire,Partial
P006340,INV06340,2025-04-14,0.0,Wire,Failed
P006341,INV06341,2026-03-03,33392.94,Wire,Full
P006342,INV06342,2024-10-30,31942.760000000002,Credit Card,Full
P006343,INV06343,2025-12-29,17909.47,Bank Transfer,Full
P006344,INV06344,2026-02-21,27129.74,Credit Card,Full
P006345,INV06345,2024-10-09,44562.65,Bank Transfer,Full
P006346,INV06346,2025-10-02,31787.260000000002,Bank Transfer,Full
P006347,INV06347,2026-04-07,36772.95,Bank Transfer,Full
P006348,INV06348,2024-10-18,48538.380000000005,Credit Card,Full
P006349,INV06349,2025-06-27,48155.18,Bank Transfer,Full
P006350,INV06350,2025-09-27,42806.05,Bank Transfer,Full
P006351,INV06351,2025-03-31,14019.89,Bank Transfer,Full
P006352,INV06352,2024-08-03,5913.34,Credit Card,Partial
P006353,INV06353,2024-12-19,45413.409999999996,Wire,Full
P006354,INV06354,2026-02-06,21163.83,Bank Transfer,Partial
P006355,INV06355,2025-01-05,21189.02,Bank Transfer,Full
P006356,INV06356,2025-04-11,23672.15,Credit Card,Partial
P006357,INV06357,2026-03-24,41747.850000000006,Bank Transfer,Full
P006358,INV06358,2025-12-07,39054.729999999996,Credit Card,Full
P006359,INV06359,2025-10-31,30222.37,Credit Card,Full
P006360,INV06360,2025-07-24,13515.14,Bank Transfer,Partial
P006361,INV06361,2026-06-28,42251.12,Wire,Full
P006362,INV06362,2025-08-22,16153.689999999999,Wire,Full
P006363,INV06363,2025-06-27,36095.34,Wire,Full
P006364,INV06364,2026-02-11,9822.05,Wire,Full
P006365,INV06365,2025-01-26,14309.900000000001,Wire,Full
P006366,INV06366,2026-03-18,46938.06,Wire,Full
P006367,INV06367,2024-10-05,6747.799999999999,Wire,Full
P006368,INV06368,2025-04-05,31134.86,Bank Transfer,Partial
P006369,INV06369,2026-04-21,0.0,Credit Card,Failed
P006370,INV06370,2024-09-21,28571.88,Wire,Full
P006371,INV06371,2025-07-14,55577.29,Wire,Full
P006372,INV06372,2025-02-26,28087.870000000003,Bank Transfer,Full
P006373,INV06373,2025-10-07,0.0,Credit Card,Failed
P006374,INV06374,2026-04-06,10412.71,Credit Card,Full
P006375,INV06375,2025-07-05,0.0,Credit Card,Failed
P006376,INV06376,2024-07-04,59022.09,Wire,Full
P006377,INV06377,2025-11-11,26619.42,Wire,Partial
P006378,INV06378,2025-09-04,18785.45,Wire,Partial
P006379,INV06379,2025-08-18,25607.98,Wire,Full
P006380,INV06380,2024-07-13,19739.600000000002,Bank Transfer,Full
P006381,INV06381,2025-12-29,18988.96,Wire,Partial
P006382,INV06382,2025-04-18,10618.03,Credit Card,Partial
P006383,INV06383,2024-08-10,32967.72,Bank Transfer,Full
P006384,INV06384,2025-06-09,0.0,Wire,Failed
P006385,INV06385,2025-04-02,48357.380000000005,Bank Transfer,Full
P006386,INV06386,2024-10-07,30239.12,Bank Transfer,Full
P006387,INV06387,2024-09-18,8591.84,Credit Card,Partial
P006388,INV06388,2024-07-03,27811.25,Credit Card,Partial
P006389,INV06389,2024-09-09,0.0,Credit Card,Failed
P006390,INV06390,2026-06-05,51979.310000000005,Wire,Full
P006391,INV06391,2025-10-28,40649.4,Credit Card,Full
P006392,INV06392,2025-12-22,17727.39,Credit Card,Partial
P006393,INV06393,2025-02-12,0.0,Wire,Failed
P006394,INV06394,2026-05-31,45721.23,Credit Card,Full
P006395,INV06395,2024-08-04,32244.0,Wire,Full
P006396,INV06396,2025-03-19,39474.87,Bank Transfer,Full
P006397,INV06397,2026-02-02,0.0,Wire,Failed
P006398,INV06398,2025-02-20,22812.03,Wire,Full
P006399,INV06399,2025-03-10,26991.41,Credit Card,Full
P006400,INV06400,2024-11-05,36634.6,Credit Card,Full
P006401,INV06401,2025-05-11,0.0,Bank Transfer,Failed
P006402,INV06402,2026-04-02,44335.22,Credit Card,Full
P006403,INV06403,2024-07-17,32011.28,Wire,Full
P006404,INV06404,2024-12-02,11583.28,Wire,Partial
P006405,INV06405,2025-03-09,13950.3,Bank Transfer,Partial
P006406,INV06406,2025-05-04,54539.64,Credit Card,Full
P006407,INV06407,2025-04-13,48150.829999999994,Credit Card,Full
P006408,INV06408,2026-03-22,45844.51,Credit Card,Full
P006409,INV06409,2025-05-09,25235.260000000002,Wire,Full
P006410,INV06410,2026-01-27,19395.21,Bank Transfer,Partial
P006411,INV06411,2025-08-20,0.0,Bank Transfer,Failed
P006412,INV06412,2025-03-08,40796.29,Credit Card,Full
P006413,INV06413,2025-05-01,55406.08,Wire,Full
P006414,INV06414,2025-05-09,22015.6,Wire,Full
P006415,INV06415,2026-06-21,0.0,Bank Transfer,Failed
P006416,INV06416,2024-10-15,23103.21,Credit Card,Full
P006417,INV06417,2026-02-12,25397.519999999997,Credit Card,Full
P006418,INV06418,2025-12-29,7789.02,Credit Card,Partial
P006419,INV06419,2025-01-16,15347.28,Wire,Partial
P006420,INV06420,2025-04-10,35997.93,Bank Transfer,Full
P006421,INV06421,2024-11-21,18307.67,Wire,Partial
P006422,INV06422,2025-11-27,0.0,Wire,Failed
P006423,INV06423,2024-09-13,43188.39,Wire,Full
P006424,INV06424,2025-02-02,29990.03,Credit Card,Full
P006425,INV06425,2024-10-17,19541.760000000002,Wire,Full
P006426,INV06426,2024-09-14,33464.34,Credit Card,Full
P006427,INV06427,2024-07-18,6198.39,Credit Card,Partial
P006428,INV06428,2025-07-23,7472.610000000001,Wire,Full
P006429,INV06429,2024-10-02,42729.869999999995,Credit Card,Full
P006430,INV06430,2025-01-30,41461.979999999996,Bank Transfer,Full
P006431,INV06431,2026-07-08,23606.199999999997,Wire,Full
P006432,INV06432,2025-06-06,27773.239999999998,Credit Card,Full
P006433,INV06433,2026-03-13,17288.21,Credit Card,Full
P006434,INV06434,2025-09-12,16042.429999999998,Wire,Full
P006435,INV06435,2025-07-02,35749.1,Wire,Full
P006436,INV06436,2025-07-23,12822.85,Credit Card,Partial
P006437,INV06437,2024-12-26,0.0,Wire,Failed
P006438,INV06438,2025-06-18,18615.870000000003,Bank Transfer,Full
P006439,INV06439,2025-09-18,36597.479999999996,Wire,Full
P006440,INV06440,2024-07-01,17708.04,Bank Transfer,Full
P006441,INV06441,2024-11-12,41559.82,Wire,Full
P006442,INV06442,2025-02-12,46537.280000000006,Credit Card,Full
P006443,INV06443,2026-06-05,55792.399999999994,Credit Card,Full
P006444,INV06444,2025-05-20,0.0,Wire,Failed
P006445,INV06445,2024-08-08,43452.590000000004,Wire,Full
P006446,INV06446,2024-10-12,36144.68,Wire,Full
P006447,INV06447,2025-03-03,10024.89,Wire,Full
P006448,INV06448,2024-10-22,30597.39,Bank Transfer,Full
P006449,INV06449,2025-03-28,45308.619999999995,Credit Card,Full
P006450,INV06450,2026-05-18,31247.800000000003,Wire,Full
P006451,INV06451,2025-08-06,49287.79,Credit Card,Full
P006452,INV06452,2024-08-19,9852.47,Wire,Full
P006453,INV06453,2026-06-12,52969.39,Credit Card,Full
P006454,INV06454,2025-05-24,25559.31,Wire,Full
P006455,INV06455,2025-12-29,17724.559999999998,Credit Card,Full
P006456,INV06456,2024-12-25,18260.3,Wire,Full
P006457,INV06457,2026-01-24,22876.92,Wire,Full
P006458,INV06458,2025-03-02,50756.5,Credit Card,Full
P006459,INV06459,2026-03-16,16947.25,Credit Card,Full
P006460,INV06460,2025-01-26,43315.23,Wire,Full
P006461,INV06461,2026-02-10,47197.33,Wire,Full
P006462,INV06462,2026-06-27,32496.25,Credit Card,Full
P006463,INV06463,2025-04-10,7340.98,Wire,Partial
P006464,INV06464,2025-11-29,4199.07,Wire,Partial
P006465,INV06465,2025-01-22,25753.54,Wire,Full
P006466,INV06466,2025-12-16,0.0,Wire,Failed
P006467,INV06467,2024-06-14,0.0,Credit Card,Failed
P006468,INV06468,2026-01-08,35538.65,Wire,Partial
P006469,INV06469,2025-12-11,14353.24,Bank Transfer,Partial
P006470,INV06470,2024-11-30,21854.170000000002,Wire,Full
P006471,INV06471,2025-10-21,0.0,Credit Card,Failed
P006472,INV06472,2025-10-26,43156.75,Wire,Full
P006473,INV06473,2025-06-16,24096.61,Wire,Partial
P006474,INV06474,2024-07-15,0.0,Bank Transfer,Failed
P006475,INV06475,2024-11-24,19583.370000000003,Wire,Full
P006476,INV06476,2026-03-24,22810.88,Credit Card,Full
P006477,INV06477,2026-03-08,39653.36,Bank Transfer,Full
P006478,INV06478,2025-10-29,59019.23,Bank Transfer,Full
P006479,INV06479,2025-12-22,32125.78,Credit Card,Full
P006480,INV06480,2025-08-22,32799.06,Bank Transfer,Full
P006481,INV06481,2026-01-24,35295.06,Wire,Full
P006482,INV06482,2025-11-19,11855.380000000001,Credit Card,Full
P006483,INV06483,2025-06-02,30422.95,Credit Card,Partial
P006484,INV06484,2025-04-10,37342.52,Bank Transfer,Partial
P006485,INV06485,2026-04-01,50949.549999999996,Credit Card,Full
P006486,INV06486,2025-03-09,36844.03,Wire,Partial
P006487,INV06487,2026-06-06,46403.35,Bank Transfer,Full
P006488,INV06488,2026-03-10,17118.7,Bank Transfer,Full
P006489,INV06489,2026-01-11,0.0,Bank Transfer,Failed
P006490,INV06490,2026-03-23,47345.48,Credit Card,Full
P006491,INV06491,2024-09-17,12410.71,Bank Transfer,Partial
P006492,INV06492,2025-07-14,29270.65,Credit Card,Partial
P006493,INV06493,2024-12-09,15958.439999999999,Wire,Full
P006494,INV06494,2025-12-06,46796.67,Credit Card,Full
P006495,INV06495,2024-11-01,5617.0,Wire,Partial
P006496,INV06496,2025-10-12,16191.419999999998,Wire,Full
P006497,INV06497,2025-05-01,47236.41,Wire,Full
P006498,INV06498,2026-04-17,5195.6,Bank Transfer,Partial
P006499,INV06499,2025-10-06,24115.99,Wire,Full
P006500,INV06500,2025-08-11,52685.119999999995,Bank Transfer,Full
P006501,INV06501,2025-06-25,11845.92,Credit Card,Partial
P006502,INV06502,2026-04-02,48800.93,Bank Transfer,Full
P006503,INV06503,2025-05-08,37087.89,Bank Transfer,Full
P006504,INV06504,2024-10-05,22791.97,Credit Card,Partial
P006505,INV06505,2026-05-17,19211.53,Wire,Partial
P006506,INV06506,2026-03-04,28754.850000000002,Bank Transfer,Full
P006507,INV06507,2024-10-30,2715.64,Bank Transfer,Full
P006508,INV06508,2025-08-24,54978.82000000001,Credit Card,Full
P006509,INV06509,2026-02-22,55354.38,Wire,Full
P006510,INV06510,2024-11-09,36709.96,Wire,Full
P006511,INV06511,2025-06-08,28965.0,Wire,Full
P006512,INV06512,2025-07-09,29747.840000000004,Bank Transfer,Full
P006513,INV06513,2026-02-23,13402.14,Wire,Full
P006514,INV06514,2025-08-09,51999.990000000005,Credit Card,Full
P006515,INV06515,2024-07-31,10794.72,Bank Transfer,Full
P006516,INV06516,2026-03-31,38682.74,Credit Card,Full
P006517,INV06517,2024-10-15,36039.13,Credit Card,Full
P006518,INV06518,2024-09-01,26769.620000000003,Wire,Full
P006519,INV06519,2025-11-04,6942.8,Wire,Partial
P006520,INV06520,2026-04-17,16196.28,Bank Transfer,Full
P006521,INV06521,2024-08-30,40358.21000000001,Bank Transfer,Full
P006522,INV06522,2024-10-16,40561.27,Credit Card,Full
P006523,INV06523,2026-01-29,2966.79,Bank Transfer,Partial
P006524,INV06524,2025-07-16,19247.690000000002,Wire,Full
P006525,INV06525,2026-05-27,34691.85,Credit Card,Full
P006526,INV06526,2024-09-14,29041.280000000002,Bank Transfer,Full
P006527,INV06527,2024-12-06,34527.01,Credit Card,Full
P006528,INV06528,2025-12-07,0.0,Credit Card,Failed
P006529,INV06529,2025-12-30,0.0,Bank Transfer,Failed
P006530,INV06530,2025-07-20,51842.100000000006,Credit Card,Full
P006531,INV06531,2025-06-28,12356.47,Bank Transfer,Full
P006532,INV06532,2024-12-18,0.0,Wire,Failed
P006533,INV06533,2026-01-05,24660.68,Credit Card,Full
P006534,INV06534,2025-05-11,23055.31,Credit Card,Full
P006535,INV06535,2025-04-02,15404.42,Credit Card,Full
P006536,INV06536,2025-08-24,21112.38,Wire,Full
P006537,INV06537,2025-06-08,37692.64,Bank Transfer,Full
P006538,INV06538,2026-01-26,0.0,Bank Transfer,Failed
P006539,INV06539,2025-09-11,24230.539999999997,Credit Card,Full
P006540,INV06540,2025-11-25,25067.4,Bank Transfer,Full
P006541,INV06541,2025-03-30,42755.01,Credit Card,Full
P006542,INV06542,2026-03-24,53781.64,Wire,Full
P006543,INV06543,2025-08-01,22031.26,Credit Card,Full
P006544,INV06544,2025-08-19,7897.08,Credit Card,Partial
P006545,INV06545,2025-03-06,32897.7,Credit Card,Full
P006546,INV06546,2025-08-18,44906.79,Wire,Full
P006547,INV06547,2025-03-27,26322.25,Bank Transfer,Full
P006548,INV06548,2025-11-28,27301.85,Bank Transfer,Full
P006549,INV06549,2025-05-11,24598.24,Bank Transfer,Full
P006550,INV06550,2025-01-31,49171.62,Bank Transfer,Full
P006551,INV06551,2024-10-08,11939.72,Wire,Full
P006552,INV06552,2024-10-29,0.0,Credit Card,Failed
P006553,INV06553,2025-05-12,26132.449999999997,Credit Card,Full
P006554,INV06554,2025-08-18,37048.36,Wire,Full
P006555,INV06555,2025-12-10,48188.94,Credit Card,Full
P006556,INV06556,2026-02-01,25837.44,Bank Transfer,Partial
P006557,INV06557,2026-01-07,42105.740000000005,Bank Transfer,Full
P006558,INV06558,2024-07-08,44719.66,Bank Transfer,Partial
P006559,INV06559,2024-07-16,37931.81,Wire,Full
P006560,INV06560,2026-03-26,56635.25,Bank Transfer,Full
P006561,INV06561,2024-06-21,46255.79,Bank Transfer,Full
P006562,INV06562,2024-11-16,44006.130000000005,Credit Card,Full
P006563,INV06563,2024-11-18,31125.06,Wire,Partial
P006564,INV06564,2025-03-16,51886.53,Wire,Full
P006565,INV06565,2025-06-06,18230.03,Bank Transfer,Full
P006566,INV06566,2025-04-12,43340.24,Wire,Full
P006567,INV06567,2026-05-05,15421.36,Bank Transfer,Full
P006568,INV06568,2024-11-02,0.0,Credit Card,Failed
P006569,INV06569,2025-11-07,52656.71,Bank Transfer,Full
P006570,INV06570,2026-06-22,40544.75,Bank Transfer,Full
P006571,INV06571,2024-08-13,0.0,Credit Card,Failed
P006572,INV06572,2025-10-08,18250.79,Credit Card,Partial
P006573,INV06573,2025-07-04,41773.5,Bank Transfer,Full
P006574,INV06574,2025-01-29,12690.17,Wire,Full
P006575,INV06575,2024-11-21,36498.8,Credit Card,Full
P006576,INV06576,2025-12-13,47851.75,Bank Transfer,Full
P006577,INV06577,2025-11-29,0.0,Wire,Failed
P006578,INV06578,2026-03-03,13968.83,Credit Card,Partial
P006579,INV06579,2025-08-07,19193.57,Wire,Full
P006580,INV06580,2024-11-25,43723.71,Bank Transfer,Full
P006581,INV06581,2026-05-18,0.0,Bank Transfer,Failed
P006582,INV06582,2026-05-29,55889.950000000004,Wire,Full
P006583,INV06583,2026-05-02,55123.06,Credit Card,Full
P006584,INV06584,2024-10-30,25754.870000000003,Wire,Full
P006585,INV06585,2025-01-19,17335.32,Bank Transfer,Full
P006586,INV06586,2024-07-15,0.0,Bank Transfer,Failed
P006587,INV06587,2025-12-18,35706.92,Wire,Partial
P006588,INV06588,2024-12-21,58164.89,Bank Transfer,Full
P006589,INV06589,2024-07-21,42652.3,Credit Card,Full
P006590,INV06590,2025-12-01,4360.47,Wire,Partial
P006591,INV06591,2026-06-18,12061.49,Bank Transfer,Partial
P006592,INV06592,2025-12-15,0.0,Bank Transfer,Failed
P006593,INV06593,2024-08-12,53281.590000000004,Wire,Full
P006594,INV06594,2024-10-14,35753.619999999995,Bank Transfer,Full
P006595,INV06595,2025-10-26,37894.87,Credit Card,Full
P006596,INV06596,2026-06-02,57398.259999999995,Bank Transfer,Full
P006597,INV06597,2025-11-22,15052.65,Bank Transfer,Partial
P006598,INV06598,2025-03-29,42939.05,Wire,Partial
P006599,INV06599,2025-02-10,47304.04,Credit Card,Full
P006600,INV06600,2025-08-26,24277.46,Credit Card,Partial
P006601,INV06601,2026-06-30,12720.43,Credit Card,Full
P006602,INV06602,2026-03-18,23074.11,Credit Card,Full
P006603,INV06603,2025-10-27,34133.770000000004,Credit Card,Full
P006604,INV06604,2025-03-28,32167.11,Bank Transfer,Full
P006605,INV06605,2024-07-28,47112.46,Wire,Full
P006606,INV06606,2025-09-18,6317.12,Bank Transfer,Partial
P006607,INV06607,2026-04-29,15008.16,Bank Transfer,Partial
P006608,INV06608,2026-07-09,41655.14,Bank Transfer,Full
P006609,INV06609,2026-01-02,32247.370000000003,Credit Card,Full
P006610,INV06610,2026-04-20,44368.22,Credit Card,Full
P006611,INV06611,2025-10-07,48236.060000000005,Bank Transfer,Full
P006612,INV06612,2025-04-25,47225.17,Credit Card,Full
P006613,INV06613,2025-03-13,18091.12,Bank Transfer,Partial
P006614,INV06614,2025-03-28,15120.61,Bank Transfer,Full
P006615,INV06615,2025-02-16,44759.670000000006,Wire,Full
P006616,INV06616,2024-07-28,10495.3,Credit Card,Full
P006617,INV06617,2025-07-18,15282.349999999999,Credit Card,Full
P006618,INV06618,2024-10-06,22180.66,Bank Transfer,Full
P006619,INV06619,2024-12-05,7782.83,Bank Transfer,Partial
P006620,INV06620,2025-05-16,52939.619999999995,Wire,Full
P006621,INV06621,2024-12-31,0.0,Wire,Failed
P006622,INV06622,2025-11-16,24703.510000000002,Bank Transfer,Full
P006623,INV06623,2026-01-05,38573.57,Bank Transfer,Full
P006624,INV06624,2025-12-18,20003.64,Bank Transfer,Partial
P006625,INV06625,2024-07-07,34188.64,Credit Card,Full
P006626,INV06626,2025-11-22,17884.9,Bank Transfer,Full
P006627,INV06627,2024-10-16,32573.36,Credit Card,Full
P006628,INV06628,2026-05-03,0.0,Credit Card,Failed
P006629,INV06629,2025-09-04,21661.920000000002,Credit Card,Full
P006630,INV06630,2025-05-31,30032.8,Credit Card,Full
P006631,INV06631,2025-03-02,15644.71,Bank Transfer,Full
P006632,INV06632,2025-10-08,37961.64,Wire,Full
P006633,INV06633,2024-12-22,21597.12,Credit Card,Partial
P006634,INV06634,2024-10-02,20696.83,Bank Transfer,Full
P006635,INV06635,2024-10-15,29552.4,Credit Card,Full
P006636,INV06636,2025-05-03,58219.36,Bank Transfer,Full
P006637,INV06637,2025-06-15,36902.92,Bank Transfer,Full
P006638,INV06638,2026-07-08,13074.79,Credit Card,Full
P006639,INV06639,2025-07-18,5394.04,Wire,Partial
P006640,INV06640,2024-12-25,14172.5,Credit Card,Full
P006641,INV06641,2025-05-29,18760.12,Credit Card,Full
P006642,INV06642,2025-08-06,0.0,Wire,Failed
P006643,INV06643,2024-12-26,0.0,Wire,Failed
P006644,INV06644,2026-02-27,38124.659999999996,Credit Card,Full
P006645,INV06645,2026-01-26,38522.11,Credit Card,Full
P006646,INV06646,2025-04-27,32526.73,Credit Card,Full
P006647,INV06647,2025-11-08,31071.03,Bank Transfer,Full
P006648,INV06648,2024-12-08,12309.31,Bank Transfer,Partial
P006649,INV06649,2025-10-27,24240.45,Wire,Partial
P006650,INV06650,2025-11-16,50374.22,Credit Card,Full
P006651,INV06651,2026-02-14,14561.21,Bank Transfer,Partial
P006652,INV06652,2025-12-20,16927.8,Wire,Full
P006653,INV06653,2024-12-12,43561.32,Wire,Full
P006654,INV06654,2025-01-06,18661.45,Wire,Full
P006655,INV06655,2025-05-01,11935.51,Bank Transfer,Full
P006656,INV06656,2026-04-25,43253.77,Wire,Partial
P006657,INV06657,2025-09-21,46987.1,Bank Transfer,Partial
P006658,INV06658,2024-09-01,23522.699999999997,Bank Transfer,Full
P006659,INV06659,2025-12-19,36542.770000000004,Wire,Full
P006660,INV06660,2024-12-30,33843.24,Bank Transfer,Full
P006661,INV06661,2025-04-07,59362.68,Wire,Full
P006662,INV06662,2024-09-28,12378.59,Credit Card,Full
P006663,INV06663,2025-03-25,0.0,Credit Card,Failed
P006664,INV06664,2025-08-02,31487.28,Credit Card,Partial
P006665,INV06665,2025-08-07,45672.4,Credit Card,Full
P006666,INV06666,2024-08-03,0.0,Credit Card,Failed
P006667,INV06667,2026-01-29,54679.590000000004,Credit Card,Full
P006668,INV06668,2026-01-09,13393.2,Bank Transfer,Full
P006669,INV06669,2025-02-12,9566.92,Credit Card,Partial
P006670,INV06670,2026-06-06,16252.970000000001,Bank Transfer,Full
P006671,INV06671,2026-05-01,0.0,Bank Transfer,Failed
P006672,INV06672,2025-11-12,42968.34,Wire,Full
P006673,INV06673,2025-11-28,0.0,Wire,Failed
P006674,INV06674,2025-11-11,8031.43,Wire,Partial
P006675,INV06675,2024-07-04,0.0,Credit Card,Failed
P006676,INV06676,2026-07-03,38941.97,Wire,Full
P006677,INV06677,2025-02-16,26902.48,Wire,Full
P006678,INV06678,2024-07-01,44265.090000000004,Wire,Full
P006679,INV06679,2025-08-02,0.0,Bank Transfer,Failed
P006680,INV06680,2026-01-18,34236.35,Credit Card,Full
P006681,INV06681,2024-08-10,27530.92,Bank Transfer,Full
P006682,INV06682,2026-03-30,27559.14,Bank Transfer,Full
P006683,INV06683,2026-01-13,36920.26,Bank Transfer,Full
P006684,INV06684,2024-10-07,16568.47,Wire,Full
P006685,INV06685,2024-09-13,30132.56,Wire,Full
P006686,INV06686,2026-02-06,19284.16,Credit Card,Full
P006687,INV06687,2025-11-21,0.0,Bank Transfer,Failed
P006688,INV06688,2024-08-20,33175.729999999996,Bank Transfer,Full
P006689,INV06689,2025-07-02,0.0,Wire,Failed
P006690,INV06690,2026-03-10,0.0,Wire,Failed
P006691,INV06691,2025-12-11,8861.84,Wire,Full
P006692,INV06692,2024-07-28,0.0,Wire,Failed
P006693,INV06693,2025-04-24,28815.4,Bank Transfer,Partial
P006694,INV06694,2024-11-28,55035.82,Credit Card,Full
P006695,INV06695,2026-02-12,51545.52,Wire,Full
P006696,INV06696,2026-05-20,28046.17,Credit Card,Full
P006697,INV06697,2025-06-27,0.0,Bank Transfer,Failed
P006698,INV06698,2024-11-11,35234.1,Credit Card,Full
P006699,INV06699,2025-02-12,49884.16,Bank Transfer,Full
P006700,INV06700,2025-03-20,0.0,Credit Card,Failed
P006701,INV06701,2025-09-10,4819.24,Credit Card,Full
P006702,INV06702,2025-06-16,40448.84,Credit Card,Full
P006703,INV06703,2026-04-26,21125.4,Wire,Full
P006704,INV06704,2026-04-01,14226.82,Bank Transfer,Full
P006705,INV06705,2024-10-07,35775.01,Wire,Full
P006706,INV06706,2024-10-30,38029.61,Wire,Full
P006707,INV06707,2024-08-07,27732.72,Bank Transfer,Full
P006708,INV06708,2026-02-03,18609.52,Wire,Full
P006709,INV06709,2026-06-10,0.0,Bank Transfer,Failed
P006710,INV06710,2026-01-25,47287.98,Bank Transfer,Full
P006711,INV06711,2025-12-31,19363.19,Wire,Partial
P006712,INV06712,2025-03-18,52805.31,Wire,Full
P006713,INV06713,2026-02-17,0.0,Wire,Failed
P006714,INV06714,2024-12-22,22223.41,Wire,Partial
P006715,INV06715,2026-05-07,9867.96,Wire,Full
P006716,INV06716,2025-04-14,0.0,Bank Transfer,Failed
P006717,INV06717,2024-09-08,17385.46,Credit Card,Partial
P006718,INV06718,2025-01-27,16925.59,Wire,Full
P006719,INV06719,2025-12-10,0.0,Credit Card,Failed
P006720,INV06720,2024-07-05,38442.85,Bank Transfer,Full
P006721,INV06721,2024-09-18,18658.27,Wire,Full
P006722,INV06722,2025-02-09,15588.45,Wire,Full
P006723,INV06723,2026-04-08,23772.78,Wire,Full
P006724,INV06724,2025-04-30,17893.22,Wire,Partial
P006725,INV06725,2026-05-04,0.0,Credit Card,Failed
P006726,INV06726,2026-05-22,13946.25,Credit Card,Full
P006727,INV06727,2024-09-23,18974.73,Wire,Full
P006728,INV06728,2025-06-02,27203.16,Credit Card,Full
P006729,INV06729,2024-06-30,0.0,Credit Card,Failed
P006730,INV06730,2025-06-28,31582.98,Bank Transfer,Full
P006731,INV06731,2024-10-02,10792.76,Bank Transfer,Full
P006732,INV06732,2026-05-10,50634.770000000004,Credit Card,Full
P006733,INV06733,2025-08-24,16697.59,Wire,Partial
P006734,INV06734,2025-02-09,25643.15,Credit Card,Partial
P006735,INV06735,2024-09-07,16365.640000000001,Wire,Full
P006736,INV06736,2026-05-31,31788.21,Credit Card,Full
P006737,INV06737,2024-07-19,19099.18,Bank Transfer,Partial
P006738,INV06738,2025-11-21,18000.35,Bank Transfer,Partial
P006739,INV06739,2025-01-26,11321.94,Credit Card,Partial
P006740,INV06740,2025-10-14,16987.81,Credit Card,Full
P006741,INV06741,2024-10-16,0.0,Credit Card,Failed
P006742,INV06742,2025-06-23,44927.130000000005,Wire,Full
P006743,INV06743,2024-11-29,41927.340000000004,Bank Transfer,Full
P006744,INV06744,2026-05-27,52444.950000000004,Wire,Full
P006745,INV06745,2026-06-10,12279.189999999999,Credit Card,Full
P006746,INV06746,2025-02-15,48088.08,Bank Transfer,Full
P006747,INV06747,2024-11-06,10542.18,Bank Transfer,Partial
P006748,INV06748,2025-08-24,47429.76,Credit Card,Full
P006749,INV06749,2025-12-16,0.0,Bank Transfer,Failed
P006750,INV06750,2025-10-04,0.0,Bank Transfer,Failed
P006751,INV06751,2025-09-26,36587.22,Credit Card,Full
P006752,INV06752,2025-06-13,30695.89,Credit Card,Full
P006753,INV06753,2024-08-07,7584.94,Bank Transfer,Full
P006754,INV06754,2025-09-25,26953.399999999998,Credit Card,Full
P006755,INV06755,2025-02-11,0.0,Credit Card,Failed
P006756,INV06756,2024-06-26,18690.15,Bank Transfer,Full
P006757,INV06757,2025-06-27,16415.35,Credit Card,Partial
P006758,INV06758,2025-08-03,52636.8,Credit Card,Full
P006759,INV06759,2024-11-12,17235.56,Credit Card,Full
P006760,INV06760,2024-11-15,37246.43,Wire,Full
P006761,INV06761,2025-02-05,43847.45,Bank Transfer,Full
P006762,INV06762,2024-06-13,37736.6,Wire,Full
P006763,INV06763,2025-08-24,42814.08,Bank Transfer,Full
P006764,INV06764,2024-07-22,40711.03,Wire,Full
P006765,INV06765,2025-04-26,32186.19,Credit Card,Partial
P006766,INV06766,2026-04-01,33785.18,Wire,Full
P006767,INV06767,2025-10-20,53610.19,Credit Card,Full
P006768,INV06768,2024-07-13,25661.1,Bank Transfer,Full
P006769,INV06769,2025-06-25,53751.6,Wire,Full
P006770,INV06770,2025-01-20,38642.47,Bank Transfer,Full
P006771,INV06771,2026-05-03,17340.1,Wire,Partial
P006772,INV06772,2025-12-28,39818.24,Bank Transfer,Full
P006773,INV06773,2025-12-07,23392.82,Wire,Full
P006774,INV06774,2024-12-13,17290.96,Bank Transfer,Partial
P006775,INV06775,2025-10-15,15380.349999999999,Wire,Full
P006776,INV06776,2026-01-28,38748.39,Bank Transfer,Full
P006777,INV06777,2025-07-19,50561.229999999996,Bank Transfer,Full
P006778,INV06778,2024-08-21,18626.7,Credit Card,Partial
P006779,INV06779,2025-01-18,8650.87,Bank Transfer,Partial
P006780,INV06780,2025-08-26,32510.52,Bank Transfer,Full
P006781,INV06781,2024-06-10,0.0,Credit Card,Failed
P006782,INV06782,2026-04-07,20672.53,Bank Transfer,Full
P006783,INV06783,2025-03-27,23265.31,Credit Card,Full
P006784,INV06784,2024-09-27,11347.43,Bank Transfer,Full
P006785,INV06785,2025-08-10,0.0,Wire,Failed
P006786,INV06786,2024-10-20,57146.2,Wire,Full
P006787,INV06787,2025-09-05,19117.54,Wire,Full
P006788,INV06788,2025-07-22,42488.22,Bank Transfer,Full
P006789,INV06789,2026-02-11,16193.0,Bank Transfer,Partial
P006790,INV06790,2024-09-16,36319.86,Credit Card,Full
P006791,INV06791,2024-10-26,18353.27,Credit Card,Full
P006792,INV06792,2025-02-26,19169.739999999998,Credit Card,Full
P006793,INV06793,2025-06-01,38172.91,Wire,Full
P006794,INV06794,2024-07-24,34532.37,Credit Card,Partial
P006795,INV06795,2025-05-29,47990.73,Credit Card,Full
P006796,INV06796,2024-07-09,10520.55,Bank Transfer,Partial
P006797,INV06797,2024-12-30,0.0,Wire,Failed
P006798,INV06798,2024-07-09,23694.760000000002,Bank Transfer,Full
P006799,INV06799,2025-05-11,46695.39,Bank Transfer,Full
P006800,INV06800,2025-10-14,45276.31,Wire,Full
P006801,INV06801,2025-07-04,45763.83,Wire,Full
P006802,INV06802,2025-08-28,11434.88,Bank Transfer,Partial
P006803,INV06803,2025-06-08,7699.14,Credit Card,Full
P006804,INV06804,2026-05-19,24157.81,Credit Card,Full
P006805,INV06805,2026-05-17,10704.41,Bank Transfer,Partial
P006806,INV06806,2024-11-14,0.0,Bank Transfer,Failed
P006807,INV06807,2024-09-06,24349.97,Wire,Full
P006808,INV06808,2025-05-05,3986.13,Credit Card,Full
P006809,INV06809,2024-11-13,37753.56,Bank Transfer,Full
P006810,INV06810,2025-10-21,54692.6,Bank Transfer,Full
P006811,INV06811,2026-05-20,32951.21,Wire,Full
P006812,INV06812,2025-03-27,30132.17,Credit Card,Full
P006813,INV06813,2025-06-11,7956.95,Credit Card,Full
P006814,INV06814,2025-03-03,37110.399999999994,Credit Card,Full
P006815,INV06815,2024-08-17,46419.07,Credit Card,Full
P006816,INV06816,2026-07-05,35405.45,Wire,Full
P006817,INV06817,2026-01-14,19955.14,Credit Card,Full
P006818,INV06818,2025-07-21,37278.49,Credit Card,Full
P006819,INV06819,2026-03-15,0.0,Credit Card,Failed
P006820,INV06820,2024-08-19,0.0,Wire,Failed
P006821,INV06821,2025-11-23,11531.04,Wire,Full
P006822,INV06822,2025-11-03,8069.4400000000005,Credit Card,Full
P006823,INV06823,2024-12-27,49731.27,Bank Transfer,Full
P006824,INV06824,2026-04-22,8694.32,Wire,Partial
P006825,INV06825,2025-11-01,6213.56,Wire,Partial
P006826,INV06826,2024-07-11,22539.21,Wire,Partial
P006827,INV06827,2025-01-19,34370.44,Bank Transfer,Partial
P006828,INV06828,2025-11-06,12456.86,Wire,Partial
P006829,INV06829,2025-06-30,14439.98,Credit Card,Full
P006830,INV06830,2024-11-22,0.0,Credit Card,Failed
P006831,INV06831,2024-12-22,33508.15,Wire,Partial
P006832,INV06832,2025-02-16,49130.56,Credit Card,Full
P006833,INV06833,2024-07-12,29776.629999999997,Wire,Full
P006834,INV06834,2025-11-07,23653.19,Wire,Full
P006835,INV06835,2025-04-01,24891.52,Bank Transfer,Partial
P006836,INV06836,2025-09-29,25053.85,Credit Card,Full
P006837,INV06837,2024-10-02,0.0,Credit Card,Failed
P006838,INV06838,2024-10-17,8068.23,Credit Card,Partial
P006839,INV06839,2025-02-13,50533.92,Wire,Full
P006840,INV06840,2026-01-10,6789.1,Wire,Partial
P006841,INV06841,2024-10-15,52119.78999999999,Credit Card,Full
P006842,INV06842,2026-05-14,51326.23,Wire,Full
P006843,INV06843,2026-01-10,37376.19,Credit Card,Full
P006844,INV06844,2026-01-16,26285.15,Credit Card,Full
P006845,INV06845,2025-04-29,45248.74,Credit Card,Full
P006846,INV06846,2024-08-31,10293.99,Wire,Partial
P006847,INV06847,2025-06-28,0.0,Bank Transfer,Failed
P006848,INV06848,2025-10-18,0.0,Credit Card,Failed
P006849,INV06849,2024-09-01,27691.55,Bank Transfer,Full
P006850,INV06850,2024-12-12,17398.88,Credit Card,Full
P006851,INV06851,2025-09-13,30033.48,Wire,Full
P006852,INV06852,2026-06-16,11728.48,Wire,Partial
P006853,INV06853,2025-06-05,36141.61,Bank Transfer,Full
P006854,INV06854,2025-10-06,23841.91,Credit Card,Full
P006855,INV06855,2025-10-30,12088.82,Bank Transfer,Full
P006856,INV06856,2025-10-08,39985.54,Wire,Full
P006857,INV06857,2025-05-28,26302.22,Wire,Full
P006858,INV06858,2025-01-06,27226.78,Wire,Full
P006859,INV06859,2025-07-11,46268.19,Bank Transfer,Full
P006860,INV06860,2025-03-11,46358.91,Wire,Full
P006861,INV06861,2025-04-30,0.0,Credit Card,Failed
P006862,INV06862,2025-02-19,53799.619999999995,Bank Transfer,Full
P006863,INV06863,2025-02-24,3652.2,Wire,Partial
P006864,INV06864,2025-10-06,11225.88,Credit Card,Partial
P006865,INV06865,2025-03-07,14152.83,Credit Card,Full
P006866,INV06866,2024-10-23,46883.83,Bank Transfer,Partial
P006867,INV06867,2025-01-01,49515.42,Wire,Full
P006868,INV06868,2026-05-21,45724.229999999996,Bank Transfer,Full
P006869,INV06869,2025-12-13,23227.65,Wire,Full
P006870,INV06870,2025-06-05,45978.0,Credit Card,Partial
P006871,INV06871,2024-08-27,49667.72,Wire,Full
P006872,INV06872,2025-07-05,8291.06,Credit Card,Full
P006873,INV06873,2026-02-25,20502.79,Bank Transfer,Full
P006874,INV06874,2024-10-12,45825.8,Bank Transfer,Full
P006875,INV06875,2024-09-17,29392.25,Wire,Full
P006876,INV06876,2025-08-08,0.0,Credit Card,Failed
P006877,INV06877,2025-11-12,23539.899999999998,Credit Card,Full
P006878,INV06878,2026-01-29,12481.97,Wire,Partial
P006879,INV06879,2026-05-16,28187.98,Bank Transfer,Full
P006880,INV06880,2024-11-28,5882.55,Bank Transfer,Partial
P006881,INV06881,2025-01-15,11039.15,Credit Card,Full
P006882,INV06882,2025-10-18,24508.15,Bank Transfer,Full
P006883,INV06883,2024-07-09,43007.91,Wire,Partial
P006884,INV06884,2024-10-18,0.0,Wire,Failed
P006885,INV06885,2025-01-05,55359.39,Wire,Full
P006886,INV06886,2026-04-23,0.0,Wire,Failed
P006887,INV06887,2024-08-13,10897.96,Wire,Partial
P006888,INV06888,2024-09-13,34363.15,Wire,Partial
P006889,INV06889,2026-04-23,13695.7,Credit Card,Full
P006890,INV06890,2026-05-06,53994.46,Bank Transfer,Full
P006891,INV06891,2025-12-06,33576.38,Credit Card,Partial
P006892,INV06892,2025-08-15,12266.83,Wire,Partial
P006893,INV06893,2025-09-06,16388.27,Bank Transfer,Full
P006894,INV06894,2026-03-26,15881.5,Bank Transfer,Full
P006895,INV06895,2026-01-13,3495.91,Credit Card,Partial
P006896,INV06896,2026-01-17,22964.27,Bank Transfer,Partial
P006897,INV06897,2024-09-14,40610.35,Wire,Full
P006898,INV06898,2024-09-30,14844.829999999998,Bank Transfer,Full
P006899,INV06899,2024-09-04,26222.01,Credit Card,Partial
P006900,INV06900,2025-01-03,50233.439999999995,Credit Card,Full
P006901,INV06901,2024-12-23,0.0,Wire,Failed
P006902,INV06902,2026-05-27,51741.09,Credit Card,Full
P006903,INV06903,2025-02-12,5603.9400000000005,Wire,Full
P006904,INV06904,2025-06-13,28900.690000000002,Bank Transfer,Full
P006905,INV06905,2026-03-30,11360.57,Credit Card,Full
P006906,INV06906,2025-02-05,40406.08,Credit Card,Full
P006907,INV06907,2024-11-02,23570.54,Credit Card,Full
P006908,INV06908,2024-12-18,48383.67,Bank Transfer,Full
P006909,INV06909,2026-01-27,47620.28999999999,Credit Card,Full
P006910,INV06910,2026-07-08,26399.86,Bank Transfer,Full
P006911,INV06911,2026-03-02,9552.18,Wire,Partial
P006912,INV06912,2024-07-05,12084.74,Wire,Partial
P006913,INV06913,2025-09-01,0.0,Credit Card,Failed
P006914,INV06914,2025-06-05,0.0,Credit Card,Failed
P006915,INV06915,2025-08-20,24789.28,Bank Transfer,Full
P006916,INV06916,2024-09-11,34430.04,Wire,Full
P006917,INV06917,2026-04-04,11744.460000000001,Credit Card,Full
P006918,INV06918,2024-09-08,13632.07,Wire,Full
P006919,INV06919,2024-07-26,49545.53999999999,Bank Transfer,Full
P006920,INV06920,2026-04-07,36773.33,Credit Card,Full
P006921,INV06921,2026-02-14,32019.42,Bank Transfer,Full
P006922,INV06922,2025-12-13,12726.74,Credit Card,Partial
P006923,INV06923,2025-12-07,10597.14,Wire,Full
P006924,INV06924,2025-07-03,14297.69,Credit Card,Full
P006925,INV06925,2025-09-10,11202.55,Credit Card,Partial
P006926,INV06926,2024-10-25,16681.85,Wire,Full
P006927,INV06927,2024-07-27,25545.43,Credit Card,Partial
P006928,INV06928,2025-09-26,48890.840000000004,Credit Card,Full
P006929,INV06929,2026-01-12,9792.36,Bank Transfer,Full
P006930,INV06930,2024-09-14,49236.520000000004,Bank Transfer,Full
P006931,INV06931,2025-01-23,0.0,Wire,Failed
P006932,INV06932,2025-12-01,0.0,Credit Card,Failed
P006933,INV06933,2025-07-10,17493.510000000002,Bank Transfer,Full
P006934,INV06934,2025-01-02,8606.29,Wire,Partial
P006935,INV06935,2024-08-19,17595.79,Bank Transfer,Full
P006936,INV06936,2024-08-09,10087.25,Credit Card,Partial
P006937,INV06937,2025-11-06,0.0,Wire,Failed
P006938,INV06938,2024-08-25,49269.97,Credit Card,Full
P006939,INV06939,2025-08-04,0.0,Wire,Failed
P006940,INV06940,2025-01-24,13682.25,Credit Card,Full
P006941,INV06941,2026-03-01,33467.38,Wire,Partial
P006942,INV06942,2025-01-05,55026.37,Bank Transfer,Full
P006943,INV06943,2025-06-26,42795.11,Credit Card,Full
P006944,INV06944,2025-01-10,42663.72,Bank Transfer,Full
P006945,INV06945,2025-06-04,41681.03,Bank Transfer,Full
P006946,INV06946,2025-08-12,57476.73,Bank Transfer,Full
P006947,INV06947,2025-05-18,6512.05,Credit Card,Partial
P006948,INV06948,2026-03-26,23452.58,Credit Card,Full
P006949,INV06949,2025-06-24,57232.08,Bank Transfer,Full
P006950,INV06950,2025-11-23,19253.6,Wire,Full
P006951,INV06951,2025-09-14,42303.86,Wire,Full
P006952,INV06952,2025-01-15,26760.36,Wire,Full
P006953,INV06953,2025-11-04,14173.849999999999,Wire,Full
P006954,INV06954,2025-04-04,20238.89,Bank Transfer,Full
P006955,INV06955,2026-01-21,52426.86,Bank Transfer,Full
P006956,INV06956,2025-03-04,20630.47,Credit Card,Partial
P006957,INV06957,2025-11-01,12589.22,Credit Card,Partial
P006958,INV06958,2026-02-12,15054.15,Credit Card,Full
P006959,INV06959,2026-04-05,11196.68,Credit Card,Partial
P006960,INV06960,2025-06-17,21939.190000000002,Bank Transfer,Full
P006961,INV06961,2024-12-04,0.0,Wire,Failed
P006962,INV06962,2025-04-05,46262.82,Credit Card,Full
P006963,INV06963,2025-06-27,43270.95,Wire,Full
P006964,INV06964,2025-12-05,42195.07,Wire,Full
P006965,INV06965,2025-09-23,36519.86,Credit Card,Full
P006966,INV06966,2026-05-31,37544.88,Wire,Partial
P006967,INV06967,2025-04-01,57754.78,Bank Transfer,Full
P006968,INV06968,2025-06-24,0.0,Bank Transfer,Failed
P006969,INV06969,2024-11-21,41062.63,Credit Card,Full
P006970,INV06970,2024-07-30,25140.09,Wire,Full
P006971,INV06971,2025-02-28,22076.36,Credit Card,Full
P006972,INV06972,2024-06-23,60450.75,Bank Transfer,Full
P006973,INV06973,2026-04-18,19304.64,Bank Transfer,Full
P006974,INV06974,2026-03-07,41454.979999999996,Bank Transfer,Full
P006975,INV06975,2025-08-31,46353.6,Bank Transfer,Full
P006976,INV06976,2025-01-31,39326.0,Bank Transfer,Full
P006977,INV06977,2025-04-24,43350.88,Credit Card,Full
P006978,INV06978,2025-10-31,57440.42999999999,Credit Card,Full
P006979,INV06979,2025-12-29,20240.73,Wire,Partial
P006980,INV06980,2026-04-21,0.0,Wire,Failed
P006981,INV06981,2026-05-23,44604.869999999995,Credit Card,Full
P006982,INV06982,2025-05-19,33049.47,Credit Card,Full
P006983,INV06983,2026-06-04,35682.240000000005,Wire,Full
P006984,INV06984,2026-03-26,13114.35,Credit Card,Full
P006985,INV06985,2025-05-01,11252.619999999999,Credit Card,Full
P006986,INV06986,2024-07-20,5708.83,Bank Transfer,Partial
P006987,INV06987,2024-09-09,33845.89,Credit Card,Full
P006988,INV06988,2026-05-20,18914.98,Wire,Full
P006989,INV06989,2026-06-01,35855.56,Wire,Full
P006990,INV06990,2024-08-23,42455.969999999994,Bank Transfer,Full
P006991,INV06991,2025-01-17,37616.4,Credit Card,Full
P006992,INV06992,2026-04-26,47368.33,Credit Card,Full
P006993,INV06993,2025-08-08,43760.97,Credit Card,Full
P006994,INV06994,2024-12-30,35665.909999999996,Bank Transfer,Full
P006995,INV06995,2024-11-02,32308.59,Credit Card,Full
P006996,INV06996,2025-10-01,30736.46,Bank Transfer,Partial
P006997,INV06997,2025-07-24,51110.439999999995,Credit Card,Full
P006998,INV06998,2025-05-23,48010.18000000001,Wire,Full
P006999,INV06999,2024-06-27,43001.35,Credit Card,Full
P007000,INV07000,2024-12-06,18069.68,Credit Card,Full
P007001,INV07001,2026-06-08,25313.899999999998,Wire,Full
P007002,INV07002,2024-10-26,31286.809999999998,Bank Transfer,Full
P007003,INV07003,2026-05-01,24634.89,Credit Card,Partial
P007004,INV07004,2025-07-13,27991.58,Wire,Partial
P007005,INV07005,2025-02-11,28722.57,Credit Card,Full
P007006,INV07006,2024-08-26,14322.0,Credit Card,Full
P007007,INV07007,2025-07-01,32821.91,Bank Transfer,Full
P007008,INV07008,2025-06-08,24038.36,Credit Card,Partial
P007009,INV07009,2024-07-16,38817.61,Credit Card,Partial
P007010,INV07010,2025-11-29,26581.16,Bank Transfer,Full
P007011,INV07011,2025-01-17,26262.14,Wire,Partial
P007012,INV07012,2024-12-15,29366.83,Credit Card,Partial
P007013,INV07013,2026-06-26,25346.39,Wire,Full
P007014,INV07014,2025-03-27,0.0,Credit Card,Failed
P007015,INV07015,2024-11-18,41304.16,Credit Card,Full
P007016,INV07016,2026-03-03,16971.91,Wire,Full
P007017,INV07017,2024-07-21,38910.240000000005,Bank Transfer,Full
P007018,INV07018,2025-04-02,25827.129999999997,Credit Card,Full
P007019,INV07019,2024-08-21,59087.75,Bank Transfer,Full
P007020,INV07020,2024-07-28,30965.45,Credit Card,Partial
P007021,INV07021,2026-04-03,27332.83,Bank Transfer,Full
P007022,INV07022,2025-04-12,28520.98,Credit Card,Full
P007023,INV07023,2024-12-09,51866.2,Credit Card,Full
P007024,INV07024,2025-09-02,57166.74,Bank Transfer,Full
P007025,INV07025,2026-01-06,15659.45,Credit Card,Partial
P007026,INV07026,2024-11-03,0.0,Bank Transfer,Failed
P007027,INV07027,2024-10-22,37107.95,Credit Card,Full
P007028,INV07028,2025-03-11,14266.32,Bank Transfer,Full
P007029,INV07029,2026-06-25,23039.13,Wire,Partial
P007030,INV07030,2026-02-12,27644.1,Wire,Full
P007031,INV07031,2024-08-24,49762.08,Bank Transfer,Full
P007032,INV07032,2024-08-02,45328.759999999995,Wire,Full
P007033,INV07033,2026-06-26,10765.08,Bank Transfer,Full
P007034,INV07034,2025-12-12,45081.86,Credit Card,Full
P007035,INV07035,2026-01-04,49114.41,Bank Transfer,Full
P007036,INV07036,2024-09-01,11923.33,Wire,Full
P007037,INV07037,2024-12-10,4902.04,Bank Transfer,Partial
P007038,INV07038,2024-11-25,0.0,Credit Card,Failed
P007039,INV07039,2024-08-07,43784.09,Bank Transfer,Full
P007040,INV07040,2025-04-20,36143.35,Credit Card,Partial
P007041,INV07041,2024-10-18,54240.64,Credit Card,Full
P007042,INV07042,2024-09-29,33888.55,Bank Transfer,Full
P007043,INV07043,2026-04-14,0.0,Credit Card,Failed
P007044,INV07044,2025-02-02,17319.45,Credit Card,Full
P007045,INV07045,2025-04-01,38136.82,Wire,Full
P007046,INV07046,2025-12-20,29945.16,Bank Transfer,Partial
P007047,INV07047,2025-12-24,52030.42999999999,Credit Card,Full
P007048,INV07048,2026-06-22,19539.14,Credit Card,Partial
P007049,INV07049,2024-11-16,57272.520000000004,Bank Transfer,Full
P007050,INV07050,2025-12-14,18147.69,Bank Transfer,Partial
P007051,INV07051,2024-11-05,48390.18,Credit Card,Full
P007052,INV07052,2024-12-06,14999.57,Bank Transfer,Partial
P007053,INV07053,2024-12-03,44225.74,Wire,Full
P007054,INV07054,2025-12-30,58581.92,Credit Card,Full
P007055,INV07055,2025-10-08,11734.19,Bank Transfer,Partial
P007056,INV07056,2026-01-30,45688.46,Credit Card,Full
P007057,INV07057,2024-08-05,9857.16,Credit Card,Partial
P007058,INV07058,2025-12-04,33714.520000000004,Bank Transfer,Full
P007059,INV07059,2025-08-10,11519.93,Credit Card,Partial
P007060,INV07060,2026-02-20,13081.58,Bank Transfer,Full
P007061,INV07061,2025-10-17,21615.1,Wire,Partial
P007062,INV07062,2025-12-03,58870.399999999994,Wire,Full
P007063,INV07063,2025-12-09,35788.22,Credit Card,Full
P007064,INV07064,2025-12-25,10619.29,Credit Card,Partial
P007065,INV07065,2026-05-31,22368.72,Credit Card,Full
P007066,INV07066,2024-12-06,54359.67,Credit Card,Full
P007067,INV07067,2024-12-09,4745.26,Bank Transfer,Full
P007068,INV07068,2026-06-30,22906.18,Bank Transfer,Full
P007069,INV07069,2025-07-12,17710.8,Bank Transfer,Full
P007070,INV07070,2026-03-24,31547.36,Wire,Full
P007071,INV07071,2026-02-08,50162.02,Bank Transfer,Full
P007072,INV07072,2024-06-20,38424.07,Credit Card,Full
P007073,INV07073,2024-10-16,0.0,Credit Card,Failed
P007074,INV07074,2026-01-12,47747.520000000004,Credit Card,Full
P007075,INV07075,2026-03-13,14195.42,Bank Transfer,Full
P007076,INV07076,2025-12-16,30858.7,Wire,Full
P007077,INV07077,2026-04-16,13610.85,Credit Card,Partial
P007078,INV07078,2025-08-22,34027.89,Wire,Full
P007079,INV07079,2024-12-03,21314.29,Bank Transfer,Full
P007080,INV07080,2024-11-06,47983.96,Wire,Full
P007081,INV07081,2026-06-17,39975.91,Credit Card,Partial
P007082,INV07082,2025-12-04,35329.85,Wire,Full
P007083,INV07083,2025-07-23,44578.77,Credit Card,Full
P007084,INV07084,2025-04-10,53058.740000000005,Bank Transfer,Full
P007085,INV07085,2025-08-20,45359.72,Bank Transfer,Partial
P007086,INV07086,2025-07-24,61145.61,Credit Card,Full
P007087,INV07087,2024-07-13,45880.82,Wire,Full
P007088,INV07088,2025-06-14,35786.25,Wire,Full
P007089,INV07089,2024-10-22,29897.84,Wire,Full
P007090,INV07090,2024-08-30,32597.64,Wire,Full
P007091,INV07091,2025-08-23,29049.51,Bank Transfer,Partial
P007092,INV07092,2026-04-29,0.0,Wire,Failed
P007093,INV07093,2025-07-21,15539.99,Wire,Partial
P007094,INV07094,2025-01-17,13599.95,Credit Card,Partial
P007095,INV07095,2025-07-20,17960.71,Bank Transfer,Full
P007096,INV07096,2025-03-28,37441.0,Credit Card,Full
P007097,INV07097,2024-09-04,26446.45,Bank Transfer,Partial
P007098,INV07098,2026-04-05,55025.17,Credit Card,Full
P007099,INV07099,2025-11-25,21211.32,Credit Card,Partial
P007100,INV07100,2025-08-13,11946.43,Wire,Partial
P007101,INV07101,2025-11-07,31228.18,Bank Transfer,Full
P007102,INV07102,2025-04-26,51223.95,Bank Transfer,Full
P007103,INV07103,2025-03-12,2267.2,Bank Transfer,Partial
P007104,INV07104,2025-10-21,13160.8,Bank Transfer,Full
P007105,INV07105,2025-06-20,40905.85,Bank Transfer,Full
P007106,INV07106,2026-01-20,43229.590000000004,Bank Transfer,Full
P007107,INV07107,2025-04-09,42189.74,Credit Card,Full
P007108,INV07108,2025-10-13,56970.74,Credit Card,Full
P007109,INV07109,2025-10-29,17645.36,Credit Card,Full
P007110,INV07110,2025-02-01,60269.44,Wire,Full
P007111,INV07111,2025-04-18,54498.159999999996,Wire,Full
P007112,INV07112,2025-01-14,45800.01,Wire,Full
P007113,INV07113,2024-06-16,38139.729999999996,Bank Transfer,Full
P007114,INV07114,2024-12-12,11332.87,Wire,Partial
P007115,INV07115,2025-06-08,20441.940000000002,Bank Transfer,Full
P007116,INV07116,2025-08-30,29285.88,Wire,Full
P007117,INV07117,2024-07-08,8904.15,Wire,Full
P007118,INV07118,2025-06-12,41566.96,Credit Card,Full
P007119,INV07119,2024-08-06,35432.23,Bank Transfer,Full
P007120,INV07120,2026-03-20,18410.309999999998,Credit Card,Full
P007121,INV07121,2025-03-10,54082.9,Wire,Full
P007122,INV07122,2024-12-22,27945.989999999998,Bank Transfer,Full
P007123,INV07123,2025-08-12,36748.69,Wire,Full
P007124,INV07124,2026-01-08,27285.56,Credit Card,Full
P007125,INV07125,2024-11-28,0.0,Credit Card,Failed
P007126,INV07126,2025-12-07,37796.7,Wire,Full
P007127,INV07127,2024-11-23,54114.200000000004,Wire,Full
P007128,INV07128,2026-03-08,36685.12,Wire,Full
P007129,INV07129,2025-11-11,44351.600000000006,Credit Card,Full
P007130,INV07130,2025-05-10,45154.369999999995,Bank Transfer,Full
P007131,INV07131,2026-04-04,0.0,Credit Card,Failed
P007132,INV07132,2026-05-10,7784.89,Credit Card,Full
P007133,INV07133,2025-11-04,32508.72,Credit Card,Full
P007134,INV07134,2024-08-20,45808.100000000006,Bank Transfer,Full
P007135,INV07135,2025-09-14,46730.15,Credit Card,Full
P007136,INV07136,2026-04-15,21987.17,Bank Transfer,Partial
P007137,INV07137,2025-05-02,61396.97,Credit Card,Full
P007138,INV07138,2025-12-29,46981.42999999999,Bank Transfer,Full
P007139,INV07139,2026-04-17,34403.77,Credit Card,Full
P007140,INV07140,2025-11-09,8229.15,Wire,Partial
P007141,INV07141,2024-09-22,0.0,Credit Card,Failed
P007142,INV07142,2026-03-16,56203.32,Credit Card,Full
P007143,INV07143,2024-11-02,18592.22,Wire,Full
P007144,INV07144,2025-04-19,20339.690000000002,Bank Transfer,Full
P007145,INV07145,2026-04-19,26889.79,Credit Card,Partial
P007146,INV07146,2025-02-18,39938.73,Wire,Full
P007147,INV07147,2025-03-02,45373.61,Wire,Full
P007148,INV07148,2025-10-08,31455.15,Wire,Full
P007149,INV07149,2025-02-20,11539.85,Credit Card,Partial
P007150,INV07150,2024-07-01,15624.720000000001,Wire,Full
P007151,INV07151,2025-07-10,33338.56,Credit Card,Full
P007152,INV07152,2024-08-25,20472.64,Bank Transfer,Partial
P007153,INV07153,2025-06-10,48761.310000000005,Credit Card,Full
P007154,INV07154,2024-08-27,0.0,Wire,Failed
P007155,INV07155,2025-03-11,51576.39,Credit Card,Full
P007156,INV07156,2026-04-29,0.0,Credit Card,Failed
P007157,INV07157,2024-10-10,21533.82,Credit Card,Full
P007158,INV07158,2026-01-17,25756.379999999997,Wire,Full
P007159,INV07159,2024-09-16,62310.71000000001,Wire,Full
P007160,INV07160,2024-11-23,18557.03,Credit Card,Full
P007161,INV07161,2024-10-04,41837.66,Credit Card,Full
P007162,INV07162,2024-10-24,23152.9,Wire,Full
P007163,INV07163,2024-11-12,54401.15,Bank Transfer,Full
P007164,INV07164,2024-09-25,15735.849999999999,Wire,Full
P007165,INV07165,2026-02-23,43790.409999999996,Bank Transfer,Full
P007166,INV07166,2024-12-14,3193.2799999999997,Bank Transfer,Full
P007167,INV07167,2026-01-30,38184.229999999996,Credit Card,Full
P007168,INV07168,2025-02-27,39059.43,Bank Transfer,Full
P007169,INV07169,2024-11-04,9896.06,Credit Card,Full
P007170,INV07170,2025-11-25,32159.49,Credit Card,Full
P007171,INV07171,2025-03-30,13618.47,Credit Card,Partial
P007172,INV07172,2025-05-02,47393.340000000004,Wire,Full
P007173,INV07173,2025-06-10,26980.47,Credit Card,Partial
P007174,INV07174,2024-10-25,11996.800000000001,Credit Card,Full
P007175,INV07175,2025-05-02,17855.13,Bank Transfer,Full
P007176,INV07176,2025-02-12,4704.36,Wire,Partial
P007177,INV07177,2026-06-06,26782.84,Bank Transfer,Partial
P007178,INV07178,2026-04-07,30623.2,Credit Card,Full
P007179,INV07179,2025-08-23,17560.93,Wire,Full
P007180,INV07180,2025-01-26,13183.92,Bank Transfer,Partial
P007181,INV07181,2026-05-25,0.0,Bank Transfer,Failed
P007182,INV07182,2024-11-28,55363.37,Bank Transfer,Full
P007183,INV07183,2026-04-02,10502.23,Credit Card,Full
P007184,INV07184,2026-02-01,40659.369999999995,Credit Card,Full
P007185,INV07185,2025-03-06,18448.42,Bank Transfer,Full
P007186,INV07186,2024-07-14,22756.469999999998,Bank Transfer,Full
P007187,INV07187,2025-10-16,9840.62,Wire,Full
P007188,INV07188,2024-10-25,4470.89,Credit Card,Partial
P007189,INV07189,2025-08-23,25497.07,Wire,Full
P007190,INV07190,2025-01-08,7254.51,Bank Transfer,Full
P007191,INV07191,2025-01-30,32022.88,Wire,Partial
P007192,INV07192,2024-11-08,26547.57,Wire,Partial
P007193,INV07193,2024-08-17,55093.62,Bank Transfer,Full
P007194,INV07194,2025-01-05,41108.84,Credit Card,Partial
P007195,INV07195,2025-07-11,0.0,Credit Card,Failed
P007196,INV07196,2026-05-10,49741.64,Credit Card,Full
P007197,INV07197,2025-04-15,33947.39,Wire,Full
P007198,INV07198,2026-03-16,26332.690000000002,Wire,Full
P007199,INV07199,2024-08-23,47180.189999999995,Bank Transfer,Full
P007200,INV07200,2024-08-24,33236.89,Credit Card,Full
P007201,INV07201,2025-09-20,42072.799999999996,Credit Card,Full
P007202,INV07202,2025-01-09,56207.82,Credit Card,Full
P007203,INV07203,2026-02-24,51466.659999999996,Wire,Full
P007204,INV07204,2024-12-14,30560.64,Credit Card,Partial
P007205,INV07205,2024-11-02,0.0,Credit Card,Failed
P007206,INV07206,2025-07-22,42662.37,Wire,Full
P007207,INV07207,2025-07-26,30231.620000000003,Bank Transfer,Full
P007208,INV07208,2025-10-19,51449.39,Credit Card,Full
P007209,INV07209,2024-07-20,50109.98,Wire,Full
P007210,INV07210,2024-12-14,16478.39,Credit Card,Full
P007211,INV07211,2025-11-08,21307.14,Wire,Full
P007212,INV07212,2024-10-25,18772.01,Bank Transfer,Full
P007213,INV07213,2025-03-30,0.0,Bank Transfer,Failed
P007214,INV07214,2026-04-16,17083.760000000002,Wire,Full
P007215,INV07215,2026-03-08,11451.91,Credit Card,Partial
P007216,INV07216,2025-03-30,50065.469999999994,Bank Transfer,Full
P007217,INV07217,2024-07-18,40236.45,Wire,Full
P007218,INV07218,2024-12-22,47776.97,Bank Transfer,Full
P007219,INV07219,2024-12-11,7773.33,Credit Card,Partial
P007220,INV07220,2024-12-21,23555.3,Wire,Full
P007221,INV07221,2025-08-05,0.0,Wire,Failed
P007222,INV07222,2024-09-19,13412.4,Credit Card,Partial
P007223,INV07223,2025-04-16,23579.94,Bank Transfer,Full
P007224,INV07224,2026-04-25,33142.31,Wire,Partial
P007225,INV07225,2025-10-26,32438.9,Wire,Full
P007226,INV07226,2025-03-04,39126.72,Wire,Full
P007227,INV07227,2025-12-13,36484.18,Credit Card,Full
P007228,INV07228,2024-07-18,9050.57,Bank Transfer,Full
P007229,INV07229,2026-02-19,21842.36,Bank Transfer,Full
P007230,INV07230,2025-09-06,11404.34,Credit Card,Full
P007231,INV07231,2024-11-09,4957.6,Wire,Full
P007232,INV07232,2025-10-20,43100.630000000005,Bank Transfer,Full
P007233,INV07233,2026-04-30,49796.56,Bank Transfer,Full
P007234,INV07234,2024-12-05,10928.32,Wire,Full
P007235,INV07235,2025-03-13,35850.44,Wire,Full
P007236,INV07236,2024-11-12,56881.950000000004,Wire,Full
P007237,INV07237,2025-08-29,29867.24,Credit Card,Partial
P007238,INV07238,2024-08-25,31484.219999999998,Credit Card,Full
P007239,INV07239,2025-11-27,14866.28,Wire,Full
P007240,INV07240,2026-05-06,35695.61,Wire,Partial
P007241,INV07241,2024-12-05,52424.759999999995,Wire,Full
P007242,INV07242,2025-02-03,20703.41,Credit Card,Full
P007243,INV07243,2025-06-26,41487.05,Credit Card,Partial
P007244,INV07244,2025-10-15,0.0,Credit Card,Failed
P007245,INV07245,2025-08-28,44631.479999999996,Bank Transfer,Full
P007246,INV07246,2025-03-03,11321.12,Wire,Full
P007247,INV07247,2025-08-06,22622.96,Credit Card,Partial
P007248,INV07248,2025-12-10,7891.75,Bank Transfer,Full
P007249,INV07249,2025-08-12,17879.82,Credit Card,Full
P007250,INV07250,2024-08-27,40702.909999999996,Bank Transfer,Full
P007251,INV07251,2025-02-07,41436.38,Bank Transfer,Full
P007252,INV07252,2025-08-20,0.0,Bank Transfer,Failed
P007253,INV07253,2025-08-15,14946.16,Bank Transfer,Full
P007254,INV07254,2025-12-10,45234.82,Credit Card,Full
P007255,INV07255,2025-09-06,10932.59,Wire,Full
P007256,INV07256,2026-01-22,14516.169999999998,Wire,Full
P007257,INV07257,2025-04-07,16528.449999999997,Wire,Full
P007258,INV07258,2025-07-11,26938.25,Bank Transfer,Full
P007259,INV07259,2024-09-22,33667.65,Bank Transfer,Full
P007260,INV07260,2025-09-11,18988.4,Bank Transfer,Full
P007261,INV07261,2025-05-15,53358.41,Wire,Full
P007262,INV07262,2026-01-10,35756.46,Wire,Partial
P007263,INV07263,2025-04-08,0.0,Wire,Failed
P007264,INV07264,2024-11-18,12738.21,Credit Card,Full
P007265,INV07265,2025-07-03,50642.43,Wire,Full
P007266,INV07266,2024-11-11,0.0,Bank Transfer,Failed
P007267,INV07267,2025-02-22,60112.43,Wire,Full
P007268,INV07268,2025-12-02,17767.06,Credit Card,Partial
P007269,INV07269,2025-06-28,51508.46,Wire,Full
P007270,INV07270,2026-02-28,26439.21,Credit Card,Partial
P007271,INV07271,2025-07-09,33202.020000000004,Wire,Full
P007272,INV07272,2024-08-16,23900.72,Bank Transfer,Full
P007273,INV07273,2026-03-06,18069.91,Credit Card,Full
P007274,INV07274,2025-02-10,45633.19,Bank Transfer,Full
P007275,INV07275,2026-01-13,21495.73,Credit Card,Partial
P007276,INV07276,2025-12-02,0.0,Wire,Failed
P007277,INV07277,2025-02-05,38962.35,Wire,Full
P007278,INV07278,2025-02-08,28173.38,Bank Transfer,Partial
P007279,INV07279,2026-03-16,54863.79,Wire,Full
P007280,INV07280,2025-07-26,0.0,Credit Card,Failed
P007281,INV07281,2025-06-17,15990.58,Bank Transfer,Full
P007282,INV07282,2025-08-15,0.0,Wire,Failed
P007283,INV07283,2026-05-29,58948.44,Wire,Full
P007284,INV07284,2024-12-31,25707.52,Credit Card,Full
P007285,INV07285,2024-09-17,11097.11,Credit Card,Full
P007286,INV07286,2024-11-17,26773.04,Bank Transfer,Partial
P007287,INV07287,2025-02-17,43869.54,Bank Transfer,Partial
P007288,INV07288,2025-03-15,50431.840000000004,Bank Transfer,Full
P007289,INV07289,2024-08-23,37347.46,Bank Transfer,Full
P007290,INV07290,2026-03-06,46344.11,Credit Card,Partial
P007291,INV07291,2024-09-14,34840.869999999995,Wire,Full
P007292,INV07292,2025-02-26,21346.42,Wire,Partial
P007293,INV07293,2024-11-22,41052.79,Wire,Full
P007294,INV07294,2025-01-29,29018.18,Credit Card,Full
P007295,INV07295,2024-07-16,40498.1,Bank Transfer,Full
P007296,INV07296,2025-04-09,20107.489999999998,Credit Card,Full
P007297,INV07297,2026-06-18,61863.95,Credit Card,Full
P007298,INV07298,2024-09-25,7339.85,Credit Card,Full
P007299,INV07299,2025-01-18,16853.03,Credit Card,Partial
P007300,INV07300,2026-02-26,51270.969999999994,Wire,Full
P007301,INV07301,2026-06-14,57341.899999999994,Wire,Full
P007302,INV07302,2026-01-17,9838.1,Credit Card,Full
P007303,INV07303,2025-12-10,4903.14,Wire,Partial
P007304,INV07304,2025-04-28,0.0,Bank Transfer,Failed
P007305,INV07305,2025-11-12,58914.399999999994,Credit Card,Full
P007306,INV07306,2025-04-02,16793.86,Credit Card,Full
P007307,INV07307,2025-11-07,9519.36,Credit Card,Partial
P007308,INV07308,2025-12-29,39848.92,Credit Card,Full
P007309,INV07309,2026-03-05,29290.11,Bank Transfer,Full
P007310,INV07310,2026-06-15,17879.29,Bank Transfer,Partial
P007311,INV07311,2026-01-20,45369.649999999994,Credit Card,Full
P007312,INV07312,2025-09-02,16554.83,Wire,Full
P007313,INV07313,2024-08-29,0.0,Wire,Failed
P007314,INV07314,2026-03-10,23755.15,Bank Transfer,Partial
P007315,INV07315,2024-08-24,17052.06,Bank Transfer,Full
P007316,INV07316,2025-05-20,4711.3099999999995,Wire,Full
P007317,INV07317,2025-03-18,46318.62,Credit Card,Full
P007318,INV07318,2025-05-03,16204.720000000001,Wire,Full
P007319,INV07319,2025-08-04,0.0,Wire,Failed
P007320,INV07320,2025-08-17,52784.38,Credit Card,Full
P007321,INV07321,2025-09-22,50350.350000000006,Credit Card,Full
P007322,INV07322,2025-03-20,33695.96,Wire,Full
P007323,INV07323,2025-11-17,18938.6,Wire,Partial
P007324,INV07324,2025-05-04,17654.760000000002,Credit Card,Full
P007325,INV07325,2025-10-18,50407.81,Credit Card,Full
P007326,INV07326,2025-01-07,28892.410000000003,Credit Card,Full
P007327,INV07327,2025-05-25,18235.28,Wire,Full
P007328,INV07328,2025-12-07,11050.22,Bank Transfer,Full
P007329,INV07329,2026-03-01,0.0,Bank Transfer,Failed
P007330,INV07330,2026-05-14,11721.86,Bank Transfer,Partial
P007331,INV07331,2025-03-10,13372.599999999999,Credit Card,Full
P007332,INV07332,2025-02-25,10888.47,Credit Card,Partial
P007333,INV07333,2025-08-10,33268.79,Credit Card,Partial
P007334,INV07334,2025-08-23,54877.270000000004,Credit Card,Full
P007335,INV07335,2024-12-03,56968.340000000004,Wire,Full
P007336,INV07336,2024-07-15,16905.53,Wire,Partial
P007337,INV07337,2025-08-18,25938.79,Bank Transfer,Partial
P007338,INV07338,2025-02-07,5427.96,Bank Transfer,Full
P007339,INV07339,2025-09-19,24498.5,Wire,Full
P007340,INV07340,2025-12-05,0.0,Wire,Failed
P007341,INV07341,2026-02-26,13620.44,Bank Transfer,Partial
P007342,INV07342,2025-04-13,51865.4,Bank Transfer,Full
P007343,INV07343,2025-08-05,6874.05,Credit Card,Partial
P007344,INV07344,2025-07-24,16837.2,Credit Card,Full
P007345,INV07345,2025-11-17,19455.2,Bank Transfer,Partial
P007346,INV07346,2025-12-14,51833.62,Credit Card,Full
P007347,INV07347,2025-12-14,16338.55,Wire,Partial
P007348,INV07348,2024-07-12,31911.170000000002,Wire,Full
P007349,INV07349,2026-02-20,24401.22,Bank Transfer,Full
P007350,INV07350,2025-04-14,33471.2,Credit Card,Partial
P007351,INV07351,2024-11-16,55335.34,Credit Card,Full
P007352,INV07352,2024-08-18,13703.710000000001,Credit Card,Full
P007353,INV07353,2025-07-27,46143.43,Wire,Partial
P007354,INV07354,2026-03-27,23063.84,Wire,Full
P007355,INV07355,2025-07-13,0.0,Wire,Failed
P007356,INV07356,2024-12-18,47005.28,Bank Transfer,Full
P007357,INV07357,2024-07-02,23723.58,Credit Card,Partial
P007358,INV07358,2025-09-11,30764.510000000002,Credit Card,Full
P007359,INV07359,2024-09-08,25870.47,Bank Transfer,Full
P007360,INV07360,2025-05-04,32298.09,Bank Transfer,Full
P007361,INV07361,2026-06-26,18504.370000000003,Wire,Full
P007362,INV07362,2025-03-04,41906.51,Wire,Full
P007363,INV07363,2025-03-02,30422.19,Bank Transfer,Full
P007364,INV07364,2026-03-08,41467.51,Bank Transfer,Full
P007365,INV07365,2024-12-19,13620.36,Credit Card,Partial
P007366,INV07366,2024-12-08,16453.71,Wire,Partial
P007367,INV07367,2024-12-06,45794.48,Bank Transfer,Partial
P007368,INV07368,2025-01-29,63305.19,Credit Card,Full
P007369,INV07369,2024-12-20,33285.91,Wire,Partial
P007370,INV07370,2025-07-10,56632.36,Bank Transfer,Full
P007371,INV07371,2025-11-18,39457.56,Wire,Full
P007372,INV07372,2025-08-03,20440.88,Wire,Full
P007373,INV07373,2025-06-29,39882.899999999994,Credit Card,Full
P007374,INV07374,2025-05-06,16592.3,Wire,Partial
P007375,INV07375,2024-09-22,28253.22,Wire,Partial
P007376,INV07376,2025-06-12,0.0,Bank Transfer,Failed
P007377,INV07377,2026-03-22,46761.57,Credit Card,Full
P007378,INV07378,2025-09-11,29683.68,Bank Transfer,Full
P007379,INV07379,2025-01-30,58027.17,Credit Card,Full
P007380,INV07380,2024-11-26,0.0,Credit Card,Failed
P007381,INV07381,2025-12-13,26024.99,Wire,Full
P007382,INV07382,2026-01-02,54207.64,Credit Card,Full
P007383,INV07383,2025-11-26,42766.31,Wire,Full
P007384,INV07384,2025-11-23,45396.77,Wire,Full
P007385,INV07385,2025-04-14,34766.39,Credit Card,Full
P007386,INV07386,2025-05-08,23608.83,Bank Transfer,Partial
P007387,INV07387,2025-09-17,52146.329999999994,Wire,Full
P007388,INV07388,2026-01-06,28233.58,Bank Transfer,Partial
P007389,INV07389,2024-10-18,26300.47,Credit Card,Partial
P007390,INV07390,2025-10-02,20090.93,Credit Card,Full
P007391,INV07391,2026-02-22,19597.309999999998,Bank Transfer,Full
P007392,INV07392,2025-03-06,39535.66,Credit Card,Full
P007393,INV07393,2025-02-28,13555.3,Wire,Full
P007394,INV07394,2026-05-19,51858.82,Bank Transfer,Full
P007395,INV07395,2025-05-05,16063.27,Credit Card,Full
P007396,INV07396,2024-08-20,35500.55,Credit Card,Full
P007397,INV07397,2024-08-01,58167.24,Wire,Full
P007398,INV07398,2025-09-29,53689.350000000006,Bank Transfer,Full
P007399,INV07399,2025-12-17,34489.06,Wire,Full
P007400,INV07400,2025-01-05,31642.550000000003,Bank Transfer,Full
P007401,INV07401,2025-11-11,16878.93,Wire,Full
P007402,INV07402,2026-04-01,56116.9,Bank Transfer,Full
P007403,INV07403,2024-09-22,23025.19,Credit Card,Partial
P007404,INV07404,2026-03-06,22827.58,Bank Transfer,Partial
P007405,INV07405,2024-08-15,8231.5,Wire,Full
P007406,INV07406,2026-06-20,47822.66,Wire,Full
P007407,INV07407,2026-03-09,28733.29,Wire,Full
P007408,INV07408,2026-03-30,40985.0,Wire,Partial
P007409,INV07409,2025-11-04,41901.46,Bank Transfer,Full
P007410,INV07410,2026-01-02,41315.95,Wire,Full
P007411,INV07411,2026-01-04,29551.01,Wire,Partial
P007412,INV07412,2025-07-19,11226.04,Bank Transfer,Full
P007413,INV07413,2025-06-06,14581.830000000002,Wire,Full
P007414,INV07414,2026-04-15,51044.1,Credit Card,Full
P007415,INV07415,2025-07-01,45033.799999999996,Wire,Full
P007416,INV07416,2026-03-12,43895.81,Bank Transfer,Full
P007417,INV07417,2025-03-11,21703.75,Bank Transfer,Full
P007418,INV07418,2024-07-08,35392.47,Credit Card,Full
P007419,INV07419,2025-06-07,42673.95,Credit Card,Full
P007420,INV07420,2026-06-16,31429.47,Credit Card,Partial
P007421,INV07421,2026-03-01,63211.81,Credit Card,Full
P007422,INV07422,2025-12-30,15503.59,Bank Transfer,Full
P007423,INV07423,2025-08-13,0.0,Bank Transfer,Failed
P007424,INV07424,2025-12-19,0.0,Bank Transfer,Failed
P007425,INV07425,2025-01-17,4848.09,Bank Transfer,Full
P007426,INV07426,2025-09-10,25140.64,Credit Card,Full
P007427,INV07427,2025-11-26,0.0,Credit Card,Failed
P007428,INV07428,2024-07-01,16806.85,Credit Card,Full
P007429,INV07429,2025-08-12,34798.15,Wire,Partial
P007430,INV07430,2024-09-19,0.0,Wire,Failed
P007431,INV07431,2025-11-09,54386.93,Bank Transfer,Full
P007432,INV07432,2024-12-23,15681.71,Wire,Full
P007433,INV07433,2025-08-21,26332.07,Bank Transfer,Full
P007434,INV07434,2024-08-31,37256.81,Wire,Full
P007435,INV07435,2025-10-17,0.0,Credit Card,Failed
P007436,INV07436,2025-12-29,49313.92999999999,Bank Transfer,Full
P007437,INV07437,2026-03-25,9650.779999999999,Bank Transfer,Full
P007438,INV07438,2024-06-21,19797.690000000002,Wire,Full
P007439,INV07439,2025-07-24,20689.73,Credit Card,Full
P007440,INV07440,2025-06-21,0.0,Wire,Failed
P007441,INV07441,2026-02-15,0.0,Wire,Failed
P007442,INV07442,2024-10-27,18486.25,Credit Card,Full
P007443,INV07443,2024-09-25,49722.94,Credit Card,Full
P007444,INV07444,2025-06-04,15547.86,Wire,Full
P007445,INV07445,2025-11-16,41670.729999999996,Bank Transfer,Full
P007446,INV07446,2026-01-20,11193.68,Credit Card,Full
P007447,INV07447,2025-02-02,6503.46,Wire,Full
P007448,INV07448,2025-03-03,0.0,Bank Transfer,Failed
P007449,INV07449,2025-07-07,12702.119999999999,Bank Transfer,Full
P007450,INV07450,2024-06-29,17978.120000000003,Credit Card,Full
P007451,INV07451,2024-09-30,37440.53,Wire,Full
P007452,INV07452,2025-09-10,61430.42,Credit Card,Full
P007453,INV07453,2025-11-30,40254.66,Credit Card,Full
P007454,INV07454,2024-12-05,50844.81,Bank Transfer,Full
P007455,INV07455,2026-02-14,19656.12,Bank Transfer,Full
P007456,INV07456,2024-11-08,37008.54,Credit Card,Full
P007457,INV07457,2024-11-25,41051.91,Wire,Full
P007458,INV07458,2025-08-06,28281.370000000003,Wire,Full
P007459,INV07459,2025-11-22,24111.050000000003,Wire,Full
P007460,INV07460,2025-02-15,40274.54,Bank Transfer,Full
P007461,INV07461,2024-06-23,42167.16,Credit Card,Full
P007462,INV07462,2024-07-15,22486.74,Bank Transfer,Partial
P007463,INV07463,2024-09-23,52925.62,Bank Transfer,Full
P007464,INV07464,2024-11-08,58145.21,Credit Card,Full
P007465,INV07465,2025-07-04,23253.66,Credit Card,Full
P007466,INV07466,2024-10-11,24929.940000000002,Bank Transfer,Full
P007467,INV07467,2024-06-19,31940.57,Wire,Full
P007468,INV07468,2026-03-04,13805.259999999998,Credit Card,Full
P007469,INV07469,2026-01-13,23592.82,Credit Card,Partial
P007470,INV07470,2024-12-26,42801.950000000004,Bank Transfer,Full
P007471,INV07471,2026-07-05,30914.47,Bank Transfer,Full
P007472,INV07472,2024-09-08,41145.770000000004,Credit Card,Full
P007473,INV07473,2025-07-27,15323.07,Bank Transfer,Partial
P007474,INV07474,2025-03-14,51536.03,Bank Transfer,Full
P007475,INV07475,2025-07-02,28845.37,Bank Transfer,Partial
P007476,INV07476,2026-05-24,44675.71,Wire,Partial
P007477,INV07477,2026-03-28,16466.55,Bank Transfer,Partial
P007478,INV07478,2025-01-10,48464.86,Credit Card,Full
P007479,INV07479,2026-02-10,6818.23,Bank Transfer,Partial
P007480,INV07480,2026-01-22,16909.21,Bank Transfer,Partial
P007481,INV07481,2026-06-11,19373.73,Wire,Partial
P007482,INV07482,2024-11-16,14905.580000000002,Bank Transfer,Full
P007483,INV07483,2025-02-06,25510.25,Wire,Full
P007484,INV07484,2024-08-02,31127.32,Credit Card,Full
P007485,INV07485,2025-07-31,47112.97,Wire,Full
P007486,INV07486,2024-10-28,29535.0,Credit Card,Full
P007487,INV07487,2024-06-24,54638.009999999995,Credit Card,Full
P007488,INV07488,2025-07-11,39273.71,Wire,Full
P007489,INV07489,2026-03-18,11495.1,Wire,Partial
P007490,INV07490,2025-05-16,15111.009999999998,Bank Transfer,Full
P007491,INV07491,2025-11-04,6378.6,Bank Transfer,Partial
P007492,INV07492,2025-10-10,0.0,Bank Transfer,Failed
P007493,INV07493,2026-04-07,0.0,Credit Card,Failed
P007494,INV07494,2026-05-07,0.0,Bank Transfer,Failed
P007495,INV07495,2024-06-24,22541.89,Wire,Full
P007496,INV07496,2025-12-12,60492.17,Wire,Full
P007497,INV07497,2025-08-09,18673.21,Wire,Full
P007498,INV07498,2024-08-23,49962.07,Wire,Full
P007499,INV07499,2026-04-07,0.0,Wire,Failed
P007500,INV07500,2025-01-11,12351.87,Wire,Partial
P007501,INV07501,2026-04-19,40623.98,Bank Transfer,Full
P007502,INV07502,2025-06-08,56743.509999999995,Credit Card,Full
P007503,INV07503,2024-11-28,33763.65,Bank Transfer,Full
P007504,INV07504,2025-11-12,0.0,Credit Card,Failed
P007505,INV07505,2026-06-02,29752.01,Credit Card,Partial
P007506,INV07506,2025-09-18,32643.030000000002,Bank Transfer,Full
P007507,INV07507,2025-03-19,19661.260000000002,Wire,Full
P007508,INV07508,2025-06-24,25572.5,Credit Card,Full
P007509,INV07509,2024-08-27,31317.11,Bank Transfer,Full
P007510,INV07510,2025-12-09,41381.84,Bank Transfer,Full
P007511,INV07511,2024-12-07,32844.73,Bank Transfer,Full
P007512,INV07512,2024-08-08,8745.560000000001,Wire,Full
P007513,INV07513,2026-06-24,31040.1,Wire,Partial
P007514,INV07514,2025-11-09,0.0,Bank Transfer,Failed
P007515,INV07515,2024-08-24,24447.120000000003,Bank Transfer,Full
P007516,INV07516,2025-10-05,28367.159999999996,Credit Card,Full
P007517,INV07517,2026-05-31,14540.59,Credit Card,Full
P007518,INV07518,2026-06-03,16937.43,Credit Card,Full
P007519,INV07519,2026-05-28,0.0,Bank Transfer,Failed
P007520,INV07520,2024-07-27,0.0,Credit Card,Failed
P007521,INV07521,2024-07-28,22023.71,Wire,Full
P007522,INV07522,2025-05-17,16700.57,Credit Card,Partial
P007523,INV07523,2025-07-13,32118.38,Bank Transfer,Partial
P007524,INV07524,2025-06-28,32777.7,Bank Transfer,Partial
P007525,INV07525,2026-04-19,22864.97,Credit Card,Full
P007526,INV07526,2025-07-17,45254.130000000005,Credit Card,Full
P007527,INV07527,2024-07-11,22111.21,Wire,Full
P007528,INV07528,2024-10-25,54291.14,Wire,Full
P007529,INV07529,2025-09-19,17577.54,Bank Transfer,Partial
P007530,INV07530,2025-05-18,44851.08,Bank Transfer,Partial
P007531,INV07531,2025-10-25,35368.91,Bank Transfer,Partial
P007532,INV07532,2025-05-02,6736.52,Bank Transfer,Partial
P007533,INV07533,2026-03-17,31849.940000000002,Wire,Full
P007534,INV07534,2024-12-31,12007.77,Credit Card,Full
P007535,INV07535,2025-01-20,35204.28,Bank Transfer,Full
P007536,INV07536,2026-04-12,18446.6,Credit Card,Full
P007537,INV07537,2026-06-05,12242.289999999999,Wire,Full
P007538,INV07538,2024-09-01,16594.05,Wire,Partial
P007539,INV07539,2026-04-04,29033.15,Bank Transfer,Partial
P007540,INV07540,2025-06-14,60040.22,Credit Card,Full
P007541,INV07541,2024-08-23,0.0,Credit Card,Failed
P007542,INV07542,2024-07-31,49154.72,Wire,Full
P007543,INV07543,2025-02-05,40802.07,Credit Card,Full
P007544,INV07544,2024-11-21,34855.9,Credit Card,Partial
P007545,INV07545,2026-05-31,6440.7,Bank Transfer,Partial
P007546,INV07546,2024-07-29,54643.119999999995,Credit Card,Full
P007547,INV07547,2024-08-20,11028.35,Bank Transfer,Partial
P007548,INV07548,2024-08-21,15081.2,Wire,Partial
P007549,INV07549,2025-09-22,22128.34,Bank Transfer,Full
P007550,INV07550,2025-01-27,28767.97,Bank Transfer,Full
P007551,INV07551,2025-06-04,30183.37,Bank Transfer,Full
P007552,INV07552,2024-07-18,20362.59,Bank Transfer,Partial
P007553,INV07553,2026-03-23,54143.03,Wire,Full
P007554,INV07554,2024-09-25,23900.64,Credit Card,Full
P007555,INV07555,2024-12-26,40046.36,Bank Transfer,Full
P007556,INV07556,2025-06-18,32431.06,Wire,Full
P007557,INV07557,2024-08-26,0.0,Bank Transfer,Failed
P007558,INV07558,2024-08-12,48346.81,Credit Card,Full
P007559,INV07559,2025-02-12,28276.09,Credit Card,Full
P007560,INV07560,2024-06-17,8935.06,Wire,Full
P007561,INV07561,2025-05-09,0.0,Wire,Failed
P007562,INV07562,2024-12-22,51984.5,Credit Card,Full
P007563,INV07563,2024-07-27,7554.74,Bank Transfer,Partial
P007564,INV07564,2025-11-06,24284.64,Credit Card,Full
P007565,INV07565,2026-06-13,31027.07,Wire,Full
P007566,INV07566,2025-06-21,53092.88,Credit Card,Full
P007567,INV07567,2026-02-08,32236.65,Credit Card,Full
P007568,INV07568,2024-07-05,19825.98,Wire,Partial
P007569,INV07569,2025-10-14,20553.56,Credit Card,Full
P007570,INV07570,2024-12-13,30599.899999999998,Credit Card,Full
P007571,INV07571,2025-06-29,20275.989999999998,Credit Card,Full
P007572,INV07572,2025-09-10,56788.99,Wire,Full
P007573,INV07573,2026-03-24,60232.479999999996,Bank Transfer,Full
P007574,INV07574,2026-02-01,41334.74,Bank Transfer,Full
P007575,INV07575,2026-04-25,31285.98,Credit Card,Partial
P007576,INV07576,2025-12-12,13023.28,Wire,Full
P007577,INV07577,2025-04-30,32762.379999999997,Wire,Full
P007578,INV07578,2026-03-16,26606.87,Bank Transfer,Full
P007579,INV07579,2026-01-08,55922.54,Bank Transfer,Full
P007580,INV07580,2025-02-28,37989.350000000006,Wire,Full
P007581,INV07581,2025-09-03,43860.2,Bank Transfer,Full
P007582,INV07582,2025-05-28,42968.89,Bank Transfer,Full
P007583,INV07583,2025-09-16,0.0,Bank Transfer,Failed
P007584,INV07584,2026-03-14,53365.28,Bank Transfer,Full
P007585,INV07585,2025-09-25,0.0,Credit Card,Failed
P007586,INV07586,2025-05-20,35977.86,Bank Transfer,Full
P007587,INV07587,2024-11-23,0.0,Credit Card,Failed
P007588,INV07588,2025-05-04,37134.47,Wire,Full
P007589,INV07589,2024-08-22,15308.59,Credit Card,Full
P007590,INV07590,2025-09-29,50899.18,Credit Card,Full
P007591,INV07591,2025-08-20,31455.719999999998,Bank Transfer,Full
P007592,INV07592,2026-04-08,58949.65,Bank Transfer,Full
P007593,INV07593,2025-11-22,50861.34,Credit Card,Full
P007594,INV07594,2026-03-28,25163.17,Wire,Full
P007595,INV07595,2025-05-16,32036.69,Wire,Full
P007596,INV07596,2025-08-22,12351.59,Wire,Partial
P007597,INV07597,2025-10-08,29095.2,Credit Card,Partial
P007598,INV07598,2024-06-30,13927.26,Wire,Full
P007599,INV07599,2024-06-18,16380.19,Credit Card,Full
P007600,INV07600,2025-08-01,32613.26,Bank Transfer,Full
P007601,INV07601,2026-06-26,13019.89,Bank Transfer,Full
P007602,INV07602,2026-04-02,29623.17,Credit Card,Full
P007603,INV07603,2024-08-27,24118.87,Credit Card,Partial
P007604,INV07604,2025-12-17,28951.85,Credit Card,Partial
P007605,INV07605,2025-06-28,19286.15,Credit Card,Full
P007606,INV07606,2026-01-23,47842.96,Credit Card,Full
P007607,INV07607,2026-03-11,21036.57,Wire,Full
P007608,INV07608,2024-11-18,19005.559999999998,Wire,Full
P007609,INV07609,2025-02-20,17837.26,Bank Transfer,Full
P007610,INV07610,2025-03-24,33762.0,Wire,Full
P007611,INV07611,2025-03-03,29603.3,Credit Card,Full
P007612,INV07612,2025-08-11,13808.97,Credit Card,Partial
P007613,INV07613,2026-05-18,24417.15,Bank Transfer,Partial
P007614,INV07614,2025-04-07,41674.31,Credit Card,Full
P007615,INV07615,2024-07-21,0.0,Wire,Failed
P007616,INV07616,2024-08-08,13234.539999999999,Bank Transfer,Full
P007617,INV07617,2025-10-16,17024.55,Wire,Partial
P007618,INV07618,2025-10-01,35494.64,Credit Card,Full
P007619,INV07619,2026-02-08,12515.76,Wire,Full
P007620,INV07620,2025-10-08,10228.34,Credit Card,Full
P007621,INV07621,2025-07-03,0.0,Bank Transfer,Failed
P007622,INV07622,2025-11-20,20905.77,Bank Transfer,Full
P007623,INV07623,2026-06-04,0.0,Credit Card,Failed
P007624,INV07624,2024-09-02,11219.85,Wire,Partial
P007625,INV07625,2025-05-11,56408.03,Bank Transfer,Full
P007626,INV07626,2025-04-11,37457.42,Credit Card,Partial
P007627,INV07627,2025-05-14,18026.04,Credit Card,Partial
P007628,INV07628,2025-06-13,32885.72,Credit Card,Full
P007629,INV07629,2025-06-16,23261.67,Wire,Partial
P007630,INV07630,2024-10-18,0.0,Wire,Failed
P007631,INV07631,2025-03-26,25229.01,Bank Transfer,Partial
P007632,INV07632,2025-08-30,36179.93,Bank Transfer,Full
P007633,INV07633,2025-07-25,44607.8,Bank Transfer,Partial
P007634,INV07634,2025-12-14,59547.79,Bank Transfer,Full
P007635,INV07635,2024-08-26,0.0,Bank Transfer,Failed
P007636,INV07636,2025-10-30,16224.009999999998,Bank Transfer,Full
P007637,INV07637,2024-12-04,14472.18,Wire,Full
P007638,INV07638,2025-11-22,0.0,Bank Transfer,Failed
P007639,INV07639,2025-11-13,30098.24,Bank Transfer,Partial
P007640,INV07640,2025-06-04,31346.309999999998,Wire,Full
P007641,INV07641,2026-02-08,47711.25,Credit Card,Full
P007642,INV07642,2025-10-02,35625.45,Credit Card,Full
P007643,INV07643,2025-04-13,54119.91,Bank Transfer,Full
P007644,INV07644,2025-01-16,48981.13,Bank Transfer,Full
P007645,INV07645,2024-09-23,44965.119999999995,Bank Transfer,Full
P007646,INV07646,2024-09-11,0.0,Bank Transfer,Failed
P007647,INV07647,2025-03-09,53640.41,Wire,Full
P007648,INV07648,2025-06-09,7829.58,Wire,Full
P007649,INV07649,2025-06-17,13949.2,Bank Transfer,Full
P007650,INV07650,2026-05-27,19403.1,Bank Transfer,Partial
P007651,INV07651,2025-08-13,5717.09,Bank Transfer,Partial
P007652,INV07652,2024-10-26,45920.079999999994,Wire,Full
P007653,INV07653,2025-06-12,54615.600000000006,Bank Transfer,Full
P007654,INV07654,2025-03-28,25267.550000000003,Credit Card,Full
P007655,INV07655,2025-10-05,46610.02,Bank Transfer,Full
P007656,INV07656,2026-03-31,0.0,Wire,Failed
P007657,INV07657,2025-07-11,7636.22,Credit Card,Partial
P007658,INV07658,2025-12-24,11226.66,Bank Transfer,Full
P007659,INV07659,2024-08-29,46434.68,Bank Transfer,Full
P007660,INV07660,2025-05-06,14159.05,Credit Card,Full
P007661,INV07661,2025-10-15,16890.55,Bank Transfer,Partial
P007662,INV07662,2024-10-07,6543.27,Wire,Partial
P007663,INV07663,2026-06-15,13293.77,Wire,Partial
P007664,INV07664,2024-12-03,27074.64,Bank Transfer,Full
P007665,INV07665,2025-10-07,59732.39,Bank Transfer,Full
P007666,INV07666,2024-11-05,33822.31,Wire,Partial
P007667,INV07667,2025-03-25,43452.24,Wire,Full
P007668,INV07668,2026-01-22,43395.06,Credit Card,Full
P007669,INV07669,2026-02-25,46756.03,Wire,Full
P007670,INV07670,2024-12-19,19799.83,Credit Card,Partial
P007671,INV07671,2026-01-04,12836.94,Wire,Full
P007672,INV07672,2024-07-20,31307.4,Bank Transfer,Full
P007673,INV07673,2025-08-03,55855.58,Credit Card,Full
P007674,INV07674,2026-03-08,36136.49,Wire,Full
P007675,INV07675,2025-11-10,10950.1,Credit Card,Full
P007676,INV07676,2025-08-09,46836.909999999996,Bank Transfer,Full
P007677,INV07677,2024-09-26,20243.22,Bank Transfer,Full
P007678,INV07678,2025-04-20,13233.76,Wire,Full
P007679,INV07679,2026-07-11,10210.59,Credit Card,Partial
P007680,INV07680,2025-04-21,43974.439999999995,Credit Card,Full
P007681,INV07681,2025-11-21,6803.34,Credit Card,Full
P007682,INV07682,2024-12-01,26725.0,Wire,Full
P007683,INV07683,2025-01-17,12715.63,Credit Card,Full
P007684,INV07684,2024-06-26,26474.18,Credit Card,Partial
P007685,INV07685,2025-06-12,42272.67,Wire,Partial
P007686,INV07686,2025-05-04,41637.74,Wire,Full
P007687,INV07687,2024-07-04,53231.28999999999,Bank Transfer,Full
P007688,INV07688,2025-05-19,50303.159999999996,Wire,Full
P007689,INV07689,2024-12-13,41574.18,Credit Card,Partial
P007690,INV07690,2024-08-09,38018.84,Wire,Partial
P007691,INV07691,2024-12-05,52670.68,Credit Card,Full
P007692,INV07692,2025-07-22,45521.0,Wire,Full
P007693,INV07693,2024-07-27,53412.05,Bank Transfer,Full
P007694,INV07694,2026-06-24,0.0,Credit Card,Failed
P007695,INV07695,2026-05-30,0.0,Bank Transfer,Failed
P007696,INV07696,2024-10-14,60571.62,Bank Transfer,Full
P007697,INV07697,2026-05-09,24229.56,Bank Transfer,Full
P007698,INV07698,2024-09-23,13330.44,Bank Transfer,Full
P007699,INV07699,2026-05-30,35226.899999999994,Wire,Full
P007700,INV07700,2024-08-06,30924.77,Wire,Full
P007701,INV07701,2024-09-19,60322.88,Wire,Full
P007702,INV07702,2025-03-28,55046.979999999996,Credit Card,Full
P007703,INV07703,2026-01-11,0.0,Bank Transfer,Failed
P007704,INV07704,2025-10-25,16268.27,Credit Card,Full
P007705,INV07705,2025-01-18,42030.12,Credit Card,Full
P007706,INV07706,2025-11-23,43185.91,Wire,Full
P007707,INV07707,2025-05-07,5571.88,Wire,Full
P007708,INV07708,2024-09-30,8516.23,Credit Card,Partial
P007709,INV07709,2024-06-24,19430.09,Wire,Full
P007710,INV07710,2025-07-17,47238.79,Wire,Full
P007711,INV07711,2026-01-27,28216.44,Credit Card,Full
P007712,INV07712,2025-10-17,32476.23,Wire,Partial
P007713,INV07713,2024-11-10,5960.81,Credit Card,Partial
P007714,INV07714,2026-05-30,38733.33,Credit Card,Full
P007715,INV07715,2026-01-02,51180.19,Bank Transfer,Full
P007716,INV07716,2025-04-05,27413.47,Credit Card,Full
P007717,INV07717,2025-06-18,32262.95,Wire,Full
P007718,INV07718,2024-06-29,24787.06,Credit Card,Full
P007719,INV07719,2024-11-22,31757.12,Bank Transfer,Partial
P007720,INV07720,2024-08-31,26366.23,Bank Transfer,Full
P007721,INV07721,2025-01-30,41450.79,Wire,Full
P007722,INV07722,2026-04-08,40225.81,Bank Transfer,Full
P007723,INV07723,2024-08-04,41364.64,Bank Transfer,Full
P007724,INV07724,2025-07-24,43990.59,Credit Card,Full
P007725,INV07725,2025-11-25,14453.84,Bank Transfer,Partial
P007726,INV07726,2026-01-05,15588.34,Wire,Partial
P007727,INV07727,2025-02-10,27071.97,Credit Card,Full
P007728,INV07728,2026-03-24,0.0,Wire,Failed
P007729,INV07729,2026-05-31,38813.51,Wire,Full
P007730,INV07730,2025-09-13,16216.37,Wire,Full
P007731,INV07731,2024-09-14,15654.189999999999,Bank Transfer,Full
P007732,INV07732,2026-03-01,46773.21,Wire,Full
P007733,INV07733,2025-11-18,54071.2,Credit Card,Full
P007734,INV07734,2025-08-27,11120.68,Bank Transfer,Full
P007735,INV07735,2024-09-14,0.0,Credit Card,Failed
P007736,INV07736,2024-08-10,31779.53,Credit Card,Partial
P007737,INV07737,2026-02-24,42944.34,Wire,Full
P007738,INV07738,2026-05-10,39722.7,Credit Card,Full
P007739,INV07739,2026-01-15,23773.03,Bank Transfer,Full
P007740,INV07740,2024-07-23,18461.09,Wire,Partial
P007741,INV07741,2024-10-08,39363.92,Credit Card,Full
P007742,INV07742,2025-04-30,41863.03,Bank Transfer,Full
P007743,INV07743,2026-05-04,58629.630000000005,Bank Transfer,Full
P007744,INV07744,2024-10-14,22722.16,Bank Transfer,Full
P007745,INV07745,2025-08-05,0.0,Bank Transfer,Failed
P007746,INV07746,2024-11-24,35274.509999999995,Wire,Full
P007747,INV07747,2026-01-09,53457.79,Credit Card,Full
P007748,INV07748,2025-09-22,41511.79,Credit Card,Full
P007749,INV07749,2026-02-11,0.0,Wire,Failed
P007750,INV07750,2026-02-20,0.0,Credit Card,Failed
P007751,INV07751,2025-04-03,0.0,Bank Transfer,Failed
P007752,INV07752,2025-04-08,45275.26,Wire,Full
P007753,INV07753,2025-06-20,31369.29,Wire,Full
P007754,INV07754,2024-10-14,24285.36,Credit Card,Full
P007755,INV07755,2025-10-04,26000.75,Bank Transfer,Full
P007756,INV07756,2024-10-31,24619.510000000002,Wire,Full
P007757,INV07757,2025-04-21,20762.18,Wire,Full
P007758,INV07758,2024-11-21,59237.46000000001,Wire,Full
P007759,INV07759,2025-01-29,11119.44,Credit Card,Partial
P007760,INV07760,2025-09-23,19068.8,Credit Card,Full
P007761,INV07761,2024-07-14,5613.639999999999,Wire,Full
P007762,INV07762,2025-05-19,40189.1,Bank Transfer,Full
P007763,INV07763,2025-04-24,11964.2,Wire,Partial
P007764,INV07764,2026-01-04,49032.299999999996,Wire,Full
P007765,INV07765,2026-03-31,55089.47,Credit Card,Full
P007766,INV07766,2024-12-02,16995.65,Credit Card,Partial
P007767,INV07767,2025-01-01,15038.68,Wire,Full
P007768,INV07768,2025-11-07,0.0,Bank Transfer,Failed
P007769,INV07769,2025-07-06,26422.77,Credit Card,Full
P007770,INV07770,2026-07-05,49808.96,Wire,Full
P007771,INV07771,2025-04-03,48569.840000000004,Credit Card,Full
P007772,INV07772,2024-09-12,10982.88,Wire,Full
P007773,INV07773,2026-07-09,18288.15,Wire,Full
P007774,INV07774,2026-01-28,44880.44,Credit Card,Full
P007775,INV07775,2025-08-16,18132.04,Wire,Full
P007776,INV07776,2024-09-05,34233.34,Credit Card,Full
P007777,INV07777,2025-02-09,59284.5,Wire,Full
P007778,INV07778,2024-09-26,0.0,Credit Card,Failed
P007779,INV07779,2025-09-04,49236.780000000006,Wire,Full
P007780,INV07780,2025-05-16,21625.7,Credit Card,Full
P007781,INV07781,2025-02-19,7218.86,Wire,Partial
P007782,INV07782,2024-08-01,11135.02,Wire,Full
P007783,INV07783,2024-09-02,57423.649999999994,Credit Card,Full
P007784,INV07784,2026-01-29,60535.1,Bank Transfer,Full
P007785,INV07785,2025-08-09,12433.51,Wire,Full
P007786,INV07786,2025-03-01,0.0,Wire,Failed
P007787,INV07787,2025-05-24,0.0,Bank Transfer,Failed
P007788,INV07788,2026-01-16,0.0,Bank Transfer,Failed
P007789,INV07789,2025-07-30,11186.78,Bank Transfer,Partial
P007790,INV07790,2025-06-22,16417.42,Wire,Full
P007791,INV07791,2024-06-21,41860.37,Bank Transfer,Full
P007792,INV07792,2026-03-24,0.0,Bank Transfer,Failed
P007793,INV07793,2026-05-05,15920.650000000001,Wire,Full
P007794,INV07794,2026-02-03,60541.939999999995,Bank Transfer,Full
P007795,INV07795,2025-02-12,0.0,Credit Card,Failed
P007796,INV07796,2026-03-18,56810.270000000004,Bank Transfer,Full
P007797,INV07797,2024-07-31,8666.63,Credit Card,Full
P007798,INV07798,2025-02-10,17606.75,Bank Transfer,Full
P007799,INV07799,2025-01-25,18598.43,Credit Card,Partial
P007800,INV07800,2024-09-14,15712.130000000001,Credit Card,Full
P007801,INV07801,2026-05-09,56045.69,Bank Transfer,Full
P007802,INV07802,2025-10-04,15188.810000000001,Wire,Full
P007803,INV07803,2026-04-19,7205.75,Wire,Partial
P007804,INV07804,2025-03-19,44025.409999999996,Wire,Full
P007805,INV07805,2026-04-10,17821.22,Credit Card,Full
P007806,INV07806,2026-01-18,21152.17,Bank Transfer,Full
P007807,INV07807,2025-07-06,17501.59,Wire,Partial
P007808,INV07808,2025-05-01,59566.08,Credit Card,Full
P007809,INV07809,2026-02-26,10038.19,Wire,Partial
P007810,INV07810,2024-12-04,17409.92,Wire,Partial
P007811,INV07811,2025-12-21,31802.78,Bank Transfer,Full
P007812,INV07812,2026-02-10,12071.24,Bank Transfer,Partial
P007813,INV07813,2026-02-10,11706.77,Wire,Partial
P007814,INV07814,2026-01-06,23544.25,Wire,Full
P007815,INV07815,2024-08-15,11194.81,Wire,Partial
P007816,INV07816,2026-07-10,31917.49,Bank Transfer,Full
P007817,INV07817,2025-04-21,23990.260000000002,Credit Card,Full
P007818,INV07818,2024-12-04,58185.8,Credit Card,Full
P007819,INV07819,2025-02-18,19206.08,Bank Transfer,Full
P007820,INV07820,2026-02-25,37216.17,Wire,Full
P007821,INV07821,2026-03-07,42284.34,Wire,Partial
P007822,INV07822,2025-02-21,18130.26,Bank Transfer,Partial
P007823,INV07823,2024-10-12,58081.880000000005,Bank Transfer,Full
P007824,INV07824,2025-02-12,0.0,Bank Transfer,Failed
P007825,INV07825,2026-01-04,56424.6,Bank Transfer,Full
P007826,INV07826,2025-08-03,48752.659999999996,Credit Card,Full
P007827,INV07827,2024-11-02,54095.89,Credit Card,Full
P007828,INV07828,2024-06-30,41427.87,Bank Transfer,Full
P007829,INV07829,2024-11-26,49702.299999999996,Credit Card,Full
P007830,INV07830,2026-05-07,57116.93,Wire,Full
P007831,INV07831,2025-05-25,22618.2,Wire,Partial
P007832,INV07832,2025-04-16,30352.239999999998,Wire,Full
P007833,INV07833,2026-05-21,57344.299999999996,Bank Transfer,Full
P007834,INV07834,2025-12-23,6163.4,Wire,Partial
P007835,INV07835,2025-09-10,37633.479999999996,Wire,Full
P007836,INV07836,2024-08-03,11600.79,Bank Transfer,Partial
P007837,INV07837,2024-11-21,22805.63,Credit Card,Partial
P007838,INV07838,2026-06-14,55124.86,Bank Transfer,Full
P007839,INV07839,2025-05-01,18693.620000000003,Bank Transfer,Full
P007840,INV07840,2025-04-16,48517.67,Credit Card,Full
P007841,INV07841,2026-05-22,43740.32,Credit Card,Partial
P007842,INV07842,2025-01-23,32863.42,Wire,Full
P007843,INV07843,2026-06-22,23822.0,Wire,Full
P007844,INV07844,2025-10-09,55393.0,Wire,Full
P007845,INV07845,2026-02-12,19151.41,Bank Transfer,Full
P007846,INV07846,2024-12-04,40524.89,Wire,Full
P007847,INV07847,2025-09-01,40142.04,Credit Card,Full
P007848,INV07848,2025-08-27,15628.27,Bank Transfer,Full
P007849,INV07849,2025-12-10,42966.719999999994,Wire,Full
P007850,INV07850,2025-09-22,20239.809999999998,Wire,Full
P007851,INV07851,2025-12-25,48537.200000000004,Wire,Full
P007852,INV07852,2025-12-23,37395.64,Credit Card,Full
P007853,INV07853,2025-11-06,19845.559999999998,Wire,Full
P007854,INV07854,2025-09-08,0.0,Wire,Failed
P007855,INV07855,2025-08-03,15611.83,Credit Card,Partial
P007856,INV07856,2026-02-01,0.0,Wire,Failed
P007857,INV07857,2025-04-06,14587.39,Credit Card,Full
P007858,INV07858,2024-10-16,54865.049999999996,Wire,Full
P007859,INV07859,2026-06-23,37221.24,Wire,Full
P007860,INV07860,2025-02-14,0.0,Credit Card,Failed
P007861,INV07861,2026-02-09,18874.47,Credit Card,Partial
P007862,INV07862,2024-10-16,30146.440000000002,Bank Transfer,Full
P007863,INV07863,2025-10-17,20756.75,Bank Transfer,Partial
P007864,INV07864,2024-12-21,18955.41,Bank Transfer,Full
P007865,INV07865,2026-04-09,21315.04,Bank Transfer,Full
P007866,INV07866,2025-05-26,52389.14,Wire,Full
P007867,INV07867,2025-05-12,35906.32,Credit Card,Full
P007868,INV07868,2025-03-29,38496.88,Bank Transfer,Full
P007869,INV07869,2024-11-03,53037.97,Bank Transfer,Full
P007870,INV07870,2024-12-30,0.0,Credit Card,Failed
P007871,INV07871,2026-05-26,23169.72,Credit Card,Full
P007872,INV07872,2025-06-25,28189.309999999998,Credit Card,Full
P007873,INV07873,2026-07-08,8308.7,Wire,Partial
P007874,INV07874,2025-03-14,9055.45,Bank Transfer,Full
P007875,INV07875,2026-03-13,22367.7,Bank Transfer,Full
P007876,INV07876,2024-09-17,55158.53,Wire,Full
P007877,INV07877,2025-03-09,19963.71,Wire,Partial
P007878,INV07878,2026-03-23,0.0,Credit Card,Failed
P007879,INV07879,2026-03-26,0.0,Bank Transfer,Failed
P007880,INV07880,2025-12-20,27099.88,Bank Transfer,Partial
P007881,INV07881,2024-07-19,6030.37,Wire,Partial
P007882,INV07882,2025-07-24,35397.06,Bank Transfer,Full
P007883,INV07883,2024-08-19,35825.71,Credit Card,Full
P007884,INV07884,2024-12-15,16521.25,Credit Card,Partial
P007885,INV07885,2025-09-05,26215.58,Wire,Full
P007886,INV07886,2026-02-23,48166.6,Wire,Full
P007887,INV07887,2024-12-12,5508.700000000001,Bank Transfer,Full
P007888,INV07888,2026-02-08,32583.760000000002,Wire,Full
P007889,INV07889,2025-05-13,28616.32,Wire,Partial
P007890,INV07890,2025-07-18,13038.97,Bank Transfer,Full
P007891,INV07891,2024-10-08,14033.02,Bank Transfer,Partial
P007892,INV07892,2025-03-04,43844.85,Wire,Full
P007893,INV07893,2024-09-25,19269.6,Credit Card,Full
P007894,INV07894,2025-02-09,37139.43,Credit Card,Full
P007895,INV07895,2025-04-12,36520.36,Credit Card,Full
P007896,INV07896,2025-07-21,49764.09,Wire,Full
P007897,INV07897,2025-01-15,32003.52,Credit Card,Full
P007898,INV07898,2025-02-10,11529.57,Bank Transfer,Partial
P007899,INV07899,2025-09-27,22322.63,Credit Card,Full
P007900,INV07900,2024-07-05,31819.21,Wire,Full
P007901,INV07901,2024-09-06,22053.079999999998,Credit Card,Full
P007902,INV07902,2024-12-08,26237.8,Bank Transfer,Full
P007903,INV07903,2025-12-08,48526.9,Wire,Full
P007904,INV07904,2025-06-04,42847.45,Wire,Full
P007905,INV07905,2025-03-21,24044.27,Credit Card,Full
P007906,INV07906,2026-04-06,23554.26,Bank Transfer,Partial
P007907,INV07907,2025-03-20,30744.67,Wire,Full
P007908,INV07908,2025-11-01,50972.770000000004,Wire,Full
P007909,INV07909,2025-04-16,5904.5,Credit Card,Partial
P007910,INV07910,2025-07-30,25802.82,Credit Card,Full
P007911,INV07911,2025-04-14,46172.85,Credit Card,Full
P007912,INV07912,2025-10-11,18756.0,Wire,Full
P007913,INV07913,2025-01-20,24633.68,Wire,Partial
P007914,INV07914,2025-03-10,21557.510000000002,Bank Transfer,Full
P007915,INV07915,2026-07-01,47067.15,Bank Transfer,Full
P007916,INV07916,2024-08-23,47215.549999999996,Wire,Full
P007917,INV07917,2025-10-05,45793.11,Credit Card,Full
P007918,INV07918,2026-07-07,10777.21,Bank Transfer,Partial
P007919,INV07919,2025-05-15,18437.96,Credit Card,Partial
P007920,INV07920,2026-05-02,41738.76,Bank Transfer,Full
P007921,INV07921,2024-12-17,48767.05,Credit Card,Full
P007922,INV07922,2026-03-02,21553.73,Bank Transfer,Full
P007923,INV07923,2024-08-04,52692.32000000001,Bank Transfer,Full
P007924,INV07924,2026-07-12,33280.78,Credit Card,Full
P007925,INV07925,2025-12-19,20813.32,Wire,Partial
P007926,INV07926,2025-07-15,22999.420000000002,Wire,Full
P007927,INV07927,2025-11-15,50819.78,Wire,Full
P007928,INV07928,2025-11-19,53348.42999999999,Wire,Full
P007929,INV07929,2026-01-18,50557.490000000005,Credit Card,Full
P007930,INV07930,2024-12-22,5517.06,Wire,Partial
P007931,INV07931,2025-10-18,38464.49,Credit Card,Partial
P007932,INV07932,2025-06-22,56670.11,Bank Transfer,Full
P007933,INV07933,2025-12-11,16854.69,Wire,Partial
P007934,INV07934,2025-03-07,36128.75,Credit Card,Full
P007935,INV07935,2024-07-21,45659.43,Bank Transfer,Full
P007936,INV07936,2026-06-16,34132.59,Credit Card,Full
P007937,INV07937,2026-06-13,9446.7,Credit Card,Partial
P007938,INV07938,2025-01-31,8334.07,Bank Transfer,Partial
P007939,INV07939,2025-09-30,29574.32,Credit Card,Partial
P007940,INV07940,2025-06-03,0.0,Bank Transfer,Failed
P007941,INV07941,2024-07-28,14856.41,Bank Transfer,Full
P007942,INV07942,2024-08-22,30090.08,Credit Card,Full
P007943,INV07943,2025-09-12,0.0,Wire,Failed
P007944,INV07944,2024-12-18,15538.91,Wire,Full
P007945,INV07945,2025-03-17,28794.28,Credit Card,Full
P007946,INV07946,2024-10-04,57453.399999999994,Wire,Full
P007947,INV07947,2025-05-14,0.0,Bank Transfer,Failed
P007948,INV07948,2024-10-27,36314.56,Credit Card,Full
P007949,INV07949,2026-05-18,33416.08,Bank Transfer,Partial
P007950,INV07950,2024-07-20,13452.79,Bank Transfer,Full
P007951,INV07951,2025-12-08,23041.54,Credit Card,Full
P007952,INV07952,2024-12-31,18475.54,Bank Transfer,Full
P007953,INV07953,2026-05-26,10673.1,Bank Transfer,Partial
P007954,INV07954,2025-06-15,9674.48,Credit Card,Partial
P007955,INV07955,2024-07-11,37847.47,Bank Transfer,Full
P007956,INV07956,2026-01-27,37199.03,Wire,Full
P007957,INV07957,2024-07-27,21175.47,Bank Transfer,Full
P007958,INV07958,2026-06-19,43507.63,Bank Transfer,Full
P007959,INV07959,2025-04-19,5133.0,Wire,Partial
P007960,INV07960,2025-06-06,31688.29,Credit Card,Full
P007961,INV07961,2026-06-11,8923.26,Credit Card,Partial
P007962,INV07962,2025-09-06,24779.41,Wire,Full
P007963,INV07963,2024-09-15,23287.32,Credit Card,Full
P007964,INV07964,2026-06-08,46062.29,Credit Card,Full
P007965,INV07965,2025-05-22,39582.4,Credit Card,Full
P007966,INV07966,2024-11-07,15156.5,Wire,Full
P007967,INV07967,2025-12-03,25159.72,Credit Card,Full
P007968,INV07968,2026-02-01,20839.89,Credit Card,Full
P007969,INV07969,2025-07-07,16262.4,Bank Transfer,Full
P007970,INV07970,2025-01-14,48688.72,Credit Card,Full
P007971,INV07971,2025-11-13,10653.5,Bank Transfer,Partial
P007972,INV07972,2024-07-24,40447.229999999996,Credit Card,Full
P007973,INV07973,2024-11-07,51392.29,Credit Card,Full
P007974,INV07974,2025-07-31,10004.85,Bank Transfer,Partial
P007975,INV07975,2024-11-08,43049.200000000004,Bank Transfer,Full
P007976,INV07976,2025-10-10,25959.18,Bank Transfer,Partial
P007977,INV07977,2026-01-11,10705.130000000001,Credit Card,Full
P007978,INV07978,2025-07-15,30744.54,Bank Transfer,Full
P007979,INV07979,2025-10-24,18388.27,Bank Transfer,Full
P007980,INV07980,2026-03-31,12135.2,Credit Card,Partial
P007981,INV07981,2026-01-07,30411.07,Wire,Full
P007982,INV07982,2025-05-17,53508.67,Wire,Full
P007983,INV07983,2026-03-14,33591.5,Credit Card,Full
P007984,INV07984,2025-04-23,28544.67,Credit Card,Partial
P007985,INV07985,2025-07-21,16753.46,Wire,Full
P007986,INV07986,2026-05-16,56845.36,Credit Card,Full
P007987,INV07987,2025-01-12,26633.33,Credit Card,Full
P007988,INV07988,2024-12-05,36376.259999999995,Credit Card,Full
P007989,INV07989,2025-11-27,27108.27,Credit Card,Partial
P007990,INV07990,2024-08-19,39321.7,Bank Transfer,Partial
P007991,INV07991,2024-07-11,57461.36,Bank Transfer,Full
P007992,INV07992,2024-07-16,15990.119999999999,Wire,Full
P007993,INV07993,2025-03-11,57099.34,Bank Transfer,Full
P007994,INV07994,2025-04-07,33683.08,Wire,Full
P007995,INV07995,2026-05-10,44023.25,Bank Transfer,Full
P007996,INV07996,2025-06-19,0.0,Wire,Failed
P007997,INV07997,2025-06-24,5338.18,Credit Card,Partial
P007998,INV07998,2026-06-10,49726.74,Wire,Full
P007999,INV07999,2024-10-15,45510.630000000005,Bank Transfer,Full
P008000,INV08000,2025-12-31,0.0,Credit Card,Failed
P008001,INV08001,2025-08-14,35763.84,Credit Card,Full
P008002,INV08002,2026-06-20,20105.1,Credit Card,Full
P008003,INV08003,2024-07-25,15636.0,Bank Transfer,Full
P008004,INV08004,2026-06-10,39425.54,Credit Card,Full
P008005,INV08005,2026-02-19,18623.44,Bank Transfer,Partial
P008006,INV08006,2026-04-11,22992.04,Wire,Full
P008007,INV08007,2025-03-21,22774.03,Credit Card,Full
P008008,INV08008,2025-07-25,3824.71,Credit Card,Full
P008009,INV08009,2026-01-11,47662.31,Credit Card,Full
P008010,INV08010,2025-02-12,36612.7,Bank Transfer,Partial
P008011,INV08011,2024-11-30,35026.42,Credit Card,Full
P008012,INV08012,2025-02-16,49577.04,Wire,Full
P008013,INV08013,2025-12-24,17337.09,Bank Transfer,Full
P008014,INV08014,2025-08-01,4292.73,Credit Card,Partial
P008015,INV08015,2025-02-18,27853.08,Bank Transfer,Full
P008016,INV08016,2026-04-09,21647.71,Bank Transfer,Full
P008017,INV08017,2026-02-17,15179.46,Bank Transfer,Full
P008018,INV08018,2026-05-08,17039.01,Bank Transfer,Partial
P008019,INV08019,2025-11-14,18900.38,Bank Transfer,Full
P008020,INV08020,2025-06-22,12903.04,Credit Card,Partial
P008021,INV08021,2025-01-11,26658.37,Bank Transfer,Full
P008022,INV08022,2025-10-18,11693.130000000001,Credit Card,Full
P008023,INV08023,2025-12-13,19291.43,Credit Card,Partial
P008024,INV08024,2024-11-11,7818.4,Wire,Full
P008025,INV08025,2026-01-13,0.0,Credit Card,Failed
P008026,INV08026,2026-04-28,0.0,Bank Transfer,Failed
P008027,INV08027,2025-06-04,41203.22,Bank Transfer,Full
P008028,INV08028,2024-08-22,58972.649999999994,Credit Card,Full
P008029,INV08029,2026-06-02,41445.9,Wire,Full
P008030,INV08030,2026-03-14,41478.55,Wire,Full
P008031,INV08031,2024-12-02,34155.600000000006,Credit Card,Full
P008032,INV08032,2025-07-30,53618.18,Credit Card,Full
P008033,INV08033,2025-03-20,57736.61,Wire,Full
P008034,INV08034,2024-12-25,20093.85,Wire,Full
P008035,INV08035,2026-05-02,0.0,Wire,Failed
P008036,INV08036,2025-02-15,28345.29,Credit Card,Full
P008037,INV08037,2025-11-28,8433.44,Credit Card,Full
P008038,INV08038,2025-06-08,24849.17,Credit Card,Partial
P008039,INV08039,2026-01-02,39270.47,Wire,Full
P008040,INV08040,2024-07-08,42609.44,Bank Transfer,Full
P008041,INV08041,2026-04-20,28418.14,Bank Transfer,Full
P008042,INV08042,2024-06-29,20597.74,Wire,Full
P008043,INV08043,2026-05-10,24971.81,Wire,Partial
P008044,INV08044,2024-11-19,22403.489999999998,Bank Transfer,Full
P008045,INV08045,2025-11-29,28924.3,Bank Transfer,Full
P008046,INV08046,2025-10-12,56146.87,Credit Card,Full
P008047,INV08047,2026-03-02,9462.44,Bank Transfer,Full
P008048,INV08048,2026-02-03,39751.47,Wire,Full
P008049,INV08049,2024-10-25,12667.2,Bank Transfer,Partial
P008050,INV08050,2025-08-19,22308.59,Credit Card,Partial
P008051,INV08051,2026-04-07,55466.6,Credit Card,Full
P008052,INV08052,2026-01-09,22068.49,Bank Transfer,Partial
P008053,INV08053,2024-11-25,11528.68,Wire,Full
P008054,INV08054,2025-02-27,40832.98,Wire,Full
P008055,INV08055,2025-10-02,11264.29,Bank Transfer,Partial
P008056,INV08056,2026-01-04,25688.39,Bank Transfer,Partial
P008057,INV08057,2025-07-12,0.0,Bank Transfer,Failed
P008058,INV08058,2026-03-24,5243.57,Wire,Full
P008059,INV08059,2026-04-09,26994.77,Wire,Partial
P008060,INV08060,2025-07-10,12830.83,Credit Card,Partial
P008061,INV08061,2025-06-13,50293.590000000004,Bank Transfer,Full
P008062,INV08062,2026-03-13,26709.42,Bank Transfer,Full
P008063,INV08063,2024-08-23,32536.31,Credit Card,Full
P008064,INV08064,2025-02-01,0.0,Wire,Failed
P008065,INV08065,2025-06-22,17427.17,Credit Card,Partial
P008066,INV08066,2025-09-06,21685.24,Bank Transfer,Partial
P008067,INV08067,2025-11-14,56415.9,Wire,Full
P008068,INV08068,2026-05-06,45647.94,Bank Transfer,Full
P008069,INV08069,2026-06-22,32086.0,Wire,Full
P008070,INV08070,2026-01-13,25255.13,Credit Card,Full
P008071,INV08071,2026-06-25,48146.16,Bank Transfer,Full
P008072,INV08072,2024-09-29,44580.08,Credit Card,Full
P008073,INV08073,2025-08-12,52164.759999999995,Bank Transfer,Full
P008074,INV08074,2025-03-09,30592.32,Credit Card,Full
P008075,INV08075,2026-03-26,41293.75,Wire,Full
P008076,INV08076,2025-10-01,28377.78,Credit Card,Partial
P008077,INV08077,2025-10-20,0.0,Credit Card,Failed
P008078,INV08078,2026-06-07,12038.09,Credit Card,Partial
P008079,INV08079,2026-02-11,29411.980000000003,Credit Card,Full
P008080,INV08080,2024-06-17,30099.21,Bank Transfer,Full
P008081,INV08081,2026-01-07,17878.93,Credit Card,Full
P008082,INV08082,2026-01-23,47446.12,Credit Card,Full
P008083,INV08083,2025-05-18,21231.85,Wire,Partial
P008084,INV08084,2026-02-25,30344.0,Credit Card,Full
P008085,INV08085,2024-11-30,0.0,Credit Card,Failed
P008086,INV08086,2025-12-15,50976.02,Wire,Full
P008087,INV08087,2025-08-27,22021.510000000002,Bank Transfer,Full
P008088,INV08088,2025-09-28,14101.46,Bank Transfer,Full
P008089,INV08089,2025-02-08,46030.31,Credit Card,Full
P008090,INV08090,2024-10-10,0.0,Credit Card,Failed
P008091,INV08091,2024-12-15,33142.96,Bank Transfer,Full
P008092,INV08092,2026-05-13,49822.090000000004,Credit Card,Full
P008093,INV08093,2025-10-16,19006.8,Credit Card,Partial
P008094,INV08094,2026-02-26,45230.63,Bank Transfer,Partial
P008095,INV08095,2026-03-13,47745.35,Bank Transfer,Full
P008096,INV08096,2024-08-19,25537.06,Bank Transfer,Partial
P008097,INV08097,2025-05-25,42644.04,Bank Transfer,Full
P008098,INV08098,2024-08-20,38489.92,Bank Transfer,Full
P008099,INV08099,2026-05-28,0.0,Wire,Failed
P008100,INV08100,2025-08-04,14652.34,Bank Transfer,Full
P008101,INV08101,2025-08-20,47623.83,Credit Card,Full
P008102,INV08102,2026-04-24,29665.99,Wire,Full
P008103,INV08103,2025-04-20,0.0,Wire,Failed
P008104,INV08104,2026-05-08,0.0,Bank Transfer,Failed
P008105,INV08105,2026-04-14,23981.79,Wire,Full
P008106,INV08106,2025-10-17,58121.99,Wire,Full
P008107,INV08107,2026-05-03,56095.62,Wire,Full
P008108,INV08108,2024-12-01,28955.29,Wire,Full
P008109,INV08109,2025-08-01,30478.39,Credit Card,Full
P008110,INV08110,2025-03-15,42567.799999999996,Bank Transfer,Full
P008111,INV08111,2026-01-26,47056.28,Bank Transfer,Full
P008112,INV08112,2024-08-25,45403.55,Wire,Full
P008113,INV08113,2024-11-14,17483.35,Wire,Full
P008114,INV08114,2025-11-08,9655.75,Wire,Full
P008115,INV08115,2024-12-21,54940.14,Wire,Full
P008116,INV08116,2024-10-01,8480.56,Bank Transfer,Full
P008117,INV08117,2025-12-16,19743.16,Credit Card,Partial
P008118,INV08118,2024-08-06,19173.76,Wire,Partial
P008119,INV08119,2025-04-21,58630.71,Bank Transfer,Full
P008120,INV08120,2024-12-24,0.0,Bank Transfer,Failed
P008121,INV08121,2024-11-18,50712.130000000005,Bank Transfer,Full
P008122,INV08122,2025-11-03,13395.01,Credit Card,Full
P008123,INV08123,2025-04-21,40996.42,Credit Card,Full
P008124,INV08124,2025-12-24,13935.36,Bank Transfer,Full
P008125,INV08125,2026-04-08,32555.699999999997,Bank Transfer,Full
P008126,INV08126,2025-12-07,28698.33,Wire,Full
P008127,INV08127,2024-10-19,8215.33,Bank Transfer,Partial
P008128,INV08128,2026-06-24,15061.6,Wire,Full
P008129,INV08129,2024-10-08,48667.2,Credit Card,Full
P008130,INV08130,2025-08-02,41900.62,Wire,Full
P008131,INV08131,2025-08-27,28011.99,Wire,Full
P008132,INV08132,2025-06-08,28777.64,Credit Card,Full
P008133,INV08133,2026-01-17,27861.06,Credit Card,Full
P008134,INV08134,2024-07-02,29323.0,Wire,Partial
P008135,INV08135,2024-11-03,37740.89,Bank Transfer,Full
P008136,INV08136,2025-06-13,0.0,Bank Transfer,Failed
P008137,INV08137,2026-06-18,52030.39,Credit Card,Full
P008138,INV08138,2024-06-05,60784.81,Wire,Full
P008139,INV08139,2024-07-22,51826.76,Bank Transfer,Full
P008140,INV08140,2026-03-05,9036.9,Credit Card,Full
P008141,INV08141,2025-03-22,36027.66,Credit Card,Full
P008142,INV08142,2024-08-29,15323.43,Wire,Full
P008143,INV08143,2024-09-25,5391.87,Wire,Partial
P008144,INV08144,2025-11-07,30129.410000000003,Credit Card,Full
P008145,INV08145,2024-09-30,19522.14,Credit Card,Partial
P008146,INV08146,2026-05-15,17772.96,Bank Transfer,Full
P008147,INV08147,2026-03-11,54089.36,Credit Card,Full
P008148,INV08148,2025-04-16,57301.25,Bank Transfer,Full
P008149,INV08149,2026-03-12,22658.43,Credit Card,Full
P008150,INV08150,2026-04-28,20938.05,Credit Card,Full
P008151,INV08151,2026-02-26,0.0,Wire,Failed
P008152,INV08152,2025-04-29,0.0,Bank Transfer,Failed
P008153,INV08153,2026-05-27,27167.409999999996,Credit Card,Full
P008154,INV08154,2026-04-06,35270.96,Wire,Full
P008155,INV08155,2025-02-17,9079.64,Wire,Full
P008156,INV08156,2026-03-27,0.0,Bank Transfer,Failed
P008157,INV08157,2025-01-27,22613.3,Wire,Full
P008158,INV08158,2024-11-29,31418.98,Credit Card,Partial
P008159,INV08159,2025-04-25,29705.8,Wire,Partial
P008160,INV08160,2024-09-20,15678.79,Wire,Full
P008161,INV08161,2025-10-24,0.0,Wire,Failed
P008162,INV08162,2025-01-04,11252.03,Bank Transfer,Full
P008163,INV08163,2024-09-18,54452.28,Wire,Full
P008164,INV08164,2026-05-25,46804.090000000004,Bank Transfer,Full
P008165,INV08165,2025-09-18,42536.25,Wire,Full
P008166,INV08166,2026-01-24,23664.86,Bank Transfer,Full
P008167,INV08167,2025-06-27,12886.73,Bank Transfer,Full
P008168,INV08168,2025-04-03,17331.2,Credit Card,Partial
P008169,INV08169,2024-08-25,0.0,Credit Card,Failed
P008170,INV08170,2024-08-05,32148.71,Wire,Full
P008171,INV08171,2024-09-13,14849.45,Credit Card,Partial
P008172,INV08172,2025-09-17,0.0,Bank Transfer,Failed
P008173,INV08173,2024-12-06,30504.93,Credit Card,Partial
P008174,INV08174,2024-10-12,7684.77,Credit Card,Full
P008175,INV08175,2025-01-26,0.0,Credit Card,Failed
P008176,INV08176,2026-04-07,39508.69,Bank Transfer,Partial
P008177,INV08177,2025-10-01,9498.04,Wire,Full
P008178,INV08178,2026-01-27,46261.28,Wire,Full
P008179,INV08179,2024-11-15,0.0,Wire,Failed
P008180,INV08180,2024-12-14,44909.87,Bank Transfer,Full
P008181,INV08181,2026-01-31,27350.460000000003,Credit Card,Full
P008182,INV08182,2024-08-21,16993.33,Bank Transfer,Partial
P008183,INV08183,2025-05-14,10213.79,Wire,Partial
P008184,INV08184,2026-04-27,0.0,Bank Transfer,Failed
P008185,INV08185,2025-10-20,44458.25,Bank Transfer,Full
P008186,INV08186,2024-08-14,23774.49,Wire,Full
P008187,INV08187,2024-09-16,49181.97,Bank Transfer,Full
P008188,INV08188,2025-08-01,17985.11,Wire,Partial
P008189,INV08189,2025-02-23,29231.23,Bank Transfer,Full
P008190,INV08190,2025-08-23,36131.810000000005,Bank Transfer,Full
P008191,INV08191,2026-01-10,5951.94,Credit Card,Partial
P008192,INV08192,2025-12-24,44932.850000000006,Credit Card,Full
P008193,INV08193,2024-07-17,40749.19,Bank Transfer,Full
P008194,INV08194,2026-01-29,28254.1,Credit Card,Full
P008195,INV08195,2025-02-08,7392.19,Wire,Partial
P008196,INV08196,2025-10-06,44715.78,Wire,Full
P008197,INV08197,2024-11-27,53335.97,Bank Transfer,Full
P008198,INV08198,2026-03-09,21026.45,Bank Transfer,Full
P008199,INV08199,2024-10-29,40255.47,Bank Transfer,Full
P008200,INV08200,2025-09-12,0.0,Wire,Failed
P008201,INV08201,2025-05-07,50474.98,Bank Transfer,Full
P008202,INV08202,2026-03-15,18058.47,Wire,Full
P008203,INV08203,2025-09-18,11583.61,Bank Transfer,Full
P008204,INV08204,2024-08-06,0.0,Credit Card,Failed
P008205,INV08205,2025-03-25,0.0,Bank Transfer,Failed
P008206,INV08206,2024-09-13,5353.8,Wire,Partial
P008207,INV08207,2024-12-31,53398.78999999999,Credit Card,Full
P008208,INV08208,2025-07-21,33647.17,Credit Card,Full
P008209,INV08209,2026-05-22,24449.81,Wire,Partial
P008210,INV08210,2026-04-13,0.0,Credit Card,Failed
P008211,INV08211,2026-04-05,23760.36,Bank Transfer,Full
P008212,INV08212,2025-10-20,37431.28,Credit Card,Partial
P008213,INV08213,2026-03-18,60339.64,Wire,Full
P008214,INV08214,2025-03-02,13384.28,Bank Transfer,Full
P008215,INV08215,2025-11-26,55596.3,Wire,Full
P008216,INV08216,2025-01-20,13745.3,Bank Transfer,Full
P008217,INV08217,2024-08-29,40575.73,Credit Card,Full
P008218,INV08218,2024-07-13,22090.14,Credit Card,Partial
P008219,INV08219,2025-11-22,39627.94,Wire,Full
P008220,INV08220,2024-07-24,12742.94,Wire,Full
P008221,INV08221,2025-06-22,35390.34,Bank Transfer,Full
P008222,INV08222,2024-09-29,36981.52,Credit Card,Partial
P008223,INV08223,2025-03-13,16513.75,Wire,Partial
P008224,INV08224,2025-08-21,28786.88,Credit Card,Full
P008225,INV08225,2024-10-28,48366.27,Wire,Full
P008226,INV08226,2025-02-10,31503.33,Bank Transfer,Full
P008227,INV08227,2026-03-15,22349.01,Wire,Full
P008228,INV08228,2025-02-25,42014.7,Wire,Full
P008229,INV08229,2026-02-14,31212.84,Bank Transfer,Full
P008230,INV08230,2026-03-10,60228.75,Wire,Full
P008231,INV08231,2025-04-29,0.0,Bank Transfer,Failed
P008232,INV08232,2025-08-24,50970.47,Wire,Full
P008233,INV08233,2024-08-29,22925.33,Wire,Full
P008234,INV08234,2025-06-26,46070.97,Bank Transfer,Full
P008235,INV08235,2025-08-14,46154.65,Wire,Full
P008236,INV08236,2026-06-18,15037.2,Credit Card,Partial
P008237,INV08237,2025-08-04,42344.020000000004,Wire,Full
P008238,INV08238,2025-10-09,0.0,Bank Transfer,Failed
P008239,INV08239,2026-01-26,31668.41,Wire,Partial
P008240,INV08240,2024-07-17,5182.94,Bank Transfer,Partial
P008241,INV08241,2024-07-28,0.0,Credit Card,Failed
P008242,INV08242,2025-09-22,15920.01,Credit Card,Full
P008243,INV08243,2025-03-24,53148.740000000005,Bank Transfer,Full
P008244,INV08244,2026-04-27,15594.42,Bank Transfer,Full
P008245,INV08245,2025-07-07,39714.32,Wire,Full
P008246,INV08246,2025-07-28,34844.83,Wire,Full
P008247,INV08247,2025-03-27,15382.46,Credit Card,Partial
P008248,INV08248,2026-05-23,8485.4,Wire,Full
P008249,INV08249,2025-03-10,8943.25,Bank Transfer,Partial
P008250,INV08250,2024-09-17,50681.92,Bank Transfer,Full
P008251,INV08251,2025-09-23,47526.64,Credit Card,Full
P008252,INV08252,2025-09-20,44113.17,Wire,Full
P008253,INV08253,2024-11-15,26968.78,Wire,Partial
P008254,INV08254,2025-02-15,56919.33,Credit Card,Full
P008255,INV08255,2025-03-22,0.0,Bank Transfer,Failed
P008256,INV08256,2025-09-18,23176.11,Bank Transfer,Partial
P008257,INV08257,2025-10-19,12797.11,Bank Transfer,Partial
P008258,INV08258,2025-05-09,28130.78,Wire,Full
P008259,INV08259,2024-08-08,29828.64,Wire,Full
P008260,INV08260,2024-10-14,40426.33,Bank Transfer,Full
P008261,INV08261,2025-06-22,0.0,Bank Transfer,Failed
P008262,INV08262,2025-04-24,13541.67,Wire,Partial
P008263,INV08263,2025-05-01,12889.27,Credit Card,Full
P008264,INV08264,2025-12-27,18146.29,Bank Transfer,Full
P008265,INV08265,2025-05-18,25793.92,Wire,Partial
P008266,INV08266,2025-09-29,60176.53999999999,Bank Transfer,Full
P008267,INV08267,2026-04-24,9638.83,Credit Card,Full
P008268,INV08268,2025-08-31,29556.15,Wire,Full
P008269,INV08269,2026-02-09,37756.56,Wire,Full
P008270,INV08270,2026-03-15,21457.1,Wire,Full
P008271,INV08271,2025-02-21,17232.25,Bank Transfer,Full
P008272,INV08272,2024-06-29,50303.53,Wire,Full
P008273,INV08273,2024-12-06,39505.95,Wire,Full
P008274,INV08274,2025-12-24,29220.739999999998,Bank Transfer,Full
P008275,INV08275,2025-02-04,0.0,Credit Card,Failed
P008276,INV08276,2025-06-04,29558.11,Wire,Partial
P008277,INV08277,2024-11-05,39893.71,Wire,Full
P008278,INV08278,2025-06-06,28511.33,Bank Transfer,Full
P008279,INV08279,2024-12-01,14220.17,Wire,Full
P008280,INV08280,2025-11-16,31406.690000000002,Wire,Full
P008281,INV08281,2024-07-28,14432.08,Bank Transfer,Full
P008282,INV08282,2025-05-14,43508.24,Wire,Full
P008283,INV08283,2026-02-02,54310.79,Wire,Full
P008284,INV08284,2026-04-16,32689.550000000003,Wire,Full
P008285,INV08285,2024-11-03,14970.25,Credit Card,Partial
P008286,INV08286,2024-10-21,60268.619999999995,Bank Transfer,Full
P008287,INV08287,2025-08-28,3710.26,Bank Transfer,Partial
P008288,INV08288,2025-03-08,7175.92,Wire,Full
P008289,INV08289,2025-11-07,28090.02,Credit Card,Full
P008290,INV08290,2026-02-26,39376.1,Credit Card,Full
P008291,INV08291,2026-01-02,19904.69,Bank Transfer,Full
P008292,INV08292,2026-05-20,28234.949999999997,Credit Card,Full
P008293,INV08293,2025-07-01,22017.54,Bank Transfer,Full
P008294,INV08294,2025-06-11,9567.65,Wire,Partial
P008295,INV08295,2025-12-06,8638.13,Credit Card,Partial
P008296,INV08296,2026-02-18,49690.47,Wire,Full
P008297,INV08297,2025-05-29,22442.18,Wire,Full
P008298,INV08298,2025-06-30,38808.0,Bank Transfer,Partial
P008299,INV08299,2025-02-21,19699.15,Bank Transfer,Full
P008300,INV08300,2026-06-13,40650.61,Credit Card,Full
P008301,INV08301,2026-01-30,27923.0,Bank Transfer,Full
P008302,INV08302,2026-01-29,39591.48,Wire,Partial
P008303,INV08303,2024-12-07,21228.16,Bank Transfer,Full
P008304,INV08304,2025-04-19,40586.58,Credit Card,Full
P008305,INV08305,2025-07-30,29805.24,Credit Card,Partial
P008306,INV08306,2026-04-14,18457.51,Credit Card,Partial
P008307,INV08307,2025-06-29,24820.12,Wire,Partial
P008308,INV08308,2026-02-16,52155.579999999994,Credit Card,Full
P008309,INV08309,2025-10-07,23472.85,Bank Transfer,Full
P008310,INV08310,2025-10-22,15192.92,Bank Transfer,Full
P008311,INV08311,2025-11-11,14333.369999999999,Wire,Full
P008312,INV08312,2025-11-29,22008.69,Wire,Full
P008313,INV08313,2024-09-06,12782.84,Wire,Full
P008314,INV08314,2024-08-08,16178.56,Credit Card,Full
P008315,INV08315,2025-08-04,30656.48,Credit Card,Partial
P008316,INV08316,2026-01-19,13497.66,Wire,Full
P008317,INV08317,2026-03-29,53113.19,Bank Transfer,Full
P008318,INV08318,2025-05-20,36718.68,Bank Transfer,Full
P008319,INV08319,2026-04-12,17931.6,Wire,Full
P008320,INV08320,2024-07-19,30890.82,Bank Transfer,Full
P008321,INV08321,2025-01-19,25641.47,Credit Card,Full
P008322,INV08322,2025-10-02,0.0,Wire,Failed
P008323,INV08323,2024-09-08,11646.529999999999,Wire,Full
P008324,INV08324,2026-01-28,62893.5,Bank Transfer,Full
P008325,INV08325,2025-04-01,25671.41,Credit Card,Full
P008326,INV08326,2025-02-11,12056.46,Wire,Full
P008327,INV08327,2026-03-27,42960.04,Bank Transfer,Full
P008328,INV08328,2026-05-20,31353.67,Wire,Full
P008329,INV08329,2024-12-11,0.0,Credit Card,Failed
P008330,INV08330,2025-12-29,32196.92,Bank Transfer,Partial
P008331,INV08331,2026-03-10,12622.51,Bank Transfer,Full
P008332,INV08332,2024-06-17,0.0,Credit Card,Failed
P008333,INV08333,2024-10-25,0.0,Bank Transfer,Failed
P008334,INV08334,2025-10-18,24973.24,Credit Card,Partial
P008335,INV08335,2025-09-27,0.0,Bank Transfer,Failed
P008336,INV08336,2026-02-04,52907.340000000004,Credit Card,Full
P008337,INV08337,2025-07-09,13353.11,Credit Card,Partial
P008338,INV08338,2024-06-05,28727.05,Bank Transfer,Full
P008339,INV08339,2025-04-05,13982.099999999999,Wire,Full
P008340,INV08340,2026-05-24,38975.28,Wire,Full
P008341,INV08341,2026-02-19,44844.409999999996,Credit Card,Full
P008342,INV08342,2025-03-19,25245.21,Wire,Full
P008343,INV08343,2024-09-01,49804.560000000005,Credit Card,Full
P008344,INV08344,2025-08-08,27892.67,Credit Card,Full
P008345,INV08345,2026-01-16,43641.43,Bank Transfer,Full
P008346,INV08346,2025-02-19,28302.0,Bank Transfer,Full
P008347,INV08347,2024-12-24,17387.81,Bank Transfer,Partial
P008348,INV08348,2026-03-23,53651.33,Bank Transfer,Full
P008349,INV08349,2026-06-19,41406.97,Bank Transfer,Full
P008350,INV08350,2026-02-24,19272.16,Credit Card,Partial
P008351,INV08351,2026-03-21,40572.92,Wire,Full
P008352,INV08352,2024-09-11,33252.67,Credit Card,Partial
P008353,INV08353,2024-11-10,50122.34,Credit Card,Full
P008354,INV08354,2025-05-21,35521.16,Bank Transfer,Partial
P008355,INV08355,2026-02-16,5628.5,Credit Card,Partial
P008356,INV08356,2025-11-20,18309.65,Credit Card,Full
P008357,INV08357,2026-04-17,6318.33,Bank Transfer,Partial
P008358,INV08358,2026-06-14,24604.670000000002,Credit Card,Full
P008359,INV08359,2025-11-08,23416.29,Bank Transfer,Partial
P008360,INV08360,2025-08-21,34002.17,Wire,Full
P008361,INV08361,2025-09-09,52917.759999999995,Credit Card,Full
P008362,INV08362,2025-11-12,20595.57,Wire,Full
P008363,INV08363,2025-08-13,43522.64,Credit Card,Full
P008364,INV08364,2026-01-07,20853.31,Credit Card,Partial
P008365,INV08365,2026-05-24,36430.01,Wire,Full
P008366,INV08366,2025-12-28,8887.4,Bank Transfer,Partial
P008367,INV08367,2024-07-01,27003.28,Credit Card,Full
P008368,INV08368,2025-07-31,47292.22,Bank Transfer,Full
P008369,INV08369,2025-03-10,18256.260000000002,Wire,Full
P008370,INV08370,2025-09-28,56654.939999999995,Bank Transfer,Full
P008371,INV08371,2024-09-23,25334.89,Wire,Full
P008372,INV08372,2025-03-16,0.0,Bank Transfer,Failed
P008373,INV08373,2024-06-10,27672.510000000002,Wire,Full
P008374,INV08374,2025-04-23,13242.05,Credit Card,Partial
P008375,INV08375,2026-03-14,54557.82,Credit Card,Full
P008376,INV08376,2025-02-08,17494.66,Bank Transfer,Partial
P008377,INV08377,2024-08-28,27416.82,Credit Card,Partial
P008378,INV08378,2026-03-22,38109.25,Wire,Full
P008379,INV08379,2025-02-06,41396.13,Bank Transfer,Full
P008380,INV08380,2026-05-02,0.0,Wire,Failed
P008381,INV08381,2025-02-04,30580.62,Wire,Full
P008382,INV08382,2025-05-04,17024.42,Credit Card,Full
P008383,INV08383,2025-11-18,56615.28,Credit Card,Full
P008384,INV08384,2025-12-27,4868.83,Credit Card,Full
P008385,INV08385,2024-11-22,42188.520000000004,Bank Transfer,Full
P008386,INV08386,2024-11-14,25342.61,Bank Transfer,Full
P008387,INV08387,2025-02-06,26241.88,Wire,Full
P008388,INV08388,2024-10-15,49303.71000000001,Credit Card,Full
P008389,INV08389,2025-04-27,22764.8,Wire,Full
P008390,INV08390,2026-05-08,19449.4,Wire,Full
P008391,INV08391,2026-02-15,22924.05,Wire,Partial
P008392,INV08392,2024-06-08,32241.64,Credit Card,Full
P008393,INV08393,2024-09-23,19789.48,Credit Card,Full
P008394,INV08394,2026-05-21,40479.12,Credit Card,Full
P008395,INV08395,2024-12-08,26925.54,Wire,Partial
P008396,INV08396,2025-10-09,44966.32,Credit Card,Full
P008397,INV08397,2024-10-30,5056.44,Wire,Partial
P008398,INV08398,2025-04-15,49213.26,Bank Transfer,Full
P008399,INV08399,2025-03-11,21444.440000000002,Credit Card,Full
P008400,INV08400,2026-05-06,32888.38,Bank Transfer,Full
P008401,INV08401,2025-12-09,41534.979999999996,Wire,Full
P008402,INV08402,2026-03-24,49323.71,Bank Transfer,Full
P008403,INV08403,2025-05-10,40561.83,Bank Transfer,Full
P008404,INV08404,2026-02-14,0.0,Credit Card,Failed
P008405,INV08405,2025-11-25,35532.38,Bank Transfer,Full
P008406,INV08406,2025-01-04,22091.25,Wire,Partial
P008407,INV08407,2024-08-12,17689.5,Wire,Full
P008408,INV08408,2024-07-08,23483.170000000002,Bank Transfer,Full
P008409,INV08409,2025-01-01,11312.35,Credit Card,Full
P008410,INV08410,2025-07-25,54403.84,Wire,Full
P008411,INV08411,2026-06-02,20809.14,Wire,Full
P008412,INV08412,2026-04-09,24893.37,Credit Card,Full
P008413,INV08413,2026-02-08,0.0,Credit Card,Failed
P008414,INV08414,2025-05-20,14778.33,Wire,Partial
P008415,INV08415,2025-06-26,35088.95,Credit Card,Full
P008416,INV08416,2025-11-27,16996.08,Wire,Partial
P008417,INV08417,2026-01-13,32273.73,Bank Transfer,Full
P008418,INV08418,2025-09-12,24927.86,Wire,Full
P008419,INV08419,2024-07-20,27011.23,Bank Transfer,Full
P008420,INV08420,2026-06-11,53584.75,Credit Card,Full
P008421,INV08421,2024-11-02,0.0,Wire,Failed
P008422,INV08422,2026-02-19,42084.880000000005,Credit Card,Full
P008423,INV08423,2026-04-28,28333.69,Wire,Full
P008424,INV08424,2026-01-13,0.0,Bank Transfer,Failed
P008425,INV08425,2024-09-10,27857.79,Credit Card,Full
P008426,INV08426,2026-02-03,54436.47,Bank Transfer,Full
P008427,INV08427,2025-02-06,25319.11,Credit Card,Full
P008428,INV08428,2026-02-16,32165.35,Credit Card,Full
P008429,INV08429,2024-11-27,14358.98,Bank Transfer,Full
P008430,INV08430,2024-08-24,40641.33,Credit Card,Full
P008431,INV08431,2024-09-12,50567.64,Wire,Full
P008432,INV08432,2024-06-18,50507.92,Credit Card,Full
P008433,INV08433,2026-01-13,14067.4,Wire,Partial
P008434,INV08434,2026-06-05,11007.07,Wire,Partial
P008435,INV08435,2024-07-15,10142.6,Wire,Partial
P008436,INV08436,2025-10-23,13496.470000000001,Bank Transfer,Full
P008437,INV08437,2024-11-02,16019.82,Credit Card,Full
P008438,INV08438,2025-11-16,0.0,Bank Transfer,Failed
P008439,INV08439,2025-07-04,0.0,Credit Card,Failed
P008440,INV08440,2024-08-25,25516.86,Credit Card,Full
P008441,INV08441,2026-04-18,28595.51,Wire,Full
P008442,INV08442,2025-08-02,50574.83,Credit Card,Full
P008443,INV08443,2025-10-13,20615.25,Bank Transfer,Full
P008444,INV08444,2025-04-05,16100.78,Credit Card,Partial
P008445,INV08445,2024-08-22,34158.77,Wire,Full
P008446,INV08446,2024-12-10,20406.65,Bank Transfer,Full
P008447,INV08447,2025-04-25,32815.08,Credit Card,Partial
P008448,INV08448,2025-07-26,23045.39,Bank Transfer,Full
P008449,INV08449,2025-12-09,30116.03,Bank Transfer,Full
P008450,INV08450,2025-07-22,18413.1,Wire,Full
P008451,INV08451,2026-01-09,47746.75,Wire,Full
P008452,INV08452,2024-10-25,47462.05,Bank Transfer,Full
P008453,INV08453,2024-12-05,13115.8,Bank Transfer,Full
P008454,INV08454,2025-12-07,41631.78,Wire,Full
P008455,INV08455,2026-05-09,25015.170000000002,Credit Card,Full
P008456,INV08456,2024-09-16,25882.760000000002,Wire,Full
P008457,INV08457,2026-06-15,59787.22,Credit Card,Full
P008458,INV08458,2024-12-29,36584.03,Bank Transfer,Partial
P008459,INV08459,2025-01-11,6569.74,Credit Card,Partial
P008460,INV08460,2024-07-19,10860.9,Wire,Partial
P008461,INV08461,2025-02-12,59808.729999999996,Bank Transfer,Full
P008462,INV08462,2025-05-13,0.0,Credit Card,Failed
P008463,INV08463,2024-07-30,28669.92,Bank Transfer,Full
P008464,INV08464,2026-05-22,29875.120000000003,Wire,Full
P008465,INV08465,2026-03-20,8826.47,Wire,Partial
P008466,INV08466,2025-01-29,55548.43,Wire,Full
P008467,INV08467,2026-03-25,38760.119999999995,Wire,Full
P008468,INV08468,2025-10-06,20140.16,Credit Card,Full
P008469,INV08469,2025-09-04,44380.03,Wire,Full
P008470,INV08470,2025-01-03,61259.799999999996,Wire,Full
P008471,INV08471,2025-06-10,34458.81,Wire,Full
P008472,INV08472,2026-04-24,45226.04,Bank Transfer,Full
P008473,INV08473,2025-07-11,0.0,Wire,Failed
P008474,INV08474,2024-08-08,23315.739999999998,Bank Transfer,Full
P008475,INV08475,2025-10-04,31893.350000000002,Wire,Full
P008476,INV08476,2026-05-18,59966.44,Wire,Full
P008477,INV08477,2024-11-16,27556.17,Wire,Full
P008478,INV08478,2025-09-30,52633.840000000004,Credit Card,Full
P008479,INV08479,2026-05-30,7021.53,Credit Card,Partial
P008480,INV08480,2025-08-30,27670.22,Credit Card,Partial
P008481,INV08481,2026-03-03,0.0,Bank Transfer,Failed
P008482,INV08482,2025-02-08,55323.119999999995,Bank Transfer,Full
P008483,INV08483,2025-11-27,34404.97,Wire,Full
P008484,INV08484,2025-02-24,28116.079999999998,Wire,Full
P008485,INV08485,2024-11-17,24008.77,Credit Card,Full
P008486,INV08486,2024-09-14,0.0,Credit Card,Failed
P008487,INV08487,2025-10-14,29235.95,Bank Transfer,Partial
P008488,INV08488,2026-06-12,29498.059999999998,Credit Card,Full
P008489,INV08489,2026-05-27,18141.39,Credit Card,Full
P008490,INV08490,2025-12-08,12529.23,Bank Transfer,Full
P008491,INV08491,2025-03-09,16097.599999999999,Wire,Full
P008492,INV08492,2024-08-18,51090.95,Credit Card,Full
P008493,INV08493,2024-08-24,13750.220000000001,Credit Card,Full
P008494,INV08494,2025-04-14,26502.13,Credit Card,Full
P008495,INV08495,2024-09-30,16790.1,Wire,Full
P008496,INV08496,2024-10-17,0.0,Credit Card,Failed
P008497,INV08497,2024-08-10,0.0,Bank Transfer,Failed
P008498,INV08498,2025-01-02,40376.77,Wire,Full
P008499,INV08499,2024-08-26,28028.25,Wire,Full
P008500,INV08500,2024-11-30,42525.3,Bank Transfer,Full
P008501,INV08501,2024-09-08,41089.24,Credit Card,Full
P008502,INV08502,2025-09-30,12956.82,Bank Transfer,Full
P008503,INV08503,2025-11-01,39424.13,Bank Transfer,Full
P008504,INV08504,2024-06-29,0.0,Wire,Failed
P008505,INV08505,2026-01-04,0.0,Wire,Failed
P008506,INV08506,2024-12-06,17848.23,Wire,Full
P008507,INV08507,2025-02-18,46160.53,Bank Transfer,Full
P008508,INV08508,2024-07-17,45499.49,Credit Card,Full
P008509,INV08509,2025-03-01,44851.63,Wire,Full
P008510,INV08510,2025-12-14,56419.310000000005,Credit Card,Full
P008511,INV08511,2024-11-02,46736.18000000001,Bank Transfer,Full
P008512,INV08512,2025-08-19,31167.41,Wire,Full
P008513,INV08513,2025-11-11,26739.12,Bank Transfer,Partial
P008514,INV08514,2026-03-11,29794.82,Wire,Full
P008515,INV08515,2025-03-04,56715.48,Credit Card,Full
P008516,INV08516,2026-05-28,13951.47,Credit Card,Partial
P008517,INV08517,2025-11-25,7273.03,Credit Card,Partial
P008518,INV08518,2024-08-19,7195.030000000001,Credit Card,Full
P008519,INV08519,2025-11-02,44563.56,Wire,Full
P008520,INV08520,2025-04-09,21127.05,Bank Transfer,Partial
P008521,INV08521,2024-12-07,25605.52,Wire,Partial
P008522,INV08522,2025-12-11,36408.520000000004,Credit Card,Full
P008523,INV08523,2025-12-10,53667.91,Wire,Full
P008524,INV08524,2025-10-16,40698.28,Credit Card,Full
P008525,INV08525,2026-01-28,42843.17,Wire,Full
P008526,INV08526,2024-06-29,13732.04,Wire,Partial
P008527,INV08527,2024-11-02,35845.55,Wire,Full
P008528,INV08528,2024-11-22,15494.32,Bank Transfer,Partial
P008529,INV08529,2025-08-25,28922.53,Credit Card,Full
P008530,INV08530,2024-08-04,23590.86,Wire,Partial
P008531,INV08531,2025-12-02,11194.77,Bank Transfer,Partial
P008532,INV08532,2026-02-21,17307.23,Credit Card,Full
P008533,INV08533,2026-04-28,25448.95,Credit Card,Full
P008534,INV08534,2025-02-13,38177.17,Credit Card,Full
P008535,INV08535,2025-08-02,37446.850000000006,Credit Card,Full
P008536,INV08536,2024-11-28,10316.49,Credit Card,Full
P008537,INV08537,2026-06-13,30132.100000000002,Credit Card,Full
P008538,INV08538,2026-05-05,23256.23,Credit Card,Partial
P008539,INV08539,2025-07-21,13015.849999999999,Credit Card,Full
P008540,INV08540,2025-06-01,61754.479999999996,Bank Transfer,Full
P008541,INV08541,2025-01-22,48392.22,Credit Card,Full
P008542,INV08542,2025-11-19,21928.4,Wire,Full
P008543,INV08543,2025-04-06,43193.84,Bank Transfer,Full
P008544,INV08544,2025-01-18,18456.55,Credit Card,Full
P008545,INV08545,2024-12-13,45848.490000000005,Wire,Full
P008546,INV08546,2025-01-18,12071.66,Credit Card,Partial
P008547,INV08547,2024-07-09,7118.71,Bank Transfer,Partial
P008548,INV08548,2026-02-20,33458.12,Wire,Partial
P008549,INV08549,2025-01-08,26452.07,Credit Card,Full
P008550,INV08550,2026-01-29,37337.45,Wire,Full
P008551,INV08551,2025-05-14,19318.83,Bank Transfer,Full
P008552,INV08552,2025-12-03,12864.15,Bank Transfer,Partial
P008553,INV08553,2025-11-09,13071.75,Wire,Partial
P008554,INV08554,2025-08-13,22305.41,Bank Transfer,Full
P008555,INV08555,2025-10-31,15564.349999999999,Bank Transfer,Full
P008556,INV08556,2025-06-22,46843.26,Wire,Full
P008557,INV08557,2025-04-27,12894.64,Wire,Full
P008558,INV08558,2025-06-08,25393.19,Bank Transfer,Partial
P008559,INV08559,2024-12-05,27618.71,Wire,Full
P008560,INV08560,2025-10-13,32625.9,Credit Card,Full
P008561,INV08561,2025-10-09,17564.73,Credit Card,Full
P008562,INV08562,2025-10-26,43079.07,Wire,Full
P008563,INV08563,2026-05-13,18818.0,Wire,Full
P008564,INV08564,2025-07-09,48930.39,Bank Transfer,Full
P008565,INV08565,2025-10-16,31781.79,Bank Transfer,Partial
P008566,INV08566,2025-06-30,38060.74,Wire,Full
P008567,INV08567,2024-08-12,58079.65,Credit Card,Full
P008568,INV08568,2024-08-28,57188.35,Credit Card,Full
P008569,INV08569,2026-01-18,48473.5,Wire,Full
P008570,INV08570,2025-03-29,0.0,Credit Card,Failed
P008571,INV08571,2024-10-19,11973.23,Credit Card,Partial
P008572,INV08572,2026-05-11,0.0,Wire,Failed
P008573,INV08573,2024-11-14,10141.87,Bank Transfer,Partial
P008574,INV08574,2024-08-01,27138.09,Credit Card,Full
P008575,INV08575,2025-07-03,49297.229999999996,Bank Transfer,Full
P008576,INV08576,2026-01-10,47430.28,Wire,Full
P008577,INV08577,2024-12-01,30233.670000000002,Credit Card,Full
P008578,INV08578,2025-11-24,34037.0,Bank Transfer,Full
P008579,INV08579,2024-12-09,23477.0,Wire,Full
P008580,INV08580,2025-01-24,16423.83,Bank Transfer,Full
P008581,INV08581,2024-09-19,6746.88,Bank Transfer,Partial
P008582,INV08582,2026-03-31,22406.07,Wire,Full
P008583,INV08583,2025-02-05,4175.8,Wire,Full
P008584,INV08584,2026-05-30,33733.4,Wire,Full
P008585,INV08585,2026-04-25,54346.71,Credit Card,Full
P008586,INV08586,2025-09-20,10168.53,Credit Card,Full
P008587,INV08587,2026-01-17,38000.99,Bank Transfer,Full
P008588,INV08588,2026-06-04,16019.95,Bank Transfer,Full
P008589,INV08589,2025-09-07,10165.96,Wire,Full
P008590,INV08590,2024-08-15,38816.46,Bank Transfer,Full
P008591,INV08591,2026-05-21,12278.87,Bank Transfer,Partial
P008592,INV08592,2026-01-18,22306.36,Credit Card,Partial
P008593,INV08593,2025-06-26,0.0,Credit Card,Failed
P008594,INV08594,2026-04-06,25476.68,Wire,Full
P008595,INV08595,2025-07-17,44586.51,Bank Transfer,Full
P008596,INV08596,2025-10-31,33238.47,Bank Transfer,Full
P008597,INV08597,2026-03-24,38371.020000000004,Credit Card,Full
P008598,INV08598,2026-01-11,11486.58,Credit Card,Full
P008599,INV08599,2024-08-09,0.0,Credit Card,Failed
P008600,INV08600,2026-06-18,0.0,Wire,Failed
P008601,INV08601,2025-03-27,29279.809999999998,Credit Card,Full
P008602,INV08602,2025-09-18,18785.760000000002,Bank Transfer,Full
P008603,INV08603,2024-12-06,49878.16,Bank Transfer,Partial
P008604,INV08604,2026-03-02,54336.52,Credit Card,Full
P008605,INV08605,2024-11-27,9124.29,Wire,Partial
P008606,INV08606,2025-04-15,7425.889999999999,Credit Card,Full
P008607,INV08607,2024-08-03,0.0,Wire,Failed
P008608,INV08608,2026-03-03,14465.67,Wire,Full
P008609,INV08609,2024-08-06,55053.06,Bank Transfer,Full
P008610,INV08610,2025-02-09,14127.48,Wire,Full
P008611,INV08611,2025-12-04,44704.42999999999,Credit Card,Full
P008612,INV08612,2025-08-05,31390.62,Wire,Full
P008613,INV08613,2025-07-14,28482.88,Bank Transfer,Partial
P008614,INV08614,2024-11-15,13100.78,Credit Card,Full
P008615,INV08615,2025-10-22,38899.159999999996,Wire,Full
P008616,INV08616,2025-08-27,45902.060000000005,Credit Card,Full
P008617,INV08617,2024-09-23,25600.11,Credit Card,Full
P008618,INV08618,2024-08-26,15587.52,Bank Transfer,Full
P008619,INV08619,2024-12-02,13757.95,Bank Transfer,Partial
P008620,INV08620,2026-06-25,19864.79,Wire,Partial
P008621,INV08621,2024-08-28,20568.28,Bank Transfer,Partial
P008622,INV08622,2025-12-30,40966.48,Bank Transfer,Full
P008623,INV08623,2025-06-13,0.0,Wire,Failed
P008624,INV08624,2025-10-23,43757.25,Bank Transfer,Full
P008625,INV08625,2025-05-22,8352.650000000001,Wire,Full
P008626,INV08626,2025-01-24,43948.26,Credit Card,Full
P008627,INV08627,2025-05-01,39908.83,Credit Card,Partial
P008628,INV08628,2025-09-02,13549.24,Wire,Partial
P008629,INV08629,2024-09-21,16411.71,Bank Transfer,Full
P008630,INV08630,2025-04-27,7291.09,Wire,Partial
P008631,INV08631,2025-02-11,38776.09,Credit Card,Full
P008632,INV08632,2025-06-30,8790.77,Bank Transfer,Full
P008633,INV08633,2025-09-28,14567.6,Credit Card,Partial
P008634,INV08634,2026-01-20,49857.14,Bank Transfer,Full
P008635,INV08635,2024-10-15,45140.04,Bank Transfer,Full
P008636,INV08636,2025-11-18,45095.049999999996,Bank Transfer,Full
P008637,INV08637,2026-02-24,52014.420000000006,Bank Transfer,Full
P008638,INV08638,2024-11-19,15734.0,Credit Card,Partial
P008639,INV08639,2025-12-10,43813.12,Wire,Full
P008640,INV08640,2024-07-13,0.0,Bank Transfer,Failed
P008641,INV08641,2025-12-30,30842.5,Wire,Full
P008642,INV08642,2025-10-01,36078.1,Wire,Full
P008643,INV08643,2026-06-07,11264.9,Wire,Partial
P008644,INV08644,2025-08-23,0.0,Wire,Failed
P008645,INV08645,2025-09-19,39335.229999999996,Wire,Full
P008646,INV08646,2025-01-31,33180.92,Wire,Full
P008647,INV08647,2025-08-28,22316.96,Bank Transfer,Full
P008648,INV08648,2026-04-23,0.0,Credit Card,Failed
P008649,INV08649,2024-10-13,30668.98,Wire,Full
P008650,INV08650,2025-09-25,46015.02,Wire,Full
P008651,INV08651,2025-02-19,48784.10999999999,Wire,Full
P008652,INV08652,2025-11-24,32021.57,Bank Transfer,Full
P008653,INV08653,2025-02-03,0.0,Bank Transfer,Failed
P008654,INV08654,2025-08-15,47296.43,Credit Card,Full
P008655,INV08655,2024-10-17,9763.23,Wire,Full
P008656,INV08656,2024-07-11,0.0,Wire,Failed
P008657,INV08657,2024-09-13,13228.650000000001,Wire,Full
P008658,INV08658,2024-12-15,29241.01,Wire,Full
P008659,INV08659,2024-10-26,33109.55,Credit Card,Full
P008660,INV08660,2024-12-09,0.0,Wire,Failed
P008661,INV08661,2024-10-30,57385.5,Bank Transfer,Full
P008662,INV08662,2025-06-07,14688.49,Wire,Full
P008663,INV08663,2024-10-09,52632.630000000005,Bank Transfer,Full
P008664,INV08664,2024-08-25,43255.07,Bank Transfer,Full
P008665,INV08665,2025-06-05,27360.95,Bank Transfer,Partial
P008666,INV08666,2024-09-02,16253.95,Credit Card,Partial
P008667,INV08667,2024-08-19,35758.69,Bank Transfer,Full
P008668,INV08668,2024-09-26,50155.97,Wire,Full
P008669,INV08669,2025-07-14,0.0,Wire,Failed
P008670,INV08670,2026-06-05,42566.3,Bank Transfer,Full
P008671,INV08671,2025-02-26,48919.9,Wire,Full
P008672,INV08672,2025-08-02,59143.74,Credit Card,Full
P008673,INV08673,2025-07-03,48871.740000000005,Credit Card,Full
P008674,INV08674,2024-11-20,50484.68,Credit Card,Full
P008675,INV08675,2025-12-23,0.0,Wire,Failed
P008676,INV08676,2024-07-20,51981.329999999994,Credit Card,Full
P008677,INV08677,2025-11-16,28742.0,Bank Transfer,Full
P008678,INV08678,2025-10-05,35326.65,Credit Card,Partial
P008679,INV08679,2025-03-21,35653.09,Bank Transfer,Full
P008680,INV08680,2025-07-29,41498.729999999996,Wire,Full
P008681,INV08681,2024-09-02,55685.04,Credit Card,Full
P008682,INV08682,2024-08-24,31844.940000000002,Wire,Full
P008683,INV08683,2026-03-30,21184.31,Wire,Full
P008684,INV08684,2025-07-22,39757.94,Credit Card,Full
P008685,INV08685,2025-06-23,29514.769999999997,Bank Transfer,Full
P008686,INV08686,2025-06-03,23671.37,Bank Transfer,Full
P008687,INV08687,2026-03-06,15192.33,Credit Card,Full
P008688,INV08688,2024-10-16,32919.36,Bank Transfer,Partial
P008689,INV08689,2025-11-03,25762.39,Credit Card,Partial
P008690,INV08690,2024-09-07,16345.91,Credit Card,Full
P008691,INV08691,2025-10-12,39645.82,Wire,Full
P008692,INV08692,2025-02-26,53029.03,Bank Transfer,Full
P008693,INV08693,2026-05-15,0.0,Wire,Failed
P008694,INV08694,2024-11-24,13228.060000000001,Bank Transfer,Full
P008695,INV08695,2024-08-10,26173.92,Credit Card,Full
P008696,INV08696,2025-05-25,33306.24,Wire,Full
P008697,INV08697,2026-04-17,6524.79,Wire,Full
P008698,INV08698,2025-12-29,34748.24,Credit Card,Partial
P008699,INV08699,2025-01-09,34200.16,Bank Transfer,Full
P008700,INV08700,2024-11-11,25736.12,Bank Transfer,Partial
P008701,INV08701,2026-07-10,13333.94,Credit Card,Partial
P008702,INV08702,2026-02-28,19708.72,Bank Transfer,Full
P008703,INV08703,2024-12-26,11006.16,Wire,Full
P008704,INV08704,2025-03-17,13551.59,Credit Card,Full
P008705,INV08705,2025-05-27,0.0,Wire,Failed
P008706,INV08706,2026-04-09,50898.63,Wire,Full
P008707,INV08707,2025-05-03,53771.82,Bank Transfer,Full
P008708,INV08708,2026-01-01,25954.02,Bank Transfer,Full
P008709,INV08709,2026-01-28,18842.72,Wire,Full
P008710,INV08710,2024-12-02,13086.8,Wire,Full
P008711,INV08711,2026-05-25,23983.0,Wire,Partial
P008712,INV08712,2026-05-22,18013.83,Bank Transfer,Partial
P008713,INV08713,2024-12-08,9108.46,Wire,Full
P008714,INV08714,2026-05-19,25489.89,Bank Transfer,Full
P008715,INV08715,2025-08-04,12306.23,Wire,Partial
P008716,INV08716,2025-03-17,14741.45,Wire,Full
P008717,INV08717,2025-01-05,24123.49,Wire,Partial
P008718,INV08718,2025-11-11,43629.42,Credit Card,Full
P008719,INV08719,2026-06-14,40062.979999999996,Credit Card,Full
P008720,INV08720,2024-10-06,16881.38,Credit Card,Full
P008721,INV08721,2025-04-13,45421.59,Bank Transfer,Full
P008722,INV08722,2025-10-27,13220.96,Credit Card,Full
P008723,INV08723,2024-11-25,16024.630000000001,Bank Transfer,Full
P008724,INV08724,2025-07-25,13190.02,Credit Card,Full
P008725,INV08725,2025-02-17,0.0,Wire,Failed
P008726,INV08726,2024-06-13,26938.78,Wire,Full
P008727,INV08727,2024-08-30,28675.07,Bank Transfer,Full
P008728,INV08728,2026-06-21,21242.75,Credit Card,Full
P008729,INV08729,2026-05-10,35802.200000000004,Bank Transfer,Full
P008730,INV08730,2026-01-03,12331.27,Wire,Partial
P008731,INV08731,2025-01-23,9824.0,Credit Card,Full
P008732,INV08732,2024-09-26,30904.75,Credit Card,Full
P008733,INV08733,2024-06-23,20340.87,Bank Transfer,Full
P008734,INV08734,2024-12-25,41450.200000000004,Bank Transfer,Full
P008735,INV08735,2026-06-03,31134.18,Credit Card,Full
P008736,INV08736,2025-10-12,19978.510000000002,Bank Transfer,Full
P008737,INV08737,2024-07-23,24841.03,Credit Card,Full
P008738,INV08738,2025-03-04,14180.529999999999,Bank Transfer,Full
P008739,INV08739,2025-01-12,50107.55,Credit Card,Full
P008740,INV08740,2026-05-18,52440.33,Bank Transfer,Full
P008741,INV08741,2026-07-06,15722.16,Credit Card,Full
P008742,INV08742,2025-03-01,26073.829999999998,Bank Transfer,Full
P008743,INV08743,2025-03-17,25522.65,Wire,Partial
P008744,INV08744,2025-08-19,0.0,Bank Transfer,Failed
P008745,INV08745,2024-12-21,31915.39,Credit Card,Partial
P008746,INV08746,2024-07-28,24239.8,Credit Card,Full
P008747,INV08747,2025-08-01,33933.53,Wire,Full
P008748,INV08748,2025-07-30,12261.77,Wire,Full
P008749,INV08749,2026-05-21,16277.4,Wire,Partial
P008750,INV08750,2024-12-21,20682.22,Credit Card,Full
P008751,INV08751,2025-05-05,27851.84,Credit Card,Partial
P008752,INV08752,2025-06-25,44195.1,Credit Card,Full
P008753,INV08753,2025-02-26,16533.54,Credit Card,Full
P008754,INV08754,2024-07-02,20084.43,Bank Transfer,Full
P008755,INV08755,2025-12-05,44609.5,Credit Card,Full
P008756,INV08756,2026-05-16,48669.44,Wire,Full
P008757,INV08757,2025-02-26,0.0,Wire,Failed
P008758,INV08758,2025-12-02,22186.92,Bank Transfer,Full
P008759,INV08759,2026-07-06,23967.61,Wire,Partial
P008760,INV08760,2025-10-19,57130.87,Wire,Full
P008761,INV08761,2025-08-22,28159.95,Credit Card,Full
P008762,INV08762,2025-08-20,44504.8,Wire,Full
P008763,INV08763,2024-07-09,39338.09,Bank Transfer,Full
P008764,INV08764,2025-03-20,17897.56,Wire,Full
P008765,INV08765,2026-02-22,20686.21,Wire,Full
P008766,INV08766,2026-02-13,52432.86,Bank Transfer,Full
P008767,INV08767,2025-07-16,27541.61,Wire,Full
P008768,INV08768,2026-01-12,13543.77,Credit Card,Partial
P008769,INV08769,2025-09-10,23557.83,Wire,Partial
P008770,INV08770,2025-12-11,9403.75,Credit Card,Partial
P008771,INV08771,2025-03-20,42879.88,Bank Transfer,Full
P008772,INV08772,2024-11-17,35147.31,Credit Card,Full
P008773,INV08773,2026-06-11,24043.93,Credit Card,Partial
P008774,INV08774,2025-03-20,40082.619999999995,Credit Card,Full
P008775,INV08775,2025-05-05,34745.33,Credit Card,Full
P008776,INV08776,2025-10-12,25032.99,Credit Card,Partial
P008777,INV08777,2025-04-04,32721.71,Bank Transfer,Full
P008778,INV08778,2025-09-18,21970.15,Credit Card,Full
P008779,INV08779,2025-02-07,15716.75,Credit Card,Partial
P008780,INV08780,2025-09-01,39096.77,Credit Card,Full
P008781,INV08781,2025-11-01,26430.019999999997,Wire,Full
P008782,INV08782,2026-04-15,0.0,Bank Transfer,Failed
P008783,INV08783,2025-02-24,52299.26,Wire,Full
P008784,INV08784,2024-12-11,36803.09,Credit Card,Partial
P008785,INV08785,2026-06-09,19029.89,Bank Transfer,Partial
P008786,INV08786,2024-08-18,0.0,Wire,Failed
P008787,INV08787,2025-03-24,43968.26,Bank Transfer,Full
P008788,INV08788,2024-07-31,30637.94,Bank Transfer,Full
P008789,INV08789,2024-08-03,18685.13,Wire,Full
P008790,INV08790,2024-12-03,23391.48,Credit Card,Partial
P008791,INV08791,2024-09-10,28143.74,Bank Transfer,Partial
P008792,INV08792,2024-12-31,38555.130000000005,Bank Transfer,Full
P008793,INV08793,2024-09-12,29979.609999999997,Wire,Full
P008794,INV08794,2024-11-29,16336.15,Credit Card,Partial
P008795,INV08795,2024-07-28,40042.68,Bank Transfer,Full
P008796,INV08796,2025-06-24,42989.49,Wire,Full
P008797,INV08797,2025-09-06,63554.81,Credit Card,Full
P008798,INV08798,2025-01-11,50467.12,Bank Transfer,Full
P008799,INV08799,2025-12-03,39429.71,Wire,Full
P008800,INV08800,2025-08-14,33234.99,Bank Transfer,Partial
P008801,INV08801,2025-07-26,25398.620000000003,Credit Card,Full
P008802,INV08802,2025-06-24,51947.04,Bank Transfer,Full
P008803,INV08803,2026-06-13,52043.469999999994,Bank Transfer,Full
P008804,INV08804,2025-09-16,47724.72,Wire,Full
P008805,INV08805,2024-10-01,27032.6,Wire,Full
P008806,INV08806,2026-04-02,0.0,Wire,Failed
P008807,INV08807,2025-11-16,10423.130000000001,Wire,Full
P008808,INV08808,2024-12-18,39446.170000000006,Wire,Full
P008809,INV08809,2024-12-09,8106.4,Bank Transfer,Partial
P008810,INV08810,2026-05-04,30463.899999999998,Credit Card,Full
P008811,INV08811,2026-01-07,58853.799999999996,Wire,Full
P008812,INV08812,2024-11-28,0.0,Bank Transfer,Failed
P008813,INV08813,2024-09-14,25462.870000000003,Bank Transfer,Full
P008814,INV08814,2025-02-07,12623.68,Wire,Full
P008815,INV08815,2025-10-03,56432.06,Bank Transfer,Full
P008816,INV08816,2024-09-25,17450.27,Bank Transfer,Full
P008817,INV08817,2026-01-15,27137.59,Credit Card,Full
P008818,INV08818,2024-08-23,39503.69,Bank Transfer,Full
P008819,INV08819,2025-04-06,56161.740000000005,Credit Card,Full
P008820,INV08820,2024-06-21,42416.84,Bank Transfer,Full
P008821,INV08821,2024-12-27,49061.95,Wire,Full
P008822,INV08822,2024-06-28,44789.659999999996,Credit Card,Full
P008823,INV08823,2025-10-10,0.0,Wire,Failed
P008824,INV08824,2024-10-03,16058.01,Credit Card,Partial
P008825,INV08825,2025-08-14,0.0,Credit Card,Failed
P008826,INV08826,2026-05-18,46850.11,Credit Card,Full
P008827,INV08827,2026-05-07,24763.38,Bank Transfer,Partial
P008828,INV08828,2024-10-04,10262.24,Bank Transfer,Full
P008829,INV08829,2026-04-23,14253.59,Bank Transfer,Full
P008830,INV08830,2025-06-12,46002.259999999995,Credit Card,Full
P008831,INV08831,2024-10-22,34857.17,Wire,Full
P008832,INV08832,2025-12-17,33273.71,Wire,Full
P008833,INV08833,2024-12-23,0.0,Credit Card,Failed
P008834,INV08834,2025-09-25,18031.17,Bank Transfer,Partial
P008835,INV08835,2025-09-15,0.0,Bank Transfer,Failed
P008836,INV08836,2026-01-23,13498.3,Credit Card,Full
P008837,INV08837,2026-03-04,34737.95,Wire,Partial
P008838,INV08838,2026-04-19,0.0,Wire,Failed
P008839,INV08839,2025-02-12,17324.6,Credit Card,Partial
P008840,INV08840,2025-07-03,25582.239999999998,Bank Transfer,Full
P008841,INV08841,2024-08-15,43778.08,Wire,Full
P008842,INV08842,2026-04-08,30161.350000000002,Wire,Full
P008843,INV08843,2025-11-15,46603.19,Bank Transfer,Full
P008844,INV08844,2026-05-22,33265.28,Credit Card,Partial
P008845,INV08845,2025-03-28,50364.46000000001,Credit Card,Full
P008846,INV08846,2025-06-04,33750.909999999996,Wire,Full
P008847,INV08847,2025-01-24,10133.130000000001,Bank Transfer,Full
P008848,INV08848,2025-08-20,22255.91,Wire,Full
P008849,INV08849,2025-07-31,14737.98,Credit Card,Partial
P008850,INV08850,2024-10-18,36210.76,Bank Transfer,Full
P008851,INV08851,2024-10-23,29368.47,Credit Card,Full
P008852,INV08852,2026-03-23,0.0,Wire,Failed
P008853,INV08853,2026-06-21,17866.45,Bank Transfer,Partial
P008854,INV08854,2025-07-22,14946.06,Wire,Partial
P008855,INV08855,2026-03-14,0.0,Wire,Failed
P008856,INV08856,2024-07-21,6932.1,Wire,Full
P008857,INV08857,2025-07-23,6277.92,Wire,Partial
P008858,INV08858,2024-10-20,25038.83,Credit Card,Full
P008859,INV08859,2026-04-04,25854.649999999998,Wire,Full
P008860,INV08860,2026-04-09,54382.01,Credit Card,Full
P008861,INV08861,2025-04-06,13872.81,Credit Card,Full
P008862,INV08862,2025-04-29,31773.46,Wire,Full
P008863,INV08863,2026-02-21,26424.64,Bank Transfer,Full
P008864,INV08864,2024-10-27,44217.77,Wire,Full
P008865,INV08865,2024-11-10,0.0,Bank Transfer,Failed
P008866,INV08866,2025-04-17,14460.19,Credit Card,Partial
P008867,INV08867,2025-08-02,19372.27,Wire,Partial
P008868,INV08868,2026-03-08,45564.76,Wire,Full
P008869,INV08869,2025-07-16,48967.29,Wire,Full
P008870,INV08870,2025-08-12,29551.33,Credit Card,Full
P008871,INV08871,2026-06-07,37807.47,Bank Transfer,Full
P008872,INV08872,2024-07-08,49060.53,Wire,Full
P008873,INV08873,2025-10-20,30205.56,Wire,Partial
P008874,INV08874,2025-10-03,12670.09,Credit Card,Full
P008875,INV08875,2024-08-15,40358.39,Bank Transfer,Full
P008876,INV08876,2024-08-20,0.0,Credit Card,Failed
P008877,INV08877,2026-06-25,28612.63,Wire,Partial
P008878,INV08878,2025-05-11,44856.53,Bank Transfer,Full
P008879,INV08879,2025-09-22,49613.58,Wire,Full
P008880,INV08880,2025-08-23,0.0,Bank Transfer,Failed
P008881,INV08881,2026-03-22,0.0,Wire,Failed
P008882,INV08882,2025-08-31,5565.9400000000005,Credit Card,Full
P008883,INV08883,2024-11-08,13994.99,Credit Card,Full
P008884,INV08884,2024-10-02,9888.05,Bank Transfer,Partial
P008885,INV08885,2026-05-27,13359.78,Bank Transfer,Partial
P008886,INV08886,2026-05-01,26005.5,Wire,Full
P008887,INV08887,2026-06-06,7108.72,Bank Transfer,Full
P008888,INV08888,2025-06-19,37634.65,Wire,Full
P008889,INV08889,2025-03-30,35454.87,Bank Transfer,Full
P008890,INV08890,2025-10-25,34998.18,Bank Transfer,Partial
P008891,INV08891,2025-10-18,21488.53,Bank Transfer,Full
P008892,INV08892,2025-10-05,49481.06,Wire,Full
P008893,INV08893,2025-03-09,11876.6,Bank Transfer,Full
P008894,INV08894,2026-06-20,53234.12,Credit Card,Full
P008895,INV08895,2025-06-03,30024.059999999998,Wire,Full
P008896,INV08896,2025-10-02,0.0,Bank Transfer,Failed
P008897,INV08897,2024-10-30,44149.600000000006,Credit Card,Full
P008898,INV08898,2024-10-10,17266.4,Bank Transfer,Partial
P008899,INV08899,2026-06-13,56559.16,Bank Transfer,Full
P008900,INV08900,2024-07-25,9905.1,Bank Transfer,Full
P008901,INV08901,2025-05-26,51674.27,Bank Transfer,Full
P008902,INV08902,2025-12-03,24258.42,Wire,Full
P008903,INV08903,2025-08-03,32131.78,Wire,Full
P008904,INV08904,2025-06-15,18138.760000000002,Wire,Full
P008905,INV08905,2024-12-15,50934.24,Wire,Full
P008906,INV08906,2026-06-19,36091.55,Bank Transfer,Partial
P008907,INV08907,2025-07-31,25250.47,Bank Transfer,Partial
P008908,INV08908,2024-11-02,27071.52,Credit Card,Partial
P008909,INV08909,2026-05-11,0.0,Bank Transfer,Failed
P008910,INV08910,2025-11-10,25226.03,Wire,Partial
P008911,INV08911,2025-05-20,31614.25,Wire,Full
P008912,INV08912,2026-01-27,0.0,Wire,Failed
P008913,INV08913,2024-10-14,23443.11,Credit Card,Partial
P008914,INV08914,2025-01-06,29958.469999999998,Wire,Full
P008915,INV08915,2025-09-19,36192.01,Wire,Full
P008916,INV08916,2025-03-31,42402.51,Wire,Full
P008917,INV08917,2025-12-31,52980.07000000001,Bank Transfer,Full
P008918,INV08918,2024-10-09,31722.57,Wire,Full
P008919,INV08919,2024-07-22,0.0,Credit Card,Failed
P008920,INV08920,2026-01-07,9178.42,Credit Card,Full
P008921,INV08921,2025-06-11,48869.259999999995,Wire,Full
P008922,INV08922,2025-07-17,19359.66,Credit Card,Full
P008923,INV08923,2024-07-26,58616.22,Wire,Full
P008924,INV08924,2025-08-23,56395.880000000005,Wire,Full
P008925,INV08925,2025-11-28,49999.07,Bank Transfer,Full
P008926,INV08926,2025-12-13,25429.22,Credit Card,Full
P008927,INV08927,2024-10-14,33813.68,Bank Transfer,Full
P008928,INV08928,2026-03-09,57365.009999999995,Credit Card,Full
P008929,INV08929,2026-02-03,33481.46,Credit Card,Full
P008930,INV08930,2026-04-19,33565.740000000005,Bank Transfer,Full
P008931,INV08931,2025-07-26,44918.310000000005,Wire,Full
P008932,INV08932,2026-06-03,25996.71,Bank Transfer,Full
P008933,INV08933,2026-05-13,34332.41,Wire,Full
P008934,INV08934,2025-02-05,19476.78,Credit Card,Full
P008935,INV08935,2025-01-14,30839.85,Credit Card,Full
P008936,INV08936,2025-06-08,27885.84,Bank Transfer,Full
P008937,INV08937,2025-01-04,50219.829999999994,Bank Transfer,Full
P008938,INV08938,2025-04-20,0.0,Bank Transfer,Failed
P008939,INV08939,2026-03-28,35239.86,Credit Card,Full
P008940,INV08940,2025-03-21,56259.78,Credit Card,Full
P008941,INV08941,2024-12-16,47781.19,Bank Transfer,Full
P008942,INV08942,2025-08-31,16622.5,Credit Card,Partial
P008943,INV08943,2026-05-23,0.0,Wire,Failed
P008944,INV08944,2026-01-02,43291.520000000004,Wire,Full
P008945,INV08945,2025-02-22,54176.090000000004,Bank Transfer,Full
P008946,INV08946,2025-01-08,10927.46,Credit Card,Partial
P008947,INV08947,2024-10-30,27633.59,Wire,Partial
P008948,INV08948,2024-11-26,12028.39,Bank Transfer,Partial
P008949,INV08949,2026-05-10,47581.8,Credit Card,Full
P008950,INV08950,2024-08-03,52554.71,Bank Transfer,Full
P008951,INV08951,2025-03-07,25645.670000000002,Wire,Full
P008952,INV08952,2026-03-09,43139.33,Credit Card,Full
P008953,INV08953,2025-07-20,13806.630000000001,Bank Transfer,Full
P008954,INV08954,2025-05-19,35918.03,Bank Transfer,Full
P008955,INV08955,2024-12-07,36925.58,Credit Card,Full
P008956,INV08956,2024-08-01,47088.56,Credit Card,Full
P008957,INV08957,2025-02-26,15419.48,Bank Transfer,Full
P008958,INV08958,2026-02-03,11383.79,Credit Card,Full
P008959,INV08959,2025-06-18,9069.900000000001,Credit Card,Full
P008960,INV08960,2026-04-02,54299.3,Wire,Full
P008961,INV08961,2026-03-31,16308.46,Wire,Full
P008962,INV08962,2025-06-29,41626.4,Wire,Full
P008963,INV08963,2025-01-31,54663.7,Credit Card,Full
P008964,INV08964,2025-09-17,49681.16,Credit Card,Full
P008965,INV08965,2025-03-27,58995.899999999994,Wire,Full
P008966,INV08966,2025-09-26,29278.55,Bank Transfer,Full
P008967,INV08967,2024-11-25,11401.45,Wire,Full
P008968,INV08968,2025-07-04,28994.29,Credit Card,Partial
P008969,INV08969,2025-06-10,49056.89,Credit Card,Full
P008970,INV08970,2026-02-01,22586.84,Wire,Full
P008971,INV08971,2024-11-15,18334.98,Credit Card,Partial
P008972,INV08972,2024-06-09,8173.64,Credit Card,Partial
P008973,INV08973,2025-07-08,46379.649999999994,Bank Transfer,Full
P008974,INV08974,2026-04-23,30241.14,Wire,Partial
P008975,INV08975,2025-12-04,29337.38,Credit Card,Full
P008976,INV08976,2026-02-21,9338.46,Bank Transfer,Partial
P008977,INV08977,2025-07-28,36005.74,Bank Transfer,Full
P008978,INV08978,2026-01-15,13624.44,Bank Transfer,Full
P008979,INV08979,2025-02-16,34912.49,Credit Card,Full
P008980,INV08980,2025-05-27,37398.71,Bank Transfer,Partial
P008981,INV08981,2026-04-14,54038.71,Bank Transfer,Full
P008982,INV08982,2024-12-12,54473.06,Credit Card,Full
P008983,INV08983,2024-12-13,8252.69,Credit Card,Full
P008984,INV08984,2024-09-29,0.0,Bank Transfer,Failed
P008985,INV08985,2026-04-29,0.0,Bank Transfer,Failed
P008986,INV08986,2024-11-08,10746.32,Wire,Partial
P008987,INV08987,2024-10-08,0.0,Bank Transfer,Failed
P008988,INV08988,2025-02-06,0.0,Wire,Failed
P008989,INV08989,2026-05-16,0.0,Wire,Failed
P008990,INV08990,2025-01-04,6884.68,Wire,Full
P008991,INV08991,2026-01-13,32472.7,Bank Transfer,Full
P008992,INV08992,2025-07-10,51100.42,Bank Transfer,Full
P008993,INV08993,2024-11-26,30695.63,Wire,Partial
P008994,INV08994,2026-05-31,13987.46,Credit Card,Partial
P008995,INV08995,2025-12-24,12462.1,Credit Card,Partial
P008996,INV08996,2024-12-17,31315.989999999998,Bank Transfer,Full
P008997,INV08997,2025-01-02,0.0,Bank Transfer,Failed
P008998,INV08998,2025-12-04,26113.09,Credit Card,Full
P008999,INV08999,2024-12-10,26651.25,Credit Card,Full
P009000,INV09000,2024-11-18,0.0,Credit Card,Failed
P009001,INV09001,2025-03-30,29229.079999999998,Credit Card,Full
P009002,INV09002,2025-10-17,32348.63,Wire,Partial
P009003,INV09003,2024-12-31,27902.949999999997,Wire,Full
P009004,INV09004,2025-07-08,15555.94,Bank Transfer,Partial
P009005,INV09005,2025-06-08,0.0,Bank Transfer,Failed
P009006,INV09006,2024-09-12,32275.19,Bank Transfer,Full
P009007,INV09007,2025-01-22,32124.09,Bank Transfer,Partial
P009008,INV09008,2026-03-11,13979.97,Bank Transfer,Partial
P009009,INV09009,2025-10-20,0.0,Wire,Failed
P009010,INV09010,2024-11-25,39349.03,Wire,Full
P009011,INV09011,2026-01-08,39459.74,Credit Card,Full
P009012,INV09012,2024-11-02,11038.52,Bank Transfer,Partial
P009013,INV09013,2025-05-12,15030.1,Bank Transfer,Full
P009014,INV09014,2024-10-21,25612.27,Wire,Partial
P009015,INV09015,2025-05-10,15035.32,Bank Transfer,Full
P009016,INV09016,2024-11-11,20826.55,Wire,Full
P009017,INV09017,2025-06-21,18367.85,Bank Transfer,Partial
P009018,INV09018,2024-07-30,12193.630000000001,Credit Card,Full
P009019,INV09019,2025-05-22,0.0,Credit Card,Failed
P009020,INV09020,2025-01-30,39773.58,Wire,Full
P009021,INV09021,2026-01-14,21275.84,Credit Card,Full
P009022,INV09022,2026-05-08,16177.24,Wire,Full
P009023,INV09023,2025-02-04,58304.6,Credit Card,Full
P009024,INV09024,2024-12-02,12488.63,Bank Transfer,Partial
P009025,INV09025,2025-11-19,21112.8,Credit Card,Full
P009026,INV09026,2024-07-18,39696.17,Bank Transfer,Full
P009027,INV09027,2025-01-31,32150.29,Bank Transfer,Full
P009028,INV09028,2025-09-14,32441.12,Wire,Full
P009029,INV09029,2025-08-03,39313.520000000004,Bank Transfer,Full
P009030,INV09030,2024-10-21,43901.84,Wire,Partial
P009031,INV09031,2024-07-15,17680.74,Bank Transfer,Partial
P009032,INV09032,2025-03-07,42994.4,Bank Transfer,Full
P009033,INV09033,2026-01-14,41088.46,Credit Card,Full
P009034,INV09034,2025-01-17,50182.69,Bank Transfer,Full
P009035,INV09035,2024-10-09,11911.04,Bank Transfer,Partial
P009036,INV09036,2025-03-29,11518.74,Bank Transfer,Full
P009037,INV09037,2026-01-28,46442.83,Credit Card,Full
P009038,INV09038,2025-05-14,29656.24,Credit Card,Partial
P009039,INV09039,2026-05-11,22621.04,Credit Card,Partial
P009040,INV09040,2024-09-05,11991.03,Wire,Full
P009041,INV09041,2024-08-07,24743.14,Bank Transfer,Full
P009042,INV09042,2026-05-14,20447.190000000002,Bank Transfer,Full
P009043,INV09043,2025-01-29,0.0,Credit Card,Failed
P009044,INV09044,2026-03-19,38079.65,Wire,Full
P009045,INV09045,2024-09-08,0.0,Credit Card,Failed
P009046,INV09046,2026-06-07,24692.92,Wire,Full
P009047,INV09047,2025-11-22,17509.510000000002,Bank Transfer,Full
P009048,INV09048,2025-07-04,16408.14,Bank Transfer,Full
P009049,INV09049,2024-07-04,10480.91,Wire,Full
P009050,INV09050,2024-10-30,49508.77,Wire,Full
P009051,INV09051,2025-09-22,16033.0,Wire,Partial
P009052,INV09052,2024-09-28,13872.94,Bank Transfer,Partial
P009053,INV09053,2024-10-03,36546.31,Credit Card,Partial
P009054,INV09054,2025-10-11,40235.05,Wire,Full
P009055,INV09055,2025-12-22,31017.3,Wire,Partial
P009056,INV09056,2024-10-05,0.0,Wire,Failed
P009057,INV09057,2025-03-03,0.0,Credit Card,Failed
P009058,INV09058,2024-06-23,7707.51,Bank Transfer,Partial
P009059,INV09059,2025-03-23,20661.27,Bank Transfer,Partial
P009060,INV09060,2026-03-06,38668.97,Credit Card,Full
P009061,INV09061,2025-09-10,0.0,Wire,Failed
P009062,INV09062,2024-11-25,46034.4,Credit Card,Full
P009063,INV09063,2025-10-04,52241.85,Wire,Full
P009064,INV09064,2024-11-02,16757.87,Wire,Partial
P009065,INV09065,2025-10-01,24927.59,Credit Card,Full
P009066,INV09066,2026-06-23,22040.0,Credit Card,Full
P009067,INV09067,2026-05-29,53490.619999999995,Bank Transfer,Full
P009068,INV09068,2025-11-02,53075.94,Wire,Full
P009069,INV09069,2024-12-16,57374.22,Credit Card,Full
P009070,INV09070,2024-08-04,52995.12,Credit Card,Full
P009071,INV09071,2025-04-03,16164.060000000001,Wire,Full
P009072,INV09072,2025-11-28,51500.06,Bank Transfer,Full
P009073,INV09073,2024-12-04,24383.62,Credit Card,Partial
P009074,INV09074,2026-01-18,43335.630000000005,Wire,Full
P009075,INV09075,2025-07-06,12529.76,Wire,Full
P009076,INV09076,2024-07-01,48197.79,Credit Card,Full
P009077,INV09077,2024-09-02,36843.11,Credit Card,Partial
P009078,INV09078,2024-10-05,11770.23,Credit Card,Partial
P009079,INV09079,2025-07-24,12945.48,Bank Transfer,Partial
P009080,INV09080,2026-05-22,53450.799999999996,Credit Card,Full
P009081,INV09081,2026-02-21,12749.49,Bank Transfer,Full
P009082,INV09082,2026-04-03,45358.58,Wire,Full
P009083,INV09083,2024-07-28,0.0,Bank Transfer,Failed
P009084,INV09084,2025-11-16,50619.04,Bank Transfer,Full
P009085,INV09085,2026-05-14,0.0,Wire,Failed
P009086,INV09086,2025-02-05,0.0,Wire,Failed
P009087,INV09087,2024-09-17,54836.659999999996,Credit Card,Full
P009088,INV09088,2024-12-09,55606.62,Bank Transfer,Full
P009089,INV09089,2026-04-14,0.0,Credit Card,Failed
P009090,INV09090,2025-08-13,47583.08,Credit Card,Full
P009091,INV09091,2024-06-11,33280.869999999995,Bank Transfer,Full
P009092,INV09092,2026-06-02,10774.26,Credit Card,Full
P009093,INV09093,2026-01-14,0.0,Credit Card,Failed
P009094,INV09094,2025-10-08,36147.26,Wire,Full
P009095,INV09095,2025-04-21,49041.67999999999,Bank Transfer,Full
P009096,INV09096,2025-03-20,53677.48,Credit Card,Full
P009097,INV09097,2024-11-26,5881.4,Bank Transfer,Partial
P009098,INV09098,2024-10-03,41109.32,Wire,Full
P009099,INV09099,2024-06-24,14321.26,Bank Transfer,Full
P009100,INV09100,2025-03-02,20015.94,Bank Transfer,Full
P009101,INV09101,2024-07-17,0.0,Credit Card,Failed
P009102,INV09102,2026-02-02,50252.49,Credit Card,Full
P009103,INV09103,2025-01-25,19294.79,Wire,Partial
P009104,INV09104,2026-04-07,36777.5,Credit Card,Full
P009105,INV09105,2024-07-17,38602.89,Credit Card,Full
P009106,INV09106,2024-12-11,56203.96,Bank Transfer,Full
P009107,INV09107,2026-06-05,33676.77,Credit Card,Partial
P009108,INV09108,2025-02-20,12322.45,Bank Transfer,Partial
P009109,INV09109,2025-02-22,39727.020000000004,Bank Transfer,Full
P009110,INV09110,2026-03-19,6170.61,Wire,Partial
P009111,INV09111,2025-02-23,57042.6,Wire,Full
P009112,INV09112,2025-05-03,0.0,Bank Transfer,Failed
P009113,INV09113,2025-12-31,0.0,Credit Card,Failed
P009114,INV09114,2026-01-18,36102.2,Wire,Full
P009115,INV09115,2025-10-20,16496.15,Wire,Full
P009116,INV09116,2025-02-06,21096.45,Bank Transfer,Full
P009117,INV09117,2025-10-18,49706.439999999995,Bank Transfer,Full
P009118,INV09118,2025-10-17,19688.32,Bank Transfer,Partial
P009119,INV09119,2024-07-18,29586.21,Wire,Full
P009120,INV09120,2025-06-15,10367.560000000001,Wire,Full
P009121,INV09121,2025-11-22,0.0,Credit Card,Failed
P009122,INV09122,2024-09-25,48036.79,Wire,Full
P009123,INV09123,2026-05-09,27787.42,Credit Card,Partial
P009124,INV09124,2025-12-15,4725.57,Credit Card,Partial
P009125,INV09125,2025-10-31,41416.94,Bank Transfer,Full
P009126,INV09126,2024-07-18,28340.17,Credit Card,Partial
P009127,INV09127,2024-07-09,39114.07,Bank Transfer,Full
P009128,INV09128,2025-04-24,20056.17,Wire,Partial
P009129,INV09129,2025-12-23,56841.729999999996,Credit Card,Full
P009130,INV09130,2024-12-12,12138.76,Credit Card,Partial
P009131,INV09131,2025-06-10,51781.94,Credit Card,Full
P009132,INV09132,2025-04-30,30330.61,Wire,Partial
P009133,INV09133,2025-11-29,30358.71,Bank Transfer,Full
P009134,INV09134,2025-01-23,23971.59,Bank Transfer,Full
P009135,INV09135,2025-05-14,18749.36,Wire,Full
P009136,INV09136,2026-05-21,39350.57,Bank Transfer,Full
P009137,INV09137,2024-11-26,32910.17,Credit Card,Full
P009138,INV09138,2026-05-26,35628.22,Bank Transfer,Partial
P009139,INV09139,2025-05-30,55737.51,Credit Card,Full
P009140,INV09140,2025-04-02,0.0,Credit Card,Failed
P009141,INV09141,2026-03-11,53686.7,Credit Card,Full
P009142,INV09142,2025-06-26,25410.59,Wire,Partial
P009143,INV09143,2026-06-07,12622.3,Wire,Partial
P009144,INV09144,2025-05-04,26744.59,Wire,Full
P009145,INV09145,2025-10-29,9901.869999999999,Wire,Full
P009146,INV09146,2025-01-17,16067.2,Credit Card,Partial
P009147,INV09147,2025-01-29,22899.94,Bank Transfer,Partial
P009148,INV09148,2025-12-20,0.0,Bank Transfer,Failed
P009149,INV09149,2024-06-09,20349.55,Credit Card,Partial
P009150,INV09150,2024-07-28,0.0,Wire,Failed
P009151,INV09151,2026-06-17,43444.38,Credit Card,Full
P009152,INV09152,2025-10-15,28972.86,Credit Card,Full
P009153,INV09153,2024-10-30,8875.09,Credit Card,Partial
P009154,INV09154,2024-07-17,52342.02,Credit Card,Full
P009155,INV09155,2025-08-25,54157.22,Credit Card,Full
P009156,INV09156,2024-08-29,15259.03,Bank Transfer,Partial
P009157,INV09157,2026-01-31,53972.51,Bank Transfer,Full
P009158,INV09158,2025-11-06,45909.34,Credit Card,Full
P009159,INV09159,2024-10-18,31223.829999999998,Credit Card,Full
P009160,INV09160,2024-08-04,53201.51,Credit Card,Full
P009161,INV09161,2025-07-16,37482.14,Bank Transfer,Full
P009162,INV09162,2024-11-11,23856.93,Credit Card,Full
P009163,INV09163,2024-07-24,30622.77,Bank Transfer,Full
P009164,INV09164,2024-08-23,11981.539999999999,Wire,Full
P009165,INV09165,2025-06-08,42465.64,Wire,Full
P009166,INV09166,2025-07-16,17450.97,Credit Card,Partial
P009167,INV09167,2024-07-25,33638.79,Wire,Full
P009168,INV09168,2025-04-17,50010.65,Bank Transfer,Full
P009169,INV09169,2026-06-05,22605.72,Bank Transfer,Full
P009170,INV09170,2026-02-05,0.0,Bank Transfer,Failed
P009171,INV09171,2026-01-06,19004.83,Credit Card,Full
P009172,INV09172,2025-12-27,44218.909999999996,Bank Transfer,Full
P009173,INV09173,2026-01-29,9325.03,Credit Card,Partial
P009174,INV09174,2026-05-14,35234.33,Bank Transfer,Full
P009175,INV09175,2026-06-15,10515.52,Bank Transfer,Full
P009176,INV09176,2025-06-14,33105.34,Bank Transfer,Full
P009177,INV09177,2026-02-17,22339.02,Bank Transfer,Partial
P009178,INV09178,2024-12-17,41585.590000000004,Wire,Full
P009179,INV09179,2025-01-20,9037.44,Credit Card,Partial
P009180,INV09180,2026-04-01,61112.37,Wire,Full
P009181,INV09181,2026-02-14,22009.05,Credit Card,Full
P009182,INV09182,2025-12-05,6404.97,Credit Card,Partial
P009183,INV09183,2025-12-30,28996.32,Credit Card,Full
P009184,INV09184,2025-12-26,23335.88,Wire,Full
P009185,INV09185,2025-11-05,33230.61,Credit Card,Full
P009186,INV09186,2024-10-25,30964.309999999998,Bank Transfer,Full
P009187,INV09187,2025-11-07,51569.189999999995,Credit Card,Full
P009188,INV09188,2026-05-23,41295.130000000005,Wire,Full
P009189,INV09189,2025-05-01,16193.16,Wire,Partial
P009190,INV09190,2025-07-02,0.0,Bank Transfer,Failed
P009191,INV09191,2026-05-21,28426.809999999998,Wire,Full
P009192,INV09192,2025-04-13,48755.79,Wire,Full
P009193,INV09193,2025-11-09,8154.34,Wire,Partial
P009194,INV09194,2025-07-11,8888.09,Bank Transfer,Partial
P009195,INV09195,2025-02-06,0.0,Wire,Failed
P009196,INV09196,2025-07-03,5960.58,Wire,Full
P009197,INV09197,2024-10-11,28708.6,Bank Transfer,Full
P009198,INV09198,2025-03-01,54641.03,Credit Card,Full
P009199,INV09199,2025-11-14,49011.66,Bank Transfer,Full
P009200,INV09200,2025-07-23,27298.46,Credit Card,Full
P009201,INV09201,2025-08-13,57130.51,Bank Transfer,Full
P009202,INV09202,2025-12-28,13359.76,Bank Transfer,Full
P009203,INV09203,2026-07-06,32510.04,Wire,Full
P009204,INV09204,2025-08-30,16952.79,Bank Transfer,Full
P009205,INV09205,2025-01-07,22526.28,Bank Transfer,Full
P009206,INV09206,2026-01-23,29930.71,Bank Transfer,Partial
P009207,INV09207,2025-06-26,28676.38,Credit Card,Full
P009208,INV09208,2025-07-16,24964.36,Bank Transfer,Partial
P009209,INV09209,2026-01-16,0.0,Wire,Failed
P009210,INV09210,2025-07-31,30297.09,Credit Card,Full
P009211,INV09211,2026-04-11,33269.46,Wire,Full
P009212,INV09212,2024-10-25,17974.47,Bank Transfer,Full
P009213,INV09213,2026-04-16,33424.39,Wire,Full
P009214,INV09214,2026-06-09,51542.090000000004,Credit Card,Full
P009215,INV09215,2024-09-10,0.0,Wire,Failed
P009216,INV09216,2025-10-24,27978.68,Wire,Full
P009217,INV09217,2024-09-27,17862.35,Bank Transfer,Full
P009218,INV09218,2026-02-20,44695.83,Wire,Full
P009219,INV09219,2025-01-17,38949.78,Credit Card,Full
P009220,INV09220,2025-04-11,15180.73,Wire,Partial
P009221,INV09221,2025-08-30,35898.57,Credit Card,Full
P009222,INV09222,2024-11-19,13300.2,Wire,Partial
P009223,INV09223,2026-02-21,4966.61,Wire,Partial
P009224,INV09224,2026-01-27,12689.1,Wire,Partial
P009225,INV09225,2025-09-27,20923.620000000003,Credit Card,Full
P009226,INV09226,2025-01-30,12280.46,Bank Transfer,Full
P009227,INV09227,2026-03-20,5842.0,Credit Card,Partial
P009228,INV09228,2025-11-04,46360.270000000004,Bank Transfer,Full
P009229,INV09229,2025-05-08,0.0,Wire,Failed
P009230,INV09230,2025-05-20,21591.51,Credit Card,Full
P009231,INV09231,2025-05-03,12332.02,Bank Transfer,Partial
P009232,INV09232,2026-01-31,0.0,Credit Card,Failed
P009233,INV09233,2024-12-14,23769.1,Credit Card,Partial
P009234,INV09234,2025-01-06,52383.880000000005,Bank Transfer,Full
P009235,INV09235,2025-06-27,3983.78,Credit Card,Partial
P009236,INV09236,2025-01-21,62121.03999999999,Wire,Full
P009237,INV09237,2025-03-13,13021.310000000001,Wire,Full
P009238,INV09238,2025-05-18,35119.6,Wire,Full
P009239,INV09239,2025-07-15,41700.52,Wire,Full
P009240,INV09240,2025-04-19,0.0,Credit Card,Failed
P009241,INV09241,2026-06-20,21461.440000000002,Bank Transfer,Full
P009242,INV09242,2026-05-08,19922.579999999998,Wire,Full
P009243,INV09243,2025-09-18,14878.39,Credit Card,Partial
P009244,INV09244,2025-09-03,19404.28,Bank Transfer,Partial
P009245,INV09245,2025-03-11,20594.58,Wire,Full
P009246,INV09246,2025-04-12,15318.91,Bank Transfer,Full
P009247,INV09247,2026-02-08,45689.87,Wire,Full
P009248,INV09248,2026-06-01,37426.68,Wire,Full
P009249,INV09249,2024-10-28,37958.37,Credit Card,Full
P009250,INV09250,2025-04-30,50811.9,Bank Transfer,Full
P009251,INV09251,2024-10-18,24663.84,Bank Transfer,Full
P009252,INV09252,2024-08-06,52970.759999999995,Bank Transfer,Full
P009253,INV09253,2024-09-30,22348.22,Wire,Full
P009254,INV09254,2025-06-23,30706.16,Wire,Full
P009255,INV09255,2025-01-20,10100.2,Credit Card,Full
P009256,INV09256,2024-11-17,12298.91,Bank Transfer,Full
P009257,INV09257,2025-10-07,34991.55,Bank Transfer,Full
P009258,INV09258,2025-10-01,14244.15,Wire,Full
P009259,INV09259,2026-05-24,48375.14,Credit Card,Full
P009260,INV09260,2025-12-15,23612.739999999998,Credit Card,Full
P009261,INV09261,2026-06-16,0.0,Wire,Failed
P009262,INV09262,2024-08-15,49940.590000000004,Credit Card,Full
P009263,INV09263,2025-12-12,36969.020000000004,Credit Card,Full
P009264,INV09264,2024-10-05,47010.28,Credit Card,Full
P009265,INV09265,2025-02-28,8563.11,Wire,Partial
P009266,INV09266,2026-03-06,29540.79,Bank Transfer,Full
P009267,INV09267,2025-02-24,7173.299999999999,Credit Card,Full
P009268,INV09268,2026-02-24,17683.31,Credit Card,Full
P009269,INV09269,2025-10-08,22036.73,Wire,Full
P009270,INV09270,2025-02-16,0.0,Wire,Failed
P009271,INV09271,2026-04-21,0.0,Wire,Failed
P009272,INV09272,2025-10-03,36501.02,Credit Card,Partial
P009273,INV09273,2025-01-17,12637.46,Wire,Partial
P009274,INV09274,2025-08-16,49087.52,Bank Transfer,Full
P009275,INV09275,2024-11-03,43835.600000000006,Wire,Full
P009276,INV09276,2026-01-27,42272.68,Bank Transfer,Full
P009277,INV09277,2025-07-23,10058.59,Wire,Full
P009278,INV09278,2024-09-16,40912.35,Credit Card,Full
P009279,INV09279,2025-10-01,14451.079999999998,Credit Card,Full
P009280,INV09280,2026-02-12,39245.1,Bank Transfer,Partial
P009281,INV09281,2024-10-03,52923.01,Credit Card,Full
P009282,INV09282,2026-06-05,40288.62,Credit Card,Full
P009283,INV09283,2025-09-04,22554.67,Bank Transfer,Partial
P009284,INV09284,2024-09-28,18647.43,Wire,Full
P009285,INV09285,2025-02-06,37176.79,Credit Card,Full
P009286,INV09286,2025-08-13,43542.23,Bank Transfer,Full
P009287,INV09287,2026-01-06,20581.559999999998,Credit Card,Full
P009288,INV09288,2025-02-14,11551.68,Bank Transfer,Full
P009289,INV09289,2025-05-12,11170.52,Wire,Full
P009290,INV09290,2026-01-28,22525.809999999998,Credit Card,Full
P009291,INV09291,2026-04-09,51393.72,Credit Card,Full
P009292,INV09292,2026-05-25,33546.3,Credit Card,Full
P009293,INV09293,2026-05-12,41653.26,Credit Card,Partial
P009294,INV09294,2026-05-03,11282.8,Credit Card,Partial
P009295,INV09295,2025-05-27,27362.38,Wire,Full
P009296,INV09296,2024-07-19,27414.960000000003,Credit Card,Full
P009297,INV09297,2026-06-29,21701.489999999998,Wire,Full
P009298,INV09298,2025-07-05,46698.049999999996,Credit Card,Full
P009299,INV09299,2025-06-20,43332.91,Bank Transfer,Full
P009300,INV09300,2026-06-24,55921.869999999995,Bank Transfer,Full
P009301,INV09301,2025-11-06,32281.35,Credit Card,Full
P009302,INV09302,2026-01-28,43642.82,Credit Card,Full
P009303,INV09303,2026-03-30,47085.64,Wire,Full
P009304,INV09304,2025-04-02,52476.119999999995,Wire,Full
P009305,INV09305,2025-09-23,53979.64,Bank Transfer,Full
P009306,INV09306,2025-05-19,0.0,Wire,Failed
P009307,INV09307,2025-02-21,22762.780000000002,Credit Card,Full
P009308,INV09308,2025-04-23,17399.129999999997,Wire,Full
P009309,INV09309,2024-09-11,24165.59,Bank Transfer,Full
P009310,INV09310,2025-02-11,57757.22,Wire,Full
P009311,INV09311,2026-05-04,32903.18,Wire,Partial
P009312,INV09312,2025-09-29,18006.52,Credit Card,Full
P009313,INV09313,2024-10-10,17674.16,Bank Transfer,Full
P009314,INV09314,2026-05-13,23047.79,Bank Transfer,Partial
P009315,INV09315,2024-08-24,33633.5,Bank Transfer,Full
P009316,INV09316,2025-02-26,45714.659999999996,Credit Card,Full
P009317,INV09317,2025-06-12,15765.160000000002,Bank Transfer,Full
P009318,INV09318,2025-01-14,22157.37,Credit Card,Full
P009319,INV09319,2025-09-06,41075.520000000004,Bank Transfer,Full
P009320,INV09320,2026-04-25,14793.48,Wire,Partial
P009321,INV09321,2024-12-14,23570.81,Bank Transfer,Full
P009322,INV09322,2025-01-14,31873.02,Bank Transfer,Partial
P009323,INV09323,2025-04-29,0.0,Credit Card,Failed
P009324,INV09324,2024-11-18,35218.19,Wire,Full
P009325,INV09325,2024-06-22,12313.23,Bank Transfer,Partial
P009326,INV09326,2024-07-23,32624.09,Credit Card,Full
P009327,INV09327,2024-11-18,17544.83,Wire,Full
P009328,INV09328,2024-09-30,30464.75,Bank Transfer,Partial
P009329,INV09329,2024-07-18,25883.82,Credit Card,Full
P009330,INV09330,2026-02-21,7015.6,Bank Transfer,Partial
P009331,INV09331,2025-02-21,32557.41,Credit Card,Full
P009332,INV09332,2024-09-04,58842.42,Credit Card,Full
P009333,INV09333,2024-09-20,14412.01,Wire,Partial
P009334,INV09334,2025-03-19,39194.520000000004,Credit Card,Full
P009335,INV09335,2025-04-05,12510.95,Credit Card,Full
P009336,INV09336,2025-06-07,41878.71000000001,Wire,Full
P009337,INV09337,2024-07-17,31278.760000000002,Credit Card,Full
P009338,INV09338,2025-05-20,35216.43,Bank Transfer,Full
P009339,INV09339,2025-06-03,41341.549999999996,Wire,Full
P009340,INV09340,2024-11-27,28000.46,Credit Card,Partial
P009341,INV09341,2026-03-27,0.0,Wire,Failed
P009342,INV09342,2026-04-18,20394.010000000002,Wire,Full
P009343,INV09343,2025-09-16,40241.22,Credit Card,Full
P009344,INV09344,2025-02-13,21710.57,Bank Transfer,Full
P009345,INV09345,2025-10-06,24022.89,Bank Transfer,Partial
P009346,INV09346,2026-01-08,12826.02,Credit Card,Full
P009347,INV09347,2025-09-06,59121.57,Bank Transfer,Full
P009348,INV09348,2024-12-24,27469.67,Wire,Full
P009349,INV09349,2026-01-22,34899.39,Credit Card,Full
P009350,INV09350,2026-02-20,5321.63,Bank Transfer,Partial
P009351,INV09351,2026-04-20,38561.38,Bank Transfer,Partial
P009352,INV09352,2025-11-22,31425.350000000002,Bank Transfer,Full
P009353,INV09353,2026-01-24,26663.59,Wire,Partial
P009354,INV09354,2024-12-29,21734.760000000002,Wire,Full
P009355,INV09355,2026-06-13,35312.130000000005,Wire,Full
P009356,INV09356,2025-04-13,20057.82,Bank Transfer,Full
P009357,INV09357,2025-11-15,21054.13,Credit Card,Partial
P009358,INV09358,2025-07-27,15987.220000000001,Bank Transfer,Full
P009359,INV09359,2026-02-04,10244.52,Credit Card,Full
P009360,INV09360,2024-09-03,26865.89,Credit Card,Full
P009361,INV09361,2025-06-01,0.0,Bank Transfer,Failed
P009362,INV09362,2025-09-23,24846.190000000002,Wire,Full
P009363,INV09363,2024-07-23,16622.08,Bank Transfer,Partial
P009364,INV09364,2025-10-17,0.0,Credit Card,Failed
P009365,INV09365,2026-05-07,22552.18,Wire,Full
P009366,INV09366,2024-07-08,21491.54,Credit Card,Full
P009367,INV09367,2024-11-01,18812.11,Credit Card,Full
P009368,INV09368,2025-03-18,53112.71,Wire,Full
P009369,INV09369,2026-02-11,35564.7,Credit Card,Partial
P009370,INV09370,2026-05-01,17523.1,Bank Transfer,Full
P009371,INV09371,2025-10-13,0.0,Wire,Failed
P009372,INV09372,2024-08-09,53429.11,Wire,Full
P009373,INV09373,2025-05-10,25296.02,Wire,Full
P009374,INV09374,2025-06-14,16884.22,Bank Transfer,Partial
P009375,INV09375,2025-05-04,39889.1,Credit Card,Full
P009376,INV09376,2025-04-22,41440.22,Credit Card,Full
P009377,INV09377,2025-08-24,0.0,Credit Card,Failed
P009378,INV09378,2025-12-17,8261.19,Credit Card,Partial
P009379,INV09379,2026-06-10,36688.17,Bank Transfer,Partial
P009380,INV09380,2026-02-21,51387.670000000006,Bank Transfer,Full
P009381,INV09381,2025-07-30,0.0,Credit Card,Failed
P009382,INV09382,2026-05-25,58407.66,Bank Transfer,Full
P009383,INV09383,2025-07-30,28329.489999999998,Credit Card,Full
P009384,INV09384,2025-07-03,18921.1,Credit Card,Full
P009385,INV09385,2025-08-09,41252.93,Bank Transfer,Full
P009386,INV09386,2026-04-17,0.0,Credit Card,Failed
P009387,INV09387,2026-01-21,21482.29,Bank Transfer,Partial
P009388,INV09388,2025-06-29,45058.67,Bank Transfer,Full
P009389,INV09389,2025-11-30,19598.53,Wire,Full
P009390,INV09390,2024-11-10,34675.21,Credit Card,Full
P009391,INV09391,2025-06-28,8179.08,Wire,Full
P009392,INV09392,2024-11-23,6611.2,Credit Card,Partial
P009393,INV09393,2026-06-26,0.0,Bank Transfer,Failed
P009394,INV09394,2024-10-28,33256.03,Credit Card,Full
P009395,INV09395,2025-12-20,50972.700000000004,Wire,Full
P009396,INV09396,2025-07-02,38593.35,Credit Card,Full
P009397,INV09397,2026-01-22,0.0,Wire,Failed
P009398,INV09398,2024-08-30,23152.7,Wire,Partial
P009399,INV09399,2025-11-11,24483.3,Wire,Full
P009400,INV09400,2025-07-14,7192.03,Bank Transfer,Partial
P009401,INV09401,2025-10-21,45777.73,Bank Transfer,Full
P009402,INV09402,2025-07-12,43191.020000000004,Bank Transfer,Full
P009403,INV09403,2025-08-31,40150.49,Bank Transfer,Full
P009404,INV09404,2025-12-27,13164.89,Bank Transfer,Partial
P009405,INV09405,2025-06-22,10408.41,Wire,Partial
P009406,INV09406,2024-12-28,17391.16,Bank Transfer,Full
P009407,INV09407,2024-11-21,50488.74,Bank Transfer,Full
P009408,INV09408,2025-02-11,10479.17,Credit Card,Full
P009409,INV09409,2026-02-01,0.0,Bank Transfer,Failed
P009410,INV09410,2025-02-06,24216.73,Credit Card,Partial
P009411,INV09411,2025-05-21,8630.11,Bank Transfer,Partial
P009412,INV09412,2024-12-07,23979.33,Bank Transfer,Full
P009413,INV09413,2025-04-14,0.0,Wire,Failed
P009414,INV09414,2026-04-22,22375.63,Wire,Full
P009415,INV09415,2025-04-02,27189.77,Credit Card,Full
P009416,INV09416,2025-04-01,16087.02,Bank Transfer,Full
P009417,INV09417,2025-07-31,49978.439999999995,Bank Transfer,Full
P009418,INV09418,2025-08-01,20633.239999999998,Credit Card,Full
P009419,INV09419,2025-07-15,25271.85,Credit Card,Full
P009420,INV09420,2026-02-07,25338.370000000003,Credit Card,Full
P009421,INV09421,2025-01-13,9315.41,Bank Transfer,Full
P009422,INV09422,2025-07-29,14910.75,Bank Transfer,Full
P009423,INV09423,2026-05-30,8279.48,Bank Transfer,Full
P009424,INV09424,2026-01-26,43833.96,Credit Card,Full
P009425,INV09425,2024-11-25,30386.97,Bank Transfer,Full
P009426,INV09426,2025-09-19,22633.29,Bank Transfer,Partial
P009427,INV09427,2024-08-09,30338.46,Bank Transfer,Partial
P009428,INV09428,2024-07-19,15420.82,Bank Transfer,Full
P009429,INV09429,2025-01-28,0.0,Wire,Failed
P009430,INV09430,2025-07-18,34919.61,Credit Card,Full
P009431,INV09431,2025-10-10,14276.07,Bank Transfer,Partial
P009432,INV09432,2026-02-10,60966.619999999995,Wire,Full
P009433,INV09433,2025-11-23,11502.04,Bank Transfer,Full
P009434,INV09434,2025-03-05,9775.15,Credit Card,Full
P009435,INV09435,2025-10-16,41953.850000000006,Wire,Full
P009436,INV09436,2026-05-12,31227.6,Bank Transfer,Full
P009437,INV09437,2025-04-30,52598.5,Credit Card,Full
P009438,INV09438,2024-06-14,31447.46,Bank Transfer,Full
P009439,INV09439,2025-07-09,6884.13,Wire,Full
P009440,INV09440,2025-09-26,35002.83,Wire,Partial
P009441,INV09441,2026-01-15,35461.89,Credit Card,Full
P009442,INV09442,2025-02-05,24280.13,Credit Card,Full
P009443,INV09443,2025-05-01,0.0,Bank Transfer,Failed
P009444,INV09444,2026-05-30,56944.82000000001,Credit Card,Full
P009445,INV09445,2026-05-04,51100.200000000004,Bank Transfer,Full
P009446,INV09446,2024-10-22,22260.68,Bank Transfer,Partial
P009447,INV09447,2024-10-05,35004.509999999995,Credit Card,Full
P009448,INV09448,2026-02-25,37483.46,Wire,Full
P009449,INV09449,2024-10-13,16082.41,Wire,Full
P009450,INV09450,2024-10-13,43921.01,Bank Transfer,Full
P009451,INV09451,2025-02-22,21656.18,Bank Transfer,Full
P009452,INV09452,2025-07-25,8489.19,Credit Card,Full
P009453,INV09453,2024-11-27,11346.45,Wire,Full
P009454,INV09454,2025-08-04,21678.34,Bank Transfer,Full
P009455,INV09455,2026-03-01,54593.99,Bank Transfer,Full
P009456,INV09456,2026-02-20,40703.05,Credit Card,Partial
P009457,INV09457,2025-04-27,51392.130000000005,Bank Transfer,Full
P009458,INV09458,2025-01-13,28004.82,Bank Transfer,Full
P009459,INV09459,2025-01-28,35461.96,Credit Card,Full
P009460,INV09460,2026-01-16,34054.31,Credit Card,Full
P009461,INV09461,2025-01-08,10279.12,Bank Transfer,Partial
P009462,INV09462,2026-02-21,14799.02,Wire,Full
P009463,INV09463,2024-09-09,56108.670000000006,Wire,Full
P009464,INV09464,2025-06-10,19539.8,Bank Transfer,Full
P009465,INV09465,2025-11-25,39369.86,Bank Transfer,Full
P009466,INV09466,2026-05-23,16358.929999999998,Wire,Full
P009467,INV09467,2025-04-07,34332.51,Credit Card,Full
P009468,INV09468,2026-03-27,60876.72,Bank Transfer,Full
P009469,INV09469,2025-12-22,44980.299999999996,Wire,Full
P009470,INV09470,2024-10-10,41721.619999999995,Wire,Full
P009471,INV09471,2024-08-15,35436.88,Credit Card,Full
P009472,INV09472,2026-01-12,35683.46,Wire,Full
P009473,INV09473,2024-06-28,58026.55,Bank Transfer,Full
P009474,INV09474,2025-08-21,34826.79,Bank Transfer,Full
P009475,INV09475,2025-11-30,21937.26,Wire,Partial
P009476,INV09476,2025-12-08,15209.31,Wire,Full
P009477,INV09477,2026-06-25,0.0,Credit Card,Failed
P009478,INV09478,2025-12-11,0.0,Wire,Failed
P009479,INV09479,2025-11-08,15192.359999999999,Bank Transfer,Full
P009480,INV09480,2024-09-08,22705.25,Credit Card,Partial
P009481,INV09481,2024-08-02,26172.579999999998,Bank Transfer,Full
P009482,INV09482,2024-08-15,23215.68,Wire,Full
P009483,INV09483,2025-03-19,38511.57,Wire,Full
P009484,INV09484,2025-04-06,37925.2,Wire,Full
P009485,INV09485,2025-08-11,16832.07,Wire,Full
P009486,INV09486,2025-11-17,2066.22,Wire,Partial
P009487,INV09487,2025-01-10,0.0,Credit Card,Failed
P009488,INV09488,2025-06-12,33560.770000000004,Credit Card,Full
P009489,INV09489,2026-05-06,44763.68,Credit Card,Full
P009490,INV09490,2026-03-21,53768.21000000001,Bank Transfer,Full
P009491,INV09491,2026-06-01,54564.28,Bank Transfer,Full
P009492,INV09492,2025-11-20,18788.79,Credit Card,Partial
P009493,INV09493,2024-09-29,0.0,Credit Card,Failed
P009494,INV09494,2025-09-02,20794.85,Wire,Full
P009495,INV09495,2024-09-17,12263.470000000001,Bank Transfer,Full
P009496,INV09496,2026-01-05,44020.91,Bank Transfer,Full
P009497,INV09497,2024-11-15,50555.0,Wire,Full
P009498,INV09498,2025-01-26,48599.73,Bank Transfer,Full
P009499,INV09499,2024-07-28,14940.49,Bank Transfer,Partial
P009500,INV09500,2024-09-13,42972.52,Wire,Full
P009501,INV09501,2025-02-02,18500.88,Credit Card,Full
P009502,INV09502,2024-09-21,4637.91,Wire,Partial
P009503,INV09503,2025-11-04,12354.68,Credit Card,Full
P009504,INV09504,2026-03-24,32245.66,Credit Card,Full
P009505,INV09505,2025-12-12,10516.5,Bank Transfer,Partial
P009506,INV09506,2024-10-09,40797.71,Credit Card,Full
P009507,INV09507,2026-05-20,27134.02,Credit Card,Full
P009508,INV09508,2024-12-30,53101.9,Wire,Full
P009509,INV09509,2024-12-26,0.0,Credit Card,Failed
P009510,INV09510,2025-04-28,55563.03,Wire,Full
P009511,INV09511,2025-06-21,9112.77,Bank Transfer,Partial
P009512,INV09512,2026-02-25,17446.19,Wire,Partial
P009513,INV09513,2024-09-15,39842.7,Credit Card,Full
P009514,INV09514,2024-11-23,11612.11,Wire,Partial
P009515,INV09515,2026-02-08,19382.93,Wire,Full
P009516,INV09516,2024-11-19,54528.55,Bank Transfer,Full
P009517,INV09517,2024-12-20,49232.85,Credit Card,Full
P009518,INV09518,2026-06-04,17267.11,Credit Card,Full
P009519,INV09519,2025-08-30,31949.170000000002,Bank Transfer,Full
P009520,INV09520,2025-03-18,11578.8,Credit Card,Partial
P009521,INV09521,2025-09-15,49966.490000000005,Credit Card,Full
P009522,INV09522,2025-09-12,36375.33,Bank Transfer,Full
P009523,INV09523,2025-11-01,53389.0,Wire,Full
P009524,INV09524,2026-04-16,22715.39,Wire,Full
P009525,INV09525,2026-05-18,19270.079999999998,Wire,Full
P009526,INV09526,2025-06-13,20188.86,Wire,Partial
P009527,INV09527,2024-10-11,43425.64,Bank Transfer,Full
P009528,INV09528,2025-09-05,41490.82,Credit Card,Full
P009529,INV09529,2025-07-24,11041.4,Bank Transfer,Full
P009530,INV09530,2024-12-15,45344.229999999996,Credit Card,Full
P009531,INV09531,2025-04-21,7687.43,Bank Transfer,Partial
P009532,INV09532,2025-12-27,24374.82,Credit Card,Full
P009533,INV09533,2025-03-24,0.0,Wire,Failed
P009534,INV09534,2026-04-24,50010.32000000001,Credit Card,Full
P009535,INV09535,2026-02-25,21333.51,Wire,Partial
P009536,INV09536,2025-07-21,15877.76,Wire,Full
P009537,INV09537,2025-07-09,15558.66,Wire,Full
P009538,INV09538,2025-04-08,31603.61,Wire,Full
P009539,INV09539,2026-05-15,21514.46,Wire,Full
P009540,INV09540,2024-08-12,19622.91,Bank Transfer,Full
P009541,INV09541,2025-12-08,0.0,Wire,Failed
P009542,INV09542,2026-01-16,52656.04,Bank Transfer,Full
P009543,INV09543,2025-02-02,17356.04,Credit Card,Full
P009544,INV09544,2024-11-07,15687.99,Credit Card,Partial
P009545,INV09545,2025-07-14,23914.71,Credit Card,Full
P009546,INV09546,2024-10-10,27946.239999999998,Credit Card,Full
P009547,INV09547,2026-05-01,52739.090000000004,Bank Transfer,Full
P009548,INV09548,2025-01-27,32786.880000000005,Credit Card,Full
P009549,INV09549,2026-02-22,7818.280000000001,Bank Transfer,Full
P009550,INV09550,2026-03-04,47000.87,Wire,Full
P009551,INV09551,2026-01-01,54555.19,Wire,Full
P009552,INV09552,2025-01-30,13814.29,Bank Transfer,Partial
P009553,INV09553,2024-12-29,32430.05,Bank Transfer,Full
P009554,INV09554,2026-01-29,59879.29,Credit Card,Full
P009555,INV09555,2025-10-29,17967.15,Bank Transfer,Full
P009556,INV09556,2025-06-12,0.0,Wire,Failed
P009557,INV09557,2026-03-02,17999.260000000002,Credit Card,Full
P009558,INV09558,2025-07-30,17610.5,Wire,Full
P009559,INV09559,2025-07-01,29329.129999999997,Credit Card,Full
P009560,INV09560,2024-09-15,31205.36,Credit Card,Full
P009561,INV09561,2026-07-13,22887.72,Wire,Full
P009562,INV09562,2024-12-04,8930.81,Bank Transfer,Full
P009563,INV09563,2025-10-15,20446.76,Bank Transfer,Partial
P009564,INV09564,2025-01-24,39649.19,Credit Card,Full
P009565,INV09565,2025-12-13,37790.97,Wire,Full
P009566,INV09566,2025-09-02,19549.84,Wire,Partial
P009567,INV09567,2025-10-21,14675.01,Bank Transfer,Full
P009568,INV09568,2025-04-22,38703.03,Credit Card,Full
P009569,INV09569,2025-06-01,18192.84,Credit Card,Partial
P009570,INV09570,2024-07-13,32209.54,Bank Transfer,Full
P009571,INV09571,2024-08-12,46607.28,Bank Transfer,Full
P009572,INV09572,2024-11-03,9881.33,Bank Transfer,Full
P009573,INV09573,2024-08-27,24443.030000000002,Wire,Full
P009574,INV09574,2024-12-27,19772.2,Credit Card,Partial
P009575,INV09575,2025-05-29,22216.8,Bank Transfer,Full
P009576,INV09576,2026-07-02,19450.01,Wire,Partial
P009577,INV09577,2025-02-09,40732.35,Credit Card,Full
P009578,INV09578,2025-06-17,32034.0,Bank Transfer,Full
P009579,INV09579,2026-05-02,31157.239999999998,Bank Transfer,Full
P009580,INV09580,2024-09-09,0.0,Wire,Failed
P009581,INV09581,2025-07-22,0.0,Credit Card,Failed
P009582,INV09582,2024-07-12,0.0,Credit Card,Failed
P009583,INV09583,2025-11-07,16528.58,Wire,Full
P009584,INV09584,2024-10-10,21086.29,Credit Card,Full
P009585,INV09585,2025-06-02,41112.61,Credit Card,Full
P009586,INV09586,2025-03-08,14869.0,Wire,Full
P009587,INV09587,2025-08-28,20849.66,Bank Transfer,Partial
P009588,INV09588,2025-02-20,19321.08,Credit Card,Partial
P009589,INV09589,2026-02-03,15032.189999999999,Credit Card,Full
P009590,INV09590,2026-03-04,38991.479999999996,Wire,Full
P009591,INV09591,2025-09-30,45541.520000000004,Bank Transfer,Full
P009592,INV09592,2025-03-02,36916.79,Credit Card,Full
P009593,INV09593,2026-01-08,29451.94,Credit Card,Partial
P009594,INV09594,2025-05-10,46722.98,Wire,Full
P009595,INV09595,2026-01-09,17948.63,Credit Card,Full
P009596,INV09596,2025-03-31,29188.43,Credit Card,Full
P009597,INV09597,2026-06-07,13280.0,Bank Transfer,Full
P009598,INV09598,2025-03-16,38035.729999999996,Wire,Full
P009599,INV09599,2025-08-31,35953.39,Bank Transfer,Partial
P009600,INV09600,2025-06-15,17633.42,Bank Transfer,Full
P009601,INV09601,2024-10-08,31076.64,Credit Card,Full
P009602,INV09602,2026-01-03,16969.33,Credit Card,Full
P009603,INV09603,2024-07-28,18400.92,Bank Transfer,Full
P009604,INV09604,2026-06-03,30435.85,Bank Transfer,Full
P009605,INV09605,2024-10-08,21785.82,Bank Transfer,Partial
P009606,INV09606,2024-12-17,20044.72,Credit Card,Full
P009607,INV09607,2025-04-24,34215.18,Wire,Full
P009608,INV09608,2024-11-12,38462.39,Credit Card,Full
P009609,INV09609,2025-09-09,0.0,Bank Transfer,Failed
P009610,INV09610,2025-02-27,15809.69,Wire,Partial
P009611,INV09611,2024-07-18,0.0,Bank Transfer,Failed
P009612,INV09612,2025-08-18,51369.17,Wire,Full
P009613,INV09613,2026-05-07,45661.469999999994,Wire,Full
P009614,INV09614,2026-06-16,59905.869999999995,Credit Card,Full
P009615,INV09615,2025-03-06,56612.880000000005,Credit Card,Full
P009616,INV09616,2024-07-03,0.0,Wire,Failed
P009617,INV09617,2024-08-27,50714.69,Credit Card,Full
P009618,INV09618,2024-07-20,14947.740000000002,Credit Card,Full
P009619,INV09619,2025-12-09,37675.03,Credit Card,Partial
P009620,INV09620,2024-12-05,15327.18,Wire,Partial
P009621,INV09621,2024-12-14,26668.100000000002,Credit Card,Full
P009622,INV09622,2025-06-24,39521.979999999996,Credit Card,Full
P009623,INV09623,2025-04-23,37936.83,Wire,Full
P009624,INV09624,2026-01-13,39004.66,Wire,Full
P009625,INV09625,2025-02-10,34798.8,Wire,Full
P009626,INV09626,2026-01-26,10489.73,Wire,Full
P009627,INV09627,2025-06-09,0.0,Credit Card,Failed
P009628,INV09628,2025-06-05,0.0,Wire,Failed
P009629,INV09629,2024-07-23,25477.690000000002,Bank Transfer,Full
P009630,INV09630,2026-03-19,37631.61,Bank Transfer,Full
P009631,INV09631,2025-10-06,44397.340000000004,Credit Card,Full
P009632,INV09632,2025-07-08,14425.73,Wire,Partial
P009633,INV09633,2024-11-04,54099.450000000004,Credit Card,Full
P009634,INV09634,2025-03-22,20534.34,Wire,Full
P009635,INV09635,2025-12-08,31460.23,Wire,Full
P009636,INV09636,2025-04-06,42339.07,Credit Card,Full
P009637,INV09637,2024-09-06,42599.97,Wire,Full
P009638,INV09638,2025-03-07,0.0,Credit Card,Failed
P009639,INV09639,2024-10-02,43428.74,Bank Transfer,Full
P009640,INV09640,2025-06-22,40747.57,Bank Transfer,Full
P009641,INV09641,2025-12-09,32881.61,Credit Card,Full
P009642,INV09642,2026-06-01,29237.239999999998,Wire,Full
P009643,INV09643,2025-06-07,57429.96,Wire,Full
P009644,INV09644,2024-06-15,40729.33,Wire,Full
P009645,INV09645,2025-12-04,20256.08,Wire,Full
P009646,INV09646,2025-05-17,44149.47,Credit Card,Partial
P009647,INV09647,2025-03-31,56877.15,Wire,Full
P009648,INV09648,2025-01-05,12034.69,Credit Card,Full
P009649,INV09649,2026-04-02,46766.47,Bank Transfer,Full
P009650,INV09650,2025-07-28,18607.6,Credit Card,Full
P009651,INV09651,2024-11-02,12717.22,Bank Transfer,Partial
P009652,INV09652,2026-02-11,29645.85,Wire,Partial
P009653,INV09653,2024-10-02,11461.05,Bank Transfer,Partial
P009654,INV09654,2024-09-24,16056.11,Credit Card,Partial
P009655,INV09655,2025-08-12,1560.33,Bank Transfer,Partial
P009656,INV09656,2025-04-11,40988.14,Wire,Full
P009657,INV09657,2026-01-12,22858.399999999998,Bank Transfer,Full
P009658,INV09658,2026-04-13,0.0,Credit Card,Failed
P009659,INV09659,2025-04-27,23883.809999999998,Wire,Full
P009660,INV09660,2025-04-11,23364.34,Credit Card,Partial
P009661,INV09661,2025-06-27,24230.879999999997,Wire,Full
P009662,INV09662,2025-03-01,46920.4,Wire,Full
P009663,INV09663,2025-03-04,55476.32,Bank Transfer,Full
P009664,INV09664,2024-07-11,44560.1,Credit Card,Full
P009665,INV09665,2026-06-21,6427.25,Credit Card,Full
P009666,INV09666,2026-04-26,54319.619999999995,Credit Card,Full
P009667,INV09667,2025-04-09,32099.62,Wire,Full
P009668,INV09668,2024-11-11,6752.81,Bank Transfer,Partial
P009669,INV09669,2024-10-13,35456.48,Bank Transfer,Full
P009670,INV09670,2026-05-06,38458.32,Wire,Full
P009671,INV09671,2026-07-02,31806.73,Bank Transfer,Partial
P009672,INV09672,2025-09-20,54349.21000000001,Wire,Full
P009673,INV09673,2025-10-15,17168.87,Credit Card,Partial
P009674,INV09674,2025-02-10,53521.670000000006,Bank Transfer,Full
P009675,INV09675,2026-02-09,23334.83,Bank Transfer,Full
P009676,INV09676,2025-08-26,55454.31,Credit Card,Full
P009677,INV09677,2024-12-22,41134.46,Bank Transfer,Full
P009678,INV09678,2026-05-12,29560.32,Bank Transfer,Partial
P009679,INV09679,2025-10-12,23279.39,Credit Card,Full
P009680,INV09680,2025-12-04,56582.85,Credit Card,Full
P009681,INV09681,2025-09-23,41966.35,Credit Card,Partial
P009682,INV09682,2024-10-12,49255.2,Bank Transfer,Full
P009683,INV09683,2025-03-21,0.0,Bank Transfer,Failed
P009684,INV09684,2024-12-21,47409.76,Credit Card,Full
P009685,INV09685,2025-04-14,35700.36,Bank Transfer,Full
P009686,INV09686,2025-05-23,14770.51,Wire,Partial
P009687,INV09687,2024-11-22,16437.97,Bank Transfer,Full
P009688,INV09688,2025-04-07,53770.57,Bank Transfer,Full
P009689,INV09689,2025-10-31,31176.34,Credit Card,Partial
P009690,INV09690,2025-03-14,35996.130000000005,Wire,Full
P009691,INV09691,2025-05-11,44333.22,Bank Transfer,Partial
P009692,INV09692,2025-11-23,28869.170000000002,Bank Transfer,Full
P009693,INV09693,2025-06-19,54789.42,Bank Transfer,Full
P009694,INV09694,2024-07-23,42146.2,Bank Transfer,Full
P009695,INV09695,2024-07-18,39352.049999999996,Wire,Full
P009696,INV09696,2025-05-25,43569.11,Bank Transfer,Full
P009697,INV09697,2025-08-19,30158.18,Bank Transfer,Full
P009698,INV09698,2025-04-20,19154.08,Wire,Full
P009699,INV09699,2025-08-20,37898.95,Wire,Full
P009700,INV09700,2025-06-26,32799.87,Wire,Partial
P009701,INV09701,2024-06-27,0.0,Wire,Failed
P009702,INV09702,2024-12-04,48461.479999999996,Credit Card,Full
P009703,INV09703,2026-01-25,0.0,Credit Card,Failed
P009704,INV09704,2025-06-29,18622.6,Credit Card,Full
P009705,INV09705,2025-06-30,44601.78,Wire,Full
P009706,INV09706,2024-09-25,51721.11,Credit Card,Full
P009707,INV09707,2024-11-25,33580.57,Bank Transfer,Full
P009708,INV09708,2024-09-24,51946.85,Credit Card,Full
P009709,INV09709,2024-11-06,26970.14,Credit Card,Partial
P009710,INV09710,2024-11-08,6077.18,Credit Card,Full
P009711,INV09711,2025-10-01,54565.98,Credit Card,Full
P009712,INV09712,2024-09-21,16461.239999999998,Bank Transfer,Full
P009713,INV09713,2026-05-14,47270.96,Wire,Full
P009714,INV09714,2024-10-13,9161.87,Bank Transfer,Partial
P009715,INV09715,2025-05-26,37345.8,Credit Card,Full
P009716,INV09716,2025-08-30,43107.28,Credit Card,Partial
P009717,INV09717,2026-01-02,35619.67,Bank Transfer,Full
P009718,INV09718,2026-02-21,34274.81,Credit Card,Full
P009719,INV09719,2025-06-28,10588.05,Bank Transfer,Partial
P009720,INV09720,2026-05-21,42497.24,Bank Transfer,Full
P009721,INV09721,2025-11-16,32182.13,Credit Card,Full
P009722,INV09722,2024-12-09,30202.53,Credit Card,Full
P009723,INV09723,2025-06-26,0.0,Bank Transfer,Failed
P009724,INV09724,2024-08-04,47760.5,Bank Transfer,Full
P009725,INV09725,2025-05-09,32333.73,Credit Card,Partial
P009726,INV09726,2024-11-06,34674.630000000005,Bank Transfer,Full
P009727,INV09727,2024-09-18,29948.79,Wire,Full
P009728,INV09728,2025-03-06,10171.79,Wire,Partial
P009729,INV09729,2026-05-18,9176.09,Bank Transfer,Partial
P009730,INV09730,2025-07-06,18069.87,Wire,Full
P009731,INV09731,2024-10-31,18196.17,Bank Transfer,Full
P009732,INV09732,2025-07-21,55514.520000000004,Credit Card,Full
P009733,INV09733,2024-12-09,50531.98,Credit Card,Full
P009734,INV09734,2026-02-17,27468.19,Credit Card,Full
P009735,INV09735,2024-10-31,0.0,Bank Transfer,Failed
P009736,INV09736,2024-12-22,0.0,Bank Transfer,Failed
P009737,INV09737,2025-05-27,32254.81,Credit Card,Partial
P009738,INV09738,2024-06-26,28318.0,Wire,Partial
P009739,INV09739,2026-02-24,21517.85,Credit Card,Full
P009740,INV09740,2025-06-15,37528.03,Bank Transfer,Full
P009741,INV09741,2025-01-05,15710.9,Credit Card,Partial
P009742,INV09742,2025-04-03,44267.86,Bank Transfer,Full
P009743,INV09743,2026-07-04,0.0,Bank Transfer,Failed
P009744,INV09744,2025-10-20,0.0,Wire,Failed
P009745,INV09745,2024-09-03,12002.0,Credit Card,Full
P009746,INV09746,2025-01-12,26150.68,Wire,Full
P009747,INV09747,2024-07-28,0.0,Credit Card,Failed
P009748,INV09748,2026-05-07,40402.72,Bank Transfer,Full
P009749,INV09749,2024-07-25,25671.39,Bank Transfer,Full
P009750,INV09750,2026-05-25,13255.51,Wire,Partial
P009751,INV09751,2025-11-25,42719.62,Credit Card,Full
P009752,INV09752,2024-08-22,7641.34,Bank Transfer,Full
P009753,INV09753,2026-04-21,26886.379999999997,Credit Card,Full
P009754,INV09754,2024-11-19,45541.61,Bank Transfer,Full
P009755,INV09755,2025-03-20,34752.3,Bank Transfer,Full
P009756,INV09756,2024-10-26,44307.090000000004,Wire,Full
P009757,INV09757,2024-08-03,0.0,Credit Card,Failed
P009758,INV09758,2024-11-13,0.0,Wire,Failed
P009759,INV09759,2025-11-26,19851.21,Bank Transfer,Partial
P009760,INV09760,2026-05-17,51425.43,Bank Transfer,Full
P009761,INV09761,2025-02-24,0.0,Wire,Failed
P009762,INV09762,2026-05-17,0.0,Wire,Failed
P009763,INV09763,2025-10-18,22800.96,Bank Transfer,Partial
P009764,INV09764,2024-07-12,43781.12,Credit Card,Full
P009765,INV09765,2026-02-18,40945.65,Credit Card,Full
P009766,INV09766,2025-06-28,50160.549999999996,Bank Transfer,Full
P009767,INV09767,2026-05-21,49100.100000000006,Bank Transfer,Full
P009768,INV09768,2026-03-17,40948.6,Wire,Full
P009769,INV09769,2026-05-18,30458.76,Wire,Full
P009770,INV09770,2026-02-28,29559.67,Bank Transfer,Full
P009771,INV09771,2025-07-07,51717.399999999994,Wire,Full
P009772,INV09772,2025-11-12,47818.26,Credit Card,Full
P009773,INV09773,2024-08-24,34163.02,Wire,Partial
P009774,INV09774,2025-11-19,17206.71,Credit Card,Full
P009775,INV09775,2025-08-31,46000.73,Bank Transfer,Full
P009776,INV09776,2024-08-26,53504.46,Bank Transfer,Full
P009777,INV09777,2026-04-28,15161.58,Wire,Full
P009778,INV09778,2025-08-15,50301.39,Credit Card,Full
P009779,INV09779,2024-07-25,11237.9,Bank Transfer,Partial
P009780,INV09780,2025-06-02,18234.33,Wire,Full
P009781,INV09781,2024-12-15,11218.19,Credit Card,Full
P009782,INV09782,2025-08-05,0.0,Bank Transfer,Failed
P009783,INV09783,2024-07-14,54262.450000000004,Credit Card,Full
P009784,INV09784,2024-12-11,14983.699999999999,Credit Card,Full
P009785,INV09785,2026-07-08,16003.16,Credit Card,Full
P009786,INV09786,2025-09-13,4018.77,Bank Transfer,Full
P009787,INV09787,2025-09-09,13821.05,Bank Transfer,Full
P009788,INV09788,2026-07-06,19544.56,Wire,Partial
P009789,INV09789,2026-03-07,19965.04,Bank Transfer,Partial
P009790,INV09790,2024-08-18,22818.57,Bank Transfer,Full
P009791,INV09791,2025-04-08,43527.189999999995,Credit Card,Full
P009792,INV09792,2024-11-24,20472.55,Bank Transfer,Partial
P009793,INV09793,2025-08-12,0.0,Wire,Failed
P009794,INV09794,2025-01-11,38769.520000000004,Bank Transfer,Full
P009795,INV09795,2026-03-06,34082.94,Bank Transfer,Full
P009796,INV09796,2024-09-11,20269.61,Wire,Partial
P009797,INV09797,2025-11-14,19987.88,Bank Transfer,Partial
P009798,INV09798,2026-05-25,27594.48,Credit Card,Full
P009799,INV09799,2026-01-09,24156.51,Credit Card,Full
P009800,INV09800,2026-04-18,17865.43,Wire,Partial
P009801,INV09801,2026-01-06,54462.47,Bank Transfer,Full
P009802,INV09802,2024-12-27,47715.57,Credit Card,Full
P009803,INV09803,2024-12-14,41130.24,Wire,Full
P009804,INV09804,2025-04-08,45053.56,Credit Card,Full
P009805,INV09805,2025-02-06,42490.78,Bank Transfer,Full
P009806,INV09806,2025-01-30,47687.21,Credit Card,Full
P009807,INV09807,2026-01-28,0.0,Bank Transfer,Failed
P009808,INV09808,2025-01-20,37345.909999999996,Credit Card,Full
P009809,INV09809,2024-11-29,0.0,Wire,Failed
P009810,INV09810,2025-10-30,46951.030000000006,Credit Card,Full
P009811,INV09811,2025-01-17,32453.05,Bank Transfer,Full
P009812,INV09812,2026-04-13,13029.730000000001,Credit Card,Full
P009813,INV09813,2024-12-21,37902.75,Bank Transfer,Full
P009814,INV09814,2024-10-03,17408.88,Credit Card,Full
P009815,INV09815,2026-02-11,23767.170000000002,Bank Transfer,Full
P009816,INV09816,2025-11-10,21260.82,Credit Card,Full
P009817,INV09817,2024-11-23,15733.029999999999,Credit Card,Full
P009818,INV09818,2025-12-11,22135.93,Bank Transfer,Full
P009819,INV09819,2026-06-11,17047.260000000002,Credit Card,Full
P009820,INV09820,2025-07-13,9901.92,Wire,Partial
P009821,INV09821,2025-09-05,56329.51,Wire,Full
P009822,INV09822,2026-04-06,35891.19,Credit Card,Partial
P009823,INV09823,2024-11-21,14691.48,Wire,Full
P009824,INV09824,2024-10-25,7833.24,Bank Transfer,Full
P009825,INV09825,2025-09-12,23144.09,Wire,Full
P009826,INV09826,2026-06-28,13910.900000000001,Bank Transfer,Full
P009827,INV09827,2025-02-27,57772.72,Credit Card,Full
P009828,INV09828,2024-11-19,47789.66,Wire,Full
P009829,INV09829,2026-02-09,6647.08,Bank Transfer,Partial
P009830,INV09830,2024-08-28,12732.68,Credit Card,Full
P009831,INV09831,2025-08-29,16573.48,Credit Card,Partial
P009832,INV09832,2025-02-12,50917.58,Bank Transfer,Full
P009833,INV09833,2025-08-26,8801.4,Wire,Full
P009834,INV09834,2024-11-22,34072.81,Credit Card,Full
P009835,INV09835,2025-06-30,34198.97,Wire,Full
P009836,INV09836,2026-01-15,18303.94,Wire,Partial
P009837,INV09837,2026-03-26,54265.26,Bank Transfer,Full
P009838,INV09838,2024-08-01,20043.370000000003,Bank Transfer,Full
P009839,INV09839,2026-02-11,23793.91,Wire,Full
P009840,INV09840,2025-09-24,20431.879999999997,Credit Card,Full
P009841,INV09841,2025-11-16,13502.2,Credit Card,Partial
P009842,INV09842,2025-10-11,8000.73,Wire,Partial
P009843,INV09843,2024-09-26,26246.08,Credit Card,Full
P009844,INV09844,2025-07-14,15237.56,Credit Card,Partial
P009845,INV09845,2026-03-18,40783.99,Credit Card,Full
P009846,INV09846,2025-05-05,0.0,Credit Card,Failed
P009847,INV09847,2025-09-29,12092.63,Wire,Partial
P009848,INV09848,2025-07-05,19648.71,Wire,Partial
P009849,INV09849,2025-09-02,24215.26,Credit Card,Full
P009850,INV09850,2024-12-24,37655.31,Wire,Full
P009851,INV09851,2024-12-31,60145.33,Credit Card,Full
P009852,INV09852,2025-07-08,53796.7,Bank Transfer,Full
P009853,INV09853,2026-01-30,33145.69,Bank Transfer,Full
P009854,INV09854,2025-08-09,38022.65,Wire,Partial
P009855,INV09855,2026-04-20,14984.91,Credit Card,Full
P009856,INV09856,2025-09-11,20557.04,Credit Card,Full
P009857,INV09857,2024-12-15,32106.04,Credit Card,Full
P009858,INV09858,2026-02-09,15336.45,Credit Card,Full
P009859,INV09859,2025-07-26,42145.15,Wire,Partial
P009860,INV09860,2024-07-10,51891.329999999994,Wire,Full
P009861,INV09861,2026-05-26,51278.399999999994,Credit Card,Full
P009862,INV09862,2025-10-12,12372.960000000001,Bank Transfer,Full
P009863,INV09863,2026-04-04,40827.59,Credit Card,Full
P009864,INV09864,2024-07-25,54956.73,Credit Card,Full
P009865,INV09865,2025-02-26,46667.55,Credit Card,Full
P009866,INV09866,2025-07-31,6359.71,Wire,Partial
P009867,INV09867,2024-10-19,0.0,Credit Card,Failed
P009868,INV09868,2024-10-01,14416.310000000001,Wire,Full
P009869,INV09869,2025-08-15,45221.14,Wire,Full
P009870,INV09870,2025-01-13,50919.189999999995,Bank Transfer,Full
P009871,INV09871,2024-07-10,15381.96,Wire,Full
P009872,INV09872,2024-11-18,13242.460000000001,Wire,Full
P009873,INV09873,2024-11-29,11851.93,Wire,Full
P009874,INV09874,2026-01-03,23397.55,Bank Transfer,Full
P009875,INV09875,2025-03-04,0.0,Wire,Failed
P009876,INV09876,2024-07-21,21114.9,Credit Card,Partial
P009877,INV09877,2024-10-16,42033.19,Bank Transfer,Full
P009878,INV09878,2025-06-11,54615.28999999999,Credit Card,Full
P009879,INV09879,2024-12-18,40190.84,Wire,Full
P009880,INV09880,2026-03-01,9008.39,Wire,Full
P009881,INV09881,2026-04-11,7797.370000000001,Bank Transfer,Full
P009882,INV09882,2026-06-01,0.0,Bank Transfer,Failed
P009883,INV09883,2026-05-01,31158.25,Credit Card,Full
P009884,INV09884,2025-05-01,18847.76,Bank Transfer,Full
P009885,INV09885,2026-02-19,38246.75,Bank Transfer,Partial
P009886,INV09886,2026-02-01,3972.14,Wire,Full
P009887,INV09887,2024-10-20,43180.869999999995,Wire,Full
P009888,INV09888,2026-05-12,37681.71,Bank Transfer,Full
P009889,INV09889,2025-09-04,40274.41,Wire,Full
P009890,INV09890,2024-10-02,0.0,Bank Transfer,Failed
P009891,INV09891,2025-09-25,52704.72,Bank Transfer,Full
P009892,INV09892,2024-09-18,46433.97,Credit Card,Full
P009893,INV09893,2024-12-06,45271.659999999996,Bank Transfer,Full
P009894,INV09894,2024-11-26,19585.170000000002,Bank Transfer,Full
P009895,INV09895,2025-09-06,42549.74,Bank Transfer,Full
P009896,INV09896,2025-05-30,23033.16,Bank Transfer,Partial
P009897,INV09897,2026-04-02,8379.37,Bank Transfer,Partial
P009898,INV09898,2024-09-24,60876.61,Bank Transfer,Full
P009899,INV09899,2026-02-27,13004.81,Credit Card,Partial
P009900,INV09900,2025-12-12,16239.04,Wire,Full
P009901,INV09901,2026-01-05,47801.13,Wire,Full
P009902,INV09902,2024-09-29,38142.79,Bank Transfer,Full
P009903,INV09903,2025-09-24,37485.58,Wire,Full
P009904,INV09904,2025-05-09,0.0,Bank Transfer,Failed
P009905,INV09905,2025-12-31,23102.07,Bank Transfer,Partial
P009906,INV09906,2025-07-13,21232.65,Bank Transfer,Partial
P009907,INV09907,2025-09-30,54380.05,Wire,Full
P009908,INV09908,2026-05-03,47616.799999999996,Bank Transfer,Full
P009909,INV09909,2024-07-31,0.0,Credit Card,Failed
P009910,INV09910,2025-02-07,31014.06,Credit Card,Full
P009911,INV09911,2025-12-29,8855.02,Credit Card,Partial
P009912,INV09912,2025-04-18,29296.32,Credit Card,Full
P009913,INV09913,2025-04-28,13745.6,Wire,Full
P009914,INV09914,2025-11-17,41156.24,Bank Transfer,Full
P009915,INV09915,2024-08-26,47609.04,Wire,Full
P009916,INV09916,2024-09-03,56809.71,Credit Card,Full
P009917,INV09917,2025-08-07,44600.579999999994,Credit Card,Full
P009918,INV09918,2025-11-26,41497.47,Bank Transfer,Full
P009919,INV09919,2024-07-23,32258.66,Credit Card,Full
P009920,INV09920,2025-10-12,54118.11,Bank Transfer,Full
P009921,INV09921,2026-03-01,43248.67,Credit Card,Full
P009922,INV09922,2025-10-08,14656.32,Bank Transfer,Partial
P009923,INV09923,2025-06-22,4785.86,Bank Transfer,Partial
P009924,INV09924,2025-08-24,13714.6,Credit Card,Full
P009925,INV09925,2025-06-08,14713.36,Wire,Full
P009926,INV09926,2024-12-04,55453.340000000004,Credit Card,Full
P009927,INV09927,2024-11-18,22553.46,Credit Card,Full
P009928,INV09928,2025-11-30,0.0,Wire,Failed
P009929,INV09929,2025-11-27,29218.340000000004,Wire,Full
P009930,INV09930,2026-05-13,16484.53,Wire,Full
P009931,INV09931,2026-01-03,53008.009999999995,Bank Transfer,Full
P009932,INV09932,2024-09-13,48118.41,Wire,Full
P009933,INV09933,2024-11-21,29721.45,Wire,Full
P009934,INV09934,2024-08-14,17534.04,Bank Transfer,Partial
P009935,INV09935,2026-03-24,16577.84,Bank Transfer,Full
P009936,INV09936,2025-07-13,11628.23,Credit Card,Partial
P009937,INV09937,2024-11-26,0.0,Bank Transfer,Failed
P009938,INV09938,2025-04-09,0.0,Credit Card,Failed
P009939,INV09939,2025-06-15,29276.47,Credit Card,Partial
P009940,INV09940,2024-12-25,18973.66,Bank Transfer,Full
P009941,INV09941,2025-01-18,14298.16,Wire,Full
P009942,INV09942,2025-10-19,13008.31,Bank Transfer,Full
P009943,INV09943,2025-11-14,42616.22,Bank Transfer,Full
P009944,INV09944,2024-10-03,0.0,Bank Transfer,Failed
P009945,INV09945,2025-06-22,16993.06,Bank Transfer,Full
P009946,INV09946,2025-12-17,12930.3,Bank Transfer,Full
P009947,INV09947,2024-09-17,50218.119999999995,Wire,Full
P009948,INV09948,2025-01-13,19767.699999999997,Bank Transfer,Full
P009949,INV09949,2026-01-04,54183.45,Bank Transfer,Full
P009950,INV09950,2024-12-19,52557.03,Credit Card,Full
P009951,INV09951,2024-10-14,38634.39,Credit Card,Full
P009952,INV09952,2024-09-13,37360.509999999995,Wire,Full
P009953,INV09953,2024-06-27,13972.08,Credit Card,Partial
P009954,INV09954,2024-11-27,51053.74,Credit Card,Full
P009955,INV09955,2025-02-17,25755.46,Wire,Full
P009956,INV09956,2024-07-01,14083.669999999998,Bank Transfer,Full
P009957,INV09957,2026-02-05,25294.199999999997,Bank Transfer,Full
P009958,INV09958,2024-08-15,30549.42,Credit Card,Partial
P009959,INV09959,2025-09-29,46009.0,Credit Card,Full
P009960,INV09960,2026-06-06,46526.469999999994,Credit Card,Full
P009961,INV09961,2025-03-21,27600.33,Bank Transfer,Full
P009962,INV09962,2026-04-16,0.0,Credit Card,Failed
P009963,INV09963,2025-09-17,38860.38,Credit Card,Full
P009964,INV09964,2026-06-23,30735.55,Wire,Full
P009965,INV09965,2026-05-27,50329.689999999995,Wire,Full
P009966,INV09966,2026-02-20,14556.65,Credit Card,Partial
P009967,INV09967,2024-07-01,11122.49,Bank Transfer,Full
P009968,INV09968,2024-08-30,57002.25,Bank Transfer,Full
P009969,INV09969,2025-07-22,31719.89,Wire,Full
P009970,INV09970,2025-11-05,29511.160000000003,Wire,Full
P009971,INV09971,2026-03-08,38908.88,Bank Transfer,Full
P009972,INV09972,2024-08-05,36524.36,Wire,Full
P009973,INV09973,2025-06-15,14724.420000000002,Bank Transfer,Full
P009974,INV09974,2026-06-16,17039.29,Bank Transfer,Partial
P009975,INV09975,2024-07-25,0.0,Credit Card,Failed
P009976,INV09976,2025-09-12,26590.05,Credit Card,Full
P009977,INV09977,2025-06-24,37817.37,Credit Card,Full
P009978,INV09978,2024-08-19,40810.83,Credit Card,Full
P009979,INV09979,2025-09-12,22413.239999999998,Credit Card,Full
P009980,INV09980,2024-11-14,30213.14,Bank Transfer,Partial
P009981,INV09981,2025-10-24,0.0,Bank Transfer,Failed
P009982,INV09982,2024-10-19,35985.76,Wire,Full
P009983,INV09983,2025-03-13,10372.72,Wire,Full
P009984,INV09984,2025-08-07,27743.42,Credit Card,Partial
P009985,INV09985,2025-12-05,29091.29,Wire,Full
P009986,INV09986,2026-01-01,40794.32,Credit Card,Partial
P009987,INV09987,2026-05-24,44492.53,Bank Transfer,Full
P009988,INV09988,2026-01-04,17207.63,Credit Card,Partial
P009989,INV09989,2026-02-19,49507.78,Wire,Full
P009990,INV09990,2025-10-28,41166.85,Credit Card,Full
P009991,INV09991,2025-08-27,15119.33,Credit Card,Full
P009992,INV09992,2024-12-02,38583.22,Credit Card,Full
P009993,INV09993,2025-05-13,34002.49,Wire,Partial
P009994,INV09994,2026-05-23,21844.28,Credit Card,Full
P009995,INV09995,2025-06-15,42555.369999999995,Credit Card,Full
P009996,INV09996,2025-09-14,0.0,Wire,Failed
P009997,INV09997,2025-03-15,23422.54,Wire,Full
P009998,INV09998,2026-06-20,19977.09,Wire,Full
P009999,INV09999,2025-02-28,15823.57,Bank Transfer,Full
